Start,Peak,Stop,Trough,Max_Envelope_Amp,Duration_ms,Event Times,Event Cluster IDs
581.01,581.0216,581.0428,581.0204,8.103979110717773,0.0328,"[581.0100666666667, 581.0103, 581.0108333333334, 581.0119, 581.0122, 581.0124666666667, 581.0141666666667, 581.0147, 581.0148333333333, 581.0151666666667, 581.0152666666667, 581.0159, 581.0159333333334, 581.0166, 581.0175, 581.0223333333333, 581.0225666666666, 581.024, 581.0246, 581.0268333333333, 581.0275666666666, 581.0293666666666, 581.0339, 581.0339666666666, 581.0342, 581.0351666666667, 581.0352333333333, 581.0360333333333, 581.0362666666666, 581.0363333333333, 581.0374333333333, 581.0377, 581.0378, 581.0407, 581.0410666666667, 581.0426333333334]","[178, 243, 166, 257, 77, 56, 17, 178, 42, 243, 166, 29, 257, 77, 207, 257, 77, 42, 183, 257, 56, 17, 56, 77, 30, 166, 42, 243, 223, 183, 15, 257, 56, 243, 56, 257]"
708.4712,708.5044,708.51,708.5036,3.9941439628601074,0.0388,"[708.4725666666667, 708.473, 708.4747, 708.4789666666667, 708.4818666666666, 708.4819666666667, 708.4820666666667, 708.4825, 708.4891666666666, 708.4902333333333, 708.4918333333334, 708.4930666666667, 708.4947, 708.4957, 708.5001666666667, 708.5002, 708.5016666666667, 708.5017, 708.5018333333334, 708.5031, 708.5045666666666]","[56, 166, 30, 178, 15, 56, 190, 29, 29, 56, 190, 15, 29, 183, 166, 257, 178, 164, 179, 134, 15]"
709.544,709.562,709.5736,709.5504,4.420509338378906,0.0296,"[709.5447666666666, 709.5454666666667, 709.547, 709.5479, 709.5483333333333, 709.5500666666667, 709.5512666666667, 709.5525, 709.5547, 709.5574333333333, 709.5627333333333, 709.5648666666667, 709.5649, 709.5655, 709.5661333333334, 709.5668333333333, 709.5714666666667, 709.5718666666667, 709.5722666666667, 709.5727333333333]","[77, 257, 251, 56, 207, 168, 166, 168, 257, 56, 183, 15, 178, 166, 56, 77, 251, 30, 257, 166]"
709.7236,709.7456,709.7528,709.7428,3.347921848297119,0.0292,"[709.7252666666667, 709.7259333333334, 709.7302333333333, 709.7303333333333, 709.7327333333334, 709.7333333333333, 709.7344666666667, 709.7366, 709.7389666666667, 709.7403666666667, 709.7414333333334, 709.7427666666666, 709.7432333333334, 709.7434, 709.7442333333333, 709.7455333333334, 709.7470333333333, 709.7495666666666, 709.7505666666667, 709.7517666666666, 709.7517666666666]","[228, 257, 56, 183, 166, 77, 183, 131, 77, 17, 183, 168, 166, 17, 56, 77, 183, 166, 29, 77, 183]"
712.3772,712.3976,712.43,712.3996,7.455256938934326,0.0528,"[712.3784, 712.3790666666666, 712.3794666666666, 712.3809666666667, 712.3822333333334, 712.3824, 712.3830333333333, 712.3846666666667, 712.3853333333333, 712.3857666666667, 712.3868333333334, 712.3880666666666, 712.3891666666667, 712.3924, 712.3927, 712.3928, 712.3930333333333, 712.3942333333333, 712.3955666666667, 712.3964333333333, 712.3965666666667, 712.3986, 712.4, 712.4006666666667, 712.4009666666667, 712.4043666666666, 712.4048, 712.4057, 712.4057666666666, 712.4060666666667, 712.4063666666667, 712.4066, 712.4081, 712.4097666666667, 712.4114666666667, 712.4125333333334, 712.4133, 712.4134333333334, 712.4153666666666, 712.4183, 712.4189666666666, 712.4194333333334, 712.4210666666667, 712.4211, 712.4215333333333, 712.4216333333334, 712.424, 712.4262, 712.4264333333333, 712.4270333333334, 712.4277]","[56, 178, 257, 183, 207, 168, 178, 257, 77, 56, 223, 183, 56, 183, 77, 56, 166, 168, 56, 223, 183, 166, 56, 15, 190, 168, 183, 29, 166, 56, 189, 168, 230, 56, 166, 183, 15, 56, 230, 178, 164, 56, 251, 178, 166, 15, 257, 56, 228, 15, 77]"
853.6588,853.6696,853.6852,853.6676,6.2894086837768555,0.0264,"[853.6620666666666, 853.6623333333333, 853.6625, 853.6626666666667, 853.6630666666666, 853.6632666666667, 853.6655333333333, 853.6658666666667, 853.6662666666666, 853.6670666666666, 853.6676333333334, 853.6681, 853.6686, 853.6688, 853.6689, 853.6692333333333, 853.6699333333333, 853.6699666666667, 853.6746666666667, 853.6761333333334, 853.6762, 853.6762333333334, 853.6769, 853.6773333333333, 853.6815666666666, 853.6816, 853.6816333333334, 853.6824666666666]","[257, 15, 56, 164, 190, 77, 166, 183, 56, 207, 77, 178, 15, 166, 207, 190, 15, 29, 77, 56, 29, 15, 183, 178, 166, 15, 77, 190]"
858.1544,858.16,858.1944,858.1872,3.333019733428955,0.04,"[858.1559666666667, 858.1589, 858.1602333333333, 858.1606333333333, 858.1617, 858.1617666666667, 858.1621333333334, 858.1622666666667, 858.1628, 858.1652666666666, 858.1661666666666, 858.1673333333333, 858.1674333333333, 858.1707666666666, 858.1711333333334, 858.1745666666667, 858.1760666666667, 858.1762333333334, 858.1776666666667, 858.1803333333334, 858.1804666666667, 858.1823333333333, 858.1832, 858.1843, 858.1885, 858.1894666666667, 858.1902, 858.1904, 858.1905, 858.1929333333334]","[29, 29, 178, 166, 77, 56, 164, 15, 29, 207, 228, 29, 56, 183, 56, 29, 166, 183, 77, 56, 166, 29, 77, 183, 15, 29, 166, 15, 178, 56]"
858.6076,858.6672,858.676,858.6668,4.9095683097839355,0.0684,"[858.6081333333333, 858.6081666666666, 858.6084, 858.6088333333333, 858.6092666666667, 858.6097666666667, 858.6137, 858.6139333333333, 858.6145666666666, 858.6181333333334, 858.6184333333333, 858.6216666666667, 858.6217, 858.6217, 858.622, 858.6231333333334, 858.6233, 858.6271666666667, 858.6348333333333, 858.6355333333333, 858.6387, 858.6391333333333, 858.6393, 858.6399666666666, 858.6404666666666, 858.6429, 858.6470666666667, 858.6493333333333, 858.6495, 858.6506333333333, 858.6508333333334, 858.6522333333334, 858.6532333333333, 858.6543666666666, 858.6547666666667, 858.6550333333333, 858.6561333333333, 858.6573666666667, 858.6591, 858.6592333333333, 858.6611, 858.6613, 858.6614666666667, 858.6617666666667, 858.6621333333334, 858.6635, 858.6668666666667, 858.6674, 858.6683666666667, 858.6684, 858.6687, 858.6723, 858.675]","[77, 168, 56, 131, 166, 207, 183, 56, 77, 56, 134, 77, 134, 29, 131, 29, 166, 56, 184, 131, 183, 56, 183, 15, 77, 184, 56, 257, 166, 77, 56, 183, 189, 42, 178, 166, 223, 183, 56, 164, 164, 183, 15, 166, 166, 190, 184, 77, 15, 56, 164, 183, 183]"
859.2096,859.218,859.2392,859.2196,7.228034973144531,0.0296,"[859.2104, 859.2110333333334, 859.2117, 859.2117333333333, 859.2135666666667, 859.2136333333333, 859.214, 859.2142666666666, 859.2155, 859.2162333333333, 859.2181666666667, 859.2190333333333, 859.2192333333334, 859.2201333333334, 859.2201333333334, 859.2211333333333, 859.2218666666666, 859.222, 859.2222666666667, 859.2234666666667, 859.2254333333333, 859.2255, 859.2261666666667, 859.2269, 859.2275, 859.2278333333334, 859.2280666666667, 859.2310333333334, 859.2311, 859.2318666666666, 859.2324, 859.2325333333333, 859.2331666666666, 859.2346666666666, 859.2358, 859.236, 859.2376666666667, 859.2387666666667]","[15, 77, 183, 30, 168, 184, 166, 77, 56, 168, 183, 56, 77, 42, 166, 29, 178, 184, 183, 77, 179, 42, 184, 207, 77, 183, 56, 89, 179, 77, 166, 184, 42, 257, 77, 131, 166, 178]"
863.0668,863.0744,863.0944,863.0744,4.798305034637451,0.0276,"[863.0684666666667, 863.0705, 863.0708666666667, 863.0709, 863.0712, 863.0748666666667, 863.0751333333334, 863.0762666666667, 863.0777, 863.0777666666667, 863.0783666666666, 863.0784666666667, 863.0830666666667, 863.0855333333334, 863.0858333333333, 863.0871333333333, 863.0884333333333, 863.0887, 863.0915666666667, 863.092, 863.0925333333333, 863.0932]","[56, 77, 166, 15, 190, 56, 166, 223, 15, 190, 164, 119, 56, 15, 77, 164, 56, 223, 15, 257, 77, 190]"
863.7024,863.7188,863.7248,863.7196,3.805434226989746,0.0224,"[863.7051666666666, 863.7062333333333, 863.7083, 863.7089, 863.7089666666667, 863.7113666666667, 863.7114, 863.7122333333333, 863.7134666666667, 863.7146, 863.7147, 863.7188, 863.7203333333333, 863.7211]","[77, 178, 166, 207, 77, 183, 257, 56, 166, 42, 77, 56, 257, 190]"
864.8064,864.8168,864.8316,864.8188,9.069406509399414,0.0252,"[864.8067333333333, 864.8068333333333, 864.8125666666666, 864.8136333333333, 864.8140666666667, 864.815, 864.8162333333333, 864.8186666666667, 864.8186666666667, 864.8194666666667, 864.8198, 864.82, 864.8201333333334, 864.8208333333333, 864.8214333333333, 864.8260666666666, 864.8266333333333, 864.8276333333333, 864.8278, 864.8292, 864.8305666666666]","[77, 228, 56, 15, 29, 223, 77, 77, 207, 56, 257, 166, 15, 207, 56, 183, 56, 166, 251, 29, 183]"
873.6068,873.634,873.666,873.6304,4.506017208099365,0.0592,"[873.6079, 873.6082, 873.6109333333334, 873.6130333333333, 873.6140333333333, 873.6140666666666, 873.6152666666667, 873.6156333333333, 873.6165333333333, 873.6165666666667, 873.617, 873.6174333333333, 873.619, 873.6192666666667, 873.6203666666667, 873.6206666666667, 873.6208333333333, 873.6225333333333, 873.6229, 873.6229666666667, 873.6237666666667, 873.6238666666667, 873.6244, 873.6252333333333, 873.6278666666667, 873.6303333333333, 873.6309666666667, 873.6311333333333, 873.6313, 873.6316, 873.6316666666667, 873.6316666666667, 873.6318666666666, 873.6319666666667, 873.6320666666667, 873.6327666666666, 873.6329666666667, 873.6372, 873.6383333333333, 873.6392, 873.6396, 873.6403, 873.6408666666666, 873.6454666666667, 873.6467333333334, 873.6505333333333, 873.6509, 873.6516333333333, 873.6585, 873.6588333333333, 873.6595, 873.6598333333334, 873.6601333333333, 873.6609333333333, 873.6619666666667, 873.6639666666666, 873.6642666666667, 873.6647666666667, 873.6648333333334, 873.6656666666667]","[56, 183, 77, 183, 178, 56, 15, 77, 166, 207, 183, 257, 15, 77, 178, 164, 183, 56, 119, 207, 166, 77, 183, 15, 56, 166, 15, 77, 190, 207, 164, 223, 168, 178, 164, 29, 15, 56, 77, 164, 15, 190, 56, 164, 56, 56, 183, 15, 166, 56, 89, 15, 183, 178, 56, 183, 166, 56, 15, 190]"
883.9012,883.9172,883.942,883.9164,6.129672527313232,0.0408,"[883.9036, 883.9040666666667, 883.9051333333333, 883.9056333333333, 883.9057666666666, 883.9061, 883.9065333333333, 883.9087333333333, 883.9098, 883.9099333333334, 883.9113666666667, 883.9122666666667, 883.9126, 883.9126666666667, 883.9127, 883.9146666666667, 883.9172, 883.9174, 883.9185, 883.9185333333334, 883.9186, 883.9198666666666, 883.9200666666667, 883.9200666666667, 883.9224, 883.9228666666667, 883.9230333333334, 883.9255666666667, 883.9258666666667, 883.927, 883.9273666666667, 883.9274666666666, 883.9297666666666, 883.9311333333334, 883.9323, 883.9324, 883.9332333333333, 883.9356666666666, 883.9356666666666, 883.9361, 883.9365, 883.9371333333333, 883.9382666666667, 883.9384333333334]","[30, 230, 77, 223, 168, 183, 56, 230, 77, 183, 183, 56, 77, 29, 190, 230, 183, 56, 166, 15, 142, 77, 178, 257, 251, 166, 77, 29, 230, 257, 257, 183, 77, 183, 230, 146, 257, 251, 207, 178, 17, 189, 183, 164]"
888.6924,888.742,888.75,888.7452,3.756425380706787,0.0576,"[888.697, 888.6970333333334, 888.6971666666667, 888.6974666666666, 888.6982333333333, 888.7021666666667, 888.7029, 888.7042666666666, 888.7051, 888.7052333333334, 888.7081666666667, 888.7091666666666, 888.7118333333333, 888.712, 888.7125666666667, 888.7148666666667, 888.7152333333333, 888.7154, 888.7159, 888.7164333333334, 888.7167666666667, 888.7211, 888.7230333333333, 888.7239666666667, 888.7253666666667, 888.726, 888.7265, 888.7269666666666, 888.7273, 888.7275, 888.7280666666667, 888.7283333333334, 888.7293333333333, 888.7303333333333, 888.7327333333334, 888.7346, 888.7356666666667, 888.7364666666666, 888.7392333333333, 888.7409666666666, 888.7410333333333, 888.7419333333333, 888.7457666666667, 888.7463666666666, 888.7471]","[134, 77, 228, 257, 17, 134, 166, 77, 29, 183, 166, 56, 183, 77, 178, 183, 134, 56, 29, 164, 77, 166, 77, 257, 228, 164, 56, 166, 223, 77, 168, 178, 207, 178, 77, 183, 15, 223, 179, 166, 56, 207, 77, 166, 15]"
890.5672,890.5756,890.5964,890.5744,5.82086181640625,0.0292,"[890.5693333333334, 890.5695333333333, 890.5699, 890.5733666666666, 890.5737, 890.5744, 890.5751, 890.5755, 890.5755333333333, 890.5782666666667, 890.5784666666667, 890.5785666666667, 890.579, 890.5804666666667, 890.5816666666667, 890.5819333333334, 890.5826666666667, 890.5831, 890.5845333333333, 890.5848666666667, 890.5853666666667, 890.5866333333333, 890.5897333333334, 890.5901666666666, 890.5911, 890.5913666666667, 890.5914, 890.5914333333334, 890.5923666666666, 890.5942, 890.5954333333333]","[166, 183, 77, 168, 183, 166, 77, 56, 29, 184, 168, 77, 166, 56, 184, 207, 77, 257, 166, 183, 184, 77, 42, 56, 178, 251, 257, 228, 223, 178, 56]"
890.6232,890.6396,890.6488,890.626,3.4011433124542236,0.0256,"[890.6255333333334, 890.6266333333333, 890.6271333333333, 890.6285666666666, 890.6289, 890.6292, 890.6325333333333, 890.6331, 890.6379666666667, 890.6389, 890.6395666666666, 890.6433, 890.6443666666667, 890.6454666666667, 890.6455333333333, 890.646, 890.6486333333334]","[42, 207, 257, 207, 77, 56, 178, 183, 77, 15, 56, 77, 166, 56, 15, 29, 77]"
1230.4344,1230.4848,1230.4932,1230.4836,5.206265449523926,0.0588,"[1230.436, 1230.4388333333334, 1230.4394333333332, 1230.440466666667, 1230.4414666666669, 1230.4446, 1230.4448, 1230.4457666666667, 1230.4491666666668, 1230.4505, 1230.4511333333332, 1230.4517, 1230.4536, 1230.4542333333334, 1230.4556333333333, 1230.4566333333332, 1230.4577, 1230.4620333333332, 1230.466766666667, 1230.468, 1230.4692, 1230.4704333333334, 1230.472166666667, 1230.4727666666668, 1230.4732333333334, 1230.4738666666667, 1230.4741333333334, 1230.4760333333334, 1230.4771666666666, 1230.4777666666666, 1230.4782333333333, 1230.4825, 1230.4834, 1230.4837, 1230.484866666667, 1230.485233333333, 1230.4860666666666, 1230.49, 1230.4914333333334, 1230.4915]","[56, 15, 168, 56, 207, 257, 178, 164, 56, 166, 15, 56, 164, 56, 15, 183, 166, 183, 183, 15, 56, 77, 166, 15, 190, 223, 164, 56, 183, 257, 15, 207, 257, 77, 189, 190, 56, 183, 56, 77]"
1231.1564,1231.172,1231.1932,1231.1704,7.326132297515869,0.0368,"[1231.1567, 1231.1577, 1231.1595333333332, 1231.1608333333334, 1231.1619666666666, 1231.1621666666667, 1231.162733333333, 1231.1643, 1231.1648, 1231.1662666666666, 1231.1663666666666, 1231.1670333333334, 1231.1683666666668, 1231.1695333333332, 1231.1702333333333, 1231.1719666666668, 1231.172733333333, 1231.1735, 1231.1736666666666, 1231.1792666666668, 1231.1792666666668, 1231.183633333333, 1231.1845, 1231.1867, 1231.1902666666667]","[183, 77, 223, 257, 207, 183, 77, 178, 183, 189, 15, 42, 257, 77, 183, 131, 77, 183, 42, 77, 80, 42, 77, 166, 77]"
1231.4652,1231.4824,1231.5288,1231.4832,3.214419364929199,0.0636,"[1231.4654, 1231.4655333333333, 1231.4658333333334, 1231.4676, 1231.4683666666667, 1231.4690333333333, 1231.469466666667, 1231.4712, 1231.471633333333, 1231.4741666666666, 1231.4781333333333, 1231.4786333333334, 1231.4788666666666, 1231.4790666666668, 1231.4820666666667, 1231.483433333333, 1231.4836333333333, 1231.4838, 1231.4839, 1231.483966666667, 1231.484, 1231.4842666666666, 1231.4854, 1231.4861666666666, 1231.4866, 1231.4875333333334, 1231.4877666666666, 1231.4882, 1231.4910333333332, 1231.491266666667, 1231.4916333333333, 1231.4921, 1231.4921, 1231.4922666666666, 1231.4937666666667, 1231.494866666667, 1231.4974666666667, 1231.4983333333332, 1231.4996666666666, 1231.5032666666666, 1231.5053666666668, 1231.5054333333333, 1231.5075333333334, 1231.5077666666666, 1231.5095333333334, 1231.509733333333, 1231.5101333333334, 1231.5113, 1231.5125, 1231.515133333333, 1231.5193333333334, 1231.5193666666669, 1231.522, 1231.5262333333333, 1231.526566666667, 1231.5281333333332]","[56, 207, 166, 257, 223, 77, 243, 183, 207, 77, 189, 207, 56, 15, 166, 168, 207, 166, 183, 77, 80, 56, 207, 178, 183, 89, 207, 168, 56, 243, 166, 77, 80, 257, 178, 56, 166, 77, 183, 77, 56, 178, 30, 77, 183, 17, 257, 77, 15, 189, 80, 77, 56, 183, 251, 166]"
2082.224,2082.2332,2082.2584,2082.2464,4.9168267250061035,0.0344,"[2082.2249333333334, 2082.2259, 2082.226866666667, 2082.227733333333, 2082.2291, 2082.2291666666665, 2082.2302, 2082.2318, 2082.2319666666667, 2082.232233333333, 2082.2344333333335, 2082.2358, 2082.236266666667, 2082.2363, 2082.2363, 2082.238966666667, 2082.2391666666667, 2082.2422, 2082.2426, 2082.2462, 2082.25, 2082.2536666666665, 2082.2546, 2082.2549, 2082.2562333333335, 2082.2572333333333]","[168, 183, 223, 56, 207, 183, 77, 56, 228, 178, 228, 77, 183, 166, 119, 228, 183, 228, 77, 56, 183, 228, 56, 29, 183, 228]"
2085.266,2085.2996,2085.3232,2085.298,10.239727973937988,0.0572,"[2085.268566666666, 2085.2689, 2085.2705333333333, 2085.2754666666665, 2085.2759666666666, 2085.276, 2085.2769, 2085.2772333333332, 2085.2815333333333, 2085.2819666666664, 2085.2843333333335, 2085.2851666666666, 2085.2855, 2085.2865, 2085.2871333333333, 2085.2878666666666, 2085.2883333333334, 2085.2904, 2085.290466666667, 2085.2928333333334, 2085.2935666666667, 2085.293633333333, 2085.2938, 2085.2953, 2085.2953333333335, 2085.2959333333333, 2085.296566666667, 2085.2971333333335, 2085.2972666666665, 2085.2984333333334, 2085.2986333333333, 2085.2999666666665, 2085.300166666667, 2085.300333333333, 2085.3008333333332, 2085.3011, 2085.3039, 2085.3042333333333, 2085.3047, 2085.305, 2085.3098, 2085.31, 2085.3103, 2085.3117333333334, 2085.3122, 2085.3126333333335, 2085.3129, 2085.3183, 2085.3195666666666, 2085.3209666666667, 2085.3219, 2085.322166666667, 2085.3227]","[183, 77, 178, 183, 56, 166, 77, 15, 56, 183, 56, 15, 178, 166, 56, 207, 183, 56, 183, 183, 77, 207, 168, 166, 183, 207, 257, 183, 77, 257, 166, 207, 168, 77, 15, 178, 257, 131, 183, 15, 251, 190, 183, 15, 29, 207, 77, 56, 15, 257, 168, 77, 131]"
2089.0116,2089.0312,2089.04,2089.0292,5.041473865509033,0.0284,"[2089.0142333333333, 2089.014866666667, 2089.017666666666, 2089.0180666666665, 2089.0185333333334, 2089.0196, 2089.0209333333332, 2089.022, 2089.022066666667, 2089.0261666666665, 2089.0264333333334, 2089.0304333333333, 2089.0306, 2089.0326333333333, 2089.0345, 2089.0345, 2089.0354]","[131, 183, 56, 257, 142, 131, 257, 56, 77, 77, 183, 166, 77, 142, 183, 257, 77]"
2090.7896,2090.8172,2090.8308,2090.804,6.55059814453125,0.0412,"[2090.7912, 2090.7926666666667, 2090.793, 2090.7964666666667, 2090.7981666666665, 2090.7984333333334, 2090.7985, 2090.799233333333, 2090.801966666667, 2090.8036333333334, 2090.8040333333333, 2090.8042666666665, 2090.8043333333335, 2090.805733333333, 2090.8059, 2090.8061, 2090.8084, 2090.8088, 2090.810233333333, 2090.8105666666665, 2090.8107333333332, 2090.8119333333334, 2090.8126666666667, 2090.812733333333, 2090.814066666667, 2090.818133333333, 2090.819466666667, 2090.8199666666665, 2090.82, 2090.820166666667, 2090.820166666667, 2090.820833333333, 2090.8224666666665, 2090.8233, 2090.8244, 2090.825966666667, 2090.8266, 2090.826633333333, 2090.8288, 2090.8307333333332]","[257, 183, 77, 56, 183, 77, 15, 29, 183, 168, 56, 166, 77, 15, 168, 183, 257, 77, 178, 166, 183, 15, 56, 29, 223, 56, 77, 15, 190, 207, 164, 56, 257, 207, 77, 166, 56, 183, 207, 56]"
2093.4952,2093.508,2093.5204,2093.508,5.412312030792236,0.0252,"[2093.4955, 2093.4965, 2093.497766666667, 2093.498666666667, 2093.5020666666665, 2093.5022, 2093.5043, 2093.5075, 2093.5083666666665, 2093.5104666666666, 2093.5117666666665, 2093.5117666666665, 2093.5123, 2093.5145, 2093.5145333333335, 2093.5151666666666, 2093.5155666666665, 2093.5162666666665, 2093.5176333333334, 2093.5185, 2093.519]","[77, 89, 15, 183, 77, 207, 15, 144, 183, 188, 15, 257, 223, 188, 56, 183, 178, 142, 183, 188, 56]"
2097.9,2097.926,2097.9376,2097.9244,4.369153022766113,0.0376,"[2097.9031666666665, 2097.9057, 2097.906266666667, 2097.906466666667, 2097.9075, 2097.9092333333333, 2097.9104333333335, 2097.911833333333, 2097.912733333333, 2097.9143, 2097.914433333334, 2097.9176333333335, 2097.9192666666668, 2097.921566666667, 2097.9220333333333, 2097.9239333333335, 2097.924366666666, 2097.9249666666665, 2097.925166666667, 2097.9264333333335, 2097.9281666666666, 2097.931, 2097.9321666666665, 2097.9326, 2097.9329]","[77, 56, 131, 15, 29, 15, 119, 77, 166, 15, 56, 56, 77, 15, 119, 257, 56, 183, 77, 15, 257, 183, 15, 77, 56]"
2098.0184,2098.0304,2098.0404,2098.0328,5.993284225463867,0.022,"[2098.0185, 2098.0190333333335, 2098.0205666666666, 2098.0208666666667, 2098.021, 2098.021266666666, 2098.0228666666667, 2098.023166666667, 2098.0247, 2098.0248333333334, 2098.025666666667, 2098.0266333333334, 2098.0271, 2098.0272333333332, 2098.027566666666, 2098.0279, 2098.0289666666667, 2098.031233333333, 2098.0338333333334, 2098.035066666667, 2098.0361, 2098.0361333333335, 2098.0362333333333, 2098.0368]","[207, 77, 183, 190, 42, 15, 77, 257, 178, 257, 56, 223, 257, 77, 15, 190, 207, 179, 183, 77, 183, 56, 15, 166]"
2099.0696,2099.0772,2099.0936,2099.0756,4.313920021057129,0.024,"[2099.070133333333, 2099.071233333333, 2099.071266666667, 2099.0714666666668, 2099.071966666667, 2099.0738666666666, 2099.0741, 2099.0758333333333, 2099.0769666666665, 2099.0774, 2099.078233333333, 2099.0819333333334, 2099.0824333333335, 2099.082933333333, 2099.0834, 2099.0843333333332, 2099.088566666667, 2099.0895333333333, 2099.0906333333332, 2099.091866666666]","[15, 189, 207, 56, 77, 183, 56, 89, 183, 178, 77, 183, 178, 77, 56, 166, 257, 15, 77, 56]"
2101.3828,2101.408,2101.4136,2101.4096,3.0543205738067627,0.0308,"[2101.3840333333333, 2101.3848333333335, 2101.3890666666666, 2101.3934, 2101.3937666666666, 2101.395233333333, 2101.3982666666666, 2101.3984333333333, 2101.4060666666664, 2101.4073333333336, 2101.4093666666668, 2101.4104666666667, 2101.4121, 2101.4129]","[166, 77, 134, 17, 183, 56, 77, 56, 77, 17, 131, 257, 56, 29]"
2102.4412,2102.4532,2102.4668,2102.4548,6.122591972351074,0.0256,"[2102.441333333333, 2102.4416666666666, 2102.4421666666667, 2102.442666666667, 2102.4446, 2102.4448666666667, 2102.447033333334, 2102.448066666667, 2102.4492333333333, 2102.451466666667, 2102.4535, 2102.4548666666665, 2102.455, 2102.4551, 2102.4553666666666, 2102.4556333333335, 2102.4558333333334, 2102.4561, 2102.4574666666667, 2102.4575333333332, 2102.4576333333334, 2102.4612666666667, 2102.4620333333332, 2102.4629666666665, 2102.4635333333335, 2102.464233333333, 2102.4663333333333]","[77, 183, 257, 166, 15, 142, 77, 56, 189, 77, 178, 142, 243, 257, 228, 166, 56, 15, 77, 190, 257, 178, 56, 166, 15, 142, 142]"
2102.5508,2102.5904,2102.5988,2102.5884,6.637081623077393,0.048,"[2102.5517333333332, 2102.552133333333, 2102.5522666666666, 2102.5527, 2102.5529333333334, 2102.5567, 2102.5573, 2102.5608, 2102.5626, 2102.5634333333333, 2102.5646333333334, 2102.5658, 2102.5681666666665, 2102.5731, 2102.5733666666665, 2102.5742333333333, 2102.5779666666667, 2102.5781, 2102.5784, 2102.582766666667, 2102.5831333333335, 2102.5835666666667, 2102.5836, 2102.583833333333, 2102.5839666666666, 2102.585666666667, 2102.5861333333332, 2102.587, 2102.588133333333, 2102.5883, 2102.5885333333335, 2102.588566666667, 2102.5886666666665, 2102.5898, 2102.590066666666, 2102.5961333333335, 2102.598333333334]","[56, 183, 166, 15, 257, 166, 56, 183, 257, 166, 77, 183, 56, 56, 15, 257, 166, 77, 178, 207, 178, 77, 257, 257, 183, 183, 56, 178, 251, 144, 77, 15, 166, 29, 178, 166, 228]"
2111.8472,2111.8588,2111.872,2111.8564,9.938724517822266,0.0248,"[2111.8493, 2111.8497666666667, 2111.8499333333334, 2111.850233333333, 2111.8514, 2111.851933333334, 2111.8526, 2111.852733333333, 2111.8563, 2111.8566333333333, 2111.8584, 2111.858566666667, 2111.8586666666665, 2111.8587333333335, 2111.8588, 2111.8591333333334, 2111.8638333333333, 2111.8640333333333, 2111.8643, 2111.865466666666, 2111.8658666666665, 2111.8696666666665, 2111.8703666666665, 2111.8716666666664]","[56, 144, 77, 178, 56, 207, 166, 183, 56, 188, 56, 183, 190, 77, 15, 257, 166, 77, 183, 56, 257, 207, 77, 207]"
2112.7036,2112.7308,2112.74,2112.7344,6.569623947143555,0.0364,"[2112.7040666666667, 2112.7046, 2112.7047333333335, 2112.7048, 2112.7048666666665, 2112.707966666667, 2112.7082333333333, 2112.7096333333334, 2112.7104, 2112.715, 2112.7158666666664, 2112.7162, 2112.7164, 2112.7167666666664, 2112.7173333333335, 2112.7176, 2112.7182666666668, 2112.7209, 2112.722433333334, 2112.7236333333335, 2112.7238333333335, 2112.7272, 2112.7283666666667, 2112.7290333333335, 2112.73, 2112.7300333333333, 2112.7312333333334, 2112.7336333333333, 2112.7337333333335, 2112.7338666666665, 2112.7344, 2112.7368]","[89, 15, 29, 190, 56, 229, 228, 77, 183, 77, 29, 168, 183, 15, 166, 190, 257, 56, 77, 164, 15, 183, 77, 183, 207, 15, 56, 183, 257, 89, 223, 168]"
2113.138,2113.1464,2113.1716,2113.1456,4.311252593994141,0.0336,"[2113.1392, 2113.141433333333, 2113.1439, 2113.1451333333334, 2113.1456, 2113.1466333333333, 2113.15, 2113.1515, 2113.1519, 2113.1529333333333, 2113.1530333333335, 2113.153466666666, 2113.1547333333333, 2113.1550666666667, 2113.155566666667, 2113.1575333333335, 2113.1597333333334, 2113.1601666666666, 2113.1611666666668, 2113.1612333333333, 2113.1615, 2113.1624333333334, 2113.1630666666665, 2113.1637666666666, 2113.1648333333333, 2113.165433333333, 2113.1655, 2113.1655666666666, 2113.1657666666665, 2113.166166666667, 2113.1663, 2113.1711]","[77, 166, 178, 56, 144, 77, 230, 207, 183, 77, 257, 15, 30, 56, 168, 257, 183, 77, 166, 207, 183, 56, 166, 207, 168, 166, 15, 228, 77, 230, 183, 183]"
2116.7572,2116.7668,2116.7924,2116.7676,4.5721964836120605,0.0352,"[2116.7574, 2116.7581, 2116.7584, 2116.7593333333334, 2116.7614, 2116.7621, 2116.762333333333, 2116.762833333333, 2116.7663, 2116.7665333333334, 2116.7671333333333, 2116.7686, 2116.7692333333334, 2116.7706, 2116.7707333333333, 2116.7715, 2116.7745666666665, 2116.7752333333333, 2116.7764, 2116.776666666666, 2116.7768666666666, 2116.7779, 2116.778566666667, 2116.7786333333333, 2116.779, 2116.7796333333335, 2116.780266666666, 2116.7824333333333, 2116.783033333333, 2116.7831, 2116.7836333333335, 2116.7856, 2116.7861666666668, 2116.786833333333, 2116.7874666666667, 2116.787633333334, 2116.7887666666666, 2116.789133333333, 2116.7896666666666, 2116.790233333333, 2116.7915666666668]","[77, 257, 56, 183, 56, 257, 77, 183, 183, 77, 257, 15, 207, 77, 178, 56, 15, 77, 15, 166, 80, 207, 77, 179, 131, 257, 29, 166, 15, 190, 164, 207, 257, 183, 223, 29, 164, 257, 183, 223, 56]"
2117.7776,2117.7836,2117.8024,2117.7848,4.027737140655518,0.0248,"[2117.7782333333334, 2117.778333333333, 2117.7804666666666, 2117.7806, 2117.7809, 2117.7860333333333, 2117.786733333334, 2117.7873666666665, 2117.7873666666665, 2117.7874666666667, 2117.7876666666666, 2117.7887333333333, 2117.7900666666665, 2117.794066666667, 2117.7969, 2117.800366666667, 2117.8018333333334, 2117.802066666666]","[77, 56, 257, 77, 144, 30, 183, 190, 42, 257, 15, 77, 56, 183, 56, 251, 166, 56]"
2118.4348,2118.4452,2118.46,2118.4444,8.040952682495117,0.0252,"[2118.438, 2118.438866666667, 2118.4392, 2118.4405333333334, 2118.4414666666667, 2118.444333333334, 2118.4454333333333, 2118.4459333333334, 2118.4459666666667, 2118.4468333333334, 2118.4481666666666, 2118.4489, 2118.4515333333334, 2118.4528333333333, 2118.4533333333334, 2118.4583333333335, 2118.4589333333333, 2118.4598, 2118.4598333333333, 2118.4599, 2118.4599]","[131, 77, 166, 189, 183, 229, 15, 77, 166, 183, 15, 56, 207, 56, 77, 77, 80, 89, 168, 166, 15]"
2119.084,2119.1012,2119.1096,2119.1064,3.788820266723633,0.0256,"[2119.0933666666665, 2119.098333333334, 2119.0997666666667, 2119.1024333333335, 2119.1048, 2119.107466666667]","[56, 183, 56, 29, 77, 166]"
2119.782,2119.806,2119.8168,2119.8008,3.761765241622925,0.0348,"[2119.7834, 2119.7838, 2119.7846, 2119.7881, 2119.789, 2119.7894666666666, 2119.7908333333335, 2119.7916333333333, 2119.793633333333, 2119.7952, 2119.7965, 2119.7973333333334, 2119.7999, 2119.8000666666667, 2119.801933333333, 2119.8020333333334, 2119.8025333333335, 2119.8027333333334, 2119.8071333333332, 2119.8071666666665, 2119.8072, 2119.8085666666666, 2119.8107333333332, 2119.8117, 2119.8124333333335, 2119.816633333334]","[166, 183, 164, 189, 77, 223, 183, 15, 257, 77, 178, 56, 56, 77, 166, 190, 168, 15, 168, 56, 183, 166, 183, 257, 77, 183]"
2122.3656,2122.3716,2122.4112,2122.3688,3.0719685554504395,0.0456,"[2122.3690333333334, 2122.369066666666, 2122.3695666666667, 2122.3697333333334, 2122.369966666666, 2122.371, 2122.3721666666665, 2122.3733333333334, 2122.3734666666664, 2122.3737, 2122.3758666666668, 2122.376433333334, 2122.3781, 2122.3815, 2122.3824, 2122.3836666666666, 2122.3838333333333, 2122.3840333333333, 2122.3885, 2122.389133333333, 2122.3894333333333, 2122.3907, 2122.390733333333, 2122.391, 2122.3949, 2122.3949333333335, 2122.3971333333334, 2122.397166666666, 2122.3984666666665, 2122.3986, 2122.401733333333, 2122.4030333333335, 2122.403333333333, 2122.404666666667, 2122.408133333334, 2122.4096666666665, 2122.4103333333333]","[77, 134, 183, 166, 29, 257, 77, 183, 144, 56, 56, 29, 223, 77, 15, 56, 190, 183, 183, 164, 77, 15, 166, 29, 183, 257, 166, 15, 77, 183, 56, 257, 190, 15, 56, 15, 77]"
2123.0452,2123.0636,2123.0956,2123.0656,5.576908111572266,0.0504,"[2123.046533333333, 2123.0470666666665, 2123.0499, 2123.050333333333, 2123.050333333333, 2123.0506333333333, 2123.0508333333332, 2123.0518333333334, 2123.052066666666, 2123.0552666666667, 2123.056566666666, 2123.0566, 2123.0588, 2123.0590333333334, 2123.061166666667, 2123.0615333333335, 2123.063633333333, 2123.0652333333333, 2123.0660333333335, 2123.0678666666668, 2123.0707, 2123.0715333333333, 2123.0722333333333, 2123.076633333333, 2123.0781666666667, 2123.0787666666665, 2123.0805333333333, 2123.0814, 2123.0849, 2123.0880333333334, 2123.088366666667, 2123.0904, 2123.0906, 2123.0917666666664, 2123.0952666666667]","[166, 178, 207, 178, 164, 77, 166, 168, 164, 56, 77, 183, 251, 56, 77, 183, 178, 251, 56, 29, 56, 77, 166, 77, 166, 257, 207, 77, 29, 15, 56, 183, 257, 56, 77]"
2123.6984,2123.7072,2123.7208,2123.7084,5.305501461029053,0.0224,"[2123.6988666666666, 2123.6997, 2123.702366666667, 2123.703033333333, 2123.703666666667, 2123.708, 2123.7089, 2123.7091, 2123.709766666667, 2123.7110666666667, 2123.7118333333333, 2123.7126, 2123.713166666667, 2123.7149, 2123.7154333333333, 2123.7158666666664, 2123.7181666666665, 2123.7183, 2123.7183666666665, 2123.7191333333335, 2123.7197666666666]","[56, 166, 77, 56, 119, 77, 207, 56, 178, 207, 223, 119, 77, 30, 56, 183, 77, 131, 183, 56, 178]"
2124.4648,2124.4888,2124.4996,2124.4848,4.457311153411865,0.0348,"[2124.466966666667, 2124.4691333333335, 2124.470566666667, 2124.4713, 2124.4729666666667, 2124.473933333333, 2124.4745666666668, 2124.4754666666668, 2124.4773666666665, 2124.4778, 2124.478866666667, 2124.481133333333, 2124.4813, 2124.4814, 2124.4820666666665, 2124.4829666666665, 2124.4843, 2124.486933333333, 2124.487666666667, 2124.488533333333, 2124.488666666666, 2124.491433333333, 2124.4917, 2124.4928333333332, 2124.4931, 2124.4987333333333, 2124.499333333333]","[56, 77, 257, 183, 251, 77, 178, 56, 257, 131, 178, 56, 251, 77, 257, 166, 183, 257, 178, 77, 190, 166, 251, 29, 183, 56, 15]"
2125.5832,2125.6184,2125.6256,2125.618,7.471855640411377,0.0424,"[2125.5832333333333, 2125.5835333333334, 2125.583866666667, 2125.5869666666667, 2125.5880666666667, 2125.5882333333334, 2125.5890666666664, 2125.5898, 2125.5914333333335, 2125.593766666667, 2125.5986, 2125.5992, 2125.6023666666665, 2125.6044, 2125.6057, 2125.6099, 2125.6133666666665]","[119, 257, 56, 77, 223, 168, 166, 131, 77, 166, 131, 77, 15, 166, 56, 15, 166]"
2126.4924,2126.5044,2126.5156,2126.5044,7.608922004699707,0.0232,"[2126.4927666666667, 2126.494066666666, 2126.495266666667, 2126.4954333333335, 2126.4955666666665, 2126.4959, 2126.4962, 2126.4963333333335, 2126.4965333333334, 2126.4996333333333, 2126.4998666666665, 2126.5007666666666, 2126.5011, 2126.5021666666667, 2126.5023, 2126.5037333333335, 2126.5039333333334, 2126.5064333333335, 2126.5064666666667, 2126.5070333333333, 2126.5075666666667, 2126.5104666666666, 2126.512166666667, 2126.5126333333333, 2126.5147]","[223, 77, 166, 56, 77, 15, 207, 56, 190, 257, 166, 183, 77, 164, 183, 56, 168, 168, 207, 56, 183, 166, 77, 188, 56]"
2127.2816,2127.2916,2127.3136,2127.292,5.476328372955322,0.032,"[2127.2819666666664, 2127.2847666666667, 2127.2855, 2127.285833333334, 2127.2860333333333, 2127.289533333333, 2127.290266666667, 2127.290933333333, 2127.2955333333334, 2127.2957333333334, 2127.3013, 2127.3024, 2127.3035666666665, 2127.304666666667, 2127.309266666666, 2127.310466666667, 2127.311133333333, 2127.3113]","[56, 166, 183, 257, 77, 257, 183, 77, 166, 183, 30, 166, 77, 183, 223, 189, 77, 183]"
2128.1264,2128.15,2128.1584,2128.1504,6.2556538581848145,0.032,"[2128.1268333333333, 2128.1284, 2128.1284333333333, 2128.1322, 2128.1331, 2128.1331333333333, 2128.1337, 2128.1343, 2128.1343333333334, 2128.1348333333335, 2128.1358, 2128.1435333333334, 2128.1444333333334, 2128.1453333333334, 2128.1458666666667, 2128.1468333333332, 2128.1491333333333, 2128.1511, 2128.1518666666666, 2128.1530333333335, 2128.1545, 2128.155366666667, 2128.1577666666667, 2128.1578666666665, 2128.1579333333334]","[119, 183, 77, 207, 77, 178, 183, 207, 166, 56, 257, 183, 77, 166, 178, 168, 257, 223, 77, 207, 56, 183, 77, 166, 56]"
2129.19,2129.2028,2129.2104,2129.2052,4.506037712097168,0.0204,"[2129.1901333333335, 2129.1917, 2129.1932, 2129.193433333334, 2129.196033333333, 2129.1987, 2129.1992333333333, 2129.1999666666666, 2129.2001, 2129.2002333333335, 2129.2004, 2129.203933333333, 2129.2057, 2129.205966666667, 2129.2060333333334]","[77, 166, 15, 56, 77, 168, 77, 131, 207, 166, 15, 77, 56, 166, 183]"
2129.698,2129.7176,2129.7288,2129.7152,10.52304458618164,0.0308,"[2129.6986333333334, 2129.6994666666665, 2129.6999666666666, 2129.7055666666665, 2129.7057333333332, 2129.7058666666667, 2129.7082333333333, 2129.7096, 2129.7101, 2129.7101333333335, 2129.710666666667, 2129.7134666666666, 2129.7136, 2129.7138, 2129.7139, 2129.7161, 2129.718733333333, 2129.7202333333335, 2129.723033333333, 2129.7236666666668]","[134, 56, 144, 183, 77, 257, 56, 183, 228, 142, 166, 183, 144, 77, 142, 257, 15, 178, 15, 56]"
2129.9768,2129.9848,2130.0016,2129.9984,3.049001932144165,0.0248,"[2129.9778, 2129.9793666666665, 2129.9796, 2129.9807666666666, 2129.9808, 2129.9830333333334, 2129.984066666667, 2129.9841, 2129.9848333333334, 2129.9852, 2129.9855, 2129.986033333333, 2129.9874333333332, 2129.9874666666665, 2129.987666666667, 2129.9883666666665, 2129.989666666667, 2129.990366666667, 2129.990533333333, 2129.9909666666667, 2129.9938666666667, 2129.9944, 2129.9956333333334, 2129.9957, 2130.001433333334]","[56, 166, 77, 56, 207, 42, 166, 146, 183, 56, 77, 178, 207, 257, 168, 166, 207, 77, 257, 183, 56, 166, 77, 223, 89]"
2130.4404,2130.464,2130.5024,2130.4628,4.945027828216553,0.062,"[2130.4428, 2130.4439333333335, 2130.4444, 2130.447933333334, 2130.448966666667, 2130.4498, 2130.4516, 2130.4537333333333, 2130.4539666666665, 2130.4540333333334, 2130.4558, 2130.4593, 2130.460466666667, 2130.4608, 2130.4614, 2130.4617, 2130.4643, 2130.4643666666666, 2130.4643666666666, 2130.4647333333332, 2130.4664666666667, 2130.4670333333333, 2130.4692, 2130.4697666666666, 2130.4699, 2130.470533333333, 2130.470633333334, 2130.4708333333333, 2130.4720333333335, 2130.4723, 2130.4739, 2130.4762666666666, 2130.4774666666667, 2130.4777, 2130.478833333333, 2130.4799333333335, 2130.4808, 2130.4816, 2130.4817666666668, 2130.484033333333, 2130.4841, 2130.4855, 2130.4866333333334, 2130.4917333333333, 2130.4919666666665, 2130.4929333333334, 2130.4941, 2130.4941, 2130.494166666667, 2130.4949, 2130.4979333333335, 2130.4987666666666, 2130.5008333333335, 2130.5021333333334]","[15, 77, 257, 183, 190, 56, 257, 77, 15, 56, 257, 77, 183, 190, 257, 56, 166, 56, 15, 77, 56, 77, 166, 15, 168, 56, 77, 183, 223, 168, 77, 183, 166, 56, 178, 183, 178, 56, 183, 119, 166, 77, 56, 131, 56, 77, 257, 15, 29, 168, 229, 56, 15, 131]"
2141.9176,2141.9472,2141.958,2141.9456,9.457736015319824,0.0404,"[2141.9203666666667, 2141.9207666666666, 2141.9228, 2141.9236333333333, 2141.9243333333334, 2141.9258666666665, 2141.9274666666665, 2141.9283666666665, 2141.9284, 2141.9287, 2141.928733333333, 2141.9289, 2141.9303666666665, 2141.9308666666666, 2141.930966666667, 2141.9313666666667, 2141.9357333333332, 2141.936133333333, 2141.9362333333333, 2141.937966666667, 2141.9381, 2141.9396333333334, 2141.9404, 2141.9409, 2141.9419666666668, 2141.9435, 2141.9448333333335, 2141.9452666666666, 2141.9458666666665, 2141.9461, 2141.946233333333, 2141.946266666667, 2141.9474666666665, 2141.947933333334, 2141.9494, 2141.9509, 2141.9518333333335, 2141.952, 2141.9526333333333, 2141.9528666666665, 2141.956066666666, 2141.9567333333334]","[178, 166, 15, 56, 178, 183, 183, 207, 178, 56, 77, 166, 207, 178, 29, 183, 183, 166, 77, 56, 146, 77, 56, 257, 15, 183, 77, 56, 190, 15, 166, 89, 56, 29, 178, 42, 146, 168, 89, 178, 146, 183]"
2143.7968,2143.8076,2143.824,2143.8092,5.511290073394775,0.0272,"[2143.797233333333, 2143.797433333333, 2143.797466666667, 2143.797666666667, 2143.798533333333, 2143.7987333333335, 2143.7993333333334, 2143.8, 2143.8008333333332, 2143.8026, 2143.8027333333334, 2143.8027666666667, 2143.8038, 2143.8043, 2143.8052333333335, 2143.8061333333335, 2143.8086333333335, 2143.8098666666665, 2143.8108666666667, 2143.8168333333333, 2143.8177333333333, 2143.8225]","[131, 89, 56, 56, 77, 257, 17, 183, 131, 166, 257, 56, 77, 183, 166, 56, 42, 56, 207, 178, 166, 257]"
2144.046,2144.0684,2144.09,2144.0688,4.093337535858154,0.044,"[2144.0484, 2144.0489333333335, 2144.0489333333335, 2144.052966666666, 2144.0537, 2144.053866666666, 2144.054833333333, 2144.0590666666667, 2144.0591666666664, 2144.0601333333334, 2144.0605, 2144.0606666666667, 2144.0634, 2144.0634333333333, 2144.0643666666665, 2144.0644666666667, 2144.0649, 2144.0657666666666, 2144.0668666666666, 2144.0686333333333, 2144.072866666667, 2144.0732333333335, 2144.0735, 2144.074633333333, 2144.0751333333333, 2144.0753, 2144.0754333333334, 2144.0758333333333, 2144.077566666667, 2144.0783666666666, 2144.079566666667, 2144.0807666666665, 2144.0837, 2144.0838, 2144.0841, 2144.086333333333, 2144.0871]","[166, 15, 223, 56, 15, 77, 15, 166, 119, 207, 164, 77, 257, 183, 56, 119, 183, 207, 166, 77, 168, 77, 207, 166, 56, 168, 207, 183, 207, 77, 207, 56, 168, 166, 77, 15, 257]"
2150.1188,2150.1412,2150.1476,2150.1436,3.074756145477295,0.0288,"[2150.119966666666, 2150.120033333333, 2150.120933333333, 2150.1221, 2150.1235, 2150.1250333333332, 2150.125466666667, 2150.1277666666665, 2150.1280666666667, 2150.129, 2150.129966666667, 2150.1302, 2150.1305, 2150.1306, 2150.130866666667, 2150.1343, 2150.135366666667, 2150.1361666666667, 2150.136266666667, 2150.1371, 2150.138233333333, 2150.1435, 2150.1441333333332, 2150.1448666666665, 2150.1456, 2150.1457666666665, 2150.1459333333332, 2150.146566666667, 2150.1467]","[77, 56, 15, 184, 77, 56, 166, 207, 183, 179, 168, 56, 183, 166, 131, 184, 184, 77, 56, 15, 178, 178, 184, 77, 15, 166, 56, 184, 257]"
2245.516,2245.528,2245.5396,2245.53,5.5727128982543945,0.0236,"[2245.5172666666667, 2245.5183, 2245.5184, 2245.519466666666, 2245.520233333333, 2245.5205333333333, 2245.522, 2245.5233333333335, 2245.5234, 2245.523866666667, 2245.5244, 2245.525, 2245.526, 2245.5260333333335, 2245.5269, 2245.5269, 2245.5299333333332, 2245.5315666666665, 2245.5318666666667, 2245.5345333333335, 2245.534633333333, 2245.5361, 2245.536666666667]","[77, 228, 56, 166, 77, 168, 178, 207, 168, 77, 178, 56, 15, 29, 257, 183, 77, 183, 29, 257, 184, 166, 56]"
2249.0236,2249.0344,2249.0556,2249.0348,7.734582424163818,0.032,"[2249.023966666666, 2249.0253333333335, 2249.0261333333333, 2249.027433333333, 2249.0275, 2249.0298, 2249.0306333333333, 2249.0307666666668, 2249.031333333334, 2249.0338, 2249.035066666667, 2249.0361, 2249.036666666667, 2249.037566666667, 2249.0410666666667, 2249.0413, 2249.0424666666668, 2249.0447, 2249.0453333333335, 2249.045666666667, 2249.0461, 2249.0471333333335, 2249.0486333333333, 2249.0493, 2249.0497, 2249.0500333333334, 2249.0513, 2249.0541333333335, 2249.0547333333334]","[183, 56, 15, 77, 80, 166, 29, 183, 207, 56, 131, 77, 29, 207, 183, 77, 166, 146, 77, 207, 183, 257, 56, 183, 178, 15, 56, 183, 89]"
2250.0236,2250.0328,2250.0528,2250.0336,4.200657367706299,0.0292,"[2250.023966666666, 2250.026533333333, 2250.026966666667, 2250.0276, 2250.027633333333, 2250.028, 2250.0284333333334, 2250.0346, 2250.035, 2250.0356, 2250.038, 2250.0380333333333, 2250.0391666666665, 2250.040233333333, 2250.040433333333, 2250.0419333333334, 2250.042066666667, 2250.0434, 2250.043633333333, 2250.0469, 2250.0471333333335, 2250.047433333333, 2250.0480666666667, 2250.0498666666667, 2250.0517666666665]","[257, 168, 76, 183, 77, 29, 15, 77, 29, 168, 77, 183, 166, 179, 56, 77, 257, 29, 56, 164, 77, 168, 183, 15, 131]"
2250.952,2250.9604,2250.984,2250.9612,5.216385364532471,0.032,"[2250.9521666666665, 2250.9524666666666, 2250.9575333333332, 2250.9594, 2250.961533333333, 2250.9617, 2250.962266666667, 2250.9626333333335, 2250.9663333333333, 2250.9673333333335, 2250.9674, 2250.9677, 2250.9702666666667, 2250.971666666667, 2250.9742, 2250.975233333333, 2250.9762, 2250.977933333333, 2250.981566666667, 2250.9824, 2250.9834333333333]","[77, 146, 178, 178, 77, 183, 207, 166, 146, 166, 207, 77, 168, 77, 56, 183, 29, 89, 166, 178, 183]"
2251.148,2251.1568,2251.1836,2251.1568,4.139118671417236,0.0356,"[2251.151533333333, 2251.1548666666667, 2251.1554333333333, 2251.1555333333336, 2251.1559666666667, 2251.1561, 2251.157166666667, 2251.1582333333336, 2251.1612, 2251.1613, 2251.1622333333335, 2251.1622666666667, 2251.162633333334, 2251.1633, 2251.163533333334, 2251.165, 2251.1656333333335, 2251.165933333333, 2251.167233333333, 2251.1678, 2251.1694, 2251.1696333333334, 2251.1723333333334, 2251.1734, 2251.174, 2251.1755333333335, 2251.1757333333335, 2251.178766666667, 2251.179633333333, 2251.181566666666, 2251.1818333333335, 2251.1833]","[184, 188, 179, 77, 142, 168, 183, 166, 164, 257, 56, 188, 243, 15, 164, 56, 183, 142, 77, 183, 188, 142, 243, 188, 166, 257, 189, 56, 243, 15, 183, 166]"
2251.5028,2251.5104,2251.5456,2251.51,4.126360893249512,0.0428,"[2251.504066666667, 2251.504933333333, 2251.5062333333335, 2251.5069, 2251.507633333333, 2251.5097, 2251.5106, 2251.5111333333334, 2251.5126666666665, 2251.5182333333332, 2251.5189666666665, 2251.519533333333, 2251.5203333333334, 2251.5209666666665, 2251.5214333333333, 2251.5228666666667, 2251.523366666667, 2251.5236333333332, 2251.5236333333332, 2251.5237333333334, 2251.5243333333333, 2251.529466666667, 2251.5306666666665, 2251.5307333333335, 2251.5338, 2251.5343666666668, 2251.5354, 2251.5356666666667, 2251.5363, 2251.536633333333, 2251.5368, 2251.5374333333334, 2251.538533333334, 2251.5422, 2251.5441, 2251.5442666666668, 2251.5444666666667]","[229, 178, 77, 119, 56, 183, 77, 15, 56, 77, 166, 56, 15, 207, 183, 15, 77, 119, 164, 178, 56, 56, 15, 183, 77, 183, 15, 166, 56, 164, 77, 15, 56, 178, 15, 144, 56]"
2251.9036,2251.928,2251.9388,2251.9268,4.596609115600586,0.0352,"[2251.9041, 2251.9048333333335, 2251.905, 2251.9072666666666, 2251.9083, 2251.9084333333335, 2251.909633333333, 2251.9115333333334, 2251.911633333333, 2251.9148, 2251.9185, 2251.9194666666667, 2251.9200333333333, 2251.920166666667, 2251.9205, 2251.9215, 2251.927866666667, 2251.9279333333334, 2251.927966666666, 2251.929, 2251.9331, 2251.9378]","[183, 77, 257, 166, 56, 257, 207, 166, 77, 190, 207, 188, 56, 183, 190, 15, 77, 183, 189, 164, 166, 56]"
2253.5292,2253.5428,2253.5568,2253.544,6.962458610534668,0.0276,"[2253.5314, 2253.532833333333, 2253.535, 2253.5359333333336, 2253.5365333333334, 2253.5371333333333, 2253.5374, 2253.537533333333, 2253.5381666666667, 2253.5397, 2253.5398666666665, 2253.5405, 2253.5406666666668, 2253.5437666666667, 2253.5443, 2253.5453666666667, 2253.5470666666665, 2253.547233333333, 2253.550266666666, 2253.5509666666667, 2253.5520333333334, 2253.5527333333334, 2253.5531666666666, 2253.553266666667, 2253.556666666667]","[77, 166, 164, 56, 229, 56, 183, 168, 77, 207, 168, 56, 183, 223, 178, 183, 166, 56, 183, 77, 56, 164, 166, 190, 183]"
2254.4884,2254.512,2254.544,2254.5112,7.391838073730469,0.0556,"[2254.4884, 2254.488666666666, 2254.4918, 2254.4925, 2254.492566666667, 2254.493466666667, 2254.493933333333, 2254.4944666666665, 2254.4944666666665, 2254.4945333333335, 2254.4967333333334, 2254.4979333333335, 2254.4991666666665, 2254.499766666667, 2254.5001666666667, 2254.5007333333333, 2254.5027, 2254.5036333333333, 2254.5057333333334, 2254.5064, 2254.506533333333, 2254.5072, 2254.5078, 2254.5104, 2254.512133333333, 2254.5140333333334, 2254.5155666666665, 2254.5164, 2254.5166, 2254.5171333333333, 2254.517766666667, 2254.5188, 2254.520366666666, 2254.5225333333333, 2254.5232, 2254.5235666666667, 2254.5244333333335, 2254.5284333333334, 2254.5295333333333, 2254.531466666667, 2254.5318666666667, 2254.532233333334, 2254.5325666666668, 2254.5335666666665, 2254.5336666666667, 2254.533933333333, 2254.5341333333336, 2254.5344, 2254.5356333333334, 2254.5358666666666, 2254.5380333333333, 2254.5391, 2254.542033333333, 2254.542133333334, 2254.5433, 2254.5435666666667]","[166, 77, 131, 257, 183, 56, 77, 15, 166, 178, 56, 77, 166, 29, 15, 56, 119, 166, 207, 257, 131, 189, 15, 56, 166, 77, 257, 119, 15, 183, 56, 166, 77, 56, 257, 183, 77, 15, 164, 178, 119, 257, 183, 77, 190, 178, 15, 183, 223, 56, 257, 183, 56, 77, 166, 15]"
2273.8052,2273.8592,2273.8692,2273.8604,7.17039155960083,0.064,"[2273.8053333333332, 2273.8060333333333, 2273.8067333333333, 2273.8071, 2273.8074, 2273.8077333333335, 2273.808366666666, 2273.8137, 2273.8138, 2273.8155666666667, 2273.8157, 2273.818333333333, 2273.8199, 2273.8205333333335, 2273.8205333333335, 2273.8234, 2273.8235, 2273.824, 2273.8245, 2273.8245333333334, 2273.825733333333, 2273.8286333333335, 2273.8294, 2273.8297666666667, 2273.8307, 2273.8307666666665, 2273.8310333333334, 2273.8314333333333, 2273.8323333333333, 2273.8323666666665, 2273.8339666666666, 2273.8346333333334, 2273.8352, 2273.8353, 2273.8353333333334, 2273.835466666667, 2273.8355, 2273.8369333333335, 2273.837233333333, 2273.8386, 2273.8386333333333, 2273.8393333333333, 2273.8399, 2273.8401, 2273.8411, 2273.8415333333332, 2273.842766666666, 2273.8437, 2273.8458, 2273.8467, 2273.8472, 2273.8481333333334, 2273.8485333333333, 2273.8485333333333, 2273.8503, 2273.852733333333, 2273.8539, 2273.8559, 2273.8569, 2273.8569333333335, 2273.8571333333334, 2273.861533333333, 2273.861966666667, 2273.8621333333335, 2273.8625333333334]","[168, 77, 56, 166, 178, 15, 29, 29, 15, 77, 29, 178, 183, 77, 80, 89, 183, 56, 77, 80, 15, 77, 223, 178, 166, 29, 183, 223, 77, 80, 179, 56, 168, 15, 77, 166, 56, 29, 168, 77, 80, 168, 166, 56, 42, 207, 77, 183, 183, 146, 178, 56, 77, 80, 77, 56, 56, 56, 178, 29, 15, 183, 77, 164, 178]"
2275.2448,2275.2564,2275.266,2275.2552,5.212667942047119,0.0212,"[2275.2456666666667, 2275.249, 2275.2565, 2275.256966666667, 2275.2599666666665, 2275.2604666666666, 2275.2607333333335, 2275.262133333333, 2275.2653333333333, 2275.2655]","[183, 56, 56, 257, 257, 228, 164, 77, 29, 164]"
2276.1616,2276.1712,2276.2004,2276.1692,4.803686618804932,0.0388,"[2276.163666666667, 2276.1658, 2276.166333333333, 2276.167233333333, 2276.1683333333335, 2276.1696, 2276.1705333333334, 2276.176466666667, 2276.1781, 2276.180066666667, 2276.1803333333332, 2276.1808333333333, 2276.1827333333335, 2276.1833, 2276.183666666667, 2276.1837, 2276.185266666667, 2276.1892333333335, 2276.1898666666666, 2276.1902, 2276.1904, 2276.1905333333334, 2276.1911, 2276.193133333333, 2276.1932, 2276.1936666666666, 2276.1939333333335, 2276.1957666666667, 2276.1961, 2276.1982666666668]","[89, 178, 257, 29, 56, 251, 257, 56, 29, 56, 223, 166, 56, 29, 77, 80, 56, 56, 257, 144, 207, 168, 15, 15, 77, 29, 183, 190, 56, 77]"
2277.1464,2277.1588,2277.1924,2277.1576,3.319172620773315,0.046,"[2277.1468666666665, 2277.1516333333334, 2277.1519333333335, 2277.1545666666666, 2277.1547666666665, 2277.1564, 2277.158066666667, 2277.1581, 2277.1582, 2277.1592666666666, 2277.1604333333335, 2277.1624666666667, 2277.1625, 2277.1660333333334, 2277.169066666667, 2277.1694666666667, 2277.1702, 2277.170866666667, 2277.1728333333335, 2277.1731666666665, 2277.1754, 2277.177966666666, 2277.1792666666665, 2277.1808333333333, 2277.183233333333, 2277.1832666666664, 2277.185466666667, 2277.1867, 2277.1911, 2277.1912666666667, 2277.1912666666667, 2277.191533333333, 2277.191533333333]","[77, 77, 168, 77, 56, 183, 77, 80, 166, 15, 257, 77, 80, 77, 56, 15, 77, 207, 207, 166, 56, 178, 77, 56, 80, 77, 257, 42, 183, 77, 80, 243, 56]"
2277.5496,2277.5588,2277.5852,2277.5568,7.042703151702881,0.0356,"[2277.550333333333, 2277.5515333333333, 2277.552066666666, 2277.5527666666667, 2277.553266666667, 2277.5538, 2277.5559333333335, 2277.5563666666667, 2277.5567666666666, 2277.5572666666667, 2277.5580333333332, 2277.5581666666667, 2277.5587666666665, 2277.5594333333333, 2277.5598666666665, 2277.560166666666, 2277.5622, 2277.5636, 2277.5639, 2277.5643, 2277.5643666666665, 2277.5688, 2277.5696333333335, 2277.5709333333334, 2277.579566666667, 2277.5798, 2277.582866666666, 2277.583]","[77, 166, 56, 15, 80, 207, 207, 251, 56, 230, 168, 207, 183, 77, 144, 189, 164, 15, 257, 77, 183, 207, 166, 56, 257, 56, 166, 183]"
2278.9852,2279.0216,2279.038,2279.0256,12.205498695373535,0.0528,"[2278.9881666666665, 2278.9881666666665, 2278.9883333333332, 2278.9931, 2278.9945666666667, 2278.995066666667, 2278.9952, 2278.998633333333, 2278.998633333333, 2279.0002, 2279.0021666666667, 2279.003366666667, 2279.003366666667, 2279.004066666667, 2279.005933333334, 2279.0061, 2279.006966666667, 2279.0088333333333, 2279.0090666666665, 2279.009533333334, 2279.0096, 2279.0117666666665, 2279.013066666667, 2279.013266666667, 2279.0135, 2279.0147666666667, 2279.0154, 2279.0157, 2279.0157, 2279.016, 2279.0160333333333, 2279.0162666666665, 2279.016833333333, 2279.016866666667, 2279.019, 2279.0190666666667, 2279.021, 2279.0215, 2279.0215, 2279.022466666667, 2279.0226333333335, 2279.0254666666665, 2279.025666666667, 2279.0263666666665, 2279.026766666667, 2279.0268333333333, 2279.028533333333, 2279.0295, 2279.030266666666, 2279.0327333333335, 2279.0332333333336, 2279.0344333333333, 2279.0351, 2279.0351333333333, 2279.0361, 2279.0362666666665, 2279.0375]","[77, 80, 183, 183, 166, 15, 77, 77, 80, 183, 15, 77, 80, 183, 15, 166, 178, 207, 190, 80, 77, 183, 77, 178, 183, 207, 56, 119, 166, 80, 77, 178, 207, 15, 183, 56, 164, 77, 80, 207, 56, 77, 30, 168, 207, 190, 168, 178, 56, 56, 168, 189, 80, 77, 168, 15, 56]"
2279.464,2279.4972,2279.5268,2279.4944,5.460782051086426,0.0628,"[2279.4659, 2279.467833333333, 2279.4686333333334, 2279.4686333333334, 2279.4694666666664, 2279.4722, 2279.4722666666667, 2279.474833333333, 2279.4749333333334, 2279.4749333333334, 2279.4789666666666, 2279.4793666666665, 2279.480533333334, 2279.4807333333333, 2279.4814666666666, 2279.483333333333, 2279.4853, 2279.4868333333334, 2279.4877, 2279.487866666667, 2279.4892, 2279.4906666666666, 2279.4917333333333, 2279.4959, 2279.4968, 2279.4976, 2279.4994, 2279.4998333333333, 2279.5, 2279.5000666666665, 2279.5016666666666, 2279.502333333334, 2279.5024, 2279.5055, 2279.5063, 2279.509233333333, 2279.5095666666666, 2279.514133333333, 2279.5148, 2279.5181333333335, 2279.5224333333335, 2279.5246, 2279.5253666666667, 2279.526, 2279.5264, 2279.526533333333, 2279.5265666666664]","[243, 188, 77, 80, 15, 144, 188, 56, 77, 80, 166, 56, 178, 77, 164, 56, 77, 223, 166, 178, 144, 183, 178, 166, 144, 56, 257, 144, 77, 168, 166, 56, 15, 166, 77, 56, 257, 183, 56, 223, 251, 166, 89, 56, 257, 29, 15]"
2279.7832,2279.8128,2279.8196,2279.8152,4.368391036987305,0.0364,"[2279.7835, 2279.7837, 2279.785, 2279.7858666666666, 2279.7883666666667, 2279.7892, 2279.7898, 2279.79, 2279.7941333333333, 2279.795166666667, 2279.7962, 2279.7966666666666, 2279.796766666667, 2279.799, 2279.7991, 2279.801, 2279.8016666666667, 2279.8031666666666, 2279.8045, 2279.8065333333334, 2279.806633333333, 2279.8068333333335, 2279.8068333333335, 2279.8068333333335, 2279.807, 2279.807333333333, 2279.8078, 2279.8078333333333, 2279.808666666667, 2279.810166666666, 2279.8106, 2279.8108, 2279.811166666667, 2279.8148666666666, 2279.815433333333, 2279.8162, 2279.8181, 2279.8194]","[257, 56, 77, 15, 56, 183, 77, 15, 17, 78, 257, 56, 15, 77, 119, 207, 56, 77, 207, 207, 77, 183, 56, 15, 190, 257, 183, 131, 166, 119, 77, 189, 15, 183, 77, 56, 15, 183]"
2282.5116,2282.5328,2282.5548,2282.5348,6.358900547027588,0.0432,"[2282.5116666666668, 2282.5121, 2282.5121, 2282.513733333333, 2282.5142666666666, 2282.5156333333334, 2282.5172666666667, 2282.5181666666667, 2282.5182, 2282.518433333333, 2282.5189666666665, 2282.5216666666665, 2282.5245333333332, 2282.5245333333332, 2282.5245666666665, 2282.525766666666, 2282.525833333333, 2282.526, 2282.5265, 2282.527866666667, 2282.528333333333, 2282.5289666666667, 2282.529666666667, 2282.530266666666, 2282.530266666666, 2282.5313, 2282.5323, 2282.5331666666666, 2282.5355666666665, 2282.5365333333334, 2282.5371666666665, 2282.5373666666665, 2282.5374, 2282.537766666667, 2282.5394, 2282.5398666666665, 2282.5399333333335, 2282.5407333333333, 2282.5408333333335, 2282.5415333333335, 2282.5418666666665, 2282.544533333333, 2282.5497333333333, 2282.5542, 2282.5543333333335, 2282.5543333333335]","[183, 243, 56, 166, 15, 56, 243, 15, 166, 183, 178, 188, 77, 80, 166, 207, 223, 168, 15, 142, 183, 243, 188, 77, 80, 207, 183, 142, 243, 15, 29, 77, 80, 166, 142, 188, 257, 207, 178, 15, 77, 183, 166, 168, 77, 80]"
2295.7368,2295.7504,2295.7604,2295.7504,9.989900588989258,0.0236,"[2295.738666666666, 2295.738666666666, 2295.7438333333334, 2295.743966666667, 2295.7446333333332, 2295.7463, 2295.746833333333, 2295.747, 2295.7500666666665, 2295.7505, 2295.7507666666666, 2295.7509333333333, 2295.7517666666668, 2295.7534666666666, 2295.7543666666666, 2295.7559666666666, 2295.7564333333335, 2295.759466666667]","[77, 80, 207, 168, 77, 56, 15, 189, 251, 77, 178, 257, 166, 178, 56, 168, 251, 166]"
2298.2124,2298.2284,2298.236,2298.2296,4.886585712432861,0.0236,"[2298.2144, 2298.2169, 2298.2174666666665, 2298.2184666666667, 2298.219666666667, 2298.2206, 2298.2225, 2298.2231, 2298.2244333333333, 2298.2246, 2298.2248, 2298.225133333334, 2298.2255, 2298.2255666666665, 2298.2280666666666, 2298.228666666667, 2298.2300666666665, 2298.2309333333333, 2298.231, 2298.2311, 2298.232, 2298.232333333334, 2298.2330333333334, 2298.2346666666667]","[56, 77, 183, 15, 257, 15, 183, 207, 190, 207, 15, 77, 166, 183, 257, 183, 80, 15, 164, 183, 190, 15, 77, 56]"
2298.6908,2298.7124,2298.7192,2298.7148,4.353610515594482,0.0284,"[2298.6916666666666, 2298.6919, 2298.695233333334, 2298.695833333333, 2298.6965, 2298.6967, 2298.697166666667, 2298.6983666666665, 2298.700566666667, 2298.7019, 2298.7037666666665, 2298.704166666667, 2298.7044666666666, 2298.7046333333333, 2298.7051333333334, 2298.7091, 2298.7092, 2298.7167]","[257, 77, 77, 257, 56, 229, 166, 223, 77, 166, 229, 178, 56, 77, 183, 56, 229, 56]"
2302.7936,2302.8068,2302.8172,2302.8072,6.7720417976379395,0.0236,"[2302.7962333333335, 2302.7962333333335, 2302.7970666666665, 2302.7984333333334, 2302.8000333333334, 2302.8011333333334, 2302.8032, 2302.8036, 2302.8043, 2302.8071666666665, 2302.8079666666667, 2302.8081, 2302.8097666666667, 2302.8108666666667, 2302.8108666666667, 2302.8146333333334, 2302.817, 2302.8170333333333]","[77, 257, 56, 183, 56, 207, 56, 164, 77, 251, 56, 29, 251, 77, 80, 144, 80, 77]"
2303.7544,2303.7812,2303.8068,2303.7828,6.187470436096191,0.0524,"[2303.7554333333333, 2303.7585, 2303.7602333333334, 2303.7606666666666, 2303.765066666667, 2303.765066666667, 2303.7651, 2303.7664666666665, 2303.7674, 2303.7683, 2303.7715, 2303.7733, 2303.7737666666667, 2303.7766333333334, 2303.777433333333, 2303.7794, 2303.7806, 2303.7837666666665, 2303.784166666667, 2303.7842, 2303.7844333333333, 2303.7846666666665, 2303.785733333333, 2303.786733333334, 2303.7874333333334, 2303.7889333333333, 2303.7889333333333, 2303.79, 2303.790033333333, 2303.790466666667, 2303.792033333333, 2303.7923, 2303.7947, 2303.794733333333, 2303.7949, 2303.7957, 2303.795833333333, 2303.7964, 2303.7965, 2303.7966333333334, 2303.7986, 2303.8001, 2303.8006, 2303.8008, 2303.8015, 2303.8024666666665, 2303.8032333333335]","[56, 56, 189, 29, 77, 80, 257, 89, 223, 56, 77, 15, 29, 77, 166, 183, 56, 56, 80, 77, 56, 183, 15, 166, 56, 77, 80, 89, 257, 146, 15, 178, 80, 77, 166, 56, 207, 56, 15, 179, 77, 179, 17, 56, 166, 77, 15]"
2304.2544,2304.2664,2304.2768,2304.2644,5.59318208694458,0.0224,"[2304.256766666667, 2304.257833333333, 2304.2579666666666, 2304.258333333333, 2304.2590666666665, 2304.2592666666665, 2304.259666666667, 2304.2597, 2304.2605, 2304.264866666667, 2304.265, 2304.265066666667, 2304.2654666666667, 2304.2657, 2304.2663666666667, 2304.2671, 2304.2678333333333, 2304.2678666666666, 2304.268866666667, 2304.2699, 2304.271166666667, 2304.2717333333335, 2304.2718333333332, 2304.274966666667, 2304.275633333333, 2304.275833333333, 2304.2760333333335, 2304.2760333333335, 2304.2761333333333, 2304.2763333333332, 2304.2763333333332]","[166, 207, 131, 15, 183, 56, 80, 77, 15, 80, 77, 131, 56, 183, 207, 15, 80, 77, 183, 168, 184, 168, 77, 223, 183, 257, 77, 80, 178, 166, 15]"
2304.44,2304.452,2304.4644,2304.4488,6.468607425689697,0.0244,"[2304.4405333333334, 2304.4422, 2304.4427666666666, 2304.4436666666666, 2304.4451, 2304.4451, 2304.4464333333335, 2304.448766666667, 2304.4491, 2304.4501666666665, 2304.4506666666666, 2304.4507, 2304.4508, 2304.4545333333335, 2304.4553333333333, 2304.4558666666667, 2304.457066666667, 2304.4579, 2304.458833333333, 2304.4589, 2304.4596333333334]","[178, 166, 56, 142, 77, 80, 190, 56, 164, 166, 15, 207, 178, 183, 80, 223, 56, 257, 190, 15, 56]"
2304.7252,2304.7416,2304.75,2304.7416,4.747663974761963,0.0248,"[2304.7264666666665, 2304.7272333333335, 2304.7285666666667, 2304.7292666666667, 2304.7293, 2304.729533333333, 2304.7331, 2304.7331, 2304.7375666666667, 2304.7404, 2304.7404, 2304.740566666667, 2304.7431333333334, 2304.7437, 2304.743933333333, 2304.743966666667, 2304.7471333333333, 2304.7482666666665, 2304.7493]","[183, 56, 166, 80, 77, 56, 77, 80, 56, 77, 80, 42, 15, 183, 80, 77, 166, 56, 183]"
2305.8708,2305.8944,2305.912,2305.8932,8.19550895690918,0.0412,"[2305.8719333333333, 2305.8746, 2305.8763, 2305.879066666667, 2305.879066666667, 2305.8816333333334, 2305.8840666666665, 2305.885133333333, 2305.8863, 2305.8892333333333, 2305.8893, 2305.8893, 2305.8902, 2305.8939333333333, 2305.8939666666665, 2305.8946666666666, 2305.8952, 2305.895233333333, 2305.9042666666664, 2305.9075666666668, 2305.9082333333336, 2305.9101, 2305.9111]","[56, 183, 56, 77, 80, 56, 257, 77, 188, 183, 77, 80, 56, 228, 183, 89, 77, 80, 15, 190, 166, 15, 190]"
2311.8916,2311.93,2311.9512,2311.9292,7.348008155822754,0.0596,"[2311.8941, 2311.8941666666665, 2311.8941666666665, 2311.8967, 2311.8968666666665, 2311.8969, 2311.8969333333334, 2311.897033333333, 2311.8971, 2311.8993333333333, 2311.9007, 2311.9013333333332, 2311.9018, 2311.9049333333332, 2311.9056333333333, 2311.9056666666665, 2311.9056666666665, 2311.9074666666666, 2311.908133333334, 2311.9103666666665, 2311.9112666666665, 2311.9117, 2311.9126666666666, 2311.914566666667, 2311.914566666667, 2311.9163, 2311.918933333334, 2311.919033333333, 2311.920833333333, 2311.9224, 2311.9228333333335, 2311.9228333333335, 2311.9233, 2311.923766666667, 2311.9242, 2311.925366666667, 2311.9304, 2311.9310333333333, 2311.931466666667, 2311.931566666666, 2311.9346, 2311.935466666667, 2311.9360333333334, 2311.9366666666665, 2311.937966666667, 2311.9384666666665, 2311.9391333333333, 2311.9401, 2311.9428333333335, 2311.9436333333333, 2311.944266666667, 2311.9450666666667, 2311.9455333333335, 2311.9457, 2311.946266666667, 2311.9503]","[183, 77, 80, 257, 183, 80, 77, 179, 190, 146, 223, 183, 166, 56, 146, 77, 80, 178, 56, 89, 166, 29, 56, 77, 80, 183, 190, 166, 183, 56, 77, 80, 15, 166, 56, 30, 77, 56, 29, 15, 257, 183, 80, 56, 183, 251, 207, 166, 168, 166, 251, 207, 29, 15, 56, 166]"
2313.302,2313.322,2313.3284,2313.3216,3.678297996520996,0.0264,"[2313.3041, 2313.3041, 2313.3068333333335, 2313.3072666666667, 2313.307566666667, 2313.309133333333, 2313.3092333333334, 2313.3095333333335, 2313.3102, 2313.3124666666668, 2313.3125666666665, 2313.3139666666666, 2313.3139666666666, 2313.3143333333333, 2313.3152666666665, 2313.3161333333333, 2313.3169666666668, 2313.3183, 2313.318333333333, 2313.3184, 2313.3201, 2313.3204666666666, 2313.3205, 2313.3224666666665, 2313.3233666666665, 2313.3243, 2313.324866666667, 2313.3249, 2313.325, 2313.3253, 2313.326233333333, 2313.3271]","[80, 183, 223, 17, 80, 15, 207, 257, 178, 166, 17, 77, 80, 56, 207, 228, 77, 166, 183, 17, 15, 80, 77, 56, 207, 131, 183, 17, 15, 80, 178, 183]"
2314.522,2314.5324,2314.554,2314.5296,7.933886051177979,0.032,"[2314.5232666666666, 2314.5243666666665, 2314.526066666667, 2314.5268, 2314.5308, 2314.531266666667, 2314.531466666667, 2314.5315666666665, 2314.5316, 2314.531933333333, 2314.5353666666665, 2314.5367666666666, 2314.5372333333335, 2314.538233333333, 2314.539, 2314.541166666667, 2314.542, 2314.5428333333334, 2314.5442666666668, 2314.5465, 2314.550333333333, 2314.5513]","[56, 77, 183, 257, 30, 15, 168, 77, 29, 56, 168, 77, 56, 183, 166, 183, 77, 56, 166, 178, 56, 15]"
2330.1576,2330.17,2330.1952,2330.1684,7.468556880950928,0.0376,"[2330.1576333333333, 2330.1579666666667, 2330.1588, 2330.1591, 2330.161433333333, 2330.161733333334, 2330.162633333334, 2330.1628666666666, 2330.1629333333335, 2330.1629666666668, 2330.163433333333, 2330.1637, 2330.1638, 2330.1639666666665, 2330.1643, 2330.1644666666666, 2330.1653, 2330.1691666666666, 2330.1692666666668, 2330.1696, 2330.169833333334, 2330.1701, 2330.170166666667, 2330.1702, 2330.1702333333333, 2330.1709333333333, 2330.1714666666667, 2330.1742, 2330.1754333333333, 2330.176, 2330.176033333333, 2330.1773333333335, 2330.1776333333332, 2330.182, 2330.1833, 2330.189066666667, 2330.1891333333333, 2330.1902666666665, 2330.190433333333]","[183, 15, 168, 56, 257, 178, 183, 89, 80, 77, 15, 166, 164, 56, 168, 223, 29, 178, 164, 77, 229, 29, 15, 166, 190, 168, 15, 183, 178, 131, 166, 77, 15, 183, 15, 77, 56, 207, 15]"
2330.8568,2330.8892,2330.8952,2330.862,4.4177775382995605,0.0384,"[2330.857466666667, 2330.8575333333333, 2330.8615666666665, 2330.862633333333, 2330.8633333333332, 2330.863966666667, 2330.8641, 2330.8676, 2330.8736, 2330.8736, 2330.8751, 2330.8751, 2330.8758666666668, 2330.8769333333335, 2330.8815, 2330.8826, 2330.882833333333, 2330.887833333333, 2330.888033333333, 2330.8883, 2330.888466666667, 2330.8893333333335, 2330.8921333333333]","[77, 183, 168, 183, 80, 15, 29, 257, 77, 80, 15, 207, 166, 56, 183, 131, 56, 77, 257, 228, 56, 251, 183]"
2334.0168,2334.0268,2334.0384,2334.0256,6.887498378753662,0.0216,"[2334.0172666666667, 2334.0197, 2334.0207, 2334.0209, 2334.0212333333334, 2334.0216666666665, 2334.0238, 2334.024766666667, 2334.025, 2334.0253333333335, 2334.0258, 2334.026533333333, 2334.0297333333333, 2334.030133333333, 2334.0303, 2334.0328, 2334.034933333334, 2334.0375, 2334.0377]","[77, 131, 29, 166, 77, 15, 56, 183, 77, 168, 131, 166, 178, 77, 223, 29, 178, 183, 77]"
2335.8492,2335.8572,2335.8876,2335.8552,5.628701686859131,0.0384,"[2335.8492666666666, 2335.8499, 2335.8517, 2335.8522, 2335.8525, 2335.8525, 2335.8550666666665, 2335.8559333333333, 2335.856566666667, 2335.857, 2335.8577666666665, 2335.858, 2335.8587, 2335.8587333333335, 2335.8603, 2335.861066666667, 2335.864433333333, 2335.8648, 2335.869166666667, 2335.8729333333335, 2335.874466666666, 2335.8750333333332, 2335.878833333333, 2335.8794, 2335.8817, 2335.8824666666665, 2335.8825333333334, 2335.8825666666667, 2335.8867, 2335.887366666667]","[257, 168, 56, 15, 77, 80, 183, 56, 77, 257, 257, 207, 80, 178, 207, 257, 56, 77, 178, 30, 207, 77, 77, 183, 183, 166, 80, 77, 15, 164]"
2336.4824,2336.4872,2336.5072,2336.4856,3.031914234161377,0.0248,"[2336.485166666667, 2336.4855, 2336.485833333333, 2336.4862333333335, 2336.4866, 2336.487766666666, 2336.4893666666667, 2336.4903, 2336.4903, 2336.4910666666665, 2336.491266666667, 2336.4926, 2336.4949, 2336.4964666666665, 2336.4972, 2336.497533333333, 2336.499, 2336.501433333334, 2336.5014666666666, 2336.5014666666666, 2336.5019666666667, 2336.5026333333335, 2336.5064666666667, 2336.5065, 2336.5067, 2336.5071]","[257, 183, 144, 166, 56, 168, 56, 77, 80, 166, 243, 89, 166, 183, 251, 77, 56, 77, 80, 183, 56, 56, 80, 77, 166, 207]"
2337.6412,2337.6804,2337.6956,2337.68,11.919201850891112,0.0544,"[2337.6449, 2337.6455333333333, 2337.6466333333333, 2337.647, 2337.6476333333335, 2337.6486, 2337.6486333333332, 2337.6511666666665, 2337.6514333333334, 2337.651733333333, 2337.6519333333335, 2337.6519333333335, 2337.6527, 2337.6531666666665, 2337.653566666667, 2337.6566, 2337.6571, 2337.6606666666667, 2337.6631, 2337.6639333333333, 2337.6642333333334, 2337.6648666666665, 2337.665033333333, 2337.6669666666667, 2337.6674333333335, 2337.6698666666666, 2337.6703333333335, 2337.6703666666667, 2337.6712, 2337.6713, 2337.6729, 2337.6734, 2337.6737333333335, 2337.6748, 2337.6765666666665, 2337.679766666666, 2337.6806333333334, 2337.680666666666, 2337.680733333333, 2337.6809333333335, 2337.6816, 2337.682333333333, 2337.6878666666667, 2337.6887666666667, 2337.689533333333]","[257, 207, 56, 166, 146, 77, 80, 183, 56, 223, 77, 80, 257, 146, 168, 77, 146, 183, 166, 56, 42, 183, 80, 190, 146, 77, 183, 56, 257, 166, 146, 168, 166, 77, 166, 56, 166, 77, 178, 56, 146, 257, 77, 17, 56]"
2340.0252,2340.0612,2340.0724,2340.0624,10.674495697021484,0.0472,"[2340.0253666666667, 2340.026533333333, 2340.0266333333334, 2340.026766666667, 2340.0268, 2340.0300333333334, 2340.0300333333334, 2340.0307333333335, 2340.032366666667, 2340.035766666667, 2340.0358666666666, 2340.0358666666666, 2340.0361333333335, 2340.0370666666668, 2340.039133333333, 2340.039133333333, 2340.0394, 2340.0394, 2340.0398, 2340.0407, 2340.0435333333335, 2340.0454666666665, 2340.045666666667, 2340.046333333333, 2340.0471, 2340.047666666667, 2340.0479666666665, 2340.0489666666667, 2340.0491666666667, 2340.0498333333335, 2340.0508, 2340.051166666666, 2340.0514, 2340.0516, 2340.0527333333334, 2340.0531, 2340.0531, 2340.0532, 2340.0558666666666, 2340.0566, 2340.0576, 2340.059366666667, 2340.0596, 2340.0598, 2340.0598, 2340.062066666667, 2340.0621666666666, 2340.0644333333335, 2340.0650333333333, 2340.0666666666666, 2340.0715666666665]","[56, 15, 207, 190, 77, 77, 80, 56, 29, 166, 77, 80, 56, 56, 77, 80, 223, 56, 168, 183, 77, 183, 56, 80, 56, 77, 15, 251, 56, 183, 166, 89, 89, 166, 56, 77, 183, 207, 178, 251, 166, 56, 15, 77, 80, 183, 168, 15, 56, 257, 166]"
2340.2508,2340.26,2340.274,2340.262,4.413902759552002,0.0232,"[2340.2508666666668, 2340.2557, 2340.2567, 2340.256966666667, 2340.2574, 2340.257833333333, 2340.2579333333333, 2340.261333333334, 2340.262166666667, 2340.2626, 2340.2638, 2340.268433333333, 2340.2698333333333, 2340.2739333333334]","[183, 134, 77, 166, 164, 56, 15, 257, 178, 164, 77, 56, 77, 184]"
2340.3464,2340.3552,2340.3692,2340.3544,4.216498374938965,0.0228,"[2340.347133333333, 2340.3482, 2340.3495666666668, 2340.3497, 2340.3505333333333, 2340.3523333333333, 2340.3561666666665, 2340.3577666666665, 2340.3586, 2340.362866666667, 2340.3631, 2340.3641333333335, 2340.3685666666665, 2340.3687666666665, 2340.3691]","[56, 77, 183, 164, 190, 56, 257, 77, 56, 77, 56, 15, 183, 56, 166]"
2342.0032,2342.03,2342.0412,2342.0336,5.463492393493652,0.038,"[2342.003833333333, 2342.0042, 2342.0042333333336, 2342.005166666667, 2342.0057333333334, 2342.0069, 2342.009233333333, 2342.0093, 2342.0100666666667, 2342.0107666666668, 2342.0109, 2342.0115333333333, 2342.0162666666665, 2342.0166, 2342.017733333333, 2342.017766666667, 2342.0182333333332, 2342.019466666666, 2342.019766666667, 2342.0198, 2342.0205666666666, 2342.020666666667, 2342.0221333333334, 2342.0223, 2342.022933333333, 2342.023066666666, 2342.0235, 2342.0242333333335, 2342.0242333333335, 2342.0252666666665, 2342.026, 2342.0276, 2342.028466666666, 2342.0285, 2342.0304, 2342.0319, 2342.0324333333333, 2342.0328, 2342.0334, 2342.0341333333336, 2342.0342666666666, 2342.0342666666666, 2342.0343, 2342.0345666666667, 2342.0358666666666, 2342.0361666666668, 2342.0399]","[183, 80, 77, 243, 15, 257, 183, 15, 188, 243, 56, 178, 243, 56, 166, 188, 179, 257, 77, 80, 56, 243, 188, 15, 183, 257, 142, 80, 78, 243, 188, 257, 77, 56, 15, 142, 56, 168, 183, 166, 77, 80, 15, 189, 188, 56, 207]"
2344.3412,2344.3632,2344.4072,2344.4,3.988661050796509,0.066,"[2344.3423333333335, 2344.3436, 2344.3436, 2344.3439333333336, 2344.3447, 2344.3448, 2344.353666666667, 2344.354, 2344.3541, 2344.3560333333335, 2344.3563, 2344.3594333333335, 2344.3614, 2344.3616666666667, 2344.3617, 2344.3631333333333, 2344.3646, 2344.364633333333, 2344.366, 2344.3667, 2344.3676333333333, 2344.3686, 2344.369066666666, 2344.3719333333333, 2344.3722, 2344.3737, 2344.3769333333335, 2344.378166666667, 2344.3782, 2344.3786333333333, 2344.379, 2344.3798333333334, 2344.380166666667, 2344.3806666666665, 2344.383633333334, 2344.383733333333, 2344.384, 2344.3849666666665, 2344.3850333333335, 2344.3855, 2344.387166666667, 2344.3887666666665, 2344.3902, 2344.391, 2344.3919666666666, 2344.3924333333334, 2344.3953333333334, 2344.3957666666665, 2344.3960666666667, 2344.3968, 2344.397066666667, 2344.3985666666667, 2344.4001, 2344.4005333333334, 2344.4014333333334, 2344.4029, 2344.4030333333335, 2344.4034, 2344.405266666666, 2344.4057, 2344.4064333333336, 2344.4066333333335]","[223, 77, 80, 15, 166, 207, 183, 56, 77, 166, 15, 77, 178, 15, 190, 183, 80, 77, 56, 183, 15, 89, 56, 56, 178, 166, 56, 77, 80, 166, 257, 15, 178, 56, 56, 77, 178, 207, 15, 166, 56, 77, 229, 15, 77, 183, 178, 183, 229, 29, 56, 257, 56, 15, 131, 257, 77, 183, 56, 166, 223, 178]"
2344.9992,2345.0124,2345.0652,2345.012,3.809334516525269,0.066,"[2345.0006333333336, 2345.0028333333335, 2345.0061666666666, 2345.0062666666668, 2345.0067, 2345.006933333333, 2345.007833333333, 2345.0093666666667, 2345.0143, 2345.0151333333333, 2345.0171, 2345.0180666666665, 2345.019566666667, 2345.0197333333335, 2345.023166666667, 2345.0235333333335, 2345.0237333333334, 2345.0243, 2345.0258, 2345.0273333333334, 2345.0276, 2345.0284, 2345.029466666667, 2345.0338, 2345.0338333333334, 2345.0345666666667, 2345.0373, 2345.0383666666667, 2345.0388, 2345.0394, 2345.0394, 2345.0394666666666, 2345.0399666666667, 2345.0455666666667, 2345.045833333333, 2345.0459, 2345.0462333333335, 2345.0504, 2345.0507666666667, 2345.051, 2345.051233333333, 2345.0517333333332, 2345.0522333333333, 2345.0524666666665, 2345.0524666666665, 2345.056433333333, 2345.0581, 2345.0586333333335, 2345.0592, 2345.0594333333333, 2345.0621666666666, 2345.0645]","[257, 77, 166, 56, 183, 29, 257, 56, 183, 77, 251, 257, 77, 56, 178, 168, 56, 183, 15, 164, 77, 166, 223, 80, 77, 56, 166, 56, 168, 77, 80, 30, 29, 257, 166, 77, 56, 207, 29, 56, 178, 15, 166, 77, 80, 56, 183, 166, 29, 15, 56, 29]"
2345.3452,2345.3552,2345.368,2345.3584,3.261888027191162,0.0228,"[2345.3461666666667, 2345.3463, 2345.3498, 2345.3512, 2345.3512, 2345.3517333333334, 2345.3587666666667, 2345.3596333333335, 2345.3598, 2345.36, 2345.3653, 2345.3661, 2345.367, 2345.367, 2345.3673]","[56, 166, 178, 77, 80, 166, 77, 56, 178, 257, 56, 89, 77, 80, 15]"
2345.5108,2345.526,2345.536,2345.5252,5.02971076965332,0.0252,"[2345.512366666667, 2345.5124333333333, 2345.513033333333, 2345.5133333333333, 2345.514, 2345.5144666666665, 2345.5152333333335, 2345.5174, 2345.5174, 2345.5174333333334, 2345.5187333333333, 2345.5189666666665, 2345.5212, 2345.5216, 2345.522166666666, 2345.5253333333335, 2345.5265666666664, 2345.5272, 2345.527666666667, 2345.528, 2345.5302, 2345.5315666666665, 2345.5326666666665, 2345.5338333333334, 2345.5338333333334, 2345.5344666666665]","[77, 166, 142, 228, 56, 183, 15, 142, 56, 183, 166, 168, 142, 15, 29, 168, 166, 183, 142, 144, 56, 207, 183, 77, 80, 178]"
2350.1344,2350.17,2350.1836,2350.1752,5.691384792327881,0.0492,"[2350.1375333333335, 2350.142, 2350.1433666666667, 2350.1448666666665, 2350.147, 2350.1491, 2350.1503333333335, 2350.1522, 2350.1536666666666, 2350.1545666666666, 2350.1555, 2350.157, 2350.1577666666667, 2350.1583333333333, 2350.1586, 2350.158733333333, 2350.1587666666665, 2350.1602333333335, 2350.161866666667, 2350.1631666666667, 2350.165033333333, 2350.1657333333333, 2350.166166666667, 2350.170666666667, 2350.171066666667, 2350.171066666667, 2350.1711, 2350.172, 2350.1726, 2350.176266666667, 2350.1794333333332, 2350.180733333333]","[56, 77, 183, 56, 77, 56, 56, 166, 178, 207, 251, 207, 257, 56, 183, 77, 80, 15, 251, 166, 183, 15, 56, 56, 251, 166, 29, 15, 207, 56, 257, 56]"
2351.4332,2351.4412,2351.4536,2351.4404,4.459923267364502,0.0204,"[2351.4335, 2351.4341666666664, 2351.4341666666664, 2351.435, 2351.4378, 2351.4392666666668, 2351.4401333333335, 2351.4401666666668, 2351.442, 2351.4428, 2351.4433, 2351.443533333333, 2351.4457666666667, 2351.4466, 2351.4475, 2351.4475, 2351.4484666666667, 2351.4501333333333, 2351.4502666666667]","[183, 77, 80, 56, 183, 77, 168, 56, 183, 178, 77, 166, 183, 56, 77, 80, 183, 15, 183]"
2351.6512,2351.6644,2351.678,2351.666,3.697096347808838,0.0268,"[2351.6528333333335, 2351.6537, 2351.6543333333334, 2351.657366666667, 2351.6599666666666, 2351.660533333333, 2351.6610333333333, 2351.6615333333334, 2351.661633333333, 2351.6643, 2351.6652, 2351.6656333333335, 2351.6660666666667, 2351.6701, 2351.675266666666, 2351.6754333333333, 2351.6761, 2351.6764]","[56, 166, 80, 183, 77, 257, 223, 189, 56, 77, 15, 207, 56, 183, 164, 77, 56, 166]"
2355.1996,2355.2064,2355.2252,2355.2056,3.2466883659362793,0.0256,"[2355.2001666666665, 2355.2010666666665, 2355.2012, 2355.2037333333333, 2355.2040333333334, 2355.2046, 2355.2046333333333, 2355.2049, 2355.2065333333335, 2355.2066333333332, 2355.208166666667, 2355.2096, 2355.2106, 2355.210666666667, 2355.2109666666665, 2355.2134, 2355.214, 2355.2147, 2355.2149, 2355.2153, 2355.2171333333335, 2355.2193, 2355.2202333333335, 2355.2203666666665, 2355.2203666666665, 2355.2204333333334, 2355.2212666666665, 2355.2222, 2355.2238, 2355.2238, 2355.2247333333335]","[77, 183, 56, 15, 223, 77, 80, 166, 56, 178, 56, 15, 80, 188, 243, 183, 207, 56, 144, 168, 207, 257, 168, 77, 80, 223, 166, 56, 77, 80, 15]"
2356.4908,2356.4976,2356.5232,2356.5156,3.480708122253418,0.0324,"[2356.4909333333335, 2356.4927333333335, 2356.496833333333, 2356.4991, 2356.502466666667, 2356.5025, 2356.5027, 2356.5051, 2356.5052333333333, 2356.5063, 2356.5082, 2356.5091, 2356.509533333334, 2356.5109666666667, 2356.5111, 2356.5120666666667, 2356.513233333333, 2356.5161333333335, 2356.5163, 2356.517, 2356.518666666667, 2356.5228, 2356.523166666667]","[257, 183, 166, 188, 77, 80, 56, 183, 243, 142, 166, 15, 56, 77, 142, 183, 15, 166, 77, 183, 188, 178, 190]"
2357.8556,2357.8724,2357.8848,2357.8728,10.319920539855955,0.0292,"[2357.8559333333333, 2357.857, 2357.8586333333333, 2357.8595, 2357.8602, 2357.8609333333334, 2357.8613, 2357.861866666666, 2357.863, 2357.863, 2357.8652333333334, 2357.8660333333332, 2357.8674, 2357.8679333333334, 2357.8685333333333, 2357.8687, 2357.871166666667, 2357.873, 2357.8737, 2357.8742, 2357.8743, 2357.8767333333335, 2357.8786666666665, 2357.8795, 2357.8820333333333, 2357.8822333333333, 2357.8844]","[29, 56, 183, 131, 168, 80, 257, 166, 183, 131, 183, 168, 56, 207, 77, 178, 56, 229, 80, 56, 183, 168, 178, 207, 164, 168, 131]"
2360.1832,2360.1976,2360.2076,2360.196,5.610124588012695,0.0244,"[2360.183466666667, 2360.1835333333333, 2360.1842333333334, 2360.1847333333335, 2360.1847333333335, 2360.1866, 2360.1868666666664, 2360.1873333333333, 2360.1875666666665, 2360.1881333333336, 2360.1885, 2360.1887, 2360.1903666666667, 2360.1908333333336, 2360.1910666666668, 2360.1914, 2360.1918333333333, 2360.1919666666668, 2360.1921333333335, 2360.1932, 2360.1934, 2360.194433333333, 2360.194433333333, 2360.194433333333, 2360.1949666666665, 2360.1956333333333, 2360.1965333333333, 2360.1972, 2360.1973333333335, 2360.1973333333335, 2360.1995, 2360.2024, 2360.2024, 2360.2025, 2360.2057333333332, 2360.2071333333333]","[183, 56, 243, 77, 80, 183, 142, 29, 257, 168, 207, 183, 56, 207, 77, 223, 257, 257, 166, 15, 142, 77, 56, 80, 243, 168, 89, 188, 142, 77, 166, 77, 80, 183, 257, 142]"
2361.3464,2361.3784,2361.3988,2361.378,6.721768856048584,0.0524,"[2361.3465666666666, 2361.3466, 2361.348033333333, 2361.349833333333, 2361.350966666667, 2361.350966666667, 2361.3511, 2361.3517, 2361.3521, 2361.3534, 2361.3569, 2361.3569, 2361.3600333333334, 2361.360366666667, 2361.3607, 2361.3637, 2361.3641333333335, 2361.3652333333334, 2361.3652666666667, 2361.367166666667, 2361.3676666666665, 2361.3676666666665, 2361.3687, 2361.3694333333333, 2361.3699, 2361.3712333333333, 2361.3720333333335, 2361.3722, 2361.3743, 2361.3771, 2361.3852666666667, 2361.3854, 2361.3857, 2361.386, 2361.3877666666667, 2361.391866666667, 2361.392666666666, 2361.3933666666667]","[80, 77, 166, 56, 77, 80, 207, 166, 243, 29, 77, 80, 207, 168, 77, 80, 29, 15, 168, 183, 77, 80, 207, 166, 56, 207, 257, 80, 144, 77, 77, 168, 257, 56, 15, 183, 56, 166]"
2362.126,2362.1368,2362.1576,2362.1372,7.892057418823242,0.0316,"[2362.1261, 2362.1273666666666, 2362.130866666667, 2362.131, 2362.1312333333335, 2362.1314, 2362.1314, 2362.1318, 2362.1325666666667, 2362.133533333333, 2362.1367, 2362.1373, 2362.1375333333335, 2362.1376333333333, 2362.1384333333335, 2362.139166666667, 2362.1395333333335, 2362.1395333333335, 2362.1442, 2362.1443, 2362.1451666666667, 2362.1455666666666, 2362.1457666666665, 2362.1457666666665, 2362.147066666667, 2362.1477666666665, 2362.1483333333335, 2362.149733333333, 2362.1501, 2362.151666666666, 2362.1527666666666, 2362.1536666666666, 2362.1547, 2362.1574333333333]","[77, 183, 223, 188, 144, 77, 80, 257, 15, 188, 223, 77, 183, 188, 243, 166, 56, 178, 56, 257, 15, 164, 77, 80, 189, 142, 178, 56, 223, 243, 56, 166, 183, 56]"
2362.3344,2362.354,2362.396,2362.3548,5.849765777587891,0.0616,"[2362.335666666667, 2362.3411666666666, 2362.3413, 2362.3414, 2362.3414333333335, 2362.3421333333335, 2362.3443, 2362.3451666666665, 2362.3453666666665, 2362.3455, 2362.346433333333, 2362.3465666666666, 2362.3468, 2362.347433333334, 2362.3494333333333, 2362.349833333333, 2362.35, 2362.3506, 2362.3508666666667, 2362.351133333333, 2362.352533333333, 2362.3546666666666, 2362.3547, 2362.354766666667, 2362.3558, 2362.3561666666665, 2362.357266666667, 2362.3587333333335, 2362.3601, 2362.3603, 2362.3607, 2362.3612, 2362.3612333333335, 2362.3645, 2362.3658333333333, 2362.3675333333335, 2362.3676666666665, 2362.3685666666665, 2362.3686, 2362.3687333333332, 2362.368933333333, 2362.3733333333334, 2362.3733666666667, 2362.3741333333332, 2362.3741666666665, 2362.3753, 2362.3767666666668, 2362.3789, 2362.3799, 2362.3800666666666, 2362.380166666667, 2362.3804333333333, 2362.380633333333, 2362.3812, 2362.3832666666667, 2362.3858333333333, 2362.3859333333335, 2362.3869, 2362.3875666666668, 2362.3876666666665, 2362.3877666666667, 2362.3904666666667, 2362.3904666666667, 2362.3917333333334, 2362.3928333333333, 2362.393633333333, 2362.3955666666666]","[183, 178, 56, 77, 80, 15, 207, 257, 77, 183, 207, 15, 164, 56, 164, 257, 183, 77, 56, 168, 183, 77, 80, 257, 56, 29, 15, 183, 207, 257, 80, 56, 80, 183, 166, 183, 243, 77, 80, 56, 178, 77, 80, 56, 166, 15, 56, 229, 56, 183, 189, 15, 77, 164, 257, 183, 77, 257, 15, 166, 56, 77, 80, 229, 56, 183, 257]"
2362.6868,2362.6956,2362.7204,2362.694,7.821774482727051,0.0336,"[2362.686966666666, 2362.686966666666, 2362.6885666666667, 2362.6893333333333, 2362.6896333333334, 2362.689766666667, 2362.6910333333335, 2362.6923333333334, 2362.6936333333333, 2362.6952666666666, 2362.6955333333335, 2362.6958666666665, 2362.6959666666667, 2362.6964666666668, 2362.698833333334, 2362.699633333333, 2362.7001, 2362.7001, 2362.7017, 2362.7030666666665, 2362.705933333333, 2362.7063, 2362.706833333333, 2362.7073666666665, 2362.7074, 2362.7074333333335, 2362.7078, 2362.7114, 2362.7114, 2362.7135333333335, 2362.7139666666667, 2362.7143, 2362.714466666667, 2362.7195333333334, 2362.7195333333334]","[77, 80, 183, 77, 190, 15, 166, 257, 207, 77, 168, 166, 56, 15, 223, 257, 77, 80, 15, 56, 77, 183, 15, 168, 56, 207, 223, 77, 80, 178, 56, 183, 15, 77, 80]"
2365.9724,2365.9964,2366.016,2365.9964,6.554849147796631,0.0436,"[2365.975266666667, 2365.976, 2365.976933333334, 2365.976933333334, 2365.9785, 2365.978666666667, 2365.9816666666666, 2365.9816666666666, 2365.9819, 2365.9841333333334, 2365.9844333333335, 2365.9848, 2365.9856666666665, 2365.9857, 2365.9857333333334, 2365.9866666666667, 2365.9870333333333, 2365.9873333333335, 2365.9881, 2365.9891333333335, 2365.9891333333335, 2365.9916, 2365.993166666666, 2365.993166666666, 2365.9948666666664, 2365.997533333333, 2365.9975666666664, 2365.998666666667, 2365.9987333333333, 2365.998866666667, 2366.0037333333335, 2366.0048666666667, 2366.005033333334, 2366.0099, 2366.01, 2366.0154666666667, 2366.015733333333]","[29, 183, 77, 80, 178, 166, 29, 183, 15, 207, 166, 257, 56, 80, 77, 207, 15, 166, 257, 77, 80, 56, 77, 80, 183, 144, 166, 77, 29, 15, 77, 207, 15, 257, 77, 77, 56]"
2366.7936,2366.8016,2366.8344,2366.7992,4.863488674163818,0.0408,"[2366.7943666666665, 2366.794966666667, 2366.7952, 2366.799466666667, 2366.8000333333334, 2366.801033333333, 2366.8016333333335, 2366.8027666666667, 2366.8044, 2366.8050333333335, 2366.8063, 2366.8065333333334, 2366.8074333333334, 2366.807466666666, 2366.8076, 2366.8094333333333, 2366.8097333333335, 2366.810266666667, 2366.8107, 2366.8107666666665, 2366.8112333333333, 2366.8118666666664, 2366.8122333333336, 2366.8137, 2366.815433333333, 2366.8162666666667, 2366.8168, 2366.8173, 2366.8176333333336, 2366.8187333333335, 2366.8187333333335, 2366.819433333333, 2366.8204333333333, 2366.8208, 2366.8212, 2366.8222333333333, 2366.8223, 2366.8223, 2366.823766666667, 2366.8264, 2366.8265666666666, 2366.827, 2366.8273, 2366.8274, 2366.8287, 2366.831, 2366.833633333333]","[56, 77, 178, 183, 77, 56, 15, 251, 80, 56, 131, 29, 80, 77, 257, 183, 80, 178, 228, 56, 168, 15, 183, 168, 77, 183, 42, 56, 178, 77, 80, 56, 15, 179, 56, 166, 77, 80, 56, 183, 29, 77, 178, 80, 80, 183, 166]"
2367.8556,2367.8608,2367.8836,2367.8604,3.419889450073242,0.028,"[2367.8556, 2367.8557333333333, 2367.8558, 2367.86, 2367.8607333333334, 2367.8613666666665, 2367.8617, 2367.862166666667, 2367.8645333333334, 2367.8649, 2367.8649, 2367.8651666666665, 2367.8652666666667, 2367.8653, 2367.8658333333333, 2367.867166666667, 2367.8678666666665, 2367.8694666666665, 2367.8701, 2367.8701333333333, 2367.8701666666666, 2367.870266666667, 2367.8714666666665, 2367.8729333333335, 2367.8730333333333, 2367.8731666666667, 2367.8736, 2367.8737666666666, 2367.8739666666665, 2367.8746, 2367.8750333333332, 2367.8779, 2367.8782666666666, 2367.8798, 2367.881733333333, 2367.883]","[207, 190, 15, 77, 56, 15, 183, 166, 257, 77, 80, 56, 183, 164, 207, 56, 166, 168, 77, 80, 183, 15, 207, 131, 178, 257, 166, 56, 77, 183, 15, 77, 178, 56, 178, 207]"
2370.2748,2370.2872,2370.298,2370.2876,6.087131023406982,0.0232,"[2370.274966666667, 2370.276733333333, 2370.2770666666665, 2370.2771, 2370.277633333333, 2370.2782333333334, 2370.2782666666667, 2370.2817666666665, 2370.2825333333335, 2370.2825666666668, 2370.283933333333, 2370.2856, 2370.2862333333333, 2370.2862333333333, 2370.2865, 2370.2870333333335, 2370.2872666666667, 2370.287533333333, 2370.287533333333, 2370.2892, 2370.2899, 2370.29, 2370.2901333333334, 2370.2915, 2370.2933666666668, 2370.2936, 2370.293633333333, 2370.293866666667, 2370.2942333333335, 2370.2943333333333, 2370.295166666667, 2370.2974]","[207, 56, 77, 80, 80, 189, 166, 168, 80, 77, 168, 183, 257, 179, 15, 207, 119, 77, 80, 207, 131, 15, 257, 178, 257, 77, 80, 183, 166, 131, 56, 77]"
2371.1924,2371.252,2371.266,2371.2532,5.116765022277832,0.0736,"[2371.1929, 2371.193133333333, 2371.1954333333333, 2371.1973, 2371.2008666666666, 2371.2011, 2371.2018, 2371.2019666666665, 2371.204133333333, 2371.2064333333333, 2371.2073666666665, 2371.2078, 2371.210566666666, 2371.212, 2371.2123, 2371.2141, 2371.214233333333, 2371.2147, 2371.2152, 2371.2191, 2371.2193333333335, 2371.2197, 2371.2207, 2371.2210333333333, 2371.2213666666667, 2371.225933333333, 2371.2280333333333, 2371.2306, 2371.2314666666666, 2371.233566666667, 2371.2336, 2371.2338, 2371.2355333333335, 2371.2359, 2371.2362333333335, 2371.2363333333333, 2371.2365, 2371.240366666667, 2371.2405, 2371.240533333333, 2371.2418333333335, 2371.2421, 2371.2422333333334, 2371.2424666666666, 2371.2460333333333, 2371.247966666667, 2371.248433333333, 2371.2508, 2371.2523, 2371.252333333334, 2371.2546, 2371.2546333333335, 2371.2616666666668, 2371.262333333333, 2371.263033333333]","[56, 77, 166, 15, 168, 228, 183, 56, 29, 223, 77, 166, 29, 178, 183, 77, 56, 178, 228, 56, 77, 89, 228, 15, 223, 77, 223, 207, 183, 77, 228, 166, 164, 207, 56, 190, 164, 168, 77, 80, 15, 56, 190, 168, 77, 166, 29, 56, 183, 228, 80, 77, 183, 56, 15]"
2372.4984,2372.5296,2372.5424,2372.5284,8.939170837402344,0.044,"[2372.4987666666666, 2372.5029666666665, 2372.505633333333, 2372.5061, 2372.5062, 2372.5097666666666, 2372.511233333333, 2372.5123, 2372.5172, 2372.5172, 2372.5172333333335, 2372.5175, 2372.520233333333, 2372.521133333333, 2372.5235666666667, 2372.524066666667, 2372.5245333333332, 2372.5246666666667, 2372.5247, 2372.5265, 2372.530333333333, 2372.5305333333336, 2372.5307666666668, 2372.5309, 2372.531466666667, 2372.5322666666666, 2372.536433333333, 2372.5372333333335, 2372.5372333333335, 2372.539133333333]","[257, 56, 207, 56, 166, 80, 168, 166, 56, 183, 29, 77, 166, 251, 15, 77, 56, 183, 164, 166, 56, 166, 29, 15, 183, 56, 77, 56, 183, 15]"
2373.4968,2373.51,2373.532,2373.5104,5.915760040283203,0.0352,"[2373.4971333333333, 2373.4971333333333, 2373.4989333333333, 2373.500233333333, 2373.5008, 2373.5023666666666, 2373.5045, 2373.5046, 2373.5059, 2373.5066333333334, 2373.506833333334, 2373.5070666666666, 2373.511466666667, 2373.512233333334, 2373.5143, 2373.514866666667, 2373.5149666666666, 2373.5170333333335, 2373.517566666667, 2373.5182666666665, 2373.5206333333335, 2373.522166666666, 2373.5222, 2373.5236, 2373.5244333333335, 2373.525766666666, 2373.526533333333, 2373.5269, 2373.5269333333335, 2373.5270666666665, 2373.530333333333, 2373.5311]","[77, 80, 166, 257, 77, 56, 166, 80, 56, 257, 15, 183, 207, 77, 15, 56, 257, 77, 56, 29, 257, 80, 77, 15, 56, 29, 77, 183, 257, 56, 207, 77]"
2711.8184,2711.8404,2711.8488,2711.8388,5.79600715637207,0.0304,"[2711.8187333333335, 2711.8187666666668, 2711.8199, 2711.8204, 2711.8208, 2711.8218333333334, 2711.8225666666667, 2711.8234666666667, 2711.8235, 2711.8237, 2711.8238666666666, 2711.8240333333333, 2711.825966666667, 2711.8262666666665, 2711.8285666666666, 2711.8288666666667, 2711.829166666667, 2711.8326666666667, 2711.832933333333, 2711.8351, 2711.8351333333335, 2711.8354, 2711.8399, 2711.8433666666665, 2711.8435666666664, 2711.843966666667, 2711.8449, 2711.8454666666667, 2711.8457]","[77, 178, 207, 183, 184, 42, 207, 80, 77, 188, 183, 257, 184, 228, 29, 77, 223, 89, 183, 168, 207, 77, 77, 77, 183, 168, 251, 207, 166]"
2713.3816,2713.3924,2713.406,2713.3924,4.513027191162109,0.0244,"[2713.3827666666666, 2713.3834, 2713.3836666666666, 2713.383766666667, 2713.3859333333335, 2713.386433333333, 2713.3869666666665, 2713.3885, 2713.3890666666666, 2713.3913666666667, 2713.3937, 2713.3937333333333, 2713.3941666666665, 2713.3942, 2713.3975333333333, 2713.3977, 2713.3978666666667, 2713.3987, 2713.3987, 2713.4015, 2713.4029333333333, 2713.4048, 2713.4051666666664, 2713.4054666666666, 2713.4056, 2713.4057666666668]","[188, 207, 56, 77, 257, 207, 188, 56, 207, 183, 80, 77, 168, 56, 166, 243, 257, 77, 80, 15, 142, 56, 15, 207, 243, 223]"
2714.3436,2714.3496,2714.3704,2714.3516,3.274151086807251,0.0268,"[2714.3436, 2714.3461333333335, 2714.3462, 2714.347366666667, 2714.3475, 2714.348333333334, 2714.350266666667, 2714.3512333333333, 2714.3512333333333, 2714.3512666666666, 2714.3517, 2714.3533, 2714.3557333333333, 2714.3557333333333, 2714.3559333333333, 2714.357266666667, 2714.359466666667, 2714.3599, 2714.360133333333, 2714.3632333333335, 2714.3633333333332, 2714.367366666667, 2714.3674, 2714.3678666666665, 2714.369, 2714.3691, 2714.3696, 2714.3702]","[56, 80, 77, 183, 15, 56, 146, 77, 80, 189, 166, 56, 77, 80, 42, 56, 257, 257, 56, 146, 42, 56, 146, 89, 17, 15, 166, 56]"
2719.5192,2719.528,2719.5512,2719.5276,3.112220048904419,0.032,"[2719.5216333333333, 2719.5219666666667, 2719.5233, 2719.5238, 2719.526, 2719.5292666666664, 2719.5297, 2719.5336333333335, 2719.5338666666667, 2719.5351333333333, 2719.5388, 2719.542033333333, 2719.542233333333, 2719.5433666666668, 2719.5441, 2719.5486666666666, 2719.5494, 2719.5499, 2719.550166666667, 2719.5506333333333]","[183, 77, 166, 15, 80, 77, 183, 80, 183, 29, 183, 178, 29, 166, 56, 80, 56, 146, 183, 178]"
2750.3104,2750.3296,2750.3464,2750.3308,5.558320045471191,0.036,"[2750.3112, 2750.315433333333, 2750.315866666667, 2750.3161, 2750.3188666666665, 2750.3196666666668, 2750.3197333333333, 2750.3199, 2750.3199666666665, 2750.320366666667, 2750.3249333333333, 2750.3258, 2750.3259, 2750.3259333333335, 2750.3263, 2750.3267, 2750.3271666666665, 2750.3281666666667, 2750.328266666667, 2750.329, 2750.330166666666, 2750.3313333333335, 2750.3315, 2750.331966666666, 2750.3321666666666, 2750.332266666667, 2750.3323, 2750.3347, 2750.3349333333335, 2750.3359333333333, 2750.336366666667, 2750.3387, 2750.3395, 2750.3397333333332, 2750.3398, 2750.341, 2750.3447666666666, 2750.3451666666665, 2750.3459333333335, 2750.3459666666668, 2750.3459666666668, 2750.3462]","[56, 257, 77, 15, 183, 77, 168, 257, 183, 56, 168, 183, 15, 77, 166, 223, 168, 56, 229, 183, 164, 207, 178, 15, 77, 56, 166, 257, 183, 243, 228, 56, 178, 166, 15, 223, 77, 166, 56, 15, 183, 257]"
2750.6364,2750.6668,2750.6732,2750.666,3.892704725265503,0.0368,"[2750.6367333333333, 2750.6370333333334, 2750.6372666666666, 2750.6374, 2750.6394666666665, 2750.639866666667, 2750.640766666667, 2750.6415, 2750.6415666666667, 2750.642566666667, 2750.6432, 2750.6436, 2750.6441666666665, 2750.6453, 2750.6459666666665, 2750.6464, 2750.6464333333333, 2750.6474333333335, 2750.6484333333333, 2750.6485666666667, 2750.6506, 2750.6521333333335, 2750.6521666666667, 2750.6524, 2750.6527, 2750.6529, 2750.6531333333332, 2750.6542, 2750.6559666666667, 2750.6577333333335, 2750.658733333333, 2750.6592, 2750.6594, 2750.6597666666667, 2750.661833333333, 2750.663633333333, 2750.6646, 2750.6646666666666, 2750.6657333333333, 2750.6665333333335, 2750.6665333333335, 2750.6674333333335, 2750.6677666666665, 2750.6678, 2750.6681, 2750.6712666666667, 2750.6730666666667]","[183, 77, 15, 178, 178, 77, 190, 207, 15, 56, 29, 207, 77, 178, 183, 146, 207, 56, 56, 77, 183, 207, 251, 257, 178, 183, 131, 77, 178, 56, 183, 56, 77, 178, 80, 77, 183, 257, 56, 15, 166, 77, 168, 56, 178, 207, 183]"
2752.0612,2752.0704,2752.0844,2752.0716,4.391421794891357,0.0232,"[2752.0621333333333, 2752.0623, 2752.0629, 2752.063, 2752.0644333333335, 2752.0654666666665, 2752.0663, 2752.0678, 2752.0679666666665, 2752.0683, 2752.0688, 2752.0698, 2752.0711666666666, 2752.0729, 2752.0731666666666, 2752.0736, 2752.073933333333, 2752.0740333333333, 2752.074666666667, 2752.0761666666667, 2752.0766, 2752.077533333333, 2752.0779, 2752.0782, 2752.079]","[15, 184, 166, 56, 77, 178, 166, 15, 77, 178, 56, 257, 207, 56, 178, 77, 30, 29, 190, 166, 183, 168, 183, 77, 56]"
2757.5432,2757.5604,2757.6204,2757.5516,4.1574859619140625,0.0772,"[2757.5442, 2757.5457333333334, 2757.5473, 2757.5480333333335, 2757.5513666666666, 2757.5543333333335, 2757.5556333333334, 2757.555766666667, 2757.5585, 2757.5588333333335, 2757.5591, 2757.5601333333334, 2757.5637333333334, 2757.5641, 2757.5651333333335, 2757.5657666666666, 2757.5664, 2757.567433333333, 2757.5693666666666, 2757.569933333333, 2757.5700333333334, 2757.570333333333, 2757.5716, 2757.5719, 2757.5731, 2757.5734333333335, 2757.574666666667, 2757.5761, 2757.5767, 2757.5772333333334, 2757.5779333333335, 2757.5781333333334, 2757.5804333333335, 2757.5821, 2757.5823666666665, 2757.5826666666667, 2757.584, 2757.5869, 2757.5893333333333, 2757.5897333333332, 2757.5898333333334, 2757.5902666666666, 2757.5922666666665, 2757.5926, 2757.592833333333, 2757.5942666666665, 2757.595766666667, 2757.5958666666666, 2757.5968666666668, 2757.5970333333335, 2757.598033333333, 2757.5986666666668, 2757.6001666666666, 2757.6002, 2757.6016666666665, 2757.6022666666668, 2757.6025666666665, 2757.602766666667, 2757.6061666666665, 2757.6082333333334, 2757.6105, 2757.6106, 2757.6122666666665, 2757.6125333333334, 2757.6139333333335, 2757.6141333333335, 2757.617133333333, 2757.6178333333332, 2757.618166666666, 2757.6185, 2757.6192, 2757.6201666666666]","[77, 183, 15, 190, 168, 142, 15, 190, 142, 56, 134, 77, 142, 134, 77, 56, 15, 166, 166, 183, 56, 257, 228, 142, 56, 15, 183, 142, 166, 77, 56, 15, 142, 77, 134, 56, 243, 257, 77, 56, 188, 257, 15, 183, 243, 77, 56, 166, 183, 134, 56, 166, 15, 207, 188, 77, 207, 243, 56, 77, 15, 56, 168, 183, 56, 77, 188, 144, 56, 257, 131, 144]"
2759.106,2759.1276,2759.1368,2759.1164,6.633243560791016,0.0308,"[2759.110166666667, 2759.112, 2759.1120666666666, 2759.1152666666667, 2759.1173, 2759.121833333333, 2759.1238333333336, 2759.1249333333335, 2759.1253, 2759.1260666666667, 2759.1261, 2759.1277, 2759.130033333334, 2759.1304333333333, 2759.1305666666667, 2759.1313333333333, 2759.1338333333333, 2759.1358, 2759.136266666667]","[56, 183, 77, 89, 77, 56, 229, 89, 15, 190, 166, 257, 77, 229, 56, 15, 229, 178, 77]"
2759.3924,2759.3996,2759.4172,2759.4016,3.1498913764953613,0.0248,"[2759.3926333333334, 2759.3935333333334, 2759.3971, 2759.3977666666665, 2759.3985333333335, 2759.401533333333, 2759.4033, 2759.4038333333333, 2759.4039333333335, 2759.404433333333, 2759.405366666667, 2759.4096, 2759.4108, 2759.4109333333336, 2759.411, 2759.4117, 2759.4152, 2759.416366666667]","[183, 166, 77, 15, 190, 178, 77, 17, 189, 190, 15, 166, 77, 164, 190, 15, 56, 257]"
2759.7904,2759.7964,2759.8176,2759.7952,4.611429691314697,0.0272,"[2759.791, 2759.7911, 2759.7917333333335, 2759.793166666667, 2759.7936, 2759.7937666666667, 2759.7941333333333, 2759.7946666666667, 2759.7949, 2759.7973666666667, 2759.798366666667, 2759.798533333333, 2759.8004, 2759.8004666666666, 2759.8011333333334, 2759.8039, 2759.8044666666665, 2759.805066666667, 2759.807466666666, 2759.8080333333332, 2759.808366666666, 2759.8106333333335, 2759.8145, 2759.8149333333336]","[77, 15, 168, 166, 207, 77, 76, 178, 189, 166, 183, 257, 56, 77, 146, 77, 166, 56, 178, 183, 77, 77, 166, 77]"
2762.062,2762.0932,2762.1072,2762.0912,4.015875339508057,0.0452,"[2762.0642, 2762.0644333333335, 2762.0650666666666, 2762.0653666666667, 2762.065733333334, 2762.0670333333333, 2762.0693, 2762.0693666666666, 2762.0695666666666, 2762.07, 2762.0705333333335, 2762.0717666666665, 2762.071966666667, 2762.072633333333, 2762.072633333333, 2762.0734333333335, 2762.0767, 2762.0775, 2762.078666666667, 2762.0794666666666, 2762.0795, 2762.0795, 2762.080166666666, 2762.0807666666665, 2762.0808, 2762.0808, 2762.080933333333, 2762.081066666666, 2762.0817, 2762.0860666666667, 2762.086533333333, 2762.0872, 2762.087433333333, 2762.0877, 2762.0886, 2762.090166666667, 2762.0907333333334, 2762.0913, 2762.092633333333, 2762.0942666666665, 2762.0954333333334, 2762.0955, 2762.0957, 2762.0984, 2762.1012, 2762.1016666666665, 2762.1017333333334, 2762.103, 2762.1035, 2762.103833333333, 2762.106]","[56, 77, 229, 15, 183, 29, 183, 229, 56, 77, 15, 56, 257, 190, 15, 56, 228, 77, 166, 257, 77, 56, 207, 15, 168, 179, 164, 190, 89, 166, 178, 15, 77, 183, 190, 166, 257, 189, 131, 178, 183, 77, 257, 56, 77, 56, 183, 42, 15, 183, 56]"
2771.9156,2771.948,2771.9556,2771.9488,4.316829204559326,0.04,"[2771.916166666667, 2771.9164333333333, 2771.9187333333334, 2771.9202, 2771.920633333333, 2771.921333333333, 2771.9220333333333, 2771.9258333333332, 2771.9265666666665, 2771.9267333333332, 2771.9295666666667, 2771.9306, 2771.9312333333332, 2771.9316, 2771.932766666667, 2771.9341, 2771.9344666666666, 2771.9356666666667, 2771.9369, 2771.9407, 2771.9409, 2771.9427666666666, 2771.9430333333335, 2771.9432, 2771.9437, 2771.944, 2771.9443, 2771.9444, 2771.9447333333333, 2771.948033333333, 2771.9481, 2771.9527333333335]","[15, 190, 223, 77, 119, 178, 56, 77, 183, 190, 207, 77, 183, 166, 15, 183, 15, 56, 77, 77, 257, 178, 183, 189, 56, 164, 15, 77, 190, 56, 183, 183]"
2773.6736,2773.6816,2773.7016,2773.682,4.684320449829102,0.028,"[2773.6758666666665, 2773.6766, 2773.6776, 2773.6776333333332, 2773.677966666666, 2773.6792333333333, 2773.6812666666665, 2773.6813333333334, 2773.681633333333, 2773.682533333333, 2773.6834, 2773.6839333333332, 2773.684366666667, 2773.6854333333335, 2773.6855, 2773.685933333333, 2773.6894333333335, 2773.6894333333335, 2773.6899, 2773.6901666666668, 2773.6905666666667, 2773.6911333333333, 2773.694266666667, 2773.6947333333333, 2773.6954, 2773.6965666666665, 2773.696933333333, 2773.6976, 2773.6990333333333, 2773.7001666666665, 2773.7005]","[168, 134, 257, 56, 15, 77, 183, 77, 257, 56, 30, 29, 134, 178, 77, 183, 77, 179, 228, 166, 56, 178, 207, 56, 77, 223, 166, 29, 56, 77, 183]"
2780.5792,2780.5904,2780.5996,2780.5888,4.727311611175537,0.0204,"[2780.580466666667, 2780.5822333333335, 2780.5834333333332, 2780.5840333333335, 2780.5846, 2780.5859666666665, 2780.5885, 2780.5897, 2780.5898666666667, 2780.5939, 2780.5942666666665, 2780.5955, 2780.596666666667, 2780.5968666666668, 2780.598033333333, 2780.599366666667]","[183, 77, 166, 56, 15, 178, 168, 56, 166, 56, 77, 229, 183, 166, 178, 56]"
2780.912,2780.9464,2780.9536,2780.9496,3.2343642711639404,0.0416,"[2780.913233333333, 2780.9135666666666, 2780.9148, 2780.915033333333, 2780.9198, 2780.9203333333335, 2780.9238666666665, 2780.9245, 2780.9248333333335, 2780.9252, 2780.9253, 2780.9281333333333, 2780.9283333333333, 2780.9291, 2780.9346, 2780.9443666666666, 2780.9449, 2780.9508333333333, 2780.9534]","[56, 77, 257, 178, 178, 257, 183, 179, 77, 257, 166, 183, 77, 257, 77, 183, 77, 257, 183]"
2781.994,2782.0036,2782.0196,2782.0032,5.221160888671875,0.0256,"[2781.9944666666665, 2781.9982, 2782.0000333333332, 2782.0004, 2782.0015333333336, 2782.0027666666665, 2782.0042333333336, 2782.0046, 2782.0048333333334, 2782.0053, 2782.005833333333, 2782.0107, 2782.0113666666666, 2782.0124, 2782.0189333333333, 2782.0195, 2782.019533333333]","[17, 56, 178, 183, 77, 17, 183, 164, 56, 257, 77, 178, 15, 56, 183, 166, 257]"
2783.5172,2783.5476,2783.5564,2783.5444,5.259357452392578,0.0392,"[2783.5173, 2783.5184, 2783.5185333333334, 2783.519766666667, 2783.5201666666667, 2783.5203333333334, 2783.5214, 2783.5245, 2783.5257, 2783.5264666666667, 2783.5265, 2783.5273333333334, 2783.528333333333, 2783.531333333334, 2783.532133333333, 2783.5327666666667, 2783.5329333333334, 2783.5335333333333, 2783.5341, 2783.5351333333333, 2783.5351333333333, 2783.5357, 2783.5359333333336, 2783.5372333333335, 2783.538533333334, 2783.539333333333, 2783.541, 2783.541166666667, 2783.5419333333334, 2783.5442666666668, 2783.5443333333333, 2783.5444333333335, 2783.5452333333333, 2783.5464, 2783.5481666666665, 2783.5486333333333, 2783.549233333333, 2783.5504666666666, 2783.551033333333, 2783.5542333333333]","[142, 166, 77, 142, 56, 257, 183, 142, 183, 77, 243, 134, 166, 257, 243, 178, 142, 207, 89, 17, 188, 77, 178, 243, 183, 188, 77, 243, 56, 56, 166, 183, 243, 15, 188, 77, 183, 166, 15, 77]"
2785.1864,2785.2244,2785.2356,2785.2244,7.200074672698975,0.0492,"[2785.1884666666665, 2785.1894666666667, 2785.1905666666667, 2785.1909666666666, 2785.1913, 2785.1925, 2785.1956666666665, 2785.1963666666666, 2785.1992666666665, 2785.2002, 2785.2015333333334, 2785.201866666667, 2785.202533333333, 2785.2027333333335, 2785.2031666666667, 2785.2035, 2785.2037666666665, 2785.2064, 2785.2067333333334, 2785.207, 2785.2071, 2785.207266666667, 2785.2080666666666, 2785.2080666666666, 2785.208766666666, 2785.208866666667, 2785.209, 2785.2094666666667, 2785.2094666666667, 2785.2102333333332, 2785.210566666666, 2785.211366666667, 2785.2118, 2785.2135333333335, 2785.2136, 2785.2138666666665, 2785.214466666667, 2785.2154, 2785.2156666666665, 2785.2157, 2785.2166666666667, 2785.2175333333334, 2785.218066666667, 2785.2182666666668, 2785.2188, 2785.2197666666666, 2785.220333333333, 2785.2204333333334, 2785.2213666666667, 2785.2216, 2785.2228333333333, 2785.223333333334, 2785.2242666666666, 2785.2246666666665, 2785.2249333333334, 2785.2251666666666, 2785.2253333333333, 2785.2256666666667, 2785.2269666666666, 2785.2271333333333, 2785.227733333333, 2785.2280666666666, 2785.2295, 2785.231, 2785.2312666666667, 2785.2334666666666, 2785.234466666667]","[223, 166, 15, 183, 164, 56, 229, 131, 56, 229, 223, 178, 183, 77, 15, 190, 56, 207, 164, 257, 183, 229, 56, 15, 207, 166, 164, 189, 178, 257, 77, 56, 229, 228, 15, 56, 257, 257, 77, 166, 178, 56, 207, 168, 229, 77, 168, 56, 178, 15, 77, 190, 228, 166, 257, 223, 29, 89, 77, 166, 190, 207, 56, 166, 77, 56, 178]"
2791.3084,2791.3164,2791.3384,2791.3164,4.347288608551025,0.03,"[2791.3111, 2791.3116, 2791.3118666666664, 2791.314833333334, 2791.3152333333333, 2791.3161333333333, 2791.316633333334, 2791.3175666666666, 2791.3176, 2791.318133333333, 2791.318566666667, 2791.3187666666668, 2791.3189, 2791.3223333333335, 2791.3229666666666, 2791.3244666666665, 2791.3252333333335, 2791.3266, 2791.3270333333335, 2791.3286, 2791.3292666666666, 2791.3305333333333, 2791.3317333333334, 2791.332266666667, 2791.333633333333, 2791.3359, 2791.3359, 2791.336333333333, 2791.336366666667, 2791.3366, 2791.3366666666666, 2791.337266666667]","[77, 183, 56, 257, 183, 166, 56, 15, 251, 30, 56, 77, 183, 42, 77, 56, 146, 178, 17, 42, 56, 166, 56, 77, 183, 56, 42, 15, 146, 77, 183, 164]"
2792.0952,2792.1052,2792.138,2792.1048,5.114465236663818,0.0428,"[2792.0987333333333, 2792.099366666667, 2792.0995, 2792.1, 2792.1016666666665, 2792.1017333333334, 2792.102066666667, 2792.103866666667, 2792.1040333333335, 2792.104566666667, 2792.105, 2792.1052, 2792.1061666666665, 2792.1068, 2792.1069, 2792.1082, 2792.110833333333, 2792.1123, 2792.1134333333334, 2792.117366666667, 2792.117566666667, 2792.1177, 2792.1192666666666, 2792.1221333333333, 2792.1258333333335, 2792.1271666666667, 2792.1291666666666, 2792.1311666666666, 2792.1317, 2792.1348333333335, 2792.1352]","[257, 77, 168, 42, 15, 168, 183, 257, 168, 15, 56, 42, 15, 183, 77, 257, 77, 15, 166, 142, 166, 77, 56, 166, 178, 56, 166, 183, 178, 183, 15]"
2792.5888,2792.6136,2792.62,2792.614,3.3524138927459717,0.0312,"[2792.589466666667, 2792.5901, 2792.5902333333333, 2792.5902333333333, 2792.5914666666667, 2792.5915333333332, 2792.592166666667, 2792.5924666666665, 2792.5931666666665, 2792.593533333333, 2792.5941666666668, 2792.596666666667, 2792.597366666667, 2792.5978, 2792.5978333333333, 2792.5994, 2792.6001666666666, 2792.6013, 2792.6028666666666, 2792.6032, 2792.6036, 2792.6039, 2792.6045, 2792.6068333333333, 2792.6075333333333, 2792.6082, 2792.6093666666666, 2792.6145333333334, 2792.6149333333333, 2792.615533333333, 2792.6156666666666, 2792.6158666666665, 2792.6167, 2792.6169333333332, 2792.6183]","[166, 166, 257, 56, 77, 29, 15, 257, 56, 183, 178, 166, 77, 257, 56, 15, 183, 166, 77, 179, 15, 56, 207, 56, 131, 77, 56, 178, 183, 77, 42, 56, 29, 15, 257]"
2794.4712,2794.4956,2794.5336,2794.4968,5.997649669647217,0.0624,"[2794.4727666666668, 2794.4763, 2794.4799, 2794.4801666666667, 2794.4808666666668, 2794.4828666666667, 2794.4857333333334, 2794.4859666666666, 2794.486933333333, 2794.4915666666666, 2794.492133333333, 2794.492266666666, 2794.493166666666, 2794.4934333333335, 2794.4938, 2794.494066666666, 2794.4970333333335, 2794.4977, 2794.499566666667, 2794.5012666666667, 2794.5023, 2794.5027666666665, 2794.5028, 2794.5038, 2794.5041666666666, 2794.5051, 2794.5081666666665, 2794.5089333333335, 2794.51, 2794.5115666666666, 2794.5118333333335, 2794.5162333333333, 2794.5164, 2794.517566666667, 2794.5178, 2794.5203333333334, 2794.5241333333333, 2794.5250333333333, 2794.5252666666665, 2794.526066666667, 2794.5270666666665, 2794.5275, 2794.532366666667, 2794.5326333333333, 2794.5333333333333, 2794.5335]","[77, 56, 77, 56, 183, 257, 77, 56, 166, 166, 15, 119, 257, 77, 183, 56, 56, 77, 56, 178, 183, 257, 190, 56, 166, 77, 15, 56, 183, 15, 77, 178, 183, 257, 77, 15, 166, 77, 56, 15, 183, 178, 183, 166, 56, 15]"
2795.8368,2795.8584,2795.8824,2795.8596,8.153609275817871,0.0456,"[2795.8375666666666, 2795.8382333333334, 2795.838366666667, 2795.8406, 2795.841266666667, 2795.841266666667, 2795.8442, 2795.8448, 2795.847433333334, 2795.8490333333334, 2795.8490333333334, 2795.849366666667, 2795.8494333333333, 2795.850966666667, 2795.8513666666668, 2795.8514666666665, 2795.8533, 2795.854766666667, 2795.8582, 2795.8600666666666, 2795.8606, 2795.8632666666667, 2795.8645333333334, 2795.8645333333334, 2795.8648, 2795.866666666667, 2795.8667333333333, 2795.8675333333335, 2795.8714, 2795.872, 2795.8723666666665, 2795.8729333333335, 2795.8739666666665, 2795.8753, 2795.8797, 2795.8823333333335]","[56, 15, 77, 168, 134, 223, 207, 77, 77, 142, 56, 166, 257, 207, 178, 77, 168, 56, 223, 77, 166, 89, 251, 207, 183, 15, 77, 183, 183, 207, 77, 178, 207, 77, 77, 257]"
2795.9176,2795.9256,2795.9388,2795.9248,3.134409189224243,0.0212,"[2795.9187666666667, 2795.9192, 2795.9193333333333, 2795.919833333334, 2795.9200666666666, 2795.922866666667, 2795.924366666666, 2795.924466666667, 2795.9256, 2795.9256, 2795.926466666667, 2795.926933333333, 2795.9276, 2795.9302333333335, 2795.9322, 2795.9330666666665, 2795.9368, 2795.937066666667, 2795.9375]","[77, 184, 166, 56, 243, 183, 56, 168, 77, 166, 183, 56, 15, 77, 166, 134, 134, 56, 257]"
2797.6296,2797.6528,2797.6624,2797.6516,5.470958232879639,0.0328,"[2797.6309, 2797.631, 2797.631033333333, 2797.6352333333334, 2797.6358333333333, 2797.6375, 2797.6376666666665, 2797.6399666666666, 2797.640533333333, 2797.6410666666666, 2797.6442666666667, 2797.644533333333, 2797.6446333333333, 2797.6452, 2797.646266666666, 2797.647166666666, 2797.6473, 2797.6474, 2797.6504333333332, 2797.6509333333333, 2797.6510333333335, 2797.6527666666666, 2797.6538333333333, 2797.6545333333333, 2797.655, 2797.6581666666666, 2797.6584666666668, 2797.6593666666668, 2797.6594666666665, 2797.6621, 2797.6621666666665]","[257, 131, 77, 257, 77, 56, 166, 183, 77, 178, 134, 183, 56, 257, 15, 77, 29, 56, 207, 183, 257, 166, 164, 15, 56, 257, 77, 56, 183, 131, 257]"
2798.5044,2798.5132,2798.5384,2798.5328,3.282144069671631,0.034,"[2798.5046, 2798.5051333333336, 2798.5054333333333, 2798.5055333333335, 2798.5058, 2798.505933333334, 2798.5073333333335, 2798.5090666666665, 2798.510433333334, 2798.5111666666667, 2798.5125, 2798.5131, 2798.5161, 2798.5166, 2798.5170333333335, 2798.5171666666665, 2798.5178666666666, 2798.518433333333, 2798.5187666666666, 2798.5221, 2798.5224333333335, 2798.5224333333335, 2798.5226, 2798.5227333333332, 2798.5227666666665, 2798.524033333333, 2798.5243333333333, 2798.524766666667, 2798.5263, 2798.5271333333335, 2798.5271666666667, 2798.527866666667, 2798.5284333333334, 2798.528533333333, 2798.528533333333, 2798.5293, 2798.5300333333334, 2798.532366666667, 2798.5324, 2798.5327666666667, 2798.5342666666666, 2798.5355, 2798.5369333333333, 2798.5376]","[166, 56, 178, 164, 77, 183, 207, 56, 77, 183, 15, 56, 77, 89, 56, 166, 168, 15, 77, 56, 77, 166, 17, 15, 56, 223, 15, 178, 77, 183, 56, 207, 131, 77, 166, 15, 207, 207, 56, 77, 207, 77, 183, 144]"
2801.0884,2801.0988,2801.1112,2801.0968,5.135721206665039,0.0228,"[2801.0894, 2801.0897333333332, 2801.090366666667, 2801.0907, 2801.092166666667, 2801.095533333333, 2801.0963666666667, 2801.0967666666666, 2801.0983666666666, 2801.1025, 2801.1042333333335, 2801.1053, 2801.1068, 2801.107233333333]","[183, 80, 77, 56, 207, 144, 228, 77, 56, 77, 56, 15, 77, 223]"
2802.7496,2802.776,2802.7856,2802.7772,7.105943202972412,0.036,"[2802.7507, 2802.7507666666666, 2802.7511666666664, 2802.7528333333335, 2802.7535, 2802.7542333333336, 2802.7547, 2802.7552333333333, 2802.7554333333333, 2802.7557, 2802.7558, 2802.7592, 2802.7595666666666, 2802.7597, 2802.7618333333335, 2802.763, 2802.7634333333335, 2802.7647666666667, 2802.7649, 2802.7661333333335, 2802.7689333333333, 2802.7692333333334, 2802.7698, 2802.7717333333335, 2802.7723666666666, 2802.773133333333, 2802.7736, 2802.777566666666, 2802.777666666667, 2802.7783, 2802.779466666667, 2802.7796, 2802.7802333333334, 2802.781166666666, 2802.7818, 2802.783133333334, 2802.7840666666666]","[168, 257, 77, 131, 168, 56, 89, 166, 257, 77, 168, 77, 56, 131, 183, 257, 77, 183, 168, 56, 77, 183, 131, 166, 56, 183, 77, 77, 183, 166, 56, 15, 257, 183, 207, 56, 207]"
2803.042,2803.0708,2803.0788,2803.046,3.099038362503052,0.0368,"[2803.0450333333333, 2803.0452666666665, 2803.045666666667, 2803.0536666666667, 2803.0537, 2803.0546, 2803.0558666666666, 2803.0601, 2803.0617666666667, 2803.0633333333335, 2803.0635333333335, 2803.0679, 2803.068433333334, 2803.0702666666666, 2803.071133333334, 2803.072, 2803.0742333333333, 2803.0771, 2803.0778333333333]","[257, 56, 77, 56, 166, 77, 15, 178, 56, 257, 166, 179, 77, 183, 166, 179, 179, 166, 56]"
2803.19,2803.2112,2803.2252,2803.2124,6.793877124786377,0.0352,"[2803.1910333333335, 2803.191766666667, 2803.193, 2803.1937, 2803.1937666666668, 2803.1986666666667, 2803.200733333333, 2803.2011333333335, 2803.201233333333, 2803.2016, 2803.2018333333335, 2803.2025, 2803.2051, 2803.2058333333334, 2803.2074333333335, 2803.2074666666667, 2803.2083, 2803.2102, 2803.2111, 2803.213166666667, 2803.2143666666666, 2803.2147333333332, 2803.2155666666667, 2803.2173, 2803.219633333333, 2803.2203, 2803.220533333333]","[56, 183, 77, 178, 166, 77, 223, 29, 257, 183, 15, 77, 56, 168, 29, 77, 178, 183, 77, 15, 29, 56, 257, 178, 183, 257, 15]"
2803.5244,2803.5304,2803.5472,2803.5268,3.310157060623169,0.0228,"[2803.526766666667, 2803.5282333333334, 2803.5286666666666, 2803.5291333333334, 2803.5299666666665, 2803.5328666666665, 2803.533133333334, 2803.5342, 2803.5365, 2803.536833333333, 2803.5374333333334, 2803.5403666666666, 2803.5433, 2803.5441, 2803.5446, 2803.5448666666666, 2803.5448666666666, 2803.5452]","[166, 77, 164, 15, 56, 77, 56, 183, 183, 77, 166, 29, 178, 257, 166, 77, 56, 15]"
2808.678,2808.6928,2808.702,2808.6956,4.200521945953369,0.024,"[2808.6811666666667, 2808.6826666666666, 2808.682766666667, 2808.6834, 2808.6852, 2808.6857, 2808.686833333333, 2808.687066666667, 2808.688933333334, 2808.6898666666666, 2808.6956666666665, 2808.697166666667, 2808.6972]","[15, 77, 56, 183, 56, 15, 131, 15, 56, 77, 77, 15, 190]"
2810.3196,2810.3444,2810.352,2810.3448,4.262293338775635,0.0324,"[2810.3197, 2810.320166666667, 2810.3225333333335, 2810.3227666666667, 2810.323966666667, 2810.3265, 2810.3268, 2810.3274, 2810.3278, 2810.328, 2810.328466666667, 2810.3295333333335, 2810.3295333333335, 2810.3313, 2810.3317, 2810.3318, 2810.332733333333, 2810.3328333333334, 2810.332933333333, 2810.3348, 2810.3350666666665, 2810.3352666666665, 2810.335466666667, 2810.3378666666667, 2810.338133333333, 2810.3388333333332, 2810.339033333333, 2810.3391, 2810.3395333333333, 2810.3397666666665, 2810.3401, 2810.3402, 2810.3408666666664, 2810.3411, 2810.3442333333332, 2810.3451, 2810.347366666667, 2810.3508, 2810.3511, 2810.3517, 2810.3518]","[56, 142, 257, 183, 77, 188, 183, 207, 257, 77, 179, 188, 166, 142, 56, 188, 77, 243, 30, 188, 257, 178, 142, 56, 134, 183, 56, 168, 77, 166, 142, 228, 168, 56, 42, 243, 15, 142, 257, 166, 183]"
2811.1304,2811.1924,2811.1992,2811.1912,4.382718563079834,0.0688,"[2811.1307, 2811.1316, 2811.134466666667, 2811.1426, 2811.1429333333335, 2811.1437666666666, 2811.1441666666665, 2811.1471333333334, 2811.148, 2811.1480333333334, 2811.1495, 2811.1498333333334, 2811.15, 2811.1539333333335, 2811.1547666666665, 2811.1557333333335, 2811.156, 2811.1583333333333, 2811.160766666667, 2811.1609, 2811.1637666666666, 2811.1659, 2811.1663, 2811.1689, 2811.1703666666667, 2811.1721333333335, 2811.173, 2811.1738333333333, 2811.1743333333334, 2811.174466666667, 2811.1751, 2811.175566666667, 2811.178866666666, 2811.1795333333334, 2811.1803333333332, 2811.1811, 2811.1817333333333, 2811.1819666666665, 2811.1837666666665, 2811.1846, 2811.1848666666665, 2811.1857333333332, 2811.190666666667, 2811.1907666666666, 2811.191, 2811.191633333334, 2811.192, 2811.1921333333335, 2811.1926, 2811.1964666666668, 2811.1972]","[166, 56, 77, 77, 166, 223, 56, 15, 178, 164, 183, 77, 29, 77, 164, 166, 183, 77, 30, 178, 77, 178, 166, 257, 166, 183, 15, 144, 168, 42, 56, 15, 228, 183, 77, 166, 168, 15, 178, 257, 77, 15, 228, 168, 178, 166, 56, 77, 15, 183, 56]"
2814.592,2814.616,2814.6244,2814.6152,5.277494430541992,0.0324,"[2814.5921, 2814.593833333334, 2814.594633333333, 2814.5948, 2814.5954666666667, 2814.5959666666668, 2814.5966333333336, 2814.5978666666665, 2814.5985, 2814.5991, 2814.5995666666668, 2814.5996333333333, 2814.6005333333333, 2814.6006, 2814.6012333333333, 2814.6014666666665, 2814.6015, 2814.6016666666665, 2814.605, 2814.605, 2814.6058666666668, 2814.606533333333, 2814.6068333333333, 2814.6078, 2814.6079666666665, 2814.6091, 2814.6098333333334, 2814.6105666666667, 2814.6109666666666, 2814.6114333333335, 2814.6127, 2814.6131, 2814.6145, 2814.615533333333, 2814.615566666667, 2814.6161, 2814.6173, 2814.6175333333335, 2814.6181, 2814.6194]","[15, 56, 77, 166, 207, 56, 15, 207, 56, 178, 77, 183, 190, 207, 15, 166, 164, 56, 77, 257, 119, 15, 168, 56, 183, 207, 77, 189, 178, 15, 77, 179, 207, 56, 183, 56, 56, 178, 77, 183]"
2816.972,2816.9836,2816.9924,2816.9832,6.205653667449951,0.0204,"[2816.9726333333333, 2816.9763, 2816.976933333334, 2816.9817666666668, 2816.9837, 2816.9844, 2816.9891, 2816.9892666666665]","[183, 77, 257, 228, 183, 56, 189, 257]"
2822.904,2822.914,2822.9312,2822.914,5.3859968185424805,0.0272,"[2822.9040666666665, 2822.9054666666666, 2822.9064, 2822.9064333333336, 2822.9069, 2822.9085333333333, 2822.9085666666665, 2822.9095333333335, 2822.9103, 2822.9110333333333, 2822.9139666666665, 2822.9142333333334, 2822.9147666666668, 2822.9155, 2822.917033333333, 2822.9178, 2822.9198666666666, 2822.9203, 2822.921966666667, 2822.9258666666665, 2822.926, 2822.9274666666665, 2822.928733333333, 2822.9301, 2822.9301, 2822.9308]","[207, 56, 190, 15, 183, 178, 257, 77, 183, 56, 77, 115, 56, 178, 166, 56, 77, 189, 183, 77, 56, 183, 257, 77, 178, 56]"
2823.1692,2823.1836,2823.2028,2823.184,5.548086643218994,0.0336,"[2823.1694, 2823.169833333334, 2823.1711666666665, 2823.1722, 2823.1731666666665, 2823.173333333333, 2823.1734333333334, 2823.1736333333333, 2823.174666666667, 2823.175133333333, 2823.1754666666666, 2823.1757666666667, 2823.178033333333, 2823.1791333333335, 2823.1794, 2823.1799333333333, 2823.1803, 2823.1811666666667, 2823.1835666666666, 2823.1842333333334, 2823.1848, 2823.1859, 2823.1868, 2823.1885333333335, 2823.1903333333335, 2823.191533333333, 2823.1919666666668, 2823.192233333333, 2823.192466666667, 2823.1943, 2823.1945333333333, 2823.1964666666668, 2823.1977666666667, 2823.198066666667, 2823.1992, 2823.2016]","[166, 164, 56, 223, 77, 183, 168, 178, 183, 190, 207, 56, 166, 77, 183, 56, 251, 257, 42, 77, 166, 228, 56, 183, 178, 183, 77, 168, 56, 56, 42, 166, 56, 257, 15, 223]"
2824.2916,2824.306,2824.3136,2824.3044,5.374725341796875,0.022,"[2824.2917, 2824.2933333333335, 2824.293933333334, 2824.2944, 2824.2945666666665, 2824.2953333333335, 2824.2955, 2824.2964333333334, 2824.2966666666666, 2824.296733333333, 2824.2986666666666, 2824.2991, 2824.3004333333333, 2824.3038333333334, 2824.303866666666, 2824.3045666666667, 2824.3053, 2824.306, 2824.306, 2824.3063666666667, 2824.3070666666667, 2824.3070666666667, 2824.3071333333332, 2824.3109666666664, 2824.311133333333, 2824.3127666666664, 2824.3135]","[15, 257, 183, 77, 168, 56, 144, 183, 168, 30, 77, 183, 251, 251, 77, 179, 15, 183, 207, 77, 76, 78, 56, 56, 77, 178, 56]"
2825.158,2825.1832,2825.19,2825.1832,3.5370213985443115,0.032,"[2825.1587666666665, 2825.1603, 2825.160533333333, 2825.162566666667, 2825.164, 2825.1644666666666, 2825.1668666666665, 2825.1671666666666, 2825.168933333334, 2825.1693666666665, 2825.1712333333335, 2825.1719333333335, 2825.1721, 2825.1732, 2825.1734666666666, 2825.179, 2825.1811, 2825.1820333333335, 2825.1839666666665, 2825.184333333333, 2825.1848, 2825.1849333333334, 2825.1853666666666, 2825.1886666666664]","[77, 166, 183, 77, 56, 166, 183, 77, 178, 56, 251, 166, 77, 56, 183, 56, 166, 251, 15, 56, 166, 56, 29, 251]"
2826.2328,2826.2448,2826.2536,2826.246,5.23747444152832,0.0208,"[2826.2348333333334, 2826.2370666666666, 2826.2393, 2826.2397, 2826.2401666666665, 2826.2402, 2826.2403, 2826.241433333333, 2826.241466666667, 2826.2426, 2826.2458333333334, 2826.2466666666664, 2826.2473333333332, 2826.2480666666665, 2826.2507333333333, 2826.2516, 2826.2522, 2826.2525333333333, 2826.2533333333336, 2826.2533333333336]","[29, 178, 168, 207, 77, 15, 134, 166, 207, 77, 166, 183, 77, 56, 189, 77, 56, 164, 131, 257]"
2827.57,2827.598,2827.646,2827.5988,4.904598712921143,0.076,"[2827.5707, 2827.5713, 2827.5716666666667, 2827.5723, 2827.5732666666668, 2827.5733, 2827.575533333333, 2827.5763333333334, 2827.5770333333335, 2827.5786333333335, 2827.582766666667, 2827.584066666667, 2827.584733333333, 2827.5871, 2827.5888, 2827.589, 2827.5922333333333, 2827.5934666666667, 2827.5952333333335, 2827.595566666667, 2827.596466666667, 2827.5969, 2827.597133333333, 2827.5994333333333, 2827.602066666667, 2827.6026333333334, 2827.607, 2827.607233333333, 2827.607433333333, 2827.6095333333333, 2827.6102333333333, 2827.6152666666667, 2827.6169333333332, 2827.6206666666667, 2827.6208, 2827.6222, 2827.6261, 2827.627, 2827.6276333333335, 2827.6276666666668, 2827.6280333333334, 2827.6314666666667, 2827.6329333333333, 2827.6338333333333, 2827.6341666666667, 2827.6349666666665, 2827.6355, 2827.635533333333, 2827.637333333333, 2827.6387, 2827.638933333333, 2827.6392, 2827.64, 2827.6406, 2827.642066666667, 2827.6442, 2827.6450666666665]","[56, 183, 257, 166, 77, 178, 56, 131, 257, 77, 56, 77, 131, 257, 56, 131, 77, 183, 184, 223, 15, 257, 77, 134, 15, 164, 257, 183, 77, 56, 77, 77, 56, 168, 56, 15, 257, 77, 15, 166, 190, 56, 77, 183, 15, 56, 178, 257, 77, 178, 166, 56, 164, 257, 183, 77, 15]"
2827.9316,2827.9372,2827.9528,2827.9364,3.98642635345459,0.0212,"[2827.9323666666664, 2827.9326, 2827.9331, 2827.935, 2827.9351, 2827.9358333333334, 2827.9362666666666, 2827.9373, 2827.9373666666665, 2827.9383666666668, 2827.940433333333, 2827.9410666666668, 2827.942, 2827.9447666666665, 2827.9456333333333, 2827.946033333333, 2827.9464, 2827.9465, 2827.9481666666666, 2827.948533333333, 2827.9495333333334, 2827.949866666667, 2827.951233333333, 2827.9517, 2827.9526666666666, 2827.9528]","[166, 77, 56, 42, 131, 184, 77, 183, 166, 77, 183, 168, 184, 77, 179, 56, 168, 15, 77, 178, 183, 207, 189, 223, 183, 77]"
2833.0652,2833.0872,2833.1112,2833.086,4.754575252532959,0.046,"[2833.0656, 2833.0712, 2833.0725333333335, 2833.0726666666665, 2833.0727, 2833.0735, 2833.078033333333, 2833.080933333333, 2833.081166666667, 2833.0825333333332, 2833.084733333333, 2833.0880333333334, 2833.0894, 2833.090966666666, 2833.094433333333, 2833.094666666667, 2833.0949666666666, 2833.0951333333333, 2833.0956666666666, 2833.0959, 2833.096, 2833.1003666666666, 2833.1004333333335, 2833.1014, 2833.1031666666668, 2833.106333333333, 2833.1068333333333, 2833.1074, 2833.107433333333, 2833.1076333333335, 2833.1088666666665]","[77, 183, 56, 166, 42, 29, 183, 77, 56, 190, 183, 29, 183, 257, 257, 15, 56, 179, 183, 77, 190, 178, 77, 56, 183, 168, 178, 183, 56, 257, 168]"
2834.3948,2834.4184,2834.4308,2834.4148,3.5460045337677,0.036,"[2834.3951, 2834.397933333333, 2834.4013333333332, 2834.4026, 2834.4029666666665, 2834.405, 2834.4075, 2834.4099666666666, 2834.4106666666667, 2834.4119666666666, 2834.4132666666665, 2834.4134, 2834.4155, 2834.4166333333333, 2834.4168, 2834.4171, 2834.4204666666665, 2834.4222, 2834.4231666666665]","[183, 166, 56, 15, 257, 77, 166, 257, 56, 166, 183, 77, 257, 56, 166, 29, 189, 77, 56]"
2836.6332,2836.656,2836.6816,2836.658,4.287357330322266,0.0484,"[2836.634666666667, 2836.635533333333, 2836.6356666666666, 2836.6360666666665, 2836.6383, 2836.6396666666665, 2836.640033333333, 2836.6401666666666, 2836.641166666667, 2836.641666666667, 2836.6419, 2836.642, 2836.6457333333333, 2836.646366666667, 2836.6467333333335, 2836.6469, 2836.6478666666667, 2836.6520333333333, 2836.652666666667, 2836.654233333333, 2836.6558333333332, 2836.6567666666665, 2836.657133333333, 2836.658266666667, 2836.659, 2836.6603333333333, 2836.6619333333333, 2836.662333333333, 2836.6628333333333, 2836.6659666666665, 2836.6662666666666, 2836.6663, 2836.6667, 2836.6698, 2836.6735, 2836.6746333333335, 2836.6754666666666]","[29, 15, 30, 183, 77, 257, 178, 166, 56, 17, 168, 77, 207, 183, 17, 77, 178, 183, 77, 207, 183, 230, 77, 30, 166, 168, 183, 77, 56, 257, 89, 183, 77, 142, 77, 183, 56]"
2845.2164,2845.2224,2845.262,2845.2212,4.292760372161865,0.0456,"[2845.2176666666664, 2845.2184666666667, 2845.2186, 2845.2187, 2845.2203, 2845.2207, 2845.221666666667, 2845.2273333333333, 2845.2287, 2845.2288, 2845.2307333333333, 2845.2317666666668, 2845.232933333333, 2845.2336666666665, 2845.2344333333335, 2845.2347666666665, 2845.2366666666667, 2845.2381, 2845.2383, 2845.2388666666666, 2845.2405, 2845.2435666666665, 2845.2442333333333, 2845.2446666666665, 2845.247, 2845.2474, 2845.2480333333333, 2845.249333333333, 2845.2498666666665, 2845.25, 2845.2502, 2845.2516, 2845.2525333333333, 2845.2528333333335, 2845.2562333333335, 2845.2613666666666]","[166, 15, 144, 178, 257, 230, 77, 230, 56, 189, 77, 56, 30, 17, 257, 183, 77, 183, 144, 166, 56, 77, 183, 223, 77, 257, 56, 183, 178, 15, 166, 56, 77, 183, 56, 257]"
2845.4912,2845.5288,2845.5332,2845.5268,3.2660248279571533,0.042,"[2845.4929, 2845.4929666666667, 2845.4944333333333, 2845.4987333333333, 2845.4999666666668, 2845.5016333333333, 2845.5037666666667, 2845.504133333334, 2845.5052, 2845.5061333333333, 2845.5066666666667, 2845.5072333333333, 2845.5072666666665, 2845.5099666666665, 2845.5101666666665, 2845.5127666666667, 2845.513066666667, 2845.5132, 2845.5147, 2845.5182333333332, 2845.518866666667, 2845.5189, 2845.520466666667, 2845.522466666667, 2845.522966666667, 2845.525166666667, 2845.5269333333335, 2845.5273666666667, 2845.527666666667, 2845.5306]","[178, 257, 77, 77, 257, 184, 257, 183, 56, 77, 207, 183, 189, 77, 178, 178, 77, 223, 89, 178, 56, 77, 257, 183, 166, 257, 77, 166, 183, 257]"
2847.6212,2847.6336,2847.6444,2847.6316,4.550279140472412,0.0232,"[2847.6213333333335, 2847.621833333333, 2847.6232, 2847.6244, 2847.6251333333335, 2847.6253333333334, 2847.625533333334, 2847.6264, 2847.6272, 2847.6311666666666, 2847.6329, 2847.6329333333333, 2847.6331666666665, 2847.6332666666667, 2847.633733333333, 2847.6339666666668, 2847.6347, 2847.6359333333335, 2847.6383, 2847.6383333333333, 2847.6388666666667, 2847.639366666667, 2847.639633333333, 2847.6406, 2847.6429, 2847.6442666666667]","[183, 77, 56, 168, 229, 131, 56, 257, 77, 56, 183, 77, 56, 29, 223, 257, 15, 56, 178, 257, 183, 166, 29, 56, 183, 131]"
2856.0252,2856.0348,2856.0468,2856.0368,4.4284820556640625,0.0216,"[2856.0297666666665, 2856.0302333333334, 2856.0309, 2856.031, 2856.0318666666667, 2856.0319666666664, 2856.0332333333336, 2856.0354, 2856.0361333333335, 2856.0371666666665, 2856.0374333333334, 2856.038, 2856.0415, 2856.0419333333334, 2856.042066666667, 2856.0424333333335, 2856.044066666667, 2856.0447, 2856.0448, 2856.0461666666665, 2856.0462666666667]","[77, 56, 168, 183, 29, 146, 77, 56, 131, 77, 131, 56, 178, 189, 56, 229, 77, 183, 131, 178, 166]"
2856.6876,2856.7048,2856.7196,2856.7044,7.588255882263184,0.032,"[2856.687733333333, 2856.6916666666666, 2856.6923, 2856.6923333333334, 2856.693, 2856.694433333333, 2856.6945, 2856.6967, 2856.6969, 2856.6973666666668, 2856.6977666666667, 2856.699733333334, 2856.699866666667, 2856.700633333334, 2856.700766666667, 2856.7012666666665, 2856.7022666666667, 2856.7024666666666, 2856.7039, 2856.7058666666667, 2856.7063, 2856.7067333333334, 2856.7108, 2856.7118666666665, 2856.7123333333334, 2856.7125333333333, 2856.7137, 2856.7139333333334, 2856.7173666666667, 2856.7182333333335, 2856.7183666666665]","[56, 77, 166, 183, 131, 257, 166, 189, 77, 229, 56, 166, 183, 178, 257, 77, 183, 131, 56, 184, 77, 183, 56, 207, 131, 166, 15, 183, 56, 178, 77]"
2857.3892,2857.4,2857.434,2857.4012,7.415563583374023,0.0448,"[2857.3908333333334, 2857.3911, 2857.391433333333, 2857.391666666667, 2857.395, 2857.3961, 2857.396566666667, 2857.3967666666667, 2857.397, 2857.397, 2857.3972, 2857.3972, 2857.3995666666665, 2857.4012, 2857.4012333333335, 2857.4032666666667, 2857.403333333333, 2857.4057666666668, 2857.4065666666665, 2857.4087, 2857.4088666666667, 2857.4089, 2857.4092, 2857.4093333333335, 2857.4095666666667, 2857.4130666666665, 2857.413533333334, 2857.4136, 2857.414133333333, 2857.4142666666667, 2857.414566666667, 2857.4162, 2857.4167666666667, 2857.4169666666667, 2857.4191333333333, 2857.4211333333333, 2857.424, 2857.4245666666666, 2857.43, 2857.4320666666667]","[166, 183, 15, 56, 178, 183, 229, 166, 77, 56, 189, 15, 131, 56, 77, 168, 15, 77, 183, 178, 56, 190, 77, 183, 15, 168, 178, 77, 183, 229, 257, 168, 166, 77, 257, 56, 77, 183, 56, 183]"
2857.568,2857.58,2857.5884,2857.5832,5.032246112823486,0.0204,"[2857.5680666666667, 2857.5686333333333, 2857.570366666667, 2857.5704666666666, 2857.5722666666666, 2857.572633333333, 2857.5728, 2857.573033333333, 2857.5737, 2857.573933333333, 2857.5796333333333, 2857.5796666666665, 2857.5810333333334, 2857.581066666666, 2857.5831333333335, 2857.5848666666666, 2857.5850333333333, 2857.5851, 2857.5851, 2857.5869666666667]","[17, 77, 207, 168, 146, 207, 168, 15, 77, 42, 77, 178, 257, 207, 251, 77, 56, 178, 257, 166]"
2858.416,2858.4256,2858.452,2858.4248,4.046215534210205,0.036,"[2858.4160666666667, 2858.416233333334, 2858.417733333333, 2858.4193333333333, 2858.4202666666665, 2858.4214333333334, 2858.4231666666665, 2858.4234666666666, 2858.424266666667, 2858.425266666666, 2858.4256666666665, 2858.4261, 2858.428, 2858.4295, 2858.429766666666, 2858.4300333333335, 2858.4312666666665, 2858.4331, 2858.4333, 2858.434333333333, 2858.4345333333335, 2858.4368, 2858.4369333333334, 2858.437266666667, 2858.4378333333334, 2858.438, 2858.438866666667, 2858.4427, 2858.4428, 2858.4430333333335, 2858.446133333334, 2858.446933333333, 2858.4479666666666, 2858.4492, 2858.4493333333335, 2858.449733333334, 2858.4509333333335, 2858.4513]","[77, 131, 229, 166, 29, 77, 229, 131, 257, 77, 183, 189, 29, 131, 229, 166, 207, 15, 29, 178, 56, 166, 257, 183, 131, 77, 229, 15, 77, 183, 166, 56, 29, 178, 77, 183, 189, 166]"
2861.5276,2861.5372,2861.5552,2861.5412,3.2782163619995117,0.0276,"[2861.5280666666667, 2861.5315333333333, 2861.5348, 2861.5359333333336, 2861.5360333333333, 2861.5362333333333, 2861.5363666666667, 2861.5365666666667, 2861.5369, 2861.538, 2861.5380666666665, 2861.538233333333, 2861.5391, 2861.5406666666668, 2861.5423333333333, 2861.5435333333335, 2861.5441, 2861.5445, 2861.544533333333, 2861.547, 2861.547633333333, 2861.5496, 2861.5499333333332, 2861.5521, 2861.5523, 2861.553066666667, 2861.5535, 2861.5535333333332, 2861.553733333333, 2861.5541333333335, 2861.5544333333332]","[77, 42, 77, 168, 257, 183, 166, 42, 56, 168, 77, 164, 56, 168, 77, 228, 183, 42, 17, 183, 178, 146, 77, 131, 146, 166, 77, 190, 183, 257, 179]"
2862.9204,2862.9496,2862.9556,2862.948,3.926125049591065,0.0352,"[2862.920433333333, 2862.921733333333, 2862.9239666666667, 2862.9249333333332, 2862.927366666667, 2862.9276333333332, 2862.9298, 2862.9316, 2862.9331, 2862.935266666667, 2862.936366666667, 2862.9383, 2862.9384666666665, 2862.939766666667, 2862.9404666666665, 2862.940666666667, 2862.9436666666666, 2862.9473666666668, 2862.9491666666668, 2862.950333333333, 2862.9504333333334, 2862.9539666666665]","[56, 29, 178, 77, 76, 183, 56, 77, 183, 178, 77, 257, 80, 77, 183, 257, 77, 257, 77, 166, 257, 77]"
2865.7732,2865.7864,2865.8168,2865.7876,4.597120761871338,0.0436,"[2865.7735666666667, 2865.7736666666665, 2865.775633333333, 2865.776966666667, 2865.7771666666667, 2865.7790666666665, 2865.781933333333, 2865.7822, 2865.7825, 2865.7827, 2865.7843333333335, 2865.7863333333335, 2865.7871666666665, 2865.7879666666668, 2865.7890666666667, 2865.7910333333334, 2865.7919, 2865.7934666666665, 2865.7946333333334, 2865.794733333333, 2865.7950666666666, 2865.7951333333335, 2865.7952, 2865.7954, 2865.8007333333335, 2865.8017666666665, 2865.8019, 2865.803033333333, 2865.804, 2865.805, 2865.8065333333334, 2865.8069, 2865.8072666666667, 2865.8073666666664, 2865.8076, 2865.8081, 2865.811166666667, 2865.8125666666665, 2865.8162]","[257, 183, 131, 183, 77, 56, 131, 183, 77, 56, 164, 168, 183, 77, 29, 257, 190, 183, 15, 178, 257, 77, 131, 223, 183, 56, 77, 134, 168, 131, 168, 183, 257, 77, 166, 56, 131, 207, 257]"
2868.7348,2868.7464,2868.784,2868.7476,5.915551662445068,0.0492,"[2868.7355, 2868.7357, 2868.7404, 2868.7444333333333, 2868.7479, 2868.7490666666667, 2868.7496666666666, 2868.7498333333333, 2868.7536333333333, 2868.7544666666668, 2868.7549, 2868.7553333333335, 2868.7562, 2868.7562333333335, 2868.7576, 2868.765066666667, 2868.7656666666667, 2868.770366666666, 2868.770433333333, 2868.7711, 2868.7714333333333, 2868.773, 2868.7732333333333, 2868.773366666667, 2868.7734, 2868.7754, 2868.7774, 2868.778, 2868.778533333333, 2868.7797666666665]","[77, 56, 77, 166, 77, 166, 15, 190, 56, 178, 257, 77, 190, 15, 56, 15, 56, 223, 183, 77, 56, 190, 183, 166, 15, 77, 15, 257, 77, 166]"
2869.5348,2869.5504,2869.562,2869.5536,6.13455867767334,0.0272,"[2869.5351333333333, 2869.5367666666666, 2869.5410666666667, 2869.5451333333335, 2869.5471333333335, 2869.5482333333334, 2869.5500666666667, 2869.5529, 2869.5529333333334, 2869.5531666666666, 2869.5535, 2869.5541333333335, 2869.5583333333334, 2869.560466666667]","[56, 77, 229, 77, 257, 134, 166, 183, 257, 229, 77, 56, 134, 56]"
2870.9828,2870.9992,2871.0224,2871.0004,5.712648868560791,0.0396,"[2870.9830333333334, 2870.983366666667, 2870.9848, 2870.9848333333334, 2870.985166666667, 2870.9852, 2870.9853, 2870.9854, 2870.9854, 2870.9875666666667, 2870.9891, 2870.9891666666667, 2870.989466666667, 2870.9897666666666, 2870.990766666667, 2870.9908666666665, 2870.9911, 2870.9938666666667, 2870.9943, 2870.995033333333, 2870.9954, 2870.9955333333332, 2870.9968, 2870.996833333333, 2870.9969, 2870.997066666667, 2870.9998, 2871.0000333333332, 2871.0001, 2871.0001333333335, 2871.0009, 2871.0035, 2871.006, 2871.0062333333335, 2871.006733333333, 2871.006766666667, 2871.0071, 2871.0075333333334, 2871.008, 2871.008766666667, 2871.009, 2871.0093333333334, 2871.0111333333334, 2871.011933333333, 2871.0131, 2871.015533333333, 2871.0169666666666, 2871.017533333333, 2871.0178666666666, 2871.0180666666665, 2871.0181333333335, 2871.0212, 2871.0219666666667]","[77, 183, 15, 178, 168, 77, 142, 179, 257, 168, 142, 77, 144, 131, 15, 207, 183, 56, 178, 183, 77, 142, 56, 207, 168, 183, 243, 188, 142, 15, 183, 188, 183, 188, 142, 77, 257, 166, 56, 223, 15, 243, 223, 179, 207, 183, 168, 243, 15, 166, 257, 188, 183]"
2872.1136,2872.1268,2872.1552,2872.1284,6.68654203414917,0.0416,"[2872.1175, 2872.1181, 2872.1190333333334, 2872.1197333333334, 2872.1202333333335, 2872.1203666666665, 2872.1205, 2872.1237, 2872.124466666666, 2872.1266333333333, 2872.128166666667, 2872.1297, 2872.1304, 2872.1316333333334, 2872.1324, 2872.1343, 2872.134633333333, 2872.135133333333, 2872.1367666666665, 2872.136933333333, 2872.1369666666665, 2872.1402, 2872.1405, 2872.1410666666666, 2872.1416, 2872.141666666667, 2872.142333333333, 2872.1441666666665, 2872.1465, 2872.1473666666666, 2872.1477, 2872.1480333333334, 2872.150833333333, 2872.1509333333333, 2872.1515, 2872.1523, 2872.1537333333335, 2872.154466666667, 2872.1550333333334]","[77, 183, 190, 56, 77, 183, 257, 166, 77, 119, 183, 166, 257, 164, 190, 257, 178, 77, 29, 15, 183, 178, 56, 131, 183, 166, 77, 56, 183, 228, 15, 77, 257, 183, 131, 56, 183, 178, 77]"
2874.2972,2874.31,2874.3216,2874.312,5.633832931518555,0.0244,"[2874.2972666666665, 2874.2993333333334, 2874.2998666666667, 2874.3018, 2874.3018333333334, 2874.3033, 2874.3061, 2874.3068, 2874.3082666666664, 2874.3085333333333, 2874.3094333333333, 2874.3108, 2874.3126666666667, 2874.3152, 2874.3153, 2874.316333333333, 2874.3214, 2874.3214666666668]","[77, 56, 178, 164, 77, 183, 56, 77, 166, 164, 56, 56, 166, 77, 183, 56, 183, 15]"
2874.6944,2874.7044,2874.7356,2874.7048,6.8187689781188965,0.0412,"[2874.696066666667, 2874.697633333333, 2874.6982333333335, 2874.6999333333333, 2874.7001, 2874.7001666666665, 2874.7002666666667, 2874.700733333333, 2874.7010666666665, 2874.702533333333, 2874.7031333333334, 2874.703933333333, 2874.705233333333, 2874.7063, 2874.7065, 2874.706833333333, 2874.7082, 2874.7109333333333, 2874.7117333333335, 2874.7121666666667, 2874.7126333333335, 2874.713, 2874.7131, 2874.7134333333333, 2874.7136666666665, 2874.7145666666665, 2874.7161666666666, 2874.7172333333333, 2874.7179, 2874.7192, 2874.7195, 2874.719866666667, 2874.7204666666667, 2874.722433333334, 2874.725033333333, 2874.7255666666665, 2874.7261, 2874.728, 2874.7291666666665, 2874.7301, 2874.734066666667, 2874.734466666667, 2874.7348333333334]","[168, 56, 168, 77, 29, 168, 56, 166, 190, 178, 179, 77, 183, 168, 190, 29, 77, 56, 257, 166, 189, 243, 77, 178, 183, 15, 178, 168, 77, 168, 257, 183, 166, 56, 77, 89, 56, 29, 77, 56, 183, 56, 77]"
2881.1424,2881.1548,2881.1648,2881.154,7.4879865646362305,0.0224,"[2881.144, 2881.146133333333, 2881.1466, 2881.1476, 2881.1507, 2881.1514666666667, 2881.1523666666667, 2881.154233333333, 2881.1545333333333, 2881.1567, 2881.1596, 2881.1621666666665, 2881.1622333333335, 2881.1623666666665, 2881.1638666666668, 2881.1646666666666, 2881.1648]","[257, 183, 178, 77, 56, 183, 77, 178, 77, 56, 77, 77, 257, 183, 15, 56, 166]"
2881.8264,2881.834,2881.8672,2881.834,3.940759897232056,0.0408,"[2881.8287333333333, 2881.830066666667, 2881.8332333333333, 2881.833666666667, 2881.8338, 2881.8344666666667, 2881.8356, 2881.8386333333333, 2881.8402333333333, 2881.8433333333332, 2881.8440666666665, 2881.8449333333333, 2881.8453, 2881.8474, 2881.8478, 2881.8508333333334, 2881.8540666666668, 2881.8541666666665, 2881.8568, 2881.8569666666667, 2881.8591, 2881.8597, 2881.8600666666666, 2881.861733333333, 2881.8627, 2881.8642666666665, 2881.864433333333, 2881.864466666667, 2881.8646, 2881.8648333333335, 2881.8663]","[56, 183, 56, 77, 243, 183, 56, 183, 56, 77, 257, 207, 77, 257, 183, 179, 77, 131, 166, 183, 77, 56, 257, 207, 183, 178, 166, 77, 168, 56, 257]"
2882.2248,2882.2308,2882.2688,2882.2292,3.4076621532440186,0.044,"[2882.2249, 2882.2254333333335, 2882.2259, 2882.2272333333335, 2882.2281666666668, 2882.2290333333335, 2882.2294666666667, 2882.2300333333333, 2882.2310666666667, 2882.2311666666665, 2882.2319333333335, 2882.2330333333334, 2882.2337333333335, 2882.2349, 2882.2359, 2882.2368, 2882.237, 2882.2417666666665, 2882.2421, 2882.2424666666666, 2882.243233333333, 2882.2462666666665, 2882.2473666666665, 2882.247666666666, 2882.2491666666665, 2882.2493666666664, 2882.252333333334, 2882.2525666666666, 2882.253233333334, 2882.2539333333334, 2882.255166666667, 2882.2557, 2882.2593333333334, 2882.2598666666668, 2882.2636333333335, 2882.2656666666667, 2882.2660666666666, 2882.2676, 2882.2682666666665]","[77, 257, 15, 223, 183, 166, 77, 56, 207, 15, 184, 183, 77, 56, 89, 77, 183, 166, 77, 207, 56, 77, 251, 56, 257, 223, 183, 257, 56, 77, 168, 56, 166, 77, 77, 56, 183, 207, 77]"
2887.6732,2887.6828,2887.6944,2887.6784,3.730088710784912,0.0212,"[2887.6734333333334, 2887.6774666666665, 2887.679, 2887.6799, 2887.6804666666667, 2887.682333333333, 2887.683466666667, 2887.687266666667, 2887.6875666666665, 2887.6899, 2887.6899333333336, 2887.6908333333336, 2887.6938666666665, 2887.6943, 2887.6943]","[15, 166, 77, 183, 15, 190, 56, 77, 164, 190, 257, 56, 29, 56, 183]"
2889.226,2889.234,2889.2628,2889.2336,3.610189437866211,0.0368,"[2889.2272666666668, 2889.228433333333, 2889.2289333333333, 2889.2298666666666, 2889.230666666667, 2889.2309666666665, 2889.2329, 2889.2331, 2889.2334333333333, 2889.2339, 2889.2345, 2889.234966666667, 2889.2374, 2889.2379333333333, 2889.2392666666665, 2889.240466666666, 2889.240766666667, 2889.241433333333, 2889.241466666667, 2889.242333333333, 2889.2426333333333, 2889.244, 2889.244966666666, 2889.2456, 2889.2466666666664, 2889.246833333333, 2889.2475, 2889.2502666666664, 2889.2510666666667, 2889.2517666666668, 2889.2518666666665, 2889.2545, 2889.2556, 2889.2575666666667, 2889.261033333333, 2889.2611666666667, 2889.2614, 2889.262366666667]","[77, 178, 166, 15, 257, 56, 77, 229, 183, 131, 189, 15, 56, 77, 183, 229, 166, 77, 166, 56, 15, 56, 183, 229, 166, 77, 257, 56, 77, 229, 178, 56, 166, 77, 229, 56, 15, 166]"
2889.9672,2889.9792,2890.008,2889.9776,4.229567527770996,0.0408,"[2889.9685666666664, 2889.9689, 2889.9704333333334, 2889.9726333333333, 2889.9730666666665, 2889.973266666667, 2889.974833333333, 2889.9787, 2889.9787, 2889.9791, 2889.979333333333, 2889.9794333333334, 2889.9848333333334, 2889.9854, 2889.9882333333335, 2889.9886, 2889.988966666667, 2889.9901, 2889.9929, 2889.993966666667, 2889.9952, 2889.9955, 2889.9972, 2890.0002, 2890.0007, 2890.0048333333334, 2890.006066666667, 2890.0078]","[183, 178, 77, 166, 207, 183, 77, 77, 29, 56, 29, 183, 166, 56, 183, 77, 178, 56, 77, 56, 183, 178, 56, 183, 56, 56, 257, 56]"
2890.6748,2890.6856,2890.7224,2890.686,4.629807472229004,0.0476,"[2890.6748333333335, 2890.6768, 2890.6774, 2890.6784666666667, 2890.6807, 2890.6808, 2890.6812333333332, 2890.6826666666666, 2890.6829666666667, 2890.6853333333333, 2890.6859666666664, 2890.6876333333335, 2890.688933333334, 2890.693, 2890.6954333333333, 2890.696266666667, 2890.7004333333334, 2890.7012, 2890.7042, 2890.7075, 2890.7075333333332, 2890.7086, 2890.7089, 2890.7091666666665, 2890.7108333333335, 2890.7109, 2890.7115, 2890.7149, 2890.7154333333333, 2890.7163666666665, 2890.7195666666667, 2890.7198, 2890.720333333333, 2890.7219333333333]","[77, 183, 77, 178, 168, 257, 56, 168, 77, 168, 166, 77, 223, 166, 183, 56, 166, 178, 56, 56, 178, 257, 15, 56, 29, 183, 15, 56, 166, 29, 183, 257, 229, 77]"
2891.0136,2891.026,2891.0376,2891.0248,5.554615020751953,0.024,"[2891.0151333333333, 2891.017, 2891.0178333333333, 2891.0196333333333, 2891.0209333333332, 2891.0232, 2891.024766666667, 2891.0261666666665, 2891.0282333333334, 2891.0325, 2891.0347333333334, 2891.0367666666666]","[56, 183, 166, 223, 257, 77, 56, 183, 178, 166, 77, 183]"
2891.9432,2891.9552,2891.972,2891.9516,5.146106243133545,0.0288,"[2891.9445333333333, 2891.9458, 2891.946, 2891.9484666666667, 2891.950533333333, 2891.9509333333335, 2891.9515333333334, 2891.9517, 2891.952133333333, 2891.9531, 2891.9534, 2891.9591, 2891.9591666666665, 2891.9592333333335, 2891.9595, 2891.966033333333, 2891.9664333333335, 2891.9666333333334, 2891.9666666666667, 2891.9719333333333]","[56, 257, 77, 183, 77, 89, 168, 183, 56, 15, 77, 257, 228, 166, 183, 168, 183, 77, 166, 56]"
2892.9036,2892.9136,2892.9256,2892.9136,4.85959529876709,0.022,"[2892.9038, 2892.9051, 2892.9062, 2892.9068666666667, 2892.9077, 2892.9079333333334, 2892.9082, 2892.9086666666667, 2892.9137, 2892.914333333333, 2892.9151, 2892.915433333333, 2892.9159666666665, 2892.916, 2892.9160333333334, 2892.9171666666666, 2892.9186, 2892.9200333333333, 2892.9208, 2892.9223333333334, 2892.9250333333334]","[77, 56, 131, 15, 257, 166, 29, 56, 77, 56, 190, 17, 168, 223, 29, 183, 257, 131, 77, 257, 77]"
2892.9772,2892.9964,2893.0232,2892.9996,4.505021095275879,0.046,"[2892.9776, 2892.9782, 2892.9784666666665, 2892.9791, 2892.9801, 2892.9802, 2892.9805666666666, 2892.982433333333, 2892.9871333333335, 2892.987666666667, 2892.9878, 2892.988, 2892.988566666667, 2892.988666666666, 2892.9889, 2892.989433333333, 2892.9931, 2892.9934333333335, 2892.9938, 2892.9944666666665, 2892.995, 2892.9952333333335, 2892.9956, 2892.9956333333334, 2892.9964, 2892.9974, 2892.9998, 2893.0011666666664, 2893.0025666666666, 2893.0072666666665, 2893.0077666666666, 2893.0078, 2893.0082666666667, 2893.0084333333334, 2893.0133333333333, 2893.0135, 2893.016666666667, 2893.0178333333333, 2893.018, 2893.0185333333334, 2893.0219, 2893.022466666667, 2893.023166666667]","[56, 30, 42, 131, 142, 166, 77, 183, 56, 77, 183, 257, 178, 15, 29, 131, 166, 56, 77, 131, 207, 168, 183, 15, 166, 56, 183, 56, 77, 183, 56, 207, 190, 166, 131, 77, 29, 77, 144, 183, 166, 77, 183]"
2894.2488,2894.2632,2894.2704,2894.266,4.944674015045166,0.0216,"[2894.2488, 2894.2502, 2894.251, 2894.2511, 2894.2511, 2894.2515, 2894.2515, 2894.251566666667, 2894.2522, 2894.252466666667, 2894.2543333333333, 2894.2549, 2894.2551, 2894.2557333333334, 2894.255866666667, 2894.2563666666665, 2894.2566666666667, 2894.2577, 2894.2577666666666, 2894.2577666666666, 2894.2581, 2894.2584, 2894.258533333333, 2894.259533333334, 2894.2598333333335, 2894.26, 2894.2606666666666, 2894.2624333333333, 2894.262833333333, 2894.2640666666666, 2894.266, 2894.2665, 2894.2667666666666, 2894.2669666666666, 2894.2671333333333, 2894.2679]","[142, 207, 168, 142, 188, 243, 56, 77, 164, 164, 56, 134, 142, 228, 77, 144, 243, 17, 183, 29, 166, 142, 119, 134, 178, 228, 77, 142, 56, 189, 223, 166, 77, 183, 166, 168]"
2894.7556,2894.766,2894.7936,2894.764,7.245147228240967,0.038,"[2894.7564333333335, 2894.7580333333335, 2894.7582, 2894.7603, 2894.7644333333333, 2894.7653333333333, 2894.7685333333334, 2894.7691666666665, 2894.7693, 2894.7707, 2894.7713, 2894.772266666667, 2894.7743666666665, 2894.7752, 2894.7753, 2894.7768666666666, 2894.7779, 2894.7793333333334, 2894.7797333333333, 2894.7800666666667, 2894.781, 2894.7818, 2894.783033333333, 2894.7856, 2894.7856666666667, 2894.7864666666665, 2894.787533333333, 2894.7898666666665, 2894.7911, 2894.791333333333, 2894.7915666666668, 2894.7926333333335]","[190, 144, 77, 166, 257, 15, 257, 77, 189, 257, 166, 56, 15, 77, 183, 178, 164, 178, 77, 15, 166, 190, 56, 77, 15, 183, 56, 164, 183, 77, 56, 166]"
2895.2044,2895.2216,2895.2312,2895.2224,4.795660018920898,0.0268,"[2895.2046333333333, 2895.2056666666667, 2895.2064333333333, 2895.206833333333, 2895.2100666666665, 2895.2102, 2895.2108333333335, 2895.2109, 2895.2116666666666, 2895.2120333333332, 2895.212366666666, 2895.212433333333, 2895.215166666667, 2895.2154333333333, 2895.2172, 2895.2183666666665, 2895.2193, 2895.2219333333333, 2895.2239666666665, 2895.224133333333, 2895.2269666666666, 2895.2271, 2895.2278666666666, 2895.2282, 2895.229633333334, 2895.23, 2895.2303333333334, 2895.230466666667]","[166, 15, 77, 164, 257, 243, 183, 56, 77, 166, 89, 29, 243, 56, 77, 166, 184, 243, 166, 183, 207, 77, 243, 183, 56, 134, 166, 188]"
2896.6252,2896.6352,2896.6464,2896.6372,6.436988830566406,0.0212,"[2896.6253, 2896.625533333334, 2896.6304333333333, 2896.6316666666667, 2896.634666666667, 2896.6366, 2896.6366, 2896.637233333334, 2896.638133333334, 2896.6388333333334, 2896.639, 2896.6397666666667, 2896.6404, 2896.6421666666665]","[257, 166, 183, 207, 77, 76, 78, 207, 77, 166, 183, 15, 56, 207]"
2899.0904,2899.1292,2899.1448,2899.1272,6.379861831665039,0.0544,"[2899.0907, 2899.0925, 2899.0941333333335, 2899.0943333333335, 2899.0945, 2899.0952666666667, 2899.0975, 2899.0979, 2899.1001, 2899.1026333333334, 2899.1035333333334, 2899.1035666666667, 2899.1048333333333, 2899.1067666666668, 2899.1094, 2899.1094333333335, 2899.1111333333333, 2899.1111333333333, 2899.113566666667, 2899.1142333333332, 2899.1145, 2899.1155, 2899.1161333333334, 2899.116266666667, 2899.1186, 2899.119066666666, 2899.1191, 2899.1212, 2899.1212, 2899.122, 2899.1221, 2899.1224, 2899.122533333333, 2899.1225666666664, 2899.1230666666665, 2899.124, 2899.1242, 2899.1264666666666, 2899.1267, 2899.127933333333, 2899.128166666667, 2899.1286333333333, 2899.1291, 2899.1322666666665, 2899.1323, 2899.134233333333, 2899.1379666666667, 2899.138033333333, 2899.1382, 2899.138933333333, 2899.139833333333, 2899.1415666666667, 2899.1421, 2899.1423]","[178, 183, 17, 77, 56, 183, 77, 42, 166, 77, 257, 166, 223, 17, 257, 183, 56, 178, 257, 183, 42, 166, 56, 29, 257, 77, 179, 229, 56, 166, 15, 77, 190, 183, 178, 56, 166, 228, 168, 183, 56, 77, 207, 228, 178, 183, 178, 15, 168, 77, 131, 178, 15, 56]"
2901.7076,2901.7332,2901.7476,2901.7308,8.125417709350586,0.04,"[2901.708633333333, 2901.709, 2901.709566666667, 2901.7118333333333, 2901.7126333333335, 2901.713266666666, 2901.7139333333334, 2901.714033333333, 2901.7161, 2901.717866666667, 2901.7180333333336, 2901.7186, 2901.7190666666665, 2901.7202333333335, 2901.7206666666666, 2901.7211333333335, 2901.721433333333, 2901.721466666667, 2901.7218333333335, 2901.7218333333335, 2901.7219, 2901.7220333333335, 2901.723466666667, 2901.7242, 2901.7242666666666, 2901.7245, 2901.7256333333335, 2901.7262666666666, 2901.7273, 2901.7291333333333, 2901.7303333333334, 2901.730433333333, 2901.7307666666666, 2901.7309, 2901.7318666666665, 2901.732266666667, 2901.7337333333335, 2901.735366666667, 2901.7363666666665, 2901.737, 2901.737866666667, 2901.7404333333334, 2901.7467333333334]","[77, 257, 183, 134, 207, 77, 15, 56, 131, 77, 56, 257, 168, 77, 189, 168, 183, 179, 190, 257, 15, 56, 168, 166, 134, 77, 183, 56, 257, 184, 183, 131, 77, 56, 168, 184, 15, 189, 184, 77, 257, 183, 56]"
2906.0236,2906.0544,2906.066,2906.0548,3.5446548461914062,0.0424,"[2906.0242, 2906.0275333333334, 2906.0290666666665, 2906.0302, 2906.032366666667, 2906.0324333333333, 2906.0332, 2906.0353666666665, 2906.0367, 2906.0378666666666, 2906.038466666667, 2906.0424333333335, 2906.042733333333, 2906.0433333333335, 2906.0435, 2906.0436666666665, 2906.043833333333, 2906.0492, 2906.0497666666665, 2906.0508333333332, 2906.0508333333332, 2906.052066666666, 2906.0527333333334, 2906.0571666666665, 2906.0586, 2906.0608, 2906.061066666666, 2906.0613333333336, 2906.0617, 2906.0618, 2906.0619333333334, 2906.0644333333335]","[77, 183, 257, 77, 15, 30, 56, 77, 178, 89, 56, 178, 190, 15, 183, 77, 56, 164, 56, 77, 15, 190, 183, 56, 183, 223, 77, 56, 207, 257, 15, 56]"
2915.7172,2915.7312,2915.7512,2915.7272,4.076157569885254,0.034,"[2915.720633333334, 2915.7207, 2915.7216333333336, 2915.7227, 2915.7227, 2915.7227333333335, 2915.7228333333333, 2915.724233333334, 2915.727, 2915.7272666666668, 2915.7291333333333, 2915.731433333334, 2915.7319333333335, 2915.7323, 2915.7326333333335, 2915.7334, 2915.7362333333335, 2915.7366333333334, 2915.737766666666, 2915.7382, 2915.739, 2915.740333333333, 2915.7408666666665, 2915.742166666667, 2915.7447666666667, 2915.7452333333335, 2915.7454666666667, 2915.7467, 2915.7472333333335, 2915.7472666666667, 2915.7473666666665, 2915.7475, 2915.7475666666664, 2915.7479333333335, 2915.75]","[56, 168, 89, 29, 183, 15, 257, 178, 243, 77, 168, 178, 77, 166, 56, 183, 257, 77, 56, 183, 168, 166, 56, 77, 178, 15, 183, 77, 164, 15, 178, 257, 56, 131, 178]"
2916.3504,2916.3904,2916.4032,2916.392,6.990829944610596,0.0528,"[2916.352, 2916.3533333333335, 2916.3539666666666, 2916.3543, 2916.3588, 2916.360366666667, 2916.3611333333333, 2916.3618, 2916.3640333333333, 2916.3655, 2916.3656, 2916.3657333333335, 2916.3660666666665, 2916.3683, 2916.3704, 2916.3704, 2916.3704333333335, 2916.3709, 2916.372533333333, 2916.3746, 2916.3758333333335, 2916.3787333333335, 2916.3813333333333, 2916.381933333333, 2916.382433333333, 2916.3831333333333, 2916.3836666666666, 2916.3843666666667, 2916.3858666666665, 2916.3866666666668, 2916.3867666666665, 2916.3883666666666, 2916.3885, 2916.3889, 2916.393, 2916.3932666666665, 2916.3946666666666, 2916.395266666667, 2916.3969333333334, 2916.3980333333334, 2916.4008]","[77, 15, 183, 56, 56, 77, 183, 56, 207, 168, 77, 207, 190, 183, 42, 189, 77, 183, 190, 56, 77, 56, 183, 77, 257, 183, 15, 56, 56, 29, 77, 207, 15, 56, 56, 183, 178, 77, 56, 183, 257]"
2918.264,2918.272,2918.3012,2918.2732,4.45343542098999,0.0372,"[2918.268, 2918.2683, 2918.268466666667, 2918.2686, 2918.2721333333334, 2918.2734333333333, 2918.2751, 2918.2757333333334, 2918.275766666666, 2918.2759666666666, 2918.277633333333, 2918.2791666666667, 2918.2804333333333, 2918.2809, 2918.2844333333333, 2918.288666666667, 2918.2888333333335, 2918.2888666666668, 2918.2909, 2918.2926, 2918.293166666667, 2918.295166666667, 2918.2953, 2918.295666666667, 2918.295866666667, 2918.296, 2918.2964333333334, 2918.3004666666666, 2918.3009333333334, 2918.3011333333334]","[166, 77, 178, 15, 77, 183, 168, 77, 166, 56, 178, 56, 166, 183, 77, 166, 257, 29, 77, 190, 56, 257, 183, 30, 223, 77, 178, 77, 183, 56]"
2919.0652,2919.0792,2919.0992,2919.0808,4.514424800872803,0.034,"[2919.067433333333, 2919.0691, 2919.0701, 2919.0714333333335, 2919.0736666666667, 2919.0758, 2919.0799666666667, 2919.080166666666, 2919.0823333333333, 2919.0837, 2919.0853, 2919.0864, 2919.0866666666666, 2919.087266666667, 2919.0886, 2919.0888666666665, 2919.0895333333333, 2919.091033333333, 2919.0916666666667, 2919.0924666666665, 2919.093533333333, 2919.0937, 2919.0943666666667, 2919.0971666666665, 2919.0982, 2919.0987333333333, 2919.0988666666667, 2919.0991, 2919.099166666667]","[77, 168, 15, 56, 77, 183, 56, 77, 166, 56, 77, 207, 56, 166, 207, 168, 178, 77, 178, 229, 184, 166, 17, 183, 184, 77, 131, 56, 178]"
2920.8252,2920.834,2920.8872,2920.834,6.26800012588501,0.062,"[2920.8260333333333, 2920.8278, 2920.8278666666665, 2920.8286, 2920.8288333333335, 2920.8291, 2920.8298666666665, 2920.8329, 2920.8331, 2920.8333666666667, 2920.8337, 2920.8347, 2920.835, 2920.835433333333, 2920.8361, 2920.8364333333334, 2920.836466666666, 2920.8394333333335, 2920.8396666666667, 2920.8404333333333, 2920.841, 2920.8416, 2920.8461, 2920.8469666666665, 2920.8475, 2920.8476666666666, 2920.8505333333333, 2920.8510666666666, 2920.851866666667, 2920.8521333333333, 2920.8524, 2920.8540333333335, 2920.8548333333333, 2920.8570666666665, 2920.8573666666666, 2920.8573666666666, 2920.858366666667, 2920.859966666667, 2920.8602, 2920.8606666666665, 2920.861066666667, 2920.8611, 2920.8614666666667, 2920.8631, 2920.864633333333, 2920.865766666667, 2920.8661, 2920.866266666667, 2920.8667, 2920.8673, 2920.8709, 2920.8721333333333, 2920.8721666666665, 2920.8724666666667, 2920.8743, 2920.875, 2920.8751333333335, 2920.8757666666666, 2920.8778, 2920.8779, 2920.8789333333334, 2920.879733333333, 2920.8816666666667, 2920.8823, 2920.8829333333333, 2920.883333333333, 2920.883566666667, 2920.8838666666666, 2920.8840666666665, 2920.8856, 2920.8857666666668, 2920.8869]","[166, 131, 183, 178, 77, 166, 56, 131, 257, 183, 56, 223, 77, 166, 178, 15, 190, 77, 56, 166, 29, 131, 131, 56, 131, 166, 77, 56, 168, 166, 207, 77, 183, 189, 131, 178, 56, 168, 183, 77, 257, 56, 178, 131, 229, 183, 178, 15, 166, 164, 257, 56, 183, 166, 178, 190, 77, 56, 166, 178, 77, 183, 166, 56, 207, 257, 77, 166, 190, 257, 15, 168]"
2921.5288,2921.5496,2921.5568,2921.5488,4.2967658042907715,0.028,"[2921.5299666666665, 2921.5315333333333, 2921.5331666666666, 2921.5367666666666, 2921.5386, 2921.5398, 2921.5401666666667, 2921.5407333333333, 2921.5410666666667, 2921.5411, 2921.542966666667, 2921.5439666666666, 2921.544533333333, 2921.5448, 2921.5469, 2921.547233333333, 2921.549433333333, 2921.550166666667, 2921.5504333333333, 2921.5509666666667, 2921.5524, 2921.5527333333334, 2921.5532, 2921.554, 2921.5563666666667]","[146, 56, 77, 77, 207, 178, 183, 207, 56, 77, 179, 166, 207, 77, 56, 251, 77, 183, 15, 168, 178, 207, 77, 56, 42]"
2928.0568,2928.064,2928.1064,2928.0608,3.5281383991241455,0.0496,"[2928.0577, 2928.0594333333333, 2928.0601, 2928.0662333333335, 2928.0665, 2928.0666666666666, 2928.067233333333, 2928.068, 2928.0698333333335, 2928.070333333333, 2928.071133333334, 2928.0723333333335, 2928.0727333333334, 2928.072833333333, 2928.0729666666666, 2928.074, 2928.0745666666667, 2928.0753666666665, 2928.0757, 2928.0760333333333, 2928.0765666666666, 2928.0768, 2928.0771, 2928.078, 2928.0781666666667, 2928.0786333333335, 2928.0789666666665, 2928.080466666667, 2928.0808333333334, 2928.0808333333334, 2928.0822333333335, 2928.0823666666665, 2928.0828333333334, 2928.084533333333, 2928.0849, 2928.0850333333333, 2928.086566666667, 2928.0867, 2928.0870666666665, 2928.0871666666667, 2928.0876333333335, 2928.0902666666666, 2928.0909333333334, 2928.091966666667, 2928.0925333333334, 2928.0931333333333, 2928.093533333333, 2928.094666666667, 2928.0948333333336, 2928.095633333334, 2928.0959333333335, 2928.0965, 2928.0978333333333, 2928.0979333333335, 2928.1024333333335, 2928.1037666666666, 2928.1037666666666, 2928.1044, 2928.105433333333, 2928.1060333333335]","[183, 56, 223, 77, 56, 257, 183, 166, 188, 77, 183, 56, 168, 183, 179, 42, 77, 243, 207, 144, 166, 77, 188, 207, 144, 230, 243, 178, 77, 188, 29, 15, 89, 188, 189, 56, 166, 131, 56, 77, 15, 183, 56, 178, 77, 89, 56, 178, 257, 188, 142, 183, 77, 166, 178, 56, 183, 15, 257, 89]"
2928.61,2928.6548,2928.6636,2928.6528,4.453812599182129,0.0536,"[2928.6103, 2928.6107, 2928.6109666666666, 2928.6130333333335, 2928.613766666667, 2928.616, 2928.6186, 2928.619833333333, 2928.6204666666667, 2928.620933333333, 2928.622066666667, 2928.6231333333335, 2928.6246666666666, 2928.6265, 2928.6275333333333, 2928.6279666666665, 2928.6284666666666, 2928.631033333333, 2928.6358333333333, 2928.636466666667, 2928.6367333333333, 2928.6368, 2928.6377333333335, 2928.639, 2928.640533333333, 2928.6407, 2928.6413666666667, 2928.6420333333335, 2928.643566666666, 2928.6457333333333, 2928.646266666666, 2928.646566666667, 2928.6468333333332, 2928.6522666666665, 2928.6523666666667, 2928.6529666666665, 2928.6537, 2928.6558333333332, 2928.6569666666664, 2928.6576, 2928.6579, 2928.659833333333, 2928.6603333333333, 2928.6628, 2928.6634]","[166, 183, 15, 77, 56, 183, 257, 183, 15, 77, 168, 56, 178, 77, 168, 183, 56, 56, 166, 257, 15, 77, 178, 56, 77, 166, 183, 207, 56, 166, 77, 56, 183, 77, 178, 183, 56, 15, 166, 56, 77, 183, 166, 56, 257]"
2929.7276,2929.7492,2929.758,2929.7472,6.311185836791992,0.0304,"[2929.7276333333334, 2929.7294333333334, 2929.729533333333, 2929.7310333333335, 2929.7311666666665, 2929.7347, 2929.736, 2929.7364666666667, 2929.7379, 2929.7379333333333, 2929.7384, 2929.7388666666666, 2929.7391, 2929.7411333333334, 2929.7424666666666, 2929.745, 2929.7454666666667, 2929.7460333333333, 2929.7466, 2929.7473, 2929.749, 2929.7490333333335, 2929.749333333333, 2929.7514, 2929.7519, 2929.7544333333335, 2929.7571666666668]","[56, 131, 77, 15, 56, 131, 168, 223, 168, 183, 257, 56, 77, 178, 131, 77, 178, 183, 56, 30, 178, 184, 77, 56, 178, 77, 56]"
2931.5012,2931.508,2931.5288,2931.5088,4.022749900817871,0.0276,"[2931.5020666666665, 2931.5026666666668, 2931.5047, 2931.5054666666665, 2931.5057333333334, 2931.5075333333334, 2931.508333333333, 2931.5092, 2931.5095666666666, 2931.511, 2931.5113666666666, 2931.5138666666667, 2931.5144333333333, 2931.5151, 2931.5155, 2931.515533333333, 2931.5174, 2931.518666666667, 2931.5188333333335, 2931.5206, 2931.5225333333333, 2931.5244, 2931.524933333333, 2931.5272, 2931.5287]","[166, 228, 15, 178, 257, 144, 15, 257, 77, 178, 183, 179, 251, 257, 77, 56, 166, 77, 183, 251, 183, 15, 77, 251, 183]"
2932.0344,2932.0644,2932.0844,2932.0628,8.455056190490723,0.05,"[2932.0346666666665, 2932.037733333333, 2932.0390666666667, 2932.0391, 2932.0391666666665, 2932.0393, 2932.0407, 2932.042066666667, 2932.0434666666665, 2932.044, 2932.0446, 2932.045433333333, 2932.045633333333, 2932.0460333333335, 2932.0475, 2932.048366666667, 2932.0493333333334, 2932.0512, 2932.052, 2932.0522333333333, 2932.052366666667, 2932.0525666666667, 2932.0529, 2932.0531333333333, 2932.0551666666665, 2932.0565333333334, 2932.0572, 2932.0572666666667, 2932.0585333333333, 2932.0604, 2932.0612333333333, 2932.0623, 2932.0641666666666, 2932.0658, 2932.0697333333333, 2932.0699666666665, 2932.070366666667, 2932.070366666667, 2932.0706666666665, 2932.0713333333333, 2932.0718666666667, 2932.0719, 2932.071933333333, 2932.075633333334, 2932.0760333333333, 2932.0761, 2932.077766666667, 2932.0778666666665, 2932.0779666666667, 2932.0785, 2932.081366666667, 2932.0815666666667, 2932.0817666666667, 2932.0841333333333]","[15, 257, 77, 178, 15, 183, 190, 257, 207, 178, 56, 77, 257, 183, 56, 168, 77, 15, 257, 56, 183, 77, 168, 15, 56, 168, 178, 77, 164, 56, 257, 229, 56, 77, 168, 178, 131, 183, 77, 207, 178, 15, 164, 229, 77, 257, 166, 56, 257, 29, 131, 56, 183, 77]"
2934.778,2934.7976,2934.8104,2934.7964,6.671072959899902,0.0324,"[2934.7783666666664, 2934.778533333333, 2934.7827, 2934.7837666666665, 2934.7838, 2934.7862, 2934.7862333333333, 2934.7874666666667, 2934.7880666666665, 2934.7882, 2934.789566666667, 2934.790033333333, 2934.7917333333335, 2934.7959666666666, 2934.7965, 2934.796566666667, 2934.7968333333333, 2934.7974, 2934.7979, 2934.8001, 2934.8024, 2934.8036, 2934.8044, 2934.804666666667, 2934.8070666666667, 2934.8078333333333, 2934.8079666666667, 2934.808466666667, 2934.809366666667, 2934.8100666666664]","[183, 77, 77, 29, 166, 179, 189, 164, 183, 56, 257, 15, 166, 257, 183, 56, 166, 178, 29, 56, 56, 56, 166, 29, 183, 77, 178, 131, 168, 166]"
2945.8444,2945.8608,2945.8828,2945.8604,7.913930892944336,0.0384,"[2945.845333333333, 2945.847133333333, 2945.848233333333, 2945.8509, 2945.8513, 2945.8516666666665, 2945.8521, 2945.854566666667, 2945.854566666667, 2945.8555, 2945.856333333333, 2945.8566, 2945.8569333333335, 2945.8571666666667, 2945.8574, 2945.8574, 2945.8598666666667, 2945.8598666666667, 2945.8599, 2945.8602, 2945.8604, 2945.8613333333333, 2945.8621333333335, 2945.8623, 2945.862766666666, 2945.8631333333333, 2945.8649, 2945.866666666667, 2945.8670333333334, 2945.868466666667, 2945.869133333333, 2945.8695, 2945.870733333333, 2945.870933333333, 2945.872666666666, 2945.8730666666665, 2945.8738, 2945.8740333333335, 2945.8746333333333, 2945.877266666667, 2945.8793666666666, 2945.8800666666666, 2945.8806666666665, 2945.880866666667, 2945.8814, 2945.8820666666666]","[56, 142, 77, 166, 257, 77, 142, 56, 207, 134, 183, 15, 77, 257, 142, 228, 243, 142, 207, 166, 56, 77, 207, 168, 164, 179, 142, 166, 243, 77, 56, 142, 188, 166, 243, 77, 56, 207, 164, 189, 166, 77, 142, 188, 15, 178]"
2947.4368,2947.4464,2947.4652,2947.446,5.949099063873291,0.0284,"[2947.4371666666666, 2947.437266666667, 2947.4396333333334, 2947.4398666666666, 2947.4400666666666, 2947.4404, 2947.4418333333333, 2947.4419, 2947.442, 2947.4448, 2947.4452666666666, 2947.4454333333333, 2947.4455333333335, 2947.4462, 2947.4468666666667, 2947.4477, 2947.4479666666666, 2947.4496, 2947.449866666667, 2947.450333333333, 2947.4511, 2947.456, 2947.4564666666665, 2947.4589666666666, 2947.4596333333334, 2947.4602, 2947.4610666666667, 2947.4638]","[15, 207, 77, 56, 257, 243, 56, 166, 183, 179, 207, 168, 257, 183, 77, 166, 56, 15, 183, 164, 56, 178, 166, 178, 77, 56, 168, 229]"
2952.018,2952.0284,2952.0472,2952.0244,5.078492164611816,0.0292,"[2952.0192333333334, 2952.0200666666665, 2952.0205, 2952.023133333333, 2952.024866666666, 2952.0255333333334, 2952.0267, 2952.0272666666665, 2952.030266666666, 2952.0324666666666, 2952.0332333333336, 2952.0335666666665, 2952.0392, 2952.039366666667, 2952.041233333334, 2952.041333333333, 2952.042133333334, 2952.0436666666665, 2952.0446, 2952.045866666667, 2952.0468666666666]","[166, 77, 183, 56, 89, 56, 178, 183, 223, 56, 166, 30, 166, 77, 257, 178, 56, 183, 229, 257, 178]"
2954.5536,2954.5788,2954.5972,2954.5784,6.138192176818848,0.0436,"[2954.5539, 2954.555733333333, 2954.5561666666667, 2954.5596666666665, 2954.5604, 2954.5609666666664, 2954.5617333333334, 2954.5626, 2954.5631333333336, 2954.563633333333, 2954.5657, 2954.5662, 2954.566633333334, 2954.5668, 2954.5673333333334, 2954.5678333333335, 2954.5678333333335, 2954.568366666667, 2954.5688666666665, 2954.569033333333, 2954.569433333333, 2954.5722666666666, 2954.5725, 2954.5726666666665, 2954.5731333333333, 2954.5738666666666, 2954.5739, 2954.576433333333, 2954.579333333333, 2954.5806, 2954.5837333333334, 2954.5845, 2954.5857, 2954.5857333333333, 2954.5868, 2954.587666666667, 2954.5878, 2954.5880333333334, 2954.5922666666665, 2954.5931, 2954.595566666667]","[178, 77, 15, 56, 207, 77, 166, 207, 164, 257, 166, 183, 207, 178, 56, 77, 257, 15, 190, 189, 207, 179, 178, 77, 56, 166, 183, 77, 184, 77, 168, 178, 184, 56, 178, 190, 56, 166, 56, 166, 183]"
2955.0708,2955.0792,2955.116,2955.0812,5.059799671173096,0.0452,"[2955.0752, 2955.0754, 2955.0761, 2955.0776333333333, 2955.0813333333335, 2955.0822333333335, 2955.0830333333333, 2955.0885333333335, 2955.0888, 2955.0920666666666, 2955.0925, 2955.092766666666, 2955.093733333333, 2955.0951666666665, 2955.0953666666665, 2955.096433333333, 2955.0969333333333, 2955.0976666666666, 2955.0999666666667, 2955.1003666666666, 2955.1026333333334, 2955.103666666667, 2955.1051666666667, 2955.106566666667, 2955.1067333333335, 2955.1071, 2955.1074, 2955.1080666666667, 2955.1084666666666, 2955.1095666666665, 2955.1097, 2955.1105333333335, 2955.1105666666667, 2955.1112333333335, 2955.1116, 2955.1117, 2955.1149333333333, 2955.1152666666667]","[134, 243, 77, 257, 166, 183, 77, 56, 166, 230, 166, 243, 178, 207, 77, 243, 207, 15, 188, 77, 257, 56, 77, 207, 56, 183, 166, 223, 207, 178, 56, 207, 77, 183, 166, 119, 178, 56]"
2956.8416,2956.85,2956.8868,2956.8536,3.8121957778930664,0.0452,"[2956.8417, 2956.8427333333334, 2956.842766666666, 2956.843066666667, 2956.8433666666665, 2956.843833333334, 2956.843966666667, 2956.843966666667, 2956.8454666666667, 2956.848333333334, 2956.8483666666666, 2956.8487333333333, 2956.848933333333, 2956.85, 2956.852733333333, 2956.8531666666668, 2956.8542666666667, 2956.8543, 2956.8548333333333, 2956.8563, 2956.8598333333334, 2956.8622666666665, 2956.8622666666665, 2956.8642666666665, 2956.8649333333333, 2956.8697333333334, 2956.8704333333335, 2956.8714666666665, 2956.8722666666667, 2956.873, 2956.8803666666668, 2956.8813333333333, 2956.8817, 2956.885433333334]","[42, 15, 56, 207, 77, 257, 76, 78, 207, 77, 166, 257, 42, 178, 56, 178, 78, 76, 207, 77, 183, 76, 78, 183, 77, 166, 56, 257, 183, 77, 166, 178, 56, 257]"
2957.5076,2957.5272,2957.5372,2957.53,3.798478364944458,0.0296,"[2957.5092, 2957.5145, 2957.5151333333333, 2957.516666666667, 2957.5169, 2957.5191666666665, 2957.5194, 2957.5216333333333, 2957.522266666667, 2957.5235, 2957.5248333333334, 2957.5259666666666, 2957.5268, 2957.5287, 2957.5298666666667, 2957.5301, 2957.531, 2957.5351333333333, 2957.5362]","[257, 77, 56, 144, 166, 183, 77, 257, 183, 77, 183, 223, 257, 178, 89, 77, 178, 178, 77]"
2958.7152,2958.728,2958.7548,2958.7288,5.071150779724121,0.0396,"[2958.7161333333333, 2958.7166333333334, 2958.7166333333334, 2958.7177333333334, 2958.718733333333, 2958.718766666667, 2958.7207, 2958.7208666666666, 2958.7225333333336, 2958.7231333333334, 2958.7246666666665, 2958.7247, 2958.7260666666666, 2958.7286, 2958.73, 2958.7301333333335, 2958.7305, 2958.7314666666666, 2958.732266666667, 2958.7328333333335, 2958.7334, 2958.7339, 2958.7339333333334, 2958.7341333333334, 2958.7346, 2958.7370666666666, 2958.7373, 2958.7393333333334, 2958.741366666666, 2958.7418, 2958.7455666666665, 2958.7462, 2958.7463333333335, 2958.748566666666, 2958.749766666667, 2958.753, 2958.753, 2958.7536]","[257, 168, 178, 77, 168, 207, 77, 223, 178, 166, 178, 77, 189, 257, 77, 183, 257, 207, 178, 183, 77, 223, 166, 190, 178, 56, 183, 257, 56, 183, 77, 207, 56, 30, 183, 77, 166, 257]"
2960.1872,2960.2224,2960.2324,2960.222,3.120089054107666,0.0452,"[2960.1878, 2960.1884, 2960.1891, 2960.1926333333336, 2960.193, 2960.1937666666668, 2960.1948666666667, 2960.1965666666665, 2960.1976, 2960.1977333333334, 2960.2011666666667, 2960.2013, 2960.2028666666665, 2960.206, 2960.2075, 2960.2134, 2960.2140666666664, 2960.2144, 2960.2158, 2960.215966666666, 2960.219, 2960.219866666667, 2960.220766666667, 2960.2231, 2960.2236333333335, 2960.227766666667, 2960.2301666666667, 2960.2312666666667, 2960.231333333333]","[56, 257, 166, 56, 257, 77, 29, 89, 15, 166, 56, 257, 142, 142, 183, 56, 77, 166, 164, 183, 257, 77, 183, 166, 56, 183, 166, 183, 190]"
2963.1072,2963.1264,2963.1396,2963.126,8.580262184143066,0.0324,"[2963.1086, 2963.112, 2963.1131, 2963.1131333333333, 2963.1140333333333, 2963.1142666666665, 2963.1170333333334, 2963.1172333333334, 2963.119133333333, 2963.1195, 2963.119833333333, 2963.1198666666664, 2963.1206, 2963.122, 2963.1231333333335, 2963.1232, 2963.1241, 2963.124466666666, 2963.127466666667, 2963.129133333334, 2963.1313, 2963.1316, 2963.1336666666666, 2963.1347333333333, 2963.1374, 2963.138266666667]","[77, 183, 77, 142, 166, 56, 77, 257, 166, 183, 76, 56, 15, 178, 257, 183, 178, 77, 77, 76, 183, 77, 15, 77, 183, 178]"
2963.3408,2963.3636,2963.386,2963.36,6.411218643188477,0.0452,"[2963.3411666666666, 2963.3412333333335, 2963.3421, 2963.342166666667, 2963.343833333334, 2963.343966666667, 2963.3472666666667, 2963.3476333333333, 2963.3479333333335, 2963.3499333333334, 2963.3499666666667, 2963.3503666666666, 2963.3505, 2963.3505333333333, 2963.3505333333333, 2963.3531666666668, 2963.3534666666665, 2963.355233333333, 2963.3559333333333, 2963.3568, 2963.3589, 2963.3603333333335, 2963.361, 2963.3616666666667, 2963.3619, 2963.362166666667, 2963.3643333333334, 2963.3645, 2963.366666666667, 2963.3677333333335, 2963.3721666666665, 2963.3723333333332, 2963.3723666666665, 2963.3736, 2963.3741333333332, 2963.3776, 2963.3804333333333, 2963.381066666667]","[189, 183, 243, 29, 77, 178, 56, 166, 183, 257, 207, 77, 190, 188, 178, 166, 56, 257, 77, 183, 183, 77, 56, 178, 166, 183, 257, 183, 178, 56, 76, 178, 184, 207, 77, 257, 56, 77]"
2969.6608,2969.6744,2969.6976,2969.6756,5.265903949737549,0.0368,"[2969.661433333333, 2969.661866666667, 2969.6626666666666, 2969.6635666666666, 2969.6659, 2969.6678333333334, 2969.6705333333334, 2969.6715, 2969.6743333333334, 2969.6748333333335, 2969.6829666666667, 2969.6852, 2969.6893666666665, 2969.6903666666667, 2969.694433333333, 2969.6945666666666]","[77, 166, 15, 183, 223, 228, 230, 183, 119, 168, 183, 77, 223, 257, 77, 178]"
2973.0484,2973.0992,2973.1068,2973.0984,5.0478620529174805,0.0584,"[2973.0484, 2973.0488, 2973.0494, 2973.0494, 2973.0496333333335, 2973.0500666666667, 2973.050166666667, 2973.0558333333333, 2973.0563333333334, 2973.0570333333335, 2973.0585333333333, 2973.0636666666664, 2973.064066666667, 2973.0641333333333, 2973.0673, 2973.0673666666667, 2973.0680333333335, 2973.069266666667, 2973.0697, 2973.0706333333333, 2973.0723333333335, 2973.0744666666665, 2973.0779333333335, 2973.0788333333335, 2973.0789, 2973.079, 2973.0796, 2973.0796666666665, 2973.0797, 2973.079833333333, 2973.082733333333, 2973.083666666667, 2973.0842666666667, 2973.0868, 2973.0870666666665, 2973.087433333333, 2973.088266666666, 2973.0886666666665, 2973.089166666666, 2973.0905, 2973.091066666667, 2973.093, 2973.0938666666666, 2973.094666666667, 2973.094733333334, 2973.0947666666666, 2973.0988666666667, 2973.0988666666667, 2973.0996666666665, 2973.0999333333334, 2973.1009, 2973.101166666667, 2973.1040333333335, 2973.1040666666668, 2973.1042666666667]","[56, 257, 190, 164, 15, 223, 77, 56, 77, 190, 183, 183, 15, 183, 257, 183, 77, 164, 56, 168, 183, 77, 77, 166, 183, 56, 15, 190, 207, 183, 257, 77, 183, 257, 183, 77, 56, 257, 77, 56, 257, 178, 183, 77, 168, 207, 183, 56, 77, 166, 30, 15, 56, 178, 183]"
2974.0752,2974.0864,2974.1144,2974.084,6.03645658493042,0.0392,"[2974.077533333333, 2974.0778333333333, 2974.078666666667, 2974.0787666666665, 2974.0806666666667, 2974.0812333333333, 2974.0814333333333, 2974.0845, 2974.0848333333333, 2974.0852, 2974.0881, 2974.0894, 2974.0896333333335, 2974.0917, 2974.0944666666664, 2974.0948333333336, 2974.0949666666666, 2974.0951333333333, 2974.0953, 2974.0953, 2974.0987333333333, 2974.0993, 2974.099366666667, 2974.0997666666667, 2974.1004666666668, 2974.101133333333, 2974.102033333333, 2974.1034, 2974.1042, 2974.1044333333334, 2974.1048666666666, 2974.1062333333334, 2974.1070666666665, 2974.109033333333, 2974.109466666667, 2974.1099, 2974.1106666666665, 2974.1109333333334, 2974.1124333333332, 2974.113, 2974.1143666666667]","[257, 183, 142, 166, 207, 257, 77, 243, 56, 77, 77, 243, 142, 77, 142, 168, 56, 77, 207, 257, 56, 207, 243, 166, 134, 77, 183, 179, 223, 56, 243, 207, 178, 77, 178, 228, 166, 56, 142, 257, 207]"
2977.5524,2977.5684,2977.592,2977.5684,3.3115346431732178,0.0396,"[2977.5525666666667, 2977.5526333333332, 2977.5554, 2977.5571666666665, 2977.5572666666667, 2977.557566666667, 2977.5578333333333, 2977.558433333333, 2977.5585, 2977.5587333333333, 2977.5598, 2977.561133333333, 2977.561366666667, 2977.5635, 2977.5646333333334, 2977.5659, 2977.566533333333, 2977.567666666667, 2977.568533333333, 2977.5708, 2977.5718333333334, 2977.5741, 2977.5756, 2977.575633333334, 2977.5761666666667, 2977.5765, 2977.5778333333333, 2977.5788, 2977.5798, 2977.5834, 2977.5843666666665, 2977.5880666666667, 2977.5896333333335, 2977.5905666666667]","[188, 77, 243, 142, 188, 144, 183, 178, 164, 56, 257, 243, 77, 188, 77, 183, 188, 178, 166, 188, 257, 179, 178, 243, 77, 257, 166, 178, 56, 134, 77, 56, 166, 183]"
2978.606,2978.6404,2978.65,2978.6392,5.157052516937256,0.044,"[2978.6064, 2978.608366666667, 2978.6106666666665, 2978.6142, 2978.6166333333335, 2978.6203666666665, 2978.6248, 2978.6259333333333, 2978.6262333333334, 2978.6275333333333, 2978.6276666666668, 2978.6281, 2978.6287333333335, 2978.6320333333333, 2978.6327, 2978.6328, 2978.633333333333, 2978.6339333333335, 2978.6349666666665, 2978.6354666666666, 2978.6356666666666, 2978.6376666666665, 2978.6383, 2978.6395333333335, 2978.640266666667, 2978.6404333333335, 2978.6406, 2978.6409, 2978.6415666666667, 2978.6417333333334, 2978.6418, 2978.6432666666665, 2978.6459, 2978.646, 2978.6469, 2978.6469333333334]","[166, 15, 257, 77, 56, 229, 131, 56, 229, 77, 257, 15, 190, 56, 207, 77, 178, 257, 207, 190, 56, 131, 178, 229, 166, 56, 178, 183, 77, 15, 164, 56, 131, 183, 166, 77]"
2980.2644,2980.2816,2980.288,2980.284,4.062277793884277,0.0236,"[2980.2655, 2980.2665333333334, 2980.2671333333333, 2980.2671666666665, 2980.267966666667, 2980.2687333333333, 2980.2692333333334, 2980.273366666667, 2980.2753333333335, 2980.2755666666667, 2980.2769, 2980.2781, 2980.2786, 2980.2788333333333, 2980.2799, 2980.2824, 2980.2827333333335, 2980.283133333334, 2980.2872333333335, 2980.2874666666667, 2980.2874666666667]","[183, 77, 183, 56, 29, 166, 76, 77, 257, 56, 178, 77, 56, 42, 223, 183, 257, 166, 183, 77, 56]"
2980.5396,2980.5548,2980.5616,2980.5576,3.202115297317505,0.022,"[2980.5416333333333, 2980.542033333333, 2980.5436, 2980.5436, 2980.544966666667, 2980.5491666666667, 2980.5515333333333, 2980.5525, 2980.5568, 2980.5587, 2980.559133333333, 2980.5596666666665]","[183, 77, 56, 257, 166, 144, 56, 178, 56, 166, 257, 77]"
2982.1448,2982.1588,2982.19,2982.1592,5.317688465118408,0.0452,"[2982.1451, 2982.1464666666666, 2982.1523666666667, 2982.1528, 2982.1531666666665, 2982.1545, 2982.1549, 2982.156333333334, 2982.1579, 2982.158966666667, 2982.1602, 2982.160833333334, 2982.1619666666666, 2982.1633333333334, 2982.1655, 2982.1655, 2982.170633333333, 2982.1709333333333, 2982.1721, 2982.1725, 2982.1746, 2982.175266666666, 2982.1773, 2982.178, 2982.1794333333332, 2982.179666666667, 2982.1819333333333, 2982.1837666666665, 2982.187033333333, 2982.1889, 2982.189066666667, 2982.1896, 2982.189766666667]","[56, 29, 77, 183, 56, 29, 257, 131, 77, 56, 131, 166, 188, 189, 56, 257, 257, 77, 183, 131, 183, 77, 56, 131, 166, 77, 178, 56, 77, 131, 56, 183, 168]"
2994.2944,2994.3064,2994.3564,2994.3092,5.066939353942871,0.062,"[2994.2944333333335, 2994.294766666667, 2994.2957, 2994.2967, 2994.297666666667, 2994.2977, 2994.2979333333333, 2994.3038, 2994.303933333333, 2994.3047, 2994.3091666666664, 2994.3103333333333, 2994.3111, 2994.3132, 2994.3159666666666, 2994.3170333333333, 2994.318, 2994.3182, 2994.3189, 2994.3189666666667, 2994.3199666666665, 2994.321066666667, 2994.3234333333335, 2994.3241, 2994.3244, 2994.3263333333334, 2994.3292333333334, 2994.3292666666666, 2994.330266666667, 2994.330466666667, 2994.331166666667, 2994.3342333333335, 2994.3357, 2994.3361666666665, 2994.3402333333333, 2994.3452, 2994.347433333334, 2994.3533333333335, 2994.3537666666666, 2994.3562333333334]","[257, 56, 223, 166, 183, 164, 56, 166, 15, 29, 183, 178, 56, 77, 166, 178, 183, 77, 257, 56, 166, 178, 183, 257, 77, 56, 178, 77, 56, 207, 166, 56, 223, 257, 15, 183, 77, 178, 77, 178]"
3013.2392,3013.2528,3013.2816,3013.2544,6.603066921234131,0.0424,"[3013.2397333333333, 3013.240466666666, 3013.2413333333334, 3013.2419333333332, 3013.2424, 3013.2428333333332, 3013.2440333333334, 3013.2442, 3013.2458, 3013.2459, 3013.2462666666665, 3013.2491333333332, 3013.2498666666665, 3013.250666666667, 3013.2516, 3013.2518333333333, 3013.253233333334, 3013.2534, 3013.2539666666667, 3013.2545, 3013.255, 3013.2556666666665, 3013.2557333333334, 3013.2558, 3013.2563333333333, 3013.2610666666665, 3013.2611666666667, 3013.2614, 3013.2617333333333, 3013.2624666666666, 3013.2626666666665, 3013.262833333333, 3013.2629333333334, 3013.263, 3013.2635666666665, 3013.2667, 3013.266866666667, 3013.2671, 3013.267666666666, 3013.270433333333, 3013.272066666667, 3013.2732, 3013.2732, 3013.2736, 3013.2741, 3013.2748, 3013.2752, 3013.2753, 3013.2777, 3013.2804333333333, 3013.2805333333336, 3013.2808666666665]","[15, 178, 56, 42, 257, 166, 77, 183, 164, 77, 257, 166, 77, 257, 183, 146, 223, 168, 77, 178, 15, 183, 168, 146, 77, 17, 77, 257, 56, 15, 183, 77, 164, 168, 56, 77, 257, 42, 178, 56, 183, 77, 15, 56, 42, 223, 168, 178, 183, 77, 257, 15]"
3014.13,3014.1384,3014.1748,3014.1708,4.862854957580566,0.0448,"[3014.1303666666668, 3014.130633333333, 3014.1356333333333, 3014.1369666666665, 3014.1374333333333, 3014.1428666666666, 3014.144366666667, 3014.1452, 3014.148166666667, 3014.149033333333, 3014.1491, 3014.1497, 3014.1536333333333, 3014.1540666666665, 3014.1552, 3014.1561333333334, 3014.1575666666668, 3014.1584666666668, 3014.1597333333334, 3014.1602666666668, 3014.1611333333335, 3014.161733333334, 3014.1619666666666, 3014.162633333334, 3014.1627, 3014.1654, 3014.1658666666667, 3014.1676666666667, 3014.167933333333, 3014.1683, 3014.168833333333, 3014.1692333333335, 3014.1700333333333, 3014.1701, 3014.1706, 3014.1712333333335, 3014.1721333333335, 3014.1722666666665, 3014.1729333333333, 3014.1738, 3014.174433333333, 3014.174666666667]","[190, 183, 189, 178, 166, 257, 183, 56, 257, 178, 77, 257, 77, 144, 56, 166, 178, 77, 15, 56, 166, 178, 77, 56, 15, 207, 77, 207, 178, 179, 183, 77, 168, 144, 178, 56, 30, 29, 56, 77, 15, 166]"
3015.9348,3015.9856,3015.996,3015.9872,9.426746368408203,0.0612,"[3015.9369333333334, 3015.9374666666668, 3015.9381333333336, 3015.9393666666665, 3015.940433333333, 3015.9419333333335, 3015.944233333333, 3015.9461, 3015.946233333333, 3015.9482666666668, 3015.9485, 3015.949, 3015.9501333333333, 3015.9512666666665, 3015.953433333333, 3015.9537, 3015.9545, 3015.9587333333334, 3015.9588, 3015.9607, 3015.961466666666, 3015.9641, 3015.9646, 3015.9649666666664, 3015.9674666666665, 3015.9675666666667, 3015.9719666666665, 3015.9720666666667, 3015.9725333333336, 3015.9729666666667, 3015.975066666667, 3015.9762333333333, 3015.9765666666667, 3015.9780666666666, 3015.9790666666668, 3015.9798333333333, 3015.980433333333, 3015.980466666667, 3015.981133333333, 3015.9825, 3015.9875, 3015.9882333333335, 3015.9892, 3015.9895333333334, 3015.9927333333335]","[77, 168, 166, 168, 29, 77, 56, 168, 131, 77, 183, 168, 166, 131, 207, 15, 56, 131, 166, 164, 223, 77, 168, 184, 15, 183, 77, 131, 56, 183, 183, 178, 77, 56, 166, 131, 134, 178, 29, 183, 77, 166, 56, 257, 131]"
3016.3044,3016.3248,3016.3472,3016.3276,6.09674072265625,0.0428,"[3016.305533333333, 3016.3061333333335, 3016.3061666666667, 3016.3081, 3016.3085333333333, 3016.310266666667, 3016.310466666667, 3016.311166666667, 3016.311166666667, 3016.3118, 3016.3130666666666, 3016.3135333333335, 3016.3142, 3016.3143333333333, 3016.3156, 3016.3158333333336, 3016.3169666666668, 3016.3170333333333, 3016.3178, 3016.3180333333335, 3016.318133333333, 3016.320233333334, 3016.3216, 3016.3217, 3016.3219, 3016.323, 3016.3238666666666, 3016.324633333333, 3016.3254333333334, 3016.3260333333333, 3016.3281, 3016.3283, 3016.328433333333, 3016.3287666666665, 3016.3307, 3016.333, 3016.3348, 3016.3352333333332, 3016.3369, 3016.3406333333332, 3016.3426666666664, 3016.342866666667]","[183, 166, 77, 56, 183, 77, 166, 178, 29, 183, 29, 164, 77, 183, 178, 207, 183, 77, 15, 207, 56, 166, 178, 56, 77, 183, 166, 183, 178, 56, 178, 257, 183, 56, 166, 257, 77, 56, 183, 257, 183, 166]"
3017.1824,3017.2068,3017.2184,3017.2052,3.473151206970215,0.036,"[3017.1828666666665, 3017.1837333333333, 3017.1839666666665, 3017.1846, 3017.1853666666666, 3017.185466666667, 3017.1857, 3017.1862333333333, 3017.1865, 3017.1881, 3017.1897, 3017.189733333333, 3017.19, 3017.1910333333335, 3017.1916, 3017.1916666666666, 3017.1920666666665, 3017.1932, 3017.193333333333, 3017.1941666666667, 3017.1944, 3017.1948333333335, 3017.1949666666665, 3017.195333333333, 3017.1957333333335, 3017.196266666667, 3017.1964333333335, 3017.1971, 3017.1974, 3017.1996, 3017.2008, 3017.2008666666666, 3017.201, 3017.2013666666667, 3017.2015666666666, 3017.2028666666665, 3017.2036, 3017.2082, 3017.2119333333335, 3017.2126, 3017.2145, 3017.2172]","[166, 164, 257, 178, 77, 168, 29, 15, 56, 77, 29, 166, 42, 207, 77, 257, 56, 207, 15, 178, 42, 29, 183, 77, 166, 166, 56, 15, 178, 42, 189, 257, 166, 183, 77, 207, 183, 15, 56, 166, 183, 178]"
3018.6688,3018.7184,3018.7284,3018.7204,6.996490955352783,0.0596,"[3018.6695, 3018.6701333333335, 3018.6713, 3018.674433333333, 3018.6746, 3018.675133333333, 3018.6755333333335, 3018.6761333333334, 3018.6784333333335, 3018.681, 3018.681633333333, 3018.6824333333334, 3018.6845, 3018.6855333333333, 3018.6856, 3018.6894333333335, 3018.6897, 3018.690633333333, 3018.6912666666667, 3018.6919, 3018.6924, 3018.692666666667, 3018.6957333333335, 3018.6963333333333, 3018.6965, 3018.6981666666666, 3018.6986333333334, 3018.701433333333, 3018.7017666666666, 3018.7025, 3018.7035666666666, 3018.7038, 3018.7038333333335, 3018.7040333333334, 3018.7048, 3018.7048666666665, 3018.706966666666, 3018.7100666666665, 3018.7108333333335, 3018.7114, 3018.7115, 3018.7116666666666, 3018.7156, 3018.7161666666666, 3018.7165, 3018.7173666666667, 3018.7179666666666, 3018.7191333333335, 3018.719666666667, 3018.7225333333336, 3018.7230666666665, 3018.7240333333334, 3018.724166666667, 3018.7245333333335, 3018.7248, 3018.7267666666667, 3018.726933333334, 3018.7273666666665, 3018.7278, 3018.727933333333]","[77, 15, 56, 77, 183, 166, 15, 56, 183, 223, 166, 183, 77, 56, 190, 56, 207, 77, 15, 207, 166, 56, 183, 178, 168, 15, 168, 178, 77, 166, 56, 183, 15, 229, 178, 257, 77, 183, 229, 164, 77, 15, 228, 166, 183, 257, 77, 229, 56, 77, 56, 229, 183, 166, 257, 166, 228, 56, 207, 178]"
3020.3524,3020.3604,3020.3728,3020.3584,5.3512139320373535,0.0204,"[3020.352766666667, 3020.352966666667, 3020.3583, 3020.3588, 3020.3591333333334, 3020.359466666667, 3020.3596, 3020.3665333333333, 3020.3681, 3020.368466666667, 3020.3685666666665, 3020.3696666666665, 3020.3708, 3020.3715, 3020.3715, 3020.3716666666664, 3020.3719]","[56, 42, 77, 257, 166, 15, 56, 56, 77, 190, 15, 223, 189, 56, 166, 257, 183]"
3022.068,3022.132,3022.198,3022.1324,7.591583728790283,0.13,"[3022.0706333333333, 3022.0711666666666, 3022.076466666667, 3022.0772333333334, 3022.0772666666667, 3022.0777, 3022.081166666667, 3022.0830666666666, 3022.0833, 3022.0837333333334, 3022.0840333333335, 3022.0869666666667, 3022.0901, 3022.0904, 3022.0909333333334, 3022.0914333333335, 3022.0915666666665, 3022.092, 3022.0935, 3022.093966666667, 3022.0969666666665, 3022.0977333333335, 3022.0978, 3022.0983, 3022.0984, 3022.1019666666666, 3022.1025666666665, 3022.105466666667, 3022.1067, 3022.1071333333334, 3022.112833333333, 3022.1140666666665, 3022.1168666666667, 3022.1191, 3022.1193, 3022.1196333333332, 3022.1258, 3022.1258, 3022.1270666666665, 3022.1306, 3022.1306, 3022.1347666666666, 3022.1377, 3022.1464666666666, 3022.1468333333332, 3022.15, 3022.1513, 3022.1525, 3022.1540333333332, 3022.1545333333333, 3022.1556333333333, 3022.1586333333335, 3022.1595666666667, 3022.1604666666667, 3022.1611666666668, 3022.1612666666665, 3022.1626666666666, 3022.1653666666666, 3022.1655, 3022.1666333333333, 3022.1684333333333, 3022.1684333333333, 3022.1735, 3022.1736666666666, 3022.1739, 3022.1741666666667, 3022.1752, 3022.175366666667, 3022.1765333333333, 3022.1767333333332, 3022.1773333333335, 3022.1804, 3022.1808666666666, 3022.1814, 3022.1820333333335, 3022.1822666666667, 3022.1836333333335, 3022.1855, 3022.1861, 3022.188166666667, 3022.1887, 3022.1898, 3022.1905666666667, 3022.1906, 3022.190733333334, 3022.195333333333, 3022.1957333333335, 3022.1959666666667, 3022.1963]","[183, 77, 257, 183, 15, 77, 178, 56, 188, 29, 15, 77, 166, 183, 15, 77, 230, 56, 29, 166, 183, 15, 189, 166, 230, 29, 243, 77, 15, 230, 15, 257, 29, 29, 77, 183, 56, 257, 178, 77, 166, 257, 56, 166, 77, 257, 77, 166, 56, 207, 183, 77, 223, 166, 77, 183, 56, 183, 77, 166, 29, 15, 257, 178, 77, 183, 56, 178, 166, 257, 56, 77, 257, 183, 56, 15, 189, 257, 77, 56, 178, 207, 166, 183, 77, 207, 178, 15, 77]"
3023.3776,3023.406,3023.4184,3023.4048,3.4472696781158447,0.0408,"[3023.3783, 3023.3783333333336, 3023.3785666666668, 3023.3793, 3023.3798, 3023.3803666666668, 3023.3840666666665, 3023.3860666666665, 3023.3890333333334, 3023.389166666667, 3023.390966666667, 3023.392766666667, 3023.392966666667, 3023.393666666667, 3023.3948333333333, 3023.395266666667, 3023.395366666666, 3023.3956333333335, 3023.3982666666666, 3023.3985, 3023.3991, 3023.4012333333335, 3023.4031666666665, 3023.4048, 3023.405, 3023.406333333334, 3023.406933333333, 3023.4086333333335, 3023.4136, 3023.4137, 3023.4141, 3023.414566666667]","[168, 29, 89, 77, 166, 257, 56, 29, 257, 89, 178, 56, 183, 29, 77, 178, 29, 230, 179, 230, 207, 230, 189, 15, 166, 230, 223, 77, 230, 77, 257, 190]"
3024.1188,3024.1352,3024.1988,3024.194,6.526851654052734,0.08,"[3024.1206, 3024.1214, 3024.1215, 3024.1224333333334, 3024.1230333333333, 3024.1261, 3024.127033333333, 3024.128833333333, 3024.1294333333335, 3024.1298666666667, 3024.1302, 3024.1303333333335, 3024.1347666666666, 3024.135133333333, 3024.135366666667, 3024.1361333333334, 3024.1363666666666, 3024.136466666667, 3024.1366, 3024.1366333333335, 3024.1402333333335, 3024.1408, 3024.142333333333, 3024.142533333333, 3024.1428, 3024.1437, 3024.1473333333333, 3024.147466666667, 3024.1475, 3024.1482, 3024.1484666666665, 3024.1534333333334, 3024.1548, 3024.155, 3024.1554666666666, 3024.1562, 3024.1569666666664, 3024.1616, 3024.1620333333335, 3024.162633333334, 3024.163433333333, 3024.1636, 3024.1676666666667, 3024.1684, 3024.1685, 3024.169933333333, 3024.1759333333334, 3024.1763333333333, 3024.176466666667, 3024.1765, 3024.1769, 3024.1822, 3024.1864666666665, 3024.190433333333, 3024.1904666666665, 3024.194933333333, 3024.1957333333335, 3024.1968, 3024.197033333334]","[257, 77, 183, 56, 15, 77, 56, 168, 190, 15, 77, 56, 183, 56, 77, 29, 168, 15, 164, 190, 183, 77, 166, 164, 190, 56, 223, 77, 56, 166, 164, 179, 207, 56, 77, 15, 207, 77, 56, 164, 257, 166, 56, 144, 77, 166, 183, 164, 166, 178, 15, 56, 166, 29, 183, 257, 166, 56, 178]"
3024.5584,3024.5764,3024.584,3024.574,4.872903347015381,0.0256,"[3024.5594333333333, 3024.5597666666667, 3024.5623666666665, 3024.5628, 3024.563, 3024.569233333333, 3024.5693666666666, 3024.570133333333, 3024.5704666666666, 3024.5733333333333, 3024.5745333333334, 3024.5767666666666, 3024.5774666666666, 3024.5784, 3024.580233333333, 3024.5807333333332, 3024.5816, 3024.5818, 3024.5839]","[183, 257, 56, 243, 166, 77, 257, 168, 207, 251, 166, 77, 188, 178, 56, 15, 183, 166, 56]"
3027.428,3027.4408,3027.4512,3027.4416,5.655871391296387,0.0232,"[3027.4306, 3027.4306333333334, 3027.431633333333, 3027.4319, 3027.4322, 3027.432466666666, 3027.4326, 3027.435033333333, 3027.435166666666, 3027.4354, 3027.4365666666667, 3027.4371, 3027.4371666666666, 3027.4374333333335, 3027.439966666667, 3027.441533333333, 3027.4416666666666, 3027.4421666666667, 3027.4429, 3027.443366666667, 3027.4435, 3027.4444, 3027.447133333333, 3027.4478, 3027.4499, 3027.4503666666665]","[56, 190, 223, 15, 183, 168, 166, 56, 229, 178, 77, 166, 29, 15, 229, 183, 190, 77, 166, 56, 257, 29, 257, 178, 183, 56]"
3027.7588,3027.7832,3027.7996,3027.78,9.551133155822754,0.0408,"[3027.759233333333, 3027.7593666666667, 3027.7594, 3027.761033333333, 3027.7615666666666, 3027.7622666666666, 3027.762366666667, 3027.7625333333335, 3027.7652, 3027.767766666667, 3027.7682333333332, 3027.7685, 3027.77, 3027.7711, 3027.771133333333, 3027.771566666667, 3027.774033333333, 3027.7754666666665, 3027.7759, 3027.7762, 3027.7762333333335, 3027.7763, 3027.7763333333332, 3027.7764, 3027.7770333333333, 3027.7777666666666, 3027.779, 3027.7798666666667, 3027.7806, 3027.782133333333, 3027.7843333333335, 3027.7858666666666, 3027.7861, 3027.7861333333335, 3027.7861666666668, 3027.786433333333, 3027.787, 3027.787633333334, 3027.787633333334, 3027.788466666667, 3027.7925333333333, 3027.792933333333, 3027.793633333333, 3027.794033333333, 3027.794066666667, 3027.7945666666665, 3027.794966666667, 3027.7951, 3027.7956, 3027.796566666667]","[183, 15, 77, 168, 166, 257, 131, 56, 257, 131, 15, 77, 207, 183, 189, 77, 257, 56, 15, 168, 207, 190, 29, 183, 77, 131, 166, 134, 77, 77, 184, 131, 178, 77, 166, 56, 257, 164, 15, 178, 178, 166, 164, 190, 77, 56, 15, 189, 207, 166]"
3036.4648,3036.48,3036.5184,3036.478,14.408783912658691,0.0536,"[3036.4668, 3036.4668333333334, 3036.4670333333333, 3036.4675666666667, 3036.467833333333, 3036.4681333333333, 3036.4689333333336, 3036.4718333333335, 3036.4719333333333, 3036.472566666667, 3036.4731333333334, 3036.4753, 3036.4774666666667, 3036.4777, 3036.4784, 3036.478433333333, 3036.4785666666667, 3036.4787666666666, 3036.479, 3036.4791333333333, 3036.4792666666667, 3036.4799, 3036.4799666666668, 3036.4805666666666, 3036.4808666666668, 3036.4833, 3036.484466666667, 3036.4848333333334, 3036.4850333333334, 3036.4854, 3036.4866, 3036.489866666667, 3036.4908333333333, 3036.491, 3036.491433333333, 3036.4922, 3036.4936, 3036.495866666666, 3036.4980333333333, 3036.4999, 3036.5020666666665, 3036.5024333333336, 3036.5034666666666, 3036.5034666666666, 3036.5035666666668, 3036.504033333333, 3036.506766666667, 3036.5090333333333, 3036.511433333333, 3036.5121, 3036.5137, 3036.514833333333]","[257, 131, 183, 29, 77, 15, 178, 56, 77, 178, 207, 207, 166, 207, 229, 29, 166, 56, 77, 29, 15, 207, 164, 164, 30, 56, 189, 166, 77, 29, 183, 178, 56, 183, 77, 166, 56, 183, 56, 183, 56, 207, 184, 183, 77, 178, 178, 56, 77, 56, 183, 77]"
3038.1404,3038.162,3038.1708,3038.1592,5.194334506988525,0.0304,"[3038.1440666666667, 3038.1448666666665, 3038.145466666667, 3038.1460666666667, 3038.1468666666665, 3038.1475333333333, 3038.150766666666, 3038.152566666666, 3038.1526, 3038.1527333333333, 3038.1548333333335, 3038.1557333333335, 3038.1584333333335, 3038.1593666666668, 3038.1594666666665, 3038.1597333333334, 3038.1600333333336, 3038.1604, 3038.1610333333333, 3038.1649, 3038.1655666666666, 3038.1676666666667, 3038.1677, 3038.1686]","[183, 15, 56, 56, 29, 42, 183, 77, 166, 56, 183, 257, 207, 17, 257, 56, 166, 183, 29, 168, 77, 15, 257, 183]"
3038.7328,3038.7388,3038.768,3038.7388,3.4173872470855713,0.0352,"[3038.733333333333, 3038.7341333333334, 3038.7344, 3038.7390333333333, 3038.740566666667, 3038.740766666667, 3038.7499666666668, 3038.751366666667, 3038.7522, 3038.7677]","[30, 56, 77, 166, 190, 15, 190, 15, 164, 166]"
3038.8192,3038.8296,3038.8436,3038.8316,4.431270599365234,0.0244,"[3038.822633333333, 3038.8233333333333, 3038.8236666666667, 3038.825766666667, 3038.825966666667, 3038.828466666667, 3038.8310333333334, 3038.8319, 3038.8342, 3038.8354, 3038.8360666666667, 3038.8382333333334, 3038.8400333333334, 3038.8404]","[184, 257, 183, 77, 56, 183, 184, 115, 29, 207, 77, 131, 207, 77]"
3039.944,3039.9572,3039.9676,3039.9564,4.312664985656738,0.0236,"[3039.9441666666667, 3039.9441666666667, 3039.9448333333335, 3039.945, 3039.9450666666667, 3039.949833333333, 3039.9500666666668, 3039.950633333334, 3039.9512666666665, 3039.9519333333333, 3039.9522666666667, 3039.9528, 3039.9533666666666, 3039.9537666666665, 3039.9576, 3039.9586, 3039.9609, 3039.964033333333, 3039.966266666667, 3039.9668, 3039.9668]","[166, 257, 183, 77, 228, 77, 89, 183, 29, 15, 257, 228, 164, 77, 228, 166, 164, 183, 164, 77, 29]"
3042.444,3042.4568,3042.4684,3042.4576,4.663801193237305,0.0244,"[3042.455166666666, 3042.4564333333333, 3042.4594666666667, 3042.462266666667, 3042.4648666666667, 3042.4681666666665]","[183, 166, 183, 178, 77, 183]"
3043.3824,3043.418,3043.4424,3043.4204,14.5442476272583,0.06,"[3043.3837, 3043.3841666666667, 3043.3841666666667, 3043.385533333333, 3043.3857333333335, 3043.3857666666668, 3043.386333333334, 3043.3865333333333, 3043.3886333333335, 3043.3912666666665, 3043.3912666666665, 3043.3937333333333, 3043.3955, 3043.3958333333335, 3043.3961, 3043.3977, 3043.3977666666665, 3043.4002, 3043.4008, 3043.4011666666665, 3043.4024, 3043.4033, 3043.4037, 3043.406933333333, 3043.4077333333335, 3043.4078666666665, 3043.4083, 3043.4084333333335, 3043.4105, 3043.4113666666667, 3043.4126, 3043.412766666667, 3043.413433333333, 3043.414433333334, 3043.4146333333333, 3043.4147, 3043.4147666666668, 3043.4149, 3043.4151333333334, 3043.415466666667, 3043.4155, 3043.4161, 3043.421333333333, 3043.4218, 3043.4218666666666, 3043.4223666666667, 3043.424033333333, 3043.4250666666667, 3043.4283666666665, 3043.429766666666, 3043.4307, 3043.4315333333334, 3043.4323, 3043.4340666666667, 3043.4355333333333, 3043.4364333333333, 3043.4365, 3043.4374333333335, 3043.4403666666667, 3043.4413666666665]","[178, 56, 166, 29, 190, 15, 77, 257, 166, 77, 257, 178, 77, 56, 183, 168, 207, 184, 56, 183, 77, 207, 257, 207, 56, 77, 179, 56, 56, 189, 178, 257, 183, 183, 166, 178, 257, 56, 77, 131, 183, 164, 166, 183, 131, 77, 56, 183, 184, 164, 166, 257, 56, 131, 184, 77, 183, 56, 207, 56]"
3043.77,3043.816,3043.8432,3043.8156,6.0934553146362305,0.0732,"[3043.7761666666665, 3043.7767, 3043.7805333333336, 3043.7825666666668, 3043.7870333333335, 3043.7912, 3043.7931, 3043.7972, 3043.7986666666666, 3043.799233333333, 3043.7998, 3043.8016666666667, 3043.8028, 3043.8040666666666, 3043.8058333333333, 3043.806633333333, 3043.808433333333, 3043.808466666667, 3043.808666666667, 3043.810466666667, 3043.8105333333333, 3043.8106, 3043.8108333333334, 3043.8146, 3043.8146333333334, 3043.8153666666667, 3043.8156, 3043.8173, 3043.8179333333333, 3043.8180666666667, 3043.8182, 3043.818366666667, 3043.818366666667, 3043.8187666666668, 3043.8212, 3043.8216, 3043.8217666666665, 3043.8242, 3043.8245, 3043.824633333333, 3043.8259, 3043.8261333333335, 3043.8271, 3043.8272333333334, 3043.8280666666665, 3043.8285666666666, 3043.828933333333, 3043.8294333333333, 3043.8303333333333, 3043.8304, 3043.8305666666665, 3043.8307333333332, 3043.8343, 3043.8343333333332, 3043.835633333333, 3043.8365, 3043.8368333333333, 3043.838133333333, 3043.8403, 3043.8422333333333, 3043.8423333333335, 3043.843066666667]","[77, 30, 166, 56, 77, 142, 207, 166, 15, 77, 257, 168, 166, 142, 207, 183, 144, 56, 166, 188, 257, 164, 77, 188, 56, 178, 166, 142, 183, 77, 243, 56, 15, 257, 15, 142, 257, 77, 142, 56, 164, 166, 190, 142, 168, 243, 77, 56, 15, 142, 178, 168, 142, 77, 56, 164, 166, 223, 243, 166, 142, 183]"
3044.05,3044.06,3044.0832,3044.0584,6.4813947677612305,0.0332,"[3044.0528, 3044.0550333333335, 3044.0556, 3044.0572, 3044.0583, 3044.0585333333333, 3044.0593, 3044.0594, 3044.0594, 3044.0595333333335, 3044.0601, 3044.0627, 3044.0633, 3044.0643666666665, 3044.0653333333335, 3044.0654, 3044.065666666667, 3044.0663, 3044.066333333333, 3044.0669333333335, 3044.0682333333334, 3044.0691, 3044.0693, 3044.0718666666667, 3044.0721, 3044.0733666666665, 3044.0734, 3044.0754333333334, 3044.0755, 3044.0760333333333, 3044.076466666667, 3044.0783, 3044.0788666666667, 3044.0795, 3044.079833333333, 3044.0803, 3044.0804, 3044.0805666666665, 3044.0819, 3044.0825]","[183, 77, 56, 42, 77, 183, 207, 56, 166, 15, 168, 77, 178, 183, 77, 257, 56, 42, 166, 168, 56, 207, 178, 77, 146, 89, 168, 77, 168, 179, 15, 56, 257, 183, 207, 178, 56, 77, 207, 56]"
3058.5848,3058.614,3058.6248,3058.6164,6.302158832550049,0.04,"[3058.5857333333333, 3058.5868666666665, 3058.5878666666667, 3058.5878666666667, 3058.592866666667, 3058.596533333334, 3058.5973, 3058.5983666666666, 3058.5996666666665, 3058.600733333333, 3058.603666666667, 3058.6040333333335, 3058.6048666666666, 3058.6055666666666, 3058.6062, 3058.6064666666666, 3058.6097, 3058.6111, 3058.6115666666665, 3058.6127, 3058.6156333333333, 3058.6163333333334, 3058.6167666666665, 3058.6168333333335, 3058.6194333333333, 3058.621166666667, 3058.6235, 3058.6239333333333, 3058.6239333333333]","[168, 166, 77, 56, 77, 56, 131, 166, 77, 15, 131, 56, 77, 257, 29, 183, 166, 183, 131, 15, 178, 229, 168, 77, 15, 131, 56, 77, 166]"
3061.264,3061.2748,3061.2876,3061.2728,5.181042194366455,0.0236,"[3061.2641, 3061.2658, 3061.2660333333333, 3061.266433333333, 3061.267, 3061.2683, 3061.2689, 3061.2694333333334, 3061.272266666667, 3061.274066666667, 3061.2741666666666, 3061.274966666667, 3061.2751, 3061.2754, 3061.2754333333332, 3061.2754666666665, 3061.2804333333333, 3061.281466666667, 3061.2824666666666, 3061.2834, 3061.2839, 3061.2847666666667]","[178, 168, 56, 223, 166, 77, 207, 56, 178, 166, 56, 178, 15, 164, 77, 190, 56, 77, 166, 183, 15, 56]"
3062.5016,3062.5112,3062.5272,3062.5116,9.0416898727417,0.0256,"[3062.5018, 3062.502466666667, 3062.5035333333335, 3062.5054666666665, 3062.5075666666667, 3062.5076, 3062.510433333334, 3062.5115666666666, 3062.512333333333, 3062.5126666666665, 3062.5127333333335, 3062.5129, 3062.513066666667, 3062.5133333333333, 3062.514, 3062.515066666667, 3062.515733333333, 3062.517966666667, 3062.518566666666, 3062.5192333333334, 3062.5196333333333, 3062.52, 3062.5210333333334, 3062.521133333333, 3062.5215333333335, 3062.5219, 3062.5225333333333]","[77, 223, 80, 77, 29, 166, 178, 77, 142, 15, 178, 190, 183, 166, 56, 29, 178, 183, 77, 15, 56, 190, 164, 257, 29, 142, 56]"
3063.88,3063.8956,3063.9056,3063.8992,5.673689842224121,0.0256,"[3063.8812, 3063.8818666666666, 3063.8821, 3063.8821333333335, 3063.8822, 3063.8834, 3063.8838666666666, 3063.8839, 3063.8843666666667, 3063.8855, 3063.8862, 3063.8863, 3063.8875, 3063.888133333334, 3063.889, 3063.8912, 3063.8916, 3063.8917666666666, 3063.8924666666667, 3063.8959, 3063.897466666667, 3063.8983, 3063.898833333333, 3063.9003666666667, 3063.9015, 3063.9029333333333, 3063.903466666666, 3063.903766666667, 3063.9047333333333]","[207, 56, 29, 77, 190, 183, 257, 15, 131, 89, 166, 56, 207, 257, 164, 257, 166, 56, 183, 178, 166, 77, 56, 229, 223, 257, 15, 223, 164]"
3065.036,3065.0612,3065.0744,3065.062,6.8749895095825195,0.0384,"[3065.0362333333333, 3065.0369, 3065.040233333333, 3065.040266666667, 3065.0453666666667, 3065.0464333333334, 3065.0507666666667, 3065.0511, 3065.0513, 3065.0514333333335, 3065.0518666666667, 3065.0522666666666, 3065.0522666666666, 3065.0559, 3065.0563, 3065.0565, 3065.0570333333335, 3065.057466666666, 3065.0578, 3065.0606666666667, 3065.0608333333334, 3065.0617, 3065.0623, 3065.0627666666664, 3065.063166666667, 3065.0645666666665, 3065.064833333334, 3065.0650666666666, 3065.067533333334, 3065.068333333333, 3065.069, 3065.0697666666665, 3065.070333333333, 3065.0705, 3065.0705333333335, 3065.0706333333333, 3065.073, 3065.0738666666666]","[56, 251, 183, 56, 77, 15, 166, 257, 77, 178, 183, 56, 15, 207, 251, 166, 183, 190, 207, 257, 77, 166, 56, 257, 178, 56, 166, 77, 207, 77, 166, 207, 56, 228, 251, 257, 15, 77]"
3066.008,3066.0172,3066.064,3066.02,3.8962695598602295,0.056,"[3066.008, 3066.008566666667, 3066.0086, 3066.0087, 3066.009433333333, 3066.0098666666668, 3066.0101666666665, 3066.0119, 3066.0134333333335, 3066.014166666667, 3066.015933333333, 3066.0162666666665, 3066.017766666667, 3066.019766666667, 3066.022966666667, 3066.0233333333335, 3066.0261333333333, 3066.0271666666667, 3066.0283666666664, 3066.028533333333, 3066.0291666666667, 3066.0291666666667, 3066.0301, 3066.030133333333, 3066.0304333333333, 3066.031166666666, 3066.0325666666668, 3066.0333333333333, 3066.0339, 3066.0342, 3066.036, 3066.0374333333334, 3066.041133333333, 3066.0417333333335, 3066.0428333333334, 3066.0434, 3066.0438, 3066.0446333333334, 3066.0462, 3066.0464, 3066.0464333333334, 3066.0476, 3066.0480666666667, 3066.0497333333333, 3066.0509333333334, 3066.0515333333333, 3066.0533333333333, 3066.0549, 3066.0565333333334, 3066.0593, 3066.059566666667, 3066.0601333333334, 3066.0619333333334]","[168, 77, 142, 257, 56, 178, 183, 189, 257, 77, 56, 15, 183, 56, 77, 183, 178, 80, 77, 15, 178, 164, 183, 29, 56, 166, 168, 56, 77, 166, 183, 223, 77, 164, 166, 178, 15, 56, 166, 77, 183, 166, 257, 183, 189, 56, 166, 56, 77, 77, 178, 183, 166]"
3068.0228,3068.0428,3068.0748,3068.0432,11.287551879882812,0.052,"[3068.0230333333334, 3068.0234666666665, 3068.0260333333335, 3068.0272666666665, 3068.0273666666667, 3068.0279666666665, 3068.0288, 3068.0290666666665, 3068.0298666666667, 3068.0333, 3068.0333666666666, 3068.0363333333335, 3068.0365333333334, 3068.0378, 3068.0380666666665, 3068.038433333333, 3068.039366666667, 3068.0396, 3068.0426666666667, 3068.0437666666667, 3068.0439666666666, 3068.0443, 3068.0446333333334, 3068.0450333333333, 3068.046533333333, 3068.048, 3068.048133333333, 3068.0484, 3068.051266666667, 3068.052133333333, 3068.0523, 3068.0523, 3068.0538333333334, 3068.056466666667, 3068.0565333333334, 3068.0572666666667, 3068.0586, 3068.0607666666665, 3068.0608666666667, 3068.0615666666667, 3068.0641666666666, 3068.0654, 3068.065433333333, 3068.065433333333, 3068.0662666666667, 3068.0669333333335, 3068.0678, 3068.0681666666665, 3068.0682666666667, 3068.069, 3068.0700666666667, 3068.070166666667, 3068.0707333333335, 3068.0717, 3068.0743333333335, 3068.074433333333, 3068.0745, 3068.0745333333334]","[77, 257, 228, 178, 56, 183, 223, 77, 15, 29, 17, 168, 178, 77, 56, 166, 179, 257, 56, 257, 56, 17, 56, 166, 77, 15, 178, 131, 257, 207, 77, 166, 207, 166, 77, 166, 190, 168, 178, 56, 178, 183, 190, 131, 178, 166, 77, 56, 229, 178, 166, 29, 56, 77, 178, 229, 166, 56]"
3069.0256,3069.0328,3069.0504,3069.032,4.78997802734375,0.0248,"[3069.026533333333, 3069.0277666666666, 3069.0280666666667, 3069.0282, 3069.0283, 3069.028333333333, 3069.0316666666668, 3069.032233333334, 3069.0325, 3069.0345333333335, 3069.0371333333333, 3069.039433333334, 3069.0405, 3069.0406, 3069.0459666666666, 3069.0481, 3069.0494]","[183, 56, 178, 77, 56, 166, 223, 168, 56, 178, 183, 166, 168, 56, 178, 166, 56]"
3070.8856,3070.908,3070.9152,3070.9088,4.378343105316162,0.0296,"[3070.8875666666668, 3070.8895, 3070.8896, 3070.8904666666667, 3070.8916, 3070.8949333333335, 3070.8957333333333, 3070.896333333333, 3070.8964, 3070.8966333333333, 3070.8966666666665, 3070.9003333333335, 3070.9009666666666, 3070.9023, 3070.902666666667, 3070.9028333333335, 3070.903333333333, 3070.9054, 3070.9058333333332, 3070.9075666666668, 3070.9082333333336, 3070.9085666666665, 3070.9090666666666, 3070.9091, 3070.9093, 3070.9094666666665, 3070.9139333333333, 3070.9142, 3070.9149]","[77, 56, 183, 166, 190, 77, 183, 15, 56, 168, 164, 77, 183, 223, 168, 251, 15, 77, 183, 164, 89, 15, 77, 190, 166, 56, 183, 77, 190]"
3071.7076,3071.7444,3071.7536,3071.7464,3.735197067260742,0.046,"[3071.7100333333333, 3071.714033333333, 3071.7171, 3071.7171333333335, 3071.7175, 3071.7192333333332, 3071.7192666666665, 3071.7229, 3071.7237333333333, 3071.728, 3071.7299, 3071.7348666666667, 3071.735, 3071.7359333333334, 3071.7401, 3071.740533333333, 3071.7413, 3071.745933333333, 3071.7466666666664, 3071.7482333333332, 3071.7503666666667, 3071.7536]","[166, 257, 166, 77, 183, 56, 30, 77, 183, 166, 183, 56, 77, 166, 228, 183, 166, 56, 257, 166, 178, 228]"
3072.6756,3072.682,3072.7148,3072.68,3.1874494552612305,0.0392,"[3072.6759666666667, 3072.6765666666665, 3072.677866666667, 3072.6781, 3072.6791333333335, 3072.6794666666665, 3072.6806333333334, 3072.6811333333335, 3072.681633333333, 3072.682566666667, 3072.6827333333335, 3072.684266666666, 3072.6848666666665, 3072.6849, 3072.685466666667, 3072.6858666666667, 3072.687266666667, 3072.6878666666667, 3072.6883, 3072.6885666666667, 3072.6887333333334, 3072.6893, 3072.6932333333334, 3072.6937666666668, 3072.694433333333, 3072.6974, 3072.6982, 3072.6984666666667, 3072.7000666666668, 3072.7013666666667, 3072.702333333333, 3072.7058333333334, 3072.7065666666667, 3072.709, 3072.7091666666665, 3072.7101333333335, 3072.7103666666667, 3072.711333333333, 3072.7120333333332, 3072.7124, 3072.7125333333333, 3072.7143333333333, 3072.7146]","[251, 77, 223, 56, 77, 229, 207, 228, 77, 207, 190, 166, 77, 229, 178, 56, 77, 189, 207, 166, 190, 56, 56, 77, 131, 56, 77, 257, 228, 56, 183, 183, 166, 56, 131, 178, 77, 183, 166, 164, 15, 56, 77]"
3073.7504,3073.76,3073.7776,3073.7572,6.304841041564941,0.0272,"[3073.7506, 3073.7516333333333, 3073.7517666666668, 3073.7519, 3073.752333333334, 3073.7525333333333, 3073.7568, 3073.7571333333335, 3073.7581333333333, 3073.7581666666665, 3073.7582666666667, 3073.759, 3073.7603, 3073.763733333333, 3073.7646666666665, 3073.7716666666665, 3073.772166666666, 3073.7727333333332, 3073.7728333333334, 3073.7755333333334]","[56, 223, 183, 77, 257, 166, 166, 77, 166, 223, 56, 183, 178, 251, 164, 223, 183, 77, 166, 77]"
3074.7696,3074.7796,3074.83,3074.7792,5.238147735595703,0.0604,"[3074.7697, 3074.7728333333334, 3074.7748, 3074.774866666666, 3074.7752333333333, 3074.7758, 3074.7759666666666, 3074.7787333333335, 3074.7801666666664, 3074.7807, 3074.7809333333335, 3074.781233333333, 3074.7847, 3074.7872, 3074.7889, 3074.7890333333335, 3074.789133333333, 3074.7944666666667, 3074.7952333333333, 3074.7954, 3074.7955666666667, 3074.7976, 3074.799233333333, 3074.8013, 3074.802, 3074.803266666667, 3074.8035333333332, 3074.803766666667, 3074.8039, 3074.8042666666665, 3074.8061, 3074.808433333333, 3074.8095, 3074.8097333333335, 3074.810033333333, 3074.8103, 3074.811833333333, 3074.813166666667, 3074.8138, 3074.8141333333333, 3074.8146, 3074.815733333334, 3074.816766666667, 3074.8169333333335, 3074.8196666666668, 3074.8209666666667, 3074.8218, 3074.8233333333333, 3074.8251666666665, 3074.8262, 3074.8268333333335, 3074.8279333333335, 3074.828233333333, 3074.8290333333334, 3074.8291]","[183, 56, 29, 166, 178, 164, 15, 168, 77, 166, 15, 164, 229, 183, 77, 257, 229, 166, 178, 77, 257, 56, 229, 56, 29, 166, 207, 15, 29, 257, 77, 166, 29, 207, 56, 15, 190, 166, 257, 77, 183, 15, 56, 190, 77, 56, 178, 56, 77, 15, 17, 56, 15, 77, 166]"
3081.2612,3081.2672,3081.2996,3081.2652,3.641829490661621,0.0384,"[3081.262133333333, 3081.2624, 3081.2627, 3081.2647, 3081.265533333333, 3081.266166666667, 3081.268666666667, 3081.2689, 3081.2693, 3081.2700333333332, 3081.2718666666665, 3081.2724333333335, 3081.2730333333334, 3081.273133333333, 3081.2747, 3081.2754333333332, 3081.2789666666667, 3081.2798333333335, 3081.2808, 3081.2843666666668, 3081.2844333333333, 3081.2846, 3081.2851666666666, 3081.286833333333, 3081.2874333333334, 3081.2907666666665, 3081.2911, 3081.292733333333, 3081.293133333333, 3081.2934, 3081.297666666667]","[77, 178, 189, 178, 77, 168, 207, 223, 183, 77, 166, 207, 56, 15, 77, 178, 166, 183, 56, 166, 15, 183, 56, 15, 257, 178, 184, 166, 56, 183, 56]"
3081.8888,3081.932,3081.9456,3081.9328,4.032355785369873,0.0568,"[3081.8896, 3081.8896, 3081.8898, 3081.889866666667, 3081.8913666666667, 3081.8915666666667, 3081.8969333333334, 3081.8971333333334, 3081.898166666667, 3081.899066666667, 3081.8992333333335, 3081.9029333333333, 3081.9041333333334, 3081.905133333333, 3081.9097333333334, 3081.9101333333333, 3081.911866666667, 3081.9126666666666, 3081.9126666666666, 3081.9132, 3081.9139333333333, 3081.9153666666666, 3081.9165333333335, 3081.9198666666666, 3081.92, 3081.9201333333335, 3081.9203, 3081.920866666667, 3081.9210333333335, 3081.9212, 3081.9256, 3081.9268333333334, 3081.929, 3081.9290666666666, 3081.9308, 3081.9308, 3081.9327, 3081.9329666666667, 3081.9331333333334, 3081.933666666667, 3081.9355333333333, 3081.936, 3081.9371, 3081.9378333333334, 3081.9401333333335, 3081.940433333333, 3081.941333333333, 3081.945366666667]","[77, 166, 15, 190, 56, 183, 166, 77, 15, 183, 56, 77, 164, 56, 207, 183, 56, 134, 178, 164, 77, 29, 183, 257, 164, 178, 77, 56, 190, 15, 131, 207, 164, 77, 56, 178, 131, 257, 166, 77, 178, 183, 183, 77, 56, 183, 223, 56]"
3082.07,3082.0892,3082.1008,3082.0908,5.353776454925537,0.0308,"[3082.0718, 3082.071966666667, 3082.0729666666666, 3082.073, 3082.0734333333335, 3082.073533333333, 3082.0785666666666, 3082.078666666667, 3082.0803, 3082.0838, 3082.0848666666666, 3082.085, 3082.0851666666667, 3082.0852333333332, 3082.090166666667, 3082.0906666666665, 3082.091, 3082.0914666666667, 3082.0927, 3082.0929333333333, 3082.0980666666665, 3082.0995, 3082.1004333333335]","[189, 183, 257, 178, 190, 56, 56, 77, 207, 178, 166, 77, 56, 178, 183, 179, 77, 56, 15, 190, 56, 77, 166]"
3082.628,3082.6376,3082.66,3082.6384,5.401138782501221,0.032,"[3082.6281, 3082.630633333333, 3082.6316666666667, 3082.6324, 3082.6326, 3082.6332333333335, 3082.633566666667, 3082.6361333333334, 3082.6387, 3082.6399666666666, 3082.6408666666666, 3082.6411333333335, 3082.6413666666667, 3082.6464666666666, 3082.6477333333332, 3082.6484333333333, 3082.6488, 3082.6492, 3082.649933333333, 3082.6547, 3082.6552, 3082.6557666666668, 3082.6565666666665]","[207, 56, 189, 166, 77, 183, 29, 77, 166, 77, 15, 190, 29, 166, 207, 15, 56, 29, 190, 77, 15, 190, 15]"
3082.9044,3082.9216,3082.9584,3082.9252,5.148622512817383,0.054,"[3082.9052333333334, 3082.9057666666668, 3082.9068, 3082.9103, 3082.910833333334, 3082.9122666666667, 3082.9125, 3082.9136, 3082.917933333333, 3082.9186666666665, 3082.9194, 3082.9217, 3082.923566666667, 3082.9239333333335, 3082.924233333333, 3082.926266666667, 3082.926466666667, 3082.926933333333, 3082.927366666667, 3082.9294666666665, 3082.9319333333333, 3082.9328333333333, 3082.933, 3082.9332, 3082.936066666666, 3082.9371666666666, 3082.9371666666666, 3082.937733333333, 3082.9377666666664, 3082.9382666666666, 3082.9384666666665, 3082.939533333333, 3082.9396333333334, 3082.9401333333335, 3082.9418, 3082.9427, 3082.9446, 3082.9456666666665, 3082.945833333333, 3082.9464666666668, 3082.9470666666666, 3082.9470666666666, 3082.9481333333333, 3082.9484, 3082.9494, 3082.9496, 3082.950733333333, 3082.951633333333, 3082.952133333333, 3082.9527, 3082.953, 3082.954833333333, 3082.9565666666667]","[178, 77, 56, 178, 77, 144, 183, 77, 183, 178, 29, 257, 77, 183, 223, 223, 144, 178, 29, 183, 178, 142, 77, 56, 178, 228, 56, 15, 142, 77, 119, 207, 178, 183, 15, 178, 183, 142, 56, 77, 257, 15, 207, 166, 142, 56, 134, 77, 188, 166, 183, 15, 183]"
3083.9644,3083.9888,3083.9992,3083.988,6.501622676849365,0.0348,"[3083.9670333333333, 3083.9674333333332, 3083.969633333333, 3083.9714, 3083.9742666666666, 3083.9747333333335, 3083.975966666667, 3083.9766, 3083.9807, 3083.9809, 3083.981333333333, 3083.981433333334, 3083.9825, 3083.983, 3083.983333333333, 3083.9841333333334, 3083.9843, 3083.9855666666667, 3083.988, 3083.9884, 3083.9886, 3083.988733333333, 3083.988966666667, 3083.9897666666666, 3083.9899666666665, 3083.993266666667, 3083.996, 3083.9966, 3083.9974666666667, 3083.9978]","[257, 168, 183, 56, 183, 257, 56, 15, 178, 77, 183, 166, 56, 183, 15, 164, 223, 56, 183, 178, 257, 190, 77, 56, 166, 257, 190, 56, 15, 257]"
3084.1352,3084.1412,3084.1744,3084.1436,3.7315359115600586,0.0392,"[3084.1368, 3084.1374, 3084.138033333333, 3084.140933333333, 3084.1415666666667, 3084.144766666667, 3084.1465, 3084.147066666667, 3084.1588, 3084.1592666666666, 3084.164533333333, 3084.1662, 3084.1685]","[77, 257, 56, 257, 131, 77, 56, 29, 178, 77, 56, 166, 15]"
3084.5628,3084.5716,3084.6088,3084.572,5.606302738189697,0.046,"[3084.5631, 3084.5634666666665, 3084.5646333333334, 3084.569466666667, 3084.5714333333335, 3084.5722333333333, 3084.5728, 3084.573733333333, 3084.5754, 3084.5760333333333, 3084.580033333333, 3084.5803333333333, 3084.584733333333, 3084.5849333333335, 3084.5850333333333, 3084.586766666667, 3084.5877333333333, 3084.5889, 3084.5896666666667, 3084.5896666666667, 3084.590966666666, 3084.591066666667, 3084.5915333333332, 3084.5934, 3084.5959333333335, 3084.596233333333, 3084.5987, 3084.5988, 3084.5988666666667, 3084.5990666666667, 3084.5993, 3084.5997, 3084.5999333333334, 3084.601133333333, 3084.6017, 3084.6026333333334, 3084.604733333333, 3084.6059666666665, 3084.606533333333, 3084.6072, 3084.6078, 3084.6086]","[15, 56, 77, 183, 142, 77, 178, 56, 178, 142, 77, 189, 183, 142, 77, 89, 142, 183, 77, 183, 188, 183, 142, 243, 183, 15, 183, 56, 77, 166, 243, 188, 223, 15, 166, 183, 77, 56, 183, 15, 166, 30]"
3085.7284,3085.7752,3085.7812,3085.776,3.301622152328491,0.0528,"[3085.7289, 3085.7290666666668, 3085.7298333333333, 3085.731566666667, 3085.7319666666667, 3085.7327666666665, 3085.734033333333, 3085.7355666666667, 3085.7359, 3085.736533333333, 3085.7366, 3085.739466666667, 3085.7409333333335, 3085.742366666667, 3085.7438333333334, 3085.7442333333333, 3085.7492, 3085.7514666666666, 3085.754933333333, 3085.7570333333333, 3085.7573333333335, 3085.7589, 3085.7634333333335, 3085.7653, 3085.7655, 3085.766833333333, 3085.7671666666665, 3085.767333333333, 3085.7678, 3085.767966666667, 3085.7687, 3085.773066666666, 3085.7731, 3085.773366666667, 3085.7744333333335, 3085.7768333333333, 3085.7772333333332, 3085.7808333333332]","[168, 257, 131, 77, 166, 29, 77, 168, 15, 178, 257, 183, 257, 166, 131, 77, 77, 15, 77, 166, 15, 56, 77, 15, 190, 257, 166, 56, 77, 164, 178, 164, 15, 56, 190, 257, 17, 77]"
3087.3732,3087.3868,3087.4168,3087.414,4.03657341003418,0.0436,"[3087.3771333333334, 3087.3777666666665, 3087.3778333333335, 3087.3785666666668, 3087.3786666666665, 3087.3803333333335, 3087.3813333333333, 3087.3841, 3087.3847333333333, 3087.3849666666665, 3087.3850333333335, 3087.3857333333335, 3087.387833333333, 3087.388933333333, 3087.390033333333, 3087.3901333333333, 3087.391166666667, 3087.3924666666667, 3087.393566666666, 3087.3937666666666, 3087.3945, 3087.3954, 3087.396133333333, 3087.3962, 3087.3964, 3087.3978666666667, 3087.3984666666665, 3087.4001, 3087.4005, 3087.400766666666, 3087.4010333333335, 3087.4021333333335, 3087.402433333333, 3087.4027, 3087.4031, 3087.4036333333333, 3087.4042, 3087.4045333333333, 3087.4049333333332, 3087.407, 3087.4074333333333, 3087.4089, 3087.408966666667, 3087.4101, 3087.410733333333, 3087.4125, 3087.4129333333335, 3087.4130333333333, 3087.4135666666666, 3087.414333333333, 3087.4151333333334]","[229, 77, 15, 183, 166, 29, 56, 179, 166, 229, 77, 56, 207, 228, 77, 29, 183, 77, 166, 223, 56, 228, 207, 178, 77, 207, 190, 207, 77, 56, 183, 207, 89, 166, 179, 56, 178, 168, 77, 229, 168, 77, 131, 183, 15, 178, 183, 77, 166, 17, 56]"
3088.9636,3088.9792,3088.9968,3088.9784,4.158925533294678,0.0332,"[3088.9636333333333, 3088.9649666666664, 3088.9666333333334, 3088.9676666666664, 3088.9677, 3088.9678, 3088.9704333333334, 3088.971533333334, 3088.9717666666666, 3088.9728, 3088.973233333333, 3088.9737, 3088.9738, 3088.974333333333, 3088.9774666666667, 3088.9782333333333, 3088.9792, 3088.9792666666667, 3088.9794666666667, 3088.979766666667, 3088.9799, 3088.9807333333333, 3088.9819666666667, 3088.982666666667, 3088.9843333333333, 3088.9845666666665, 3088.9854666666665, 3088.9874666666665, 3088.9881, 3088.9899, 3088.9900333333335, 3088.9902333333334, 3088.9910666666665, 3088.993466666667, 3088.9942666666666, 3088.9945333333335, 3088.9945666666667, 3088.9954666666667]","[15, 257, 77, 166, 251, 189, 56, 179, 89, 77, 166, 251, 144, 15, 168, 257, 183, 77, 168, 207, 56, 257, 207, 166, 77, 56, 183, 77, 166, 178, 56, 166, 189, 183, 77, 15, 178, 29]"
3090.0288,3090.0544,3090.0696,3090.056,5.9721574783325195,0.0408,"[3090.0315666666665, 3090.0336, 3090.0361333333335, 3090.0372, 3090.0379, 3090.0406333333335, 3090.0409, 3090.0426, 3090.0442, 3090.0453, 3090.0509333333334, 3090.052366666667, 3090.0534666666667, 3090.055966666667, 3090.059333333333, 3090.0628333333334, 3090.064, 3090.0645, 3090.0657666666666]","[56, 77, 142, 164, 183, 178, 77, 56, 77, 183, 77, 168, 183, 178, 77, 77, 183, 56, 29]"
3092.3812,3092.4036,3092.4116,3092.4052,5.4699625968933105,0.0304,"[3092.382, 3092.3829333333333, 3092.3829666666666, 3092.3838333333333, 3092.3843, 3092.384666666667, 3092.3851666666665, 3092.386033333333, 3092.3870333333334, 3092.3922333333335, 3092.392533333333, 3092.3929, 3092.3948, 3092.3959, 3092.3966333333333, 3092.3983, 3092.3996, 3092.3996333333334, 3092.400166666667, 3092.4003666666667, 3092.4042, 3092.4057, 3092.4057333333335, 3092.4065333333333]","[56, 223, 178, 184, 183, 77, 178, 56, 131, 257, 80, 77, 183, 56, 257, 184, 166, 56, 183, 77, 207, 56, 77, 166]"
3093.1452,3093.1808,3093.1852,3093.1804,3.0648012161254883,0.04,"[3093.1453333333334, 3093.1459, 3093.146566666667, 3093.1471333333334, 3093.1489, 3093.1492333333335, 3093.1504666666665, 3093.1507333333334, 3093.1511, 3093.152633333333, 3093.154466666667, 3093.156166666666, 3093.1566, 3093.1566333333335, 3093.158266666667, 3093.158966666667, 3093.1599, 3093.1614, 3093.162, 3093.1622, 3093.1627, 3093.1649666666667, 3093.1650666666665, 3093.1667, 3093.1668, 3093.1672, 3093.168133333333, 3093.1683, 3093.1702666666665, 3093.1725, 3093.1728, 3093.1734666666666, 3093.1748, 3093.1750666666667, 3093.1755, 3093.177, 3093.1792666666665, 3093.1800333333335, 3093.1809333333335, 3093.1810333333333, 3093.1821666666665, 3093.1837666666665, 3093.1843]","[56, 168, 184, 77, 183, 42, 166, 178, 77, 179, 184, 166, 77, 179, 257, 257, 15, 184, 183, 77, 183, 56, 42, 77, 166, 223, 168, 164, 178, 77, 207, 56, 15, 257, 166, 15, 56, 134, 257, 166, 183, 77, 56]"
3099.4836,3099.4988,3099.5152,3099.4968,5.69793701171875,0.0316,"[3099.487866666667, 3099.488566666667, 3099.4913333333334, 3099.4917333333333, 3099.4984666666664, 3099.5017, 3099.504066666667, 3099.504133333334, 3099.5093666666667, 3099.5123, 3099.5129333333334, 3099.5137666666665]","[223, 56, 29, 257, 166, 77, 56, 166, 183, 166, 178, 56]"
3099.966,3099.9748,3099.9916,3099.9752,6.339778423309326,0.0256,"[3099.9685666666664, 3099.9698333333336, 3099.9699, 3099.971, 3099.9712, 3099.9714, 3099.9716333333336, 3099.9717666666666, 3099.974366666667, 3099.9748666666665, 3099.9749, 3099.9755666666665, 3099.9755666666665, 3099.9763666666668, 3099.9771333333333, 3099.9772, 3099.978866666667, 3099.979, 3099.9801666666667, 3099.982433333333, 3099.9829, 3099.9830666666667, 3099.983566666667, 3099.9844, 3099.984733333333, 3099.988066666667, 3099.9898, 3099.9906, 3099.9915]","[131, 183, 166, 77, 56, 257, 207, 190, 183, 178, 168, 257, 179, 77, 168, 164, 183, 257, 178, 77, 166, 183, 119, 168, 207, 131, 183, 257, 15]"
3100.056,3100.0976,3100.1088,3100.098,8.148492813110352,0.0528,"[3100.0569333333333, 3100.0570333333335, 3100.0572666666667, 3100.0585666666666, 3100.0601, 3100.0603, 3100.062966666667, 3100.0633, 3100.0642, 3100.0655333333334, 3100.065666666667, 3100.066, 3100.0661333333333, 3100.0684, 3100.0696666666668, 3100.0702666666666, 3100.0714666666668, 3100.072133333333, 3100.0741, 3100.075566666667, 3100.0758, 3100.0765333333334, 3100.0771666666665, 3100.0774666666666, 3100.0781, 3100.0783333333334, 3100.0795, 3100.0803, 3100.0807, 3100.0823333333333, 3100.0824666666667, 3100.0825333333332, 3100.0828333333334, 3100.0833, 3100.0839, 3100.085633333333, 3100.0875666666666, 3100.0886666666665, 3100.0887666666667, 3100.091, 3100.091866666666, 3100.092, 3100.092766666666, 3100.0932333333335, 3100.0937, 3100.0940333333333, 3100.0952333333335, 3100.096666666667, 3100.097566666667, 3100.0976333333333, 3100.098033333333, 3100.099166666667, 3100.0994333333333, 3100.0996666666665, 3100.099833333333, 3100.0998666666665, 3100.1004333333335, 3100.101, 3100.1064, 3100.1066333333333, 3100.1071, 3100.1080666666667]","[56, 77, 257, 183, 56, 166, 42, 257, 166, 183, 56, 77, 178, 223, 56, 77, 168, 166, 89, 77, 183, 56, 207, 168, 178, 15, 223, 179, 77, 56, 166, 257, 42, 29, 168, 56, 77, 15, 166, 207, 77, 257, 183, 168, 77, 56, 183, 146, 56, 207, 183, 77, 257, 56, 15, 146, 183, 42, 15, 178, 166, 77]"
3100.4908,3100.518,3100.5552,3100.546,5.673518180847168,0.0644,"[3100.494066666666, 3100.4943, 3100.4964333333332, 3100.4991666666665, 3100.500466666667, 3100.5007, 3100.501133333333, 3100.5033333333336, 3100.5036333333333, 3100.5046, 3100.5052666666666, 3100.5072666666665, 3100.5083, 3100.508333333333, 3100.5089666666668, 3100.5095, 3100.510366666667, 3100.5134333333335, 3100.5138666666667, 3100.5143333333335, 3100.5144666666665, 3100.5166, 3100.5192666666667, 3100.52, 3100.521566666667, 3100.522466666667, 3100.5228666666667, 3100.522933333333, 3100.526066666667, 3100.5270333333333, 3100.5284333333334, 3100.5286666666666, 3100.531933333333, 3100.5326, 3100.5329666666667, 3100.5333333333333, 3100.5344, 3100.534833333333, 3100.5354, 3100.536666666667, 3100.5396, 3100.5398, 3100.5401666666667, 3100.5401666666667, 3100.5408666666667, 3100.5424333333335, 3100.5424333333335, 3100.5460333333335, 3100.546733333333, 3100.547633333333, 3100.548566666667, 3100.550566666667, 3100.5506, 3100.5534, 3100.5541, 3100.5544666666665, 3100.5549, 3100.5551666666665]","[257, 77, 56, 77, 30, 257, 56, 77, 183, 207, 56, 15, 207, 77, 166, 179, 207, 183, 166, 207, 77, 183, 77, 183, 166, 15, 178, 77, 146, 77, 56, 168, 183, 166, 77, 56, 178, 166, 77, 251, 183, 228, 77, 178, 257, 166, 56, 183, 228, 166, 56, 183, 251, 257, 178, 183, 15, 77]"
3258.4708,3258.4788,3258.5092,3258.4792,5.139109134674072,0.0384,"[3258.4708, 3258.4722666666667, 3258.473333333334, 3258.4737, 3258.4737, 3258.4738666666667, 3258.4739, 3258.4747666666667, 3258.4748666666665, 3258.4759, 3258.475966666667, 3258.476166666667, 3258.4762333333333, 3258.4766, 3258.477733333333, 3258.4788, 3258.478833333333, 3258.4794666666667, 3258.481366666667, 3258.481566666667, 3258.483833333333, 3258.4841, 3258.4841666666666, 3258.4843666666666, 3258.4845333333333, 3258.4863, 3258.4886, 3258.4888666666666, 3258.489866666667, 3258.491233333333, 3258.4921, 3258.4924666666666, 3258.4926, 3258.4926333333333, 3258.4932, 3258.494133333333, 3258.4942333333333, 3258.4945333333335, 3258.4967333333334, 3258.4976, 3258.4984666666664, 3258.4986, 3258.498633333333, 3258.5003666666667, 3258.5003666666667, 3258.501133333333, 3258.5018, 3258.503833333333, 3258.5048333333334, 3258.5064333333335, 3258.5066, 3258.5072666666665, 3258.508633333334]","[166, 178, 207, 77, 164, 146, 168, 257, 42, 80, 77, 15, 166, 56, 207, 80, 77, 207, 146, 56, 223, 56, 146, 166, 77, 168, 178, 77, 251, 183, 207, 166, 77, 80, 15, 56, 207, 178, 166, 56, 77, 178, 164, 257, 56, 178, 166, 251, 178, 207, 77, 166, 56]"
3260.2592,3260.2712,3260.2796,3260.2752,3.7150142192840576,0.0204,"[3260.2610666666665, 3260.2640666666666, 3260.2644, 3260.2645333333335, 3260.2645666666667, 3260.2653666666665, 3260.2654666666667, 3260.2656333333334, 3260.2687, 3260.2689666666665, 3260.269, 3260.2692, 3260.2696, 3260.2706, 3260.2745333333332, 3260.2749, 3260.2765666666664, 3260.2769333333335, 3260.2771333333335, 3260.277866666667, 3260.2790333333332]","[183, 77, 166, 189, 183, 56, 207, 229, 183, 78, 77, 166, 190, 56, 56, 257, 77, 15, 166, 223, 178]"
3261.01,3261.0312,3261.0384,3261.0332,4.295223712921143,0.0284,"[3261.013466666667, 3261.0142, 3261.0143333333335, 3261.015733333333, 3261.015733333333, 3261.0209666666665, 3261.0214333333333, 3261.0215333333335, 3261.022033333333, 3261.0224, 3261.0272, 3261.027633333333, 3261.027666666667, 3261.0282666666667, 3261.028333333333, 3261.0287333333335, 3261.0315333333333, 3261.0333666666666, 3261.0346, 3261.037633333334, 3261.0381666666667]","[131, 56, 166, 77, 183, 77, 257, 15, 168, 56, 183, 77, 15, 56, 190, 166, 131, 77, 207, 56, 257]"
3264.682,3264.6972,3264.706,3264.6996,4.406832218170166,0.024,"[3264.682, 3264.6838666666667, 3264.685466666667, 3264.6855, 3264.686133333333, 3264.6878333333334, 3264.6883, 3264.688833333333, 3264.6899, 3264.6906, 3264.691, 3264.6925666666666, 3264.693366666667, 3264.6939, 3264.6951, 3264.6952, 3264.6954, 3264.6998, 3264.7013, 3264.701433333333]","[77, 257, 77, 228, 168, 166, 89, 56, 77, 164, 190, 223, 207, 257, 15, 77, 207, 188, 178, 257]"
3268.7192,3268.73,3268.7396,3268.7308,5.162606716156006,0.0204,"[3268.7201, 3268.7203666666665, 3268.7204, 3268.7226333333333, 3268.7260666666666, 3268.7269, 3268.7299333333335, 3268.7338666666665, 3268.7348, 3268.7353333333335, 3268.7362, 3268.738566666667]","[15, 146, 166, 77, 207, 166, 179, 77, 178, 183, 168, 168]"
3269.5164,3269.5416,3269.55,3269.5432,7.353451251983643,0.0336,"[3269.5169, 3269.517666666666, 3269.5182666666665, 3269.5184, 3269.5185333333334, 3269.5209333333332, 3269.522033333333, 3269.5223333333333, 3269.5225333333333, 3269.5227333333332, 3269.5229, 3269.5237666666667, 3269.5254333333332, 3269.525666666667, 3269.5262666666667, 3269.5265666666664, 3269.5273333333334, 3269.5287, 3269.529233333333, 3269.5306, 3269.5307666666668, 3269.5320333333334, 3269.5332333333336, 3269.5338, 3269.534033333334, 3269.5342, 3269.5353333333333, 3269.5377, 3269.5379333333335, 3269.538, 3269.539133333333, 3269.539533333333, 3269.5398666666665, 3269.541133333333, 3269.5424, 3269.5424333333335, 3269.5443333333333]","[77, 164, 166, 15, 56, 77, 56, 207, 223, 164, 166, 15, 56, 178, 77, 257, 183, 168, 15, 56, 168, 77, 257, 164, 190, 77, 56, 207, 189, 77, 166, 207, 168, 178, 223, 15, 166]"
3270.384,3270.4116,3270.4312,3270.4112,5.1683878898620605,0.0472,"[3270.3850666666667, 3270.3875666666668, 3270.3890666666666, 3270.3904666666667, 3270.3905666666665, 3270.391633333333, 3270.3924666666667, 3270.393666666667, 3270.3948, 3270.395366666666, 3270.395433333333, 3270.3962333333334, 3270.3969666666667, 3270.3971, 3270.3975666666665, 3270.3978, 3270.398, 3270.399, 3270.399, 3270.4021666666667, 3270.4041333333334, 3270.4041333333334, 3270.406166666666, 3270.4067, 3270.4081, 3270.409633333333, 3270.4126, 3270.4126, 3270.4160666666667, 3270.4167333333335, 3270.4173666666666, 3270.4174333333335, 3270.4175, 3270.420833333333, 3270.4214666666667, 3270.4265666666665, 3270.4279333333334, 3270.4281666666666, 3270.4286666666667]","[56, 77, 178, 56, 15, 257, 77, 178, 56, 29, 15, 56, 183, 77, 164, 15, 166, 77, 56, 56, 183, 168, 168, 178, 56, 77, 166, 183, 207, 77, 183, 17, 56, 178, 183, 56, 77, 15, 168]"
3272.17,3272.2116,3272.2284,3272.1776,3.73711609840393,0.0584,"[3272.172, 3272.1722, 3272.1726, 3272.172666666667, 3272.1739666666667, 3272.1742, 3272.1811333333335, 3272.1822666666667, 3272.184133333333, 3272.1844666666666, 3272.185466666667, 3272.1875333333332, 3272.1883666666668, 3272.1885666666667, 3272.1887333333334, 3272.188833333333, 3272.1912666666667, 3272.1926333333336, 3272.194, 3272.1968, 3272.1991333333335, 3272.199433333333, 3272.203666666667, 3272.2042333333334, 3272.2042666666666, 3272.2049666666667, 3272.205033333333, 3272.2053, 3272.2055, 3272.2071333333333, 3272.208, 3272.209766666667, 3272.2099333333335, 3272.2102, 3272.2102333333332, 3272.211766666667, 3272.212, 3272.2144333333335, 3272.215066666666, 3272.215166666667, 3272.2168, 3272.2170333333333, 3272.217833333333, 3272.2184333333335, 3272.2193333333335, 3272.2216, 3272.2242666666666, 3272.2271333333333]","[77, 257, 56, 166, 164, 15, 229, 77, 56, 229, 89, 56, 168, 183, 229, 223, 15, 29, 223, 168, 166, 77, 178, 166, 56, 15, 183, 190, 77, 223, 183, 166, 178, 228, 56, 77, 15, 56, 183, 77, 164, 89, 166, 15, 77, 56, 89, 183]"
3274.4632,3274.4928,3274.5,3274.4912,5.787850856781006,0.0368,"[3274.4639666666667, 3274.464, 3274.4666666666667, 3274.467, 3274.4671, 3274.468966666667, 3274.471666666667, 3274.4732, 3274.4733, 3274.4736666666668, 3274.4742, 3274.4752, 3274.4755666666665, 3274.476133333333, 3274.4769666666666, 3274.4769666666666, 3274.4780333333333, 3274.4780333333333, 3274.479533333333, 3274.4825333333333, 3274.4828, 3274.484733333333, 3274.4854666666665, 3274.4857333333334, 3274.4858, 3274.4882666666667, 3274.4891666666667, 3274.490566666667, 3274.4906333333333, 3274.491366666666, 3274.4916, 3274.4920333333334, 3274.4937666666665, 3274.4960666666666, 3274.4973, 3274.4981666666667, 3274.4988333333336, 3274.4988333333336]","[15, 183, 166, 56, 77, 15, 56, 183, 166, 77, 15, 164, 56, 166, 257, 15, 77, 183, 257, 179, 77, 56, 166, 189, 257, 257, 56, 183, 77, 56, 164, 166, 183, 56, 183, 257, 77, 166]"
3278.2176,3278.2348,3278.2596,3278.2332,8.190383911132812,0.042,"[3278.2197, 3278.2199, 3278.220766666667, 3278.2218666666668, 3278.2237, 3278.2247333333335, 3278.224833333333, 3278.2252, 3278.2255333333333, 3278.2264666666665, 3278.226866666667, 3278.2310333333335, 3278.2321, 3278.232233333333, 3278.2341666666666, 3278.234733333333, 3278.2352666666666, 3278.237766666666, 3278.2381, 3278.240766666667, 3278.2411333333334, 3278.2419, 3278.242, 3278.244066666666, 3278.2447666666667, 3278.2499333333335, 3278.2506, 3278.2507666666666, 3278.2544333333335, 3278.254933333333, 3278.2556]","[29, 183, 77, 178, 56, 144, 131, 166, 207, 183, 77, 77, 178, 56, 29, 77, 178, 183, 56, 144, 183, 77, 166, 144, 77, 56, 77, 166, 183, 257, 77]"
3279.926,3279.9488,3279.9928,3279.944,7.432079792022705,0.0668,"[3279.9265, 3279.9267, 3279.9276, 3279.9287, 3279.9326666666666, 3279.9337333333333, 3279.9356333333335, 3279.9368666666664, 3279.9391666666666, 3279.9398, 3279.9400333333333, 3279.9406, 3279.943, 3279.9438, 3279.9513666666667, 3279.952333333333, 3279.9528666666665, 3279.953033333333, 3279.9531666666667, 3279.9540666666667, 3279.9589666666666, 3279.9605333333334, 3279.960566666666, 3279.9609666666665, 3279.961, 3279.9610333333335, 3279.9621333333334, 3279.9643666666666, 3279.9649, 3279.966033333333, 3279.966966666667, 3279.9671, 3279.9673333333335, 3279.9702333333335, 3279.9728, 3279.9731333333334, 3279.9735666666666, 3279.9741, 3279.9755, 3279.9756666666667, 3279.9785333333334, 3279.9790333333335, 3279.9790666666668, 3279.9794, 3279.9803, 3279.9808666666668, 3279.9810666666667, 3279.9837666666667, 3279.9848333333334, 3279.985366666667, 3279.9855666666667, 3279.9859666666666, 3279.9861, 3279.9873, 3279.9911]","[164, 178, 183, 56, 56, 77, 56, 166, 29, 15, 257, 56, 257, 77, 257, 56, 183, 29, 15, 77, 183, 166, 17, 56, 29, 15, 77, 168, 257, 77, 56, 15, 257, 17, 166, 77, 183, 178, 17, 15, 178, 77, 228, 17, 207, 15, 183, 228, 183, 56, 42, 77, 17, 257, 77]"
3281.5564,3281.5856,3281.6052,3281.588,7.778415679931641,0.0488,"[3281.558, 3281.558366666666, 3281.5592333333334, 3281.5611, 3281.5613, 3281.5615, 3281.5668333333333, 3281.5669666666668, 3281.5677333333333, 3281.5696333333335, 3281.5702, 3281.571066666667, 3281.5712, 3281.5719, 3281.577133333333, 3281.5772666666667, 3281.5775, 3281.5785333333333, 3281.5787333333333, 3281.580033333333, 3281.5822333333335, 3281.5825, 3281.582966666667, 3281.5834, 3281.5834, 3281.5863, 3281.5878333333335, 3281.5889333333334, 3281.5901, 3281.5902, 3281.5903, 3281.5920666666666, 3281.5928, 3281.5931, 3281.5931333333333, 3281.5933666666665, 3281.5939, 3281.595333333333, 3281.595633333334, 3281.5960666666665, 3281.596233333333, 3281.599166666667, 3281.601166666667, 3281.6021666666666, 3281.6023666666665, 3281.6037666666666, 3281.6041, 3281.6047, 3281.6049333333335]","[178, 77, 56, 183, 77, 56, 77, 257, 207, 183, 77, 166, 228, 207, 164, 166, 77, 178, 15, 166, 251, 207, 178, 183, 56, 228, 77, 166, 183, 30, 257, 77, 178, 15, 144, 56, 207, 56, 131, 168, 257, 183, 56, 89, 178, 77, 183, 166, 56]"
3285.0032,3285.0208,3285.0268,3285.0196,3.8945138454437256,0.0236,"[3285.003233333334, 3285.0038, 3285.0044666666668, 3285.0062333333335, 3285.0066666666667, 3285.008333333333, 3285.008566666667, 3285.0087, 3285.0088666666666, 3285.009533333334, 3285.010333333333, 3285.0113666666666, 3285.0120666666667, 3285.013933333333, 3285.0143, 3285.0155666666665, 3285.016833333333, 3285.0169333333333, 3285.0192, 3285.0210666666667, 3285.021266666666, 3285.025766666666, 3285.025833333333, 3285.0260333333335, 3285.0263333333332, 3285.0264]","[257, 89, 77, 166, 56, 183, 164, 166, 30, 168, 183, 77, 243, 178, 166, 29, 77, 15, 189, 166, 15, 257, 183, 77, 178, 15]"
3287.2104,3287.2492,3287.256,3287.2512,4.448414325714111,0.0456,"[3287.213333333333, 3287.215066666666, 3287.216733333333, 3287.2175, 3287.2184666666667, 3287.2198, 3287.2213333333334, 3287.2226, 3287.2226, 3287.2231, 3287.223233333333, 3287.2239666666665, 3287.2247333333335, 3287.2248666666665, 3287.2271666666666, 3287.2272, 3287.228833333333, 3287.2298666666666, 3287.23, 3287.231433333334, 3287.2317333333335, 3287.2324, 3287.2328333333335, 3287.233133333333, 3287.2336333333333, 3287.234933333333, 3287.2354333333333, 3287.236, 3287.236866666666, 3287.2372666666665, 3287.237666666667, 3287.2381333333333, 3287.2383666666665, 3287.2384333333334, 3287.2385, 3287.238966666667, 3287.2419, 3287.2427666666667, 3287.2438666666667, 3287.2451666666666, 3287.2455666666665, 3287.2469333333333, 3287.2478333333333, 3287.2478666666666, 3287.2506333333336, 3287.2515333333336, 3287.2544666666668, 3287.2549, 3287.2553]","[56, 257, 77, 56, 178, 207, 166, 29, 178, 56, 166, 144, 77, 257, 30, 80, 77, 15, 164, 207, 144, 168, 257, 77, 207, 257, 207, 77, 178, 166, 207, 144, 77, 56, 42, 178, 168, 178, 257, 178, 251, 77, 15, 183, 56, 166, 15, 77, 183]"
3288.576,3288.6196,3288.63,3288.6224,5.371538162231445,0.054,"[3288.576, 3288.576633333333, 3288.5774333333334, 3288.578266666667, 3288.5784, 3288.5787666666665, 3288.5819333333334, 3288.5826666666667, 3288.5833333333335, 3288.5857666666666, 3288.5858333333335, 3288.5862, 3288.5864, 3288.589466666667, 3288.5903, 3288.5907, 3288.5907333333334, 3288.590833333333, 3288.5914, 3288.594666666667, 3288.5981333333334, 3288.6012333333333, 3288.6021666666666, 3288.606533333333, 3288.6078, 3288.6079, 3288.608, 3288.6086333333333, 3288.6094, 3288.6106, 3288.611, 3288.6111, 3288.6120333333333, 3288.613566666667, 3288.6136, 3288.614666666667, 3288.6166, 3288.6176, 3288.620966666667, 3288.624, 3288.6253666666667, 3288.627466666667]","[56, 76, 77, 89, 166, 56, 207, 164, 183, 42, 166, 77, 178, 56, 30, 183, 257, 56, 77, 183, 56, 166, 77, 183, 15, 166, 178, 30, 207, 29, 179, 168, 166, 257, 77, 56, 166, 56, 77, 56, 77, 56]"
3288.9364,3288.9684,3288.9868,3288.97,4.835691928863525,0.0504,"[3288.9383333333335, 3288.9387333333334, 3288.9389666666666, 3288.9399, 3288.940666666667, 3288.9438, 3288.9442, 3288.9450666666667, 3288.945166666667, 3288.9453, 3288.946233333333, 3288.947033333334, 3288.9502666666667, 3288.9510666666665, 3288.9511666666667, 3288.952366666667, 3288.9531333333334, 3288.9532, 3288.953433333333, 3288.9540666666667, 3288.9564333333333, 3288.9575666666665, 3288.9579, 3288.957933333333, 3288.9582333333333, 3288.9585666666667, 3288.9588, 3288.9592666666667, 3288.964033333333, 3288.9641, 3288.964266666667, 3288.964466666667, 3288.965133333333, 3288.965166666667, 3288.9652333333333, 3288.9675, 3288.9699666666666, 3288.9702666666667, 3288.9708, 3288.9716, 3288.972, 3288.9735, 3288.9738, 3288.9739666666665, 3288.9741, 3288.9775, 3288.9800333333333, 3288.9819, 3288.9852666666666, 3288.9863666666665]","[168, 229, 77, 15, 207, 168, 207, 229, 56, 77, 168, 15, 89, 166, 56, 207, 257, 183, 77, 15, 183, 77, 166, 29, 168, 15, 56, 190, 77, 183, 89, 15, 56, 164, 207, 15, 77, 183, 166, 56, 183, 223, 257, 77, 89, 56, 15, 77, 77, 144]"
3292.2804,3292.2952,3292.3064,3292.2956,5.647720813751221,0.026,"[3292.2807666666668, 3292.283033333333, 3292.2837, 3292.2852333333335, 3292.2854, 3292.2854666666667, 3292.285533333333, 3292.2878666666666, 3292.288, 3292.2899333333335, 3292.2919333333334, 3292.2926666666667, 3292.295666666667, 3292.2963666666665, 3292.296533333333, 3292.2972666666665, 3292.2976, 3292.2978, 3292.3009333333334, 3292.3011, 3292.302066666666, 3292.3035333333332, 3292.3038, 3292.3042666666665, 3292.3045666666667, 3292.305666666666, 3292.306, 3292.3060666666665, 3292.3061333333335]","[15, 178, 77, 15, 168, 178, 190, 164, 257, 183, 77, 56, 77, 56, 183, 164, 190, 207, 207, 77, 56, 183, 77, 189, 168, 178, 190, 56, 166]"
3292.5276,3292.546,3292.558,3292.5452,8.330543518066406,0.0304,"[3292.5281333333332, 3292.5284333333334, 3292.5299333333332, 3292.531033333333, 3292.531333333334, 3292.5322666666666, 3292.5331, 3292.5338666666667, 3292.5348, 3292.5364666666665, 3292.5380333333333, 3292.538533333334, 3292.5398666666665, 3292.541, 3292.5412, 3292.5428, 3292.543133333333, 3292.5439666666666, 3292.544833333334, 3292.5456, 3292.547633333333, 3292.5479333333333, 3292.5497333333333, 3292.5509666666667, 3292.551233333333, 3292.5518666666667, 3292.554166666667, 3292.5544333333332, 3292.5551666666665, 3292.5572]","[29, 166, 183, 56, 77, 223, 183, 166, 77, 42, 56, 179, 183, 178, 77, 42, 30, 183, 257, 77, 257, 56, 183, 251, 166, 42, 77, 183, 166, 56]"
3294.0084,3294.0248,3294.0332,3294.0272,3.8592207431793217,0.0248,"[3294.0090333333333, 3294.0100666666667, 3294.0102333333334, 3294.0104666666666, 3294.0106666666666, 3294.0116666666668, 3294.0120666666667, 3294.0129666666667, 3294.013733333333, 3294.0160333333333, 3294.0163666666667, 3294.0165666666667, 3294.0172666666667, 3294.0172666666667, 3294.0173, 3294.0176333333334, 3294.0179333333335, 3294.018433333333, 3294.0199, 3294.0219, 3294.0219, 3294.025766666666, 3294.025833333333, 3294.0261, 3294.0264, 3294.0269, 3294.0279, 3294.0282333333334, 3294.0300333333334, 3294.0300333333334, 3294.0323]","[207, 183, 166, 144, 77, 179, 15, 42, 179, 168, 223, 89, 78, 183, 76, 77, 142, 178, 77, 76, 78, 183, 77, 257, 207, 15, 56, 189, 76, 78, 77]"
3294.5344,3294.5676,3294.5752,3294.5696,3.653941154479981,0.0408,"[3294.5361333333335, 3294.5414, 3294.5442333333335, 3294.5463666666665, 3294.5478, 3294.549366666666, 3294.550366666667, 3294.5518333333334, 3294.5540666666666, 3294.5570666666667, 3294.561, 3294.5669333333335, 3294.5681666666665, 3294.5697333333333, 3294.5722, 3294.574866666667, 3294.575, 3294.5752]","[183, 183, 29, 77, 183, 188, 178, 77, 183, 77, 183, 183, 77, 166, 207, 183, 144, 188]"
3297.3264,3297.3372,3297.3548,3297.3368,7.6475934982299805,0.0284,"[3297.3286333333335, 3297.3312666666666, 3297.3316, 3297.3321, 3297.3359, 3297.3361666666665, 3297.3362666666667, 3297.3375333333333, 3297.3380666666667, 3297.339166666666, 3297.3406333333332, 3297.3411, 3297.3416, 3297.3417, 3297.3426666666664, 3297.3444, 3297.345566666667, 3297.346, 3297.3461, 3297.3481666666667, 3297.3487333333333, 3297.3494, 3297.35, 3297.3503666666666, 3297.351033333334, 3297.3527, 3297.3530666666666, 3297.353433333333, 3297.3542333333335]","[56, 77, 257, 29, 183, 168, 77, 119, 56, 15, 257, 178, 179, 183, 223, 166, 207, 15, 29, 56, 178, 183, 77, 166, 89, 29, 178, 17, 207]"
3299.7732,3299.782,3299.8088,3299.7804,5.209604263305664,0.0356,"[3299.7732, 3299.776733333333, 3299.7771, 3299.777433333333, 3299.7798333333335, 3299.7806, 3299.7829, 3299.7848, 3299.7854, 3299.786633333333, 3299.786733333334, 3299.7881, 3299.7896333333333, 3299.7910666666667, 3299.7911, 3299.791233333334, 3299.7914666666666, 3299.792966666667, 3299.7930666666666, 3299.793633333333, 3299.7944, 3299.794533333333, 3299.7978, 3299.7986333333333, 3299.799033333333, 3299.7996, 3299.8002333333334, 3299.801033333333, 3299.8051666666665, 3299.8053, 3299.806, 3299.807533333333, 3299.807533333333]","[77, 207, 183, 56, 184, 77, 131, 77, 183, 134, 77, 56, 183, 134, 15, 77, 166, 178, 131, 56, 257, 77, 243, 134, 223, 184, 77, 42, 207, 166, 56, 183, 207]"
3302.4604,3302.4716,3302.4988,3302.4688,5.523360729217529,0.0384,"[3302.4644, 3302.4644333333335, 3302.4646, 3302.465, 3302.4654333333333, 3302.468833333334, 3302.4692, 3302.469733333334, 3302.4697666666666, 3302.4727666666668, 3302.4737333333333, 3302.4764, 3302.4765333333335, 3302.476833333333, 3302.479633333334, 3302.480466666667, 3302.4817666666668, 3302.4830333333334, 3302.4832666666666, 3302.4839, 3302.484066666667, 3302.4841333333334, 3302.484733333333, 3302.4848333333334, 3302.4857, 3302.4858, 3302.4874333333332, 3302.4884, 3302.4884666666667, 3302.4893666666667, 3302.4895333333334, 3302.4898333333335, 3302.491266666667, 3302.491666666667, 3302.493933333333, 3302.4942333333333, 3302.4942666666666, 3302.4945, 3302.4945666666667, 3302.4953, 3302.496766666666, 3302.4982666666665]","[77, 15, 229, 166, 29, 229, 183, 207, 166, 77, 56, 229, 77, 166, 178, 229, 56, 179, 144, 77, 257, 166, 178, 56, 207, 190, 228, 183, 77, 89, 223, 56, 183, 207, 207, 183, 77, 56, 15, 178, 77, 168]"
3305.6248,3305.6348,3305.6624,3305.6308,3.284691333770752,0.0376,"[3305.6253, 3305.6253333333334, 3305.6259, 3305.6261666666664, 3305.6262, 3305.6265333333336, 3305.6266333333333, 3305.6301, 3305.630166666667, 3305.6311666666666, 3305.6315, 3305.6324666666665, 3305.6340333333333, 3305.6368, 3305.6390333333334, 3305.6390666666666, 3305.6392, 3305.6393333333335, 3305.6394333333333, 3305.6399333333334, 3305.6403666666665, 3305.642566666667, 3305.6426333333334, 3305.6444333333334, 3305.6449666666667, 3305.645266666667, 3305.646, 3305.6460666666667, 3305.6466666666665, 3305.6503333333335, 3305.6507, 3305.6518333333333, 3305.6521333333335, 3305.652866666667, 3305.6567666666665, 3305.6573333333336, 3305.657833333333, 3305.6586666666667, 3305.6587666666665, 3305.6588333333334]","[183, 56, 15, 207, 77, 29, 166, 257, 168, 56, 77, 168, 183, 77, 207, 164, 166, 190, 15, 183, 223, 56, 207, 77, 178, 166, 15, 190, 56, 77, 257, 164, 168, 15, 77, 168, 251, 190, 15, 257]"
3306.9056,3306.9364,3306.9608,3306.9352,9.991063117980955,0.0552,"[3306.9058333333332, 3306.9102333333335, 3306.910833333334, 3306.9121, 3306.9124666666667, 3306.9147333333335, 3306.9151, 3306.915433333333, 3306.9164, 3306.9166666666665, 3306.9178, 3306.9208, 3306.9232333333334, 3306.9246, 3306.925133333333, 3306.925333333333, 3306.9295, 3306.929766666666, 3306.9299333333333, 3306.9303, 3306.9303333333332, 3306.9308666666666, 3306.9311, 3306.9315, 3306.9350666666664, 3306.935466666667, 3306.9365333333335, 3306.9367, 3306.9369, 3306.937033333333, 3306.9382333333333, 3306.9425, 3306.9428666666668, 3306.9434666666666, 3306.9436666666666, 3306.9440666666665, 3306.944266666667, 3306.9443, 3306.9456666666665, 3306.9458, 3306.9471, 3306.9503, 3306.9511666666667, 3306.9513333333334, 3306.951666666667, 3306.9522666666667, 3306.9532, 3306.9537333333333, 3306.9551333333334, 3306.9558, 3306.956366666667, 3306.9564, 3306.9585666666667]","[166, 178, 166, 56, 15, 77, 257, 131, 164, 77, 56, 56, 166, 183, 77, 15, 178, 184, 77, 179, 119, 207, 15, 166, 223, 56, 77, 15, 179, 190, 178, 183, 56, 178, 166, 77, 223, 184, 15, 183, 56, 183, 77, 166, 178, 190, 56, 15, 56, 77, 257, 183, 166]"
3307.266,3307.2756,3307.3,3307.274,6.18765926361084,0.034,"[3307.266633333333, 3307.2683333333334, 3307.268566666666, 3307.2690666666667, 3307.2692333333334, 3307.269466666666, 3307.2715, 3307.2751333333335, 3307.275633333333, 3307.279366666666, 3307.282133333333, 3307.282166666667, 3307.2835333333333, 3307.2863, 3307.2865666666667, 3307.288233333333, 3307.288666666667, 3307.2892, 3307.2949, 3307.2976, 3307.2977, 3307.2987, 3307.2988666666665, 3307.299433333333]","[207, 29, 207, 178, 77, 179, 56, 166, 77, 257, 183, 15, 207, 56, 144, 77, 257, 166, 178, 166, 56, 183, 178, 230]"
3307.6792,3307.688,3307.712,3307.6888,4.289527893066406,0.0328,"[3307.6865333333335, 3307.6868666666664, 3307.6881333333336, 3307.6891666666666, 3307.6903333333335, 3307.6938333333333, 3307.6972333333333, 3307.697633333333, 3307.6981666666666, 3307.6993, 3307.7015, 3307.7026666666666, 3307.706366666667, 3307.706966666666, 3307.7083333333335, 3307.7103333333334]","[183, 144, 77, 56, 183, 178, 183, 77, 29, 166, 183, 77, 56, 189, 183, 178]"
3307.848,3307.8536,3307.8728,3307.852,3.0704143047332764,0.0248,"[3307.8485666666666, 3307.8533333333335, 3307.8544333333334, 3307.8545, 3307.8585333333335, 3307.860833333333, 3307.8636333333334, 3307.8683333333333, 3307.8692333333333, 3307.869366666667, 3307.8699]","[77, 119, 183, 56, 77, 56, 77, 183, 56, 166, 29]"
3309.428,3309.44,3309.454,3309.438,5.094237327575684,0.026,"[3309.4293666666667, 3309.4296, 3309.4313, 3309.432566666667, 3309.4327, 3309.433466666667, 3309.4335333333333, 3309.435, 3309.4375333333332, 3309.4382666666666, 3309.4385, 3309.4396666666667, 3309.439766666667, 3309.4402333333333, 3309.4414666666667, 3309.4438, 3309.4441, 3309.4445666666666, 3309.4452, 3309.445333333333, 3309.448733333333, 3309.4493333333335, 3309.4499, 3309.4500333333335, 3309.4508333333333, 3309.4509333333335, 3309.4529333333335, 3309.4535666666666]","[77, 168, 164, 56, 183, 77, 166, 29, 168, 77, 183, 164, 15, 178, 257, 77, 178, 183, 207, 166, 56, 166, 77, 15, 164, 131, 56, 257]"
3311.008,3311.0168,3311.0556,3311.0148,6.118350028991699,0.0476,"[3311.0091, 3311.009633333333, 3311.0098, 3311.0108666666665, 3311.0138666666667, 3311.0144333333333, 3311.0167666666666, 3311.017333333333, 3311.0178333333333, 3311.0179, 3311.0204, 3311.0218, 3311.0222, 3311.0236666666665, 3311.025166666667, 3311.0267, 3311.0282, 3311.028533333333, 3311.0288, 3311.029366666666, 3311.029466666667, 3311.0301, 3311.0307, 3311.031033333333, 3311.0312, 3311.0318333333335, 3311.0327666666667, 3311.0334666666668, 3311.0340666666666, 3311.0347333333334, 3311.0353333333333, 3311.0364666666665, 3311.0372333333335, 3311.037566666667, 3311.0383, 3311.0383, 3311.039333333333, 3311.039533333333, 3311.0404, 3311.0406, 3311.0407666666665, 3311.0408, 3311.0416333333333, 3311.0417333333335, 3311.0451333333335, 3311.045866666667, 3311.0471, 3311.0471, 3311.0477666666666, 3311.0479, 3311.0482666666667, 3311.048533333333, 3311.0508333333332, 3311.0509666666667, 3311.0522333333333, 3311.0529, 3311.053266666667, 3311.053866666666]","[77, 183, 257, 30, 142, 56, 183, 29, 257, 15, 77, 183, 142, 183, 188, 207, 142, 166, 77, 15, 56, 243, 188, 257, 178, 183, 56, 77, 183, 257, 142, 207, 166, 56, 243, 183, 178, 17, 207, 166, 15, 164, 183, 56, 15, 183, 89, 15, 178, 77, 184, 56, 166, 89, 15, 77, 164, 257]"
3315.5296,3315.558,3315.5708,3315.56,5.8562469482421875,0.0412,"[3315.5300666666667, 3315.5306333333333, 3315.5316333333335, 3315.5319, 3315.5323333333336, 3315.5324666666666, 3315.5333666666666, 3315.5362666666665, 3315.5363, 3315.536833333333, 3315.5376, 3315.538, 3315.5407333333333, 3315.541133333333, 3315.542266666667, 3315.5432333333333, 3315.5432666666666, 3315.5433666666668, 3315.5442, 3315.5443333333333, 3315.544833333334, 3315.5457, 3315.546766666667, 3315.5490666666665, 3315.5491333333334, 3315.5498, 3315.5503, 3315.5505333333335, 3315.552166666667, 3315.5533333333333, 3315.553933333333, 3315.5542, 3315.5542, 3315.5543333333335, 3315.555, 3315.5559, 3315.5587, 3315.5594, 3315.5594333333333, 3315.5603333333333, 3315.5622333333336, 3315.5635666666667, 3315.5642666666668, 3315.5663, 3315.5666666666666, 3315.5672, 3315.5677333333333, 3315.5679666666665, 3315.5682666666667, 3315.5687333333335]","[183, 144, 15, 166, 56, 77, 257, 178, 164, 77, 183, 56, 223, 207, 183, 229, 164, 77, 166, 56, 168, 178, 183, 77, 56, 184, 207, 166, 56, 178, 77, 183, 15, 207, 257, 56, 77, 131, 223, 183, 77, 168, 131, 17, 168, 257, 15, 77, 228, 183]"
3317.4676,3317.4768,3317.4916,3317.4744,9.251306533813477,0.024,"[3317.468066666667, 3317.4690333333333, 3317.469666666667, 3317.4700333333335, 3317.4704333333334, 3317.4718, 3317.4721, 3317.4732, 3317.4739666666665, 3317.4740333333334, 3317.474333333333, 3317.4744333333333, 3317.4744333333333, 3317.475233333333, 3317.475266666667, 3317.4755666666665, 3317.476133333333, 3317.4762333333333, 3317.4782666666665, 3317.4790666666668, 3317.4794, 3317.4800666666665, 3317.4801, 3317.4821666666667, 3317.484, 3317.484066666667, 3317.4846, 3317.4847666666665, 3317.486066666667, 3317.4867, 3317.4880333333335, 3317.488566666667, 3317.4900333333335]","[89, 42, 77, 146, 166, 178, 77, 257, 56, 168, 56, 183, 29, 77, 207, 146, 15, 42, 56, 77, 179, 15, 178, 56, 168, 207, 166, 77, 183, 56, 178, 77, 15]"
3327.6376,3327.6488,3327.6796,3327.6504,6.747312545776367,0.042,"[3327.6399333333334, 3327.64, 3327.640266666667, 3327.6403666666665, 3327.6408666666666, 3327.6412666666665, 3327.6443, 3327.645366666666, 3327.6457, 3327.646166666667, 3327.650766666666, 3327.6508, 3327.650866666667, 3327.6519, 3327.653, 3327.656166666666, 3327.6570333333334, 3327.6574333333333, 3327.6591333333336, 3327.6594, 3327.659633333333, 3327.6601666666666, 3327.6611333333335, 3327.663533333334, 3327.6637, 3327.666133333333, 3327.6665333333335, 3327.6675666666665, 3327.6676333333335, 3327.6677666666665, 3327.6687666666667, 3327.6688, 3327.6731666666665, 3327.6732333333334, 3327.6748, 3327.6751, 3327.6759, 3327.676466666667, 3327.6774666666665, 3327.6775333333335, 3327.6782, 3327.6785, 3327.6792666666665, 3327.6793]","[56, 178, 131, 184, 183, 77, 56, 183, 77, 29, 131, 166, 257, 15, 77, 257, 183, 131, 56, 77, 166, 183, 77, 257, 166, 257, 56, 166, 15, 183, 77, 223, 183, 77, 178, 15, 29, 207, 131, 178, 183, 15, 77, 229]"
3329.8428,3329.8564,3329.8648,3329.8596,4.715825080871582,0.022,"[3329.8453, 3329.8468, 3329.8468, 3329.847, 3329.8490333333334, 3329.8496333333333, 3329.8496666666665, 3329.851866666667, 3329.8525666666665, 3329.852733333333, 3329.8535, 3329.853633333333, 3329.8537666666666, 3329.8598333333334, 3329.8599, 3329.8600666666666, 3329.8606, 3329.8611, 3329.861266666667, 3329.8614333333335]","[56, 166, 183, 29, 178, 183, 15, 30, 183, 77, 190, 15, 56, 56, 15, 77, 164, 257, 190, 15]"
3334.8248,3334.8508,3334.8572,3334.8516,3.880090713500977,0.0324,"[3334.825733333333, 3334.8268333333335, 3334.8270333333335, 3334.8274, 3334.8278, 3334.828233333333, 3334.8294, 3334.8322, 3334.8323666666665, 3334.8338, 3334.8339333333333, 3334.8344, 3334.834666666666, 3334.8376, 3334.8377333333333, 3334.8398333333334, 3334.8421333333335, 3334.8423, 3334.844, 3334.8447666666666, 3334.8453, 3334.846466666667, 3334.847366666667, 3334.8477333333335, 3334.8489, 3334.850066666667, 3334.8512, 3334.8517333333334, 3334.8523666666665, 3334.852733333333, 3334.8539333333333, 3334.854333333333, 3334.8546, 3334.8560333333335, 3334.8566666666666]","[166, 89, 207, 56, 77, 257, 207, 77, 166, 164, 56, 15, 77, 257, 77, 56, 77, 257, 56, 56, 257, 183, 166, 77, 56, 223, 77, 257, 166, 56, 56, 183, 257, 166, 207]"
3335.0112,3335.04,3335.0484,3335.042,5.93805456161499,0.0372,"[3335.0133666666666, 3335.0136, 3335.013966666667, 3335.0146666666665, 3335.0168, 3335.017566666667, 3335.0179, 3335.0181, 3335.019, 3335.0200333333332, 3335.0206, 3335.0228666666667, 3335.0251333333335, 3335.0301666666664, 3335.0315333333333, 3335.0315666666665, 3335.0316666666668, 3335.035733333333, 3335.0372, 3335.0373, 3335.0381, 3335.039, 3335.0407333333333, 3335.0430666666666, 3335.047466666667, 3335.0483]","[15, 77, 183, 29, 223, 257, 183, 89, 166, 77, 80, 15, 77, 207, 257, 77, 166, 183, 15, 166, 80, 183, 77, 56, 77, 15]"
3341.6408,3341.6656,3341.7056,3341.6636,5.658712387084961,0.0648,"[3341.6413, 3341.6415333333334, 3341.6451, 3341.6451, 3341.6451333333334, 3341.6457333333333, 3341.6495666666665, 3341.6495666666665, 3341.6501, 3341.6504666666665, 3341.6505666666667, 3341.654, 3341.6541333333334, 3341.6575333333335, 3341.6579666666667, 3341.6588666666667, 3341.6589, 3341.6590666666666, 3341.6591333333336, 3341.6628, 3341.6641666666665, 3341.6641666666665, 3341.664566666667, 3341.6683666666668, 3341.6700666666666, 3341.6702666666665, 3341.6704, 3341.6723333333334, 3341.675366666667, 3341.6764333333335, 3341.6774666666665, 3341.6793333333335, 3341.679633333333, 3341.6798, 3341.6801666666665, 3341.6821, 3341.6839, 3341.6843, 3341.6849, 3341.6872, 3341.6872333333336, 3341.690433333333, 3341.6916666666666, 3341.6923, 3341.695133333333, 3341.6959333333334, 3341.6970666666666, 3341.6977666666667, 3341.6993666666667, 3341.6995666666667, 3341.6998, 3341.7, 3341.702533333333, 3341.7032, 3341.7035, 3341.7036333333335, 3341.7041, 3341.7042, 3341.704333333333]","[257, 56, 56, 166, 183, 257, 77, 178, 183, 56, 42, 77, 257, 223, 166, 77, 183, 257, 29, 251, 77, 166, 146, 56, 166, 183, 77, 56, 77, 168, 183, 257, 56, 183, 166, 77, 207, 257, 77, 178, 89, 77, 56, 166, 77, 228, 56, 15, 223, 178, 56, 257, 178, 166, 257, 56, 77, 183, 15]"
3345.6636,3345.7044,3345.726,3345.7004,5.446783542633057,0.0624,"[3345.6644, 3345.6644666666666, 3345.6663, 3345.667133333334, 3345.6675, 3345.6675666666665, 3345.6693666666665, 3345.6705333333334, 3345.6707333333334, 3345.6725333333334, 3345.6732333333334, 3345.6734666666666, 3345.6749333333332, 3345.6766, 3345.6768666666667, 3345.678966666667, 3345.6793666666667, 3345.6800333333335, 3345.6838, 3345.684133333333, 3345.6845333333335, 3345.6846, 3345.6852, 3345.6855333333333, 3345.689066666667, 3345.6899, 3345.691, 3345.6918666666666, 3345.6930666666667, 3345.694233333333, 3345.695366666667, 3345.6955, 3345.6963666666666, 3345.6997, 3345.7002333333335, 3345.7004, 3345.700566666667, 3345.7015333333334, 3345.7035, 3345.7085, 3345.7087333333334, 3345.7093333333332, 3345.7097, 3345.709766666667, 3345.7101, 3345.7146333333335, 3345.7155333333335, 3345.7174666666665, 3345.7201666666665, 3345.7217, 3345.7228333333333, 3345.7255333333333, 3345.7257666666665, 3345.7258]","[77, 183, 184, 166, 183, 56, 77, 15, 183, 131, 164, 257, 77, 183, 223, 131, 168, 77, 77, 15, 166, 183, 131, 56, 77, 183, 166, 56, 168, 30, 77, 257, 166, 178, 184, 77, 183, 164, 29, 134, 183, 77, 190, 166, 131, 178, 183, 77, 183, 131, 56, 183, 183, 77]"
3346.046,3346.0688,3346.0848,3346.0656,6.363865375518799,0.0388,"[3346.047, 3346.0476, 3346.048766666667, 3346.0497666666665, 3346.0508, 3346.0509, 3346.051233333333, 3346.0517, 3346.0520333333334, 3346.0524666666665, 3346.053066666667, 3346.0535666666665, 3346.0541, 3346.0562666666665, 3346.0568333333335, 3346.0569, 3346.057, 3346.0571333333332, 3346.0586333333335, 3346.0601333333334, 3346.060166666666, 3346.0622333333336, 3346.0631, 3346.0655333333334, 3346.0657666666666, 3346.0658333333336, 3346.0683, 3346.0686333333333, 3346.0686333333333, 3346.0717, 3346.071966666667, 3346.0723, 3346.0725, 3346.0733333333333, 3346.0741333333335, 3346.0742333333333, 3346.0745666666667, 3346.0752333333335, 3346.0765666666666, 3346.0769666666665, 3346.0770333333335, 3346.0779333333335, 3346.0781666666667, 3346.0796666666665, 3346.0797, 3346.0799333333334, 3346.0803333333333, 3346.080466666667, 3346.081066666666, 3346.0825333333332]","[77, 179, 168, 257, 56, 168, 17, 15, 77, 166, 257, 29, 179, 179, 207, 17, 166, 77, 207, 77, 42, 257, 183, 257, 42, 251, 257, 183, 56, 15, 56, 207, 166, 77, 207, 223, 15, 178, 223, 207, 168, 131, 131, 134, 183, 257, 56, 166, 223, 178]"
3347.832,3347.8436,3347.8724,3347.8452,7.268883228302002,0.0404,"[3347.8333333333335, 3347.8350333333333, 3347.837433333333, 3347.8389, 3347.839166666666, 3347.8407666666667, 3347.8409, 3347.841033333333, 3347.8416666666667, 3347.8448333333336, 3347.8450666666668, 3347.8454333333334, 3347.847, 3347.8488, 3347.8488333333335, 3347.852733333333, 3347.853433333333, 3347.8541, 3347.8541666666665, 3347.8587666666667, 3347.8595, 3347.8604666666665, 3347.8606666666665, 3347.8613666666665, 3347.8627333333334, 3347.8647333333333, 3347.864866666667, 3347.8685666666665, 3347.869066666666, 3347.870866666666]","[77, 166, 56, 207, 257, 166, 168, 77, 56, 56, 166, 77, 166, 56, 77, 166, 56, 257, 77, 77, 56, 15, 77, 257, 223, 168, 56, 183, 56, 257]"
3348.8124,3348.8204,3348.836,3348.8192,5.5866923332214355,0.0236,"[3348.8127, 3348.8137333333334, 3348.814066666667, 3348.8143, 3348.8144333333335, 3348.8145666666665, 3348.8155, 3348.8155666666667, 3348.8176, 3348.819266666667, 3348.8197, 3348.8206666666665, 3348.820833333333, 3348.8213333333333, 3348.8222, 3348.822933333334, 3348.8238666666666, 3348.8242333333333, 3348.826433333333, 3348.8270333333335, 3348.8278, 3348.8284, 3348.829333333333, 3348.829333333333, 3348.8314666666665, 3348.8339666666666, 3348.8341666666665, 3348.8342, 3348.8349333333335]","[223, 142, 15, 77, 56, 190, 166, 183, 142, 257, 77, 166, 15, 56, 142, 56, 178, 183, 77, 142, 166, 168, 56, 183, 257, 77, 183, 56, 251]"
3348.898,3348.9152,3348.934,3348.9164,3.013300657272339,0.036,"[3348.8981, 3348.899733333333, 3348.9, 3348.9001333333335, 3348.9004666666665, 3348.9022333333332, 3348.9028333333335, 3348.9031333333332, 3348.9041, 3348.9051666666664, 3348.9057666666668, 3348.907133333333, 3348.9094, 3348.9103666666665, 3348.9104333333335, 3348.910766666667, 3348.9111, 3348.915, 3348.9159, 3348.9167666666667, 3348.9169, 3348.9175, 3348.9177666666665, 3348.9185333333335, 3348.9248, 3348.9248333333335, 3348.9248666666667, 3348.926466666667, 3348.9267, 3348.927, 3348.930733333333, 3348.9311666666667, 3348.9319, 3348.932566666667]","[178, 77, 166, 243, 56, 178, 183, 15, 168, 243, 56, 77, 183, 77, 166, 257, 56, 257, 183, 77, 166, 15, 184, 183, 56, 257, 77, 183, 166, 134, 77, 166, 184, 134]"
3353.1452,3353.1504,3353.1784,3353.178,3.0321404933929443,0.0332,"[3353.1457666666665, 3353.1468, 3353.1471333333334, 3353.147266666667, 3353.1478333333334, 3353.153566666667, 3353.1537, 3353.1590666666666, 3353.1594333333333, 3353.161666666667, 3353.1629666666668, 3353.1639333333333, 3353.165266666667, 3353.165333333334, 3353.166833333333, 3353.1682666666666, 3353.1695, 3353.1703, 3353.1714, 3353.1743]","[183, 166, 77, 257, 183, 77, 56, 178, 166, 183, 56, 166, 257, 77, 56, 183, 77, 56, 183, 257]"
3354.632,3354.6616,3354.6716,3354.6584,3.709043264389038,0.0396,"[3354.6345, 3354.6366666666668, 3354.6375666666668, 3354.6379333333334, 3354.6394333333333, 3354.6397666666667, 3354.640033333333, 3354.640066666667, 3354.6406333333334, 3354.640933333333, 3354.6416, 3354.6424666666667, 3354.6428666666666, 3354.643566666666, 3354.645466666667, 3354.6481, 3354.6531333333332, 3354.6539333333335, 3354.6543333333334, 3354.6579666666667, 3354.6593, 3354.6595333333335, 3354.660833333334, 3354.6622, 3354.664, 3354.6655666666666, 3354.6677666666665, 3354.669733333333, 3354.6708]","[257, 183, 77, 207, 178, 207, 168, 15, 29, 166, 56, 183, 207, 257, 77, 56, 77, 56, 207, 29, 77, 56, 178, 183, 77, 56, 166, 257, 77]"
3358.8044,3358.824,3358.8456,3358.8224,4.44899320602417,0.0412,"[3358.808, 3358.8086333333335, 3358.809566666667, 3358.8098, 3358.8099666666667, 3358.8102, 3358.8155, 3358.815666666667, 3358.8159, 3358.8164333333334, 3358.8177, 3358.8193, 3358.822033333334, 3358.8220666666666, 3358.8224666666665, 3358.822866666667, 3358.8234, 3358.823966666667, 3358.824666666667, 3358.829566666667, 3358.8299, 3358.830066666667, 3358.8334, 3358.8348666666666, 3358.8355333333334, 3358.8365, 3358.8371, 3358.8392, 3358.8393666666666, 3358.8394333333335, 3358.8395333333333, 3358.8396333333335, 3358.844433333333]","[229, 131, 77, 183, 56, 56, 77, 178, 119, 56, 29, 178, 56, 77, 131, 183, 166, 257, 190, 56, 77, 131, 190, 56, 80, 229, 183, 77, 56, 257, 15, 29, 168]"
3360.0144,3360.0292,3360.0904,3360.0276,9.502970695495604,0.076,"[3360.0149666666666, 3360.0158, 3360.0158666666666, 3360.0172, 3360.017766666667, 3360.0178333333333, 3360.0179, 3360.0179, 3360.0182666666665, 3360.0211, 3360.0215333333335, 3360.0218333333332, 3360.0234333333333, 3360.024966666667, 3360.0277666666666, 3360.0284333333334, 3360.0291333333334, 3360.0293, 3360.0300666666667, 3360.0329333333334, 3360.033, 3360.0332, 3360.0333, 3360.0346666666665, 3360.0357, 3360.0381, 3360.0394, 3360.0397, 3360.0403, 3360.0426, 3360.0429, 3360.0459666666666, 3360.046533333333, 3360.0479666666665, 3360.0482666666667, 3360.048566666667, 3360.0516666666667, 3360.0518666666667, 3360.052, 3360.0527333333334, 3360.0541333333335, 3360.0544666666665, 3360.0544666666665, 3360.0553333333332, 3360.055966666667, 3360.0576666666666, 3360.0607, 3360.0607333333332, 3360.0637, 3360.0644666666667, 3360.0673666666667, 3360.0696333333335, 3360.070166666667, 3360.0704333333333, 3360.0714666666668, 3360.0727, 3360.0731, 3360.0736, 3360.075333333333, 3360.0765666666666, 3360.0769, 3360.0770666666667, 3360.077533333333, 3360.0796, 3360.0841, 3360.0844, 3360.0861666666665, 3360.0884333333333, 3360.0887333333335, 3360.0888333333332, 3360.0893]","[42, 146, 56, 77, 190, 183, 29, 15, 257, 166, 56, 77, 29, 190, 166, 164, 178, 15, 29, 77, 183, 168, 56, 166, 15, 257, 77, 183, 168, 168, 56, 42, 77, 183, 257, 166, 166, 56, 183, 77, 257, 166, 89, 15, 168, 77, 77, 183, 166, 77, 183, 77, 178, 251, 30, 15, 178, 183, 56, 77, 56, 251, 56, 257, 77, 183, 56, 188, 77, 178, 183]"
3368.8624,3368.894,3368.9088,3368.8952,6.520750999450684,0.0464,"[3368.8630333333335, 3368.8644, 3368.8672333333334, 3368.8679333333334, 3368.8687666666665, 3368.8712333333333, 3368.871833333333, 3368.8732333333332, 3368.8735333333334, 3368.8767333333335, 3368.877333333334, 3368.8777333333333, 3368.8781, 3368.8784, 3368.8797, 3368.8811, 3368.8816333333334, 3368.8845, 3368.8847, 3368.8850666666667, 3368.8857, 3368.8883333333333, 3368.888733333333, 3368.8894, 3368.8895666666667, 3368.892766666667, 3368.8942333333334, 3368.894466666666, 3368.8953333333334, 3368.895466666667, 3368.8959333333332, 3368.8964333333333, 3368.8966, 3368.8983333333335, 3368.8996333333334, 3368.9019333333335, 3368.9023666666667, 3368.9032333333334, 3368.9036333333333, 3368.9075333333335]","[166, 29, 56, 77, 257, 166, 131, 56, 183, 178, 77, 56, 166, 223, 131, 77, 183, 131, 77, 178, 15, 168, 77, 183, 229, 56, 168, 77, 257, 183, 131, 17, 178, 166, 168, 56, 166, 131, 178, 183]"
3370.5048,3370.5264,3370.538,3370.5268,5.731644153594971,0.0332,"[3370.5054333333333, 3370.5055333333335, 3370.506033333333, 3370.5061666666666, 3370.506766666667, 3370.5081666666665, 3370.508533333333, 3370.5090333333333, 3370.5098333333335, 3370.510366666667, 3370.5122666666666, 3370.5125333333335, 3370.5133333333333, 3370.5156666666667, 3370.515733333333, 3370.515966666667, 3370.5161333333335, 3370.5169333333333, 3370.5169666666666, 3370.5191, 3370.5208333333335, 3370.5209666666665, 3370.5213, 3370.5214666666666, 3370.5217, 3370.5218666666665, 3370.5226333333335, 3370.5230333333334, 3370.523133333333, 3370.525866666667, 3370.526, 3370.5263, 3370.5277666666666, 3370.5284333333334, 3370.5285, 3370.5288666666665, 3370.5294, 3370.5295, 3370.5297333333333, 3370.5326, 3370.5336, 3370.5336333333335, 3370.5338, 3370.5338333333334, 3370.537733333333, 3370.5378333333333, 3370.5378666666666]","[77, 168, 15, 166, 17, 179, 56, 183, 42, 77, 179, 166, 17, 42, 207, 166, 56, 178, 77, 257, 168, 183, 166, 42, 17, 228, 77, 257, 168, 223, 56, 183, 77, 15, 223, 166, 56, 146, 178, 77, 223, 42, 207, 56, 207, 42, 168]"
3371.0096,3371.0196,3371.0368,3371.0216,4.964056968688965,0.0272,"[3371.0096, 3371.0105, 3371.0112, 3371.0145666666667, 3371.0158333333334, 3371.0178333333333, 3371.0213, 3371.021333333333, 3371.0216, 3371.022, 3371.022, 3371.0265, 3371.0273, 3371.0329666666667]","[166, 77, 15, 56, 77, 178, 30, 178, 77, 183, 166, 77, 183, 77]"
3372.8696,3372.8816,3372.9212,3372.8936,4.508088111877441,0.0516,"[3372.8697, 3372.8697, 3372.8732333333332, 3372.8735333333334, 3372.8737, 3372.8741666666665, 3372.8743, 3372.8748, 3372.8749333333335, 3372.8753666666667, 3372.8769, 3372.8771666666667, 3372.8805666666667, 3372.8806, 3372.8808, 3372.8811666666666, 3372.8827, 3372.8845666666666, 3372.8856, 3372.886, 3372.8861333333334, 3372.8863, 3372.887333333333, 3372.8876333333333, 3372.8883333333333, 3372.8883333333333, 3372.8930666666665, 3372.8931, 3372.8931, 3372.893633333333, 3372.8948666666665, 3372.8951, 3372.8951666666667, 3372.8955333333333, 3372.8961, 3372.8984, 3372.8989, 3372.9033, 3372.9036666666666, 3372.9045, 3372.905333333333, 3372.9057333333335, 3372.9091, 3372.9100333333336, 3372.9103666666665, 3372.9117, 3372.9138666666668, 3372.9147666666668, 3372.915266666667, 3372.9157666666665, 3372.9158333333335, 3372.9169666666667, 3372.9173333333333, 3372.9174333333335, 3372.9193666666665, 3372.9196333333334]","[77, 29, 257, 183, 251, 178, 257, 166, 77, 15, 29, 257, 183, 77, 166, 251, 56, 183, 77, 168, 56, 178, 183, 29, 189, 166, 56, 183, 168, 77, 15, 168, 29, 178, 56, 166, 168, 56, 29, 15, 183, 190, 178, 77, 29, 190, 56, 183, 178, 80, 76, 207, 29, 15, 166, 178]"
3374.3844,3374.4016,3374.4192,3374.4024,6.748470306396484,0.0348,"[3374.3853, 3374.3875333333335, 3374.388066666667, 3374.390266666667, 3374.3916, 3374.394466666666, 3374.394766666667, 3374.3948, 3374.3956333333335, 3374.3964666666666, 3374.3966333333333, 3374.3967333333335, 3374.3974333333335, 3374.3986666666665, 3374.398833333333, 3374.3992, 3374.4022333333332, 3374.4050333333334, 3374.4051666666664, 3374.4065, 3374.4074333333333, 3374.4076666666665, 3374.4102, 3374.4102666666668, 3374.4104333333335, 3374.4147666666668, 3374.4169333333334, 3374.417133333334, 3374.4173333333333, 3374.4175333333333]","[77, 56, 183, 77, 183, 207, 168, 178, 56, 207, 77, 166, 166, 56, 178, 77, 56, 77, 183, 190, 183, 56, 77, 56, 178, 257, 15, 77, 166, 56]"
3374.9748,3374.9856,3374.996,3374.988,5.024687767028809,0.0212,"[3374.9758, 3374.9765333333335, 3374.9776666666667, 3374.9780666666666, 3374.9782666666665, 3374.978833333333, 3374.9799, 3374.9816, 3374.9817666666668, 3374.9819333333335, 3374.982933333333, 3374.9839666666667, 3374.984266666667, 3374.9848333333334, 3374.9861333333333, 3374.9863, 3374.9889, 3374.9890666666665, 3374.9908333333333, 3374.9918, 3374.992166666667, 3374.992366666667, 3374.994133333333, 3374.9943333333335, 3374.9951333333333, 3374.995933333333]","[183, 178, 77, 29, 168, 183, 142, 15, 257, 166, 142, 56, 77, 166, 15, 142, 77, 228, 166, 56, 188, 142, 134, 183, 168, 142]"
3381.196,3381.2084,3381.2172,3381.212,6.485601902008057,0.0212,"[3381.1986333333334, 3381.198933333333, 3381.1992, 3381.2004, 3381.200733333333, 3381.202366666667, 3381.2025, 3381.2048666666665, 3381.2055, 3381.2060333333334, 3381.2066333333332, 3381.2083, 3381.2084666666665, 3381.2102, 3381.2123333333334, 3381.2125666666666, 3381.2128333333335, 3381.2130333333334, 3381.2143666666666, 3381.2167]","[178, 183, 56, 77, 164, 223, 168, 168, 77, 166, 56, 77, 183, 56, 77, 183, 17, 146, 257, 168]"
3381.6408,3381.6508,3381.7008,3381.6508,3.8473095893859863,0.06,"[3381.6424666666667, 3381.6440333333335, 3381.6442333333334, 3381.6444333333334, 3381.6445, 3381.6450666666665, 3381.6463, 3381.6477, 3381.649266666667, 3381.651, 3381.6517, 3381.654666666667, 3381.6574666666666, 3381.6578666666665, 3381.6585, 3381.6598, 3381.6623666666665, 3381.6632666666665, 3381.663466666667, 3381.663666666667, 3381.6658666666667, 3381.6682666666666, 3381.669766666667, 3381.6698, 3381.673, 3381.6736333333333, 3381.6754666666666, 3381.6772666666666, 3381.6785333333332, 3381.6786, 3381.6792666666665, 3381.679833333333, 3381.68, 3381.6822333333334, 3381.6831666666667, 3381.6837666666665, 3381.6853, 3381.6853666666666, 3381.685933333333, 3381.686133333333, 3381.6878333333334, 3381.6884666666665, 3381.6886, 3381.6893, 3381.6898, 3381.6917333333336, 3381.6924, 3381.6935, 3381.6936333333333, 3381.6938666666665, 3381.6954333333333, 3381.696, 3381.6966, 3381.6974666666665, 3381.6979, 3381.699866666667, 3381.7003666666665]","[15, 56, 77, 166, 30, 168, 230, 178, 183, 77, 30, 77, 183, 56, 166, 257, 178, 77, 131, 257, 89, 77, 168, 228, 257, 77, 15, 257, 77, 207, 142, 168, 178, 257, 207, 184, 183, 77, 166, 56, 15, 166, 183, 77, 142, 183, 166, 77, 56, 142, 183, 119, 166, 77, 56, 142, 166]"
3383.6072,3383.6328,3383.6452,3383.6296,4.708482265472412,0.038,"[3383.609033333333, 3383.6091666666666, 3383.6093666666666, 3383.61, 3383.6104, 3383.6147666666666, 3383.6153, 3383.6156333333333, 3383.6169, 3383.6188333333334, 3383.6190333333334, 3383.6192333333333, 3383.6207666666664, 3383.6213, 3383.6215333333334, 3383.6219333333333, 3383.6221, 3383.6229, 3383.6257666666666, 3383.6258666666668, 3383.6260333333335, 3383.6285333333335, 3383.6289666666667, 3383.6295666666665, 3383.63, 3383.632433333333, 3383.6347666666666, 3383.6349666666665, 3383.6361333333334, 3383.6368666666667, 3383.639633333333, 3383.640533333333, 3383.6419333333333, 3383.6426, 3383.6437333333333]","[77, 178, 229, 56, 15, 77, 30, 29, 183, 178, 56, 229, 15, 30, 190, 77, 56, 183, 166, 178, 56, 188, 183, 56, 229, 77, 207, 56, 166, 77, 179, 56, 223, 56, 77]"
3384.0084,3384.0184,3384.0492,3384.042,5.567803382873535,0.0408,"[3384.0107333333335, 3384.0114, 3384.0124666666666, 3384.015266666667, 3384.0156, 3384.017966666667, 3384.0189666666665, 3384.0206333333335, 3384.021166666667, 3384.0216, 3384.0217666666667, 3384.0218, 3384.0223666666666, 3384.0224333333335, 3384.0232333333333, 3384.0239, 3384.0241666666666, 3384.026, 3384.0265, 3384.0265666666664, 3384.0266, 3384.027633333333, 3384.0288333333333, 3384.030566666667, 3384.0306333333333, 3384.0306666666665, 3384.032, 3384.0324, 3384.0324666666666, 3384.0329, 3384.034633333333, 3384.035066666667, 3384.0353333333333, 3384.0358666666666, 3384.037566666667, 3384.0383333333334, 3384.038466666667, 3384.0397, 3384.0407666666665, 3384.041166666667, 3384.041366666667, 3384.0418, 3384.042, 3384.042066666667, 3384.0435, 3384.0448666666666, 3384.0471333333335]","[207, 77, 223, 77, 168, 166, 257, 178, 77, 257, 168, 179, 166, 183, 146, 168, 207, 207, 56, 15, 77, 56, 56, 178, 77, 164, 146, 207, 168, 178, 207, 166, 77, 146, 42, 257, 183, 77, 15, 178, 56, 77, 257, 166, 15, 223, 257]"
3386.0692,3386.078,3386.0916,3386.0804,4.5298895835876465,0.0224,"[3386.0696666666668, 3386.073766666667, 3386.0746, 3386.075333333333, 3386.0754, 3386.0764, 3386.0785, 3386.0801333333334, 3386.082933333333, 3386.0830333333333, 3386.0853666666667, 3386.0866, 3386.0868333333333, 3386.0884666666666, 3386.0899666666664, 3386.0901, 3386.0904]","[183, 119, 77, 166, 183, 257, 77, 178, 166, 77, 183, 77, 15, 56, 77, 257, 166]"
3388.2432,3388.2644,3388.2708,3388.2648,3.519235849380493,0.0276,"[3388.2433, 3388.2472666666667, 3388.2475, 3388.2478, 3388.2480333333333, 3388.2483, 3388.2508333333335, 3388.2523, 3388.258, 3388.2582666666667, 3388.2584333333334, 3388.259, 3388.2619, 3388.263266666667, 3388.2653666666665, 3388.2668, 3388.2677]","[183, 229, 168, 29, 77, 257, 183, 178, 166, 77, 29, 183, 89, 257, 166, 56, 77]"
3390.0204,3390.0348,3390.0556,3390.0356,7.841023445129395,0.0352,"[3390.0221, 3390.0235333333335, 3390.029, 3390.0291666666667, 3390.0298, 3390.0299333333332, 3390.0313, 3390.0325333333335, 3390.0327, 3390.0350333333336, 3390.0369666666666, 3390.0391, 3390.0398, 3390.0419666666667, 3390.0424, 3390.0442333333335, 3390.0446, 3390.0449, 3390.0460333333335, 3390.046066666667, 3390.0469333333335, 3390.050333333333, 3390.0505, 3390.0506666666665, 3390.0513666666666, 3390.0527333333334, 3390.0529, 3390.053066666667]","[56, 77, 166, 56, 77, 183, 190, 257, 56, 56, 15, 77, 164, 56, 166, 178, 179, 77, 56, 15, 178, 183, 77, 257, 164, 15, 190, 29]"
3393.8048,3393.8148,3393.8264,3393.8168,5.577676296234131,0.0216,"[3393.8052333333335, 3393.805566666667, 3393.8061666666667, 3393.8070333333335, 3393.8092333333334, 3393.8100666666664, 3393.811066666666, 3393.8117333333334, 3393.8133333333335, 3393.817666666667, 3393.8184666666666, 3393.819033333333, 3393.8224, 3393.8258]","[166, 77, 179, 190, 56, 77, 166, 56, 183, 77, 15, 168, 56, 77]"
3394.556,3394.564,3394.5856,3394.5624,6.181812763214111,0.0296,"[3394.5572, 3394.5573666666664, 3394.557466666666, 3394.5587666666665, 3394.5616, 3394.564066666667, 3394.5644, 3394.5671333333335, 3394.5687333333335, 3394.569433333333, 3394.5716666666667, 3394.572166666667, 3394.5724333333333, 3394.572933333334, 3394.573533333333, 3394.5738666666666, 3394.5751333333333, 3394.575766666667, 3394.576666666667, 3394.5767666666666, 3394.5788, 3394.5791, 3394.579333333333, 3394.5833, 3394.5839333333333, 3394.5842333333335]","[207, 77, 168, 183, 168, 77, 142, 168, 77, 168, 15, 56, 183, 230, 77, 257, 166, 228, 56, 178, 77, 142, 142, 178, 257, 77]"
3400.5932,3400.5988,3400.6164,3400.5964,3.2056665420532227,0.0232,"[3400.5934333333335, 3400.595533333333, 3400.5967333333333, 3400.5999666666667, 3400.6004333333335, 3400.6012333333333, 3400.6046, 3400.6049333333335, 3400.607466666667, 3400.6114333333335, 3400.613066666667, 3400.6140333333333, 3400.6145, 3400.6145333333334]","[183, 257, 30, 183, 77, 56, 29, 223, 77, 257, 142, 56, 178, 77]"
3401.4544,3401.4724,3401.4992,3401.4744,9.087136268615724,0.0448,"[3401.4564333333333, 3401.4572, 3401.4591333333333, 3401.4601, 3401.4607333333333, 3401.464166666666, 3401.4644333333335, 3401.467866666667, 3401.4695, 3401.4708666666666, 3401.4710666666665, 3401.471233333333, 3401.4725333333336, 3401.4740333333334, 3401.4741, 3401.4753333333333, 3401.476033333334, 3401.4762, 3401.477833333334, 3401.4781666666668, 3401.4784666666665, 3401.478633333333, 3401.4811666666665, 3401.4814666666666, 3401.4826, 3401.4828, 3401.4836666666665, 3401.4850666666666, 3401.4875, 3401.487766666666, 3401.488733333333, 3401.4891, 3401.4895333333334, 3401.489566666666, 3401.4897, 3401.4924, 3401.4945333333335, 3401.4956333333334, 3401.4961, 3401.4964666666665, 3401.497, 3401.4980666666665, 3401.4989333333333]","[56, 42, 166, 77, 56, 257, 77, 251, 29, 179, 178, 77, 257, 56, 183, 77, 29, 178, 56, 207, 15, 178, 77, 178, 166, 119, 15, 166, 178, 15, 77, 228, 56, 178, 257, 77, 183, 207, 77, 29, 179, 257, 178]"
3401.794,3401.802,3401.8208,3401.8008,5.724197864532471,0.0268,"[3401.794966666667, 3401.7967, 3401.796733333333, 3401.797, 3401.797233333333, 3401.799666666667, 3401.7999333333332, 3401.8007666666667, 3401.803933333333, 3401.8091, 3401.814966666667, 3401.8156, 3401.8168, 3401.8170333333333, 3401.8197333333333]","[179, 166, 230, 243, 56, 183, 168, 131, 77, 178, 134, 228, 207, 15, 257]"
3409.504,3409.5212,3409.5304,3409.5192,4.903567314147949,0.0264,"[3409.504066666667, 3409.5046333333335, 3409.5074, 3409.5077, 3409.511, 3409.5120666666667, 3409.5141, 3409.5148, 3409.5149, 3409.5153, 3409.5157, 3409.52, 3409.521166666667, 3409.5231, 3409.5239333333334, 3409.5286, 3409.5299666666665, 3409.5301666666664]","[56, 77, 15, 56, 257, 15, 29, 15, 178, 77, 56, 77, 29, 15, 166, 183, 166, 184]"
3409.7912,3409.8144,3409.8308,3409.816,3.781395435333252,0.0396,"[3409.791366666667, 3409.7914333333333, 3409.7915333333335, 3409.796733333333, 3409.7969, 3409.7971333333335, 3409.7973333333334, 3409.8011333333334, 3409.8015, 3409.803866666666, 3409.804, 3409.8043333333335, 3409.8067333333333, 3409.8079666666667, 3409.8079666666667, 3409.808366666666, 3409.8099666666667, 3409.8101333333334, 3409.8103666666666, 3409.8121333333333, 3409.812933333333, 3409.8142333333335, 3409.8143666666665, 3409.8154666666665, 3409.815733333334, 3409.816333333333, 3409.816333333333, 3409.8164333333334, 3409.8173333333334, 3409.818133333333, 3409.818366666667, 3409.8184666666666, 3409.8191333333334, 3409.8191666666667, 3409.8206666666665, 3409.821133333334, 3409.8233, 3409.8254666666667, 3409.8257, 3409.8261333333335, 3409.8262666666665, 3409.8280666666665, 3409.828933333333, 3409.829333333333, 3409.830266666667]","[77, 257, 183, 56, 257, 77, 166, 77, 56, 257, 15, 166, 77, 207, 164, 56, 77, 257, 146, 183, 178, 77, 207, 178, 56, 56, 207, 30, 56, 42, 77, 146, 144, 30, 77, 131, 56, 183, 56, 77, 166, 56, 207, 77, 183]"
3414.2788,3414.292,3414.3164,3414.294,12.565027236938477,0.0376,"[3414.2791666666667, 3414.2792, 3414.280333333333, 3414.2827333333335, 3414.2828666666665, 3414.2829666666667, 3414.283266666667, 3414.285, 3414.2853333333333, 3414.2855666666665, 3414.285733333333, 3414.2873666666665, 3414.2880666666665, 3414.2887666666666, 3414.2892, 3414.289333333333, 3414.289366666667, 3414.289433333334, 3414.2896333333333, 3414.2897, 3414.2906666666668, 3414.2926333333335, 3414.292933333333, 3414.2933666666668, 3414.2941, 3414.2951333333335, 3414.2955666666667, 3414.2960333333335, 3414.2961, 3414.2961333333333, 3414.2974, 3414.2978333333335, 3414.2981, 3414.2982333333334, 3414.300333333333, 3414.302066666666, 3414.3022333333333, 3414.3027333333334, 3414.3029333333334, 3414.302966666666, 3414.3036333333334, 3414.3053666666665, 3414.3063666666667, 3414.3065333333334, 3414.306566666666, 3414.3076333333333, 3414.3081666666667, 3414.3095333333335, 3414.3103333333333, 3414.311366666667, 3414.3121666666666, 3414.312266666667, 3414.3137333333334]","[15, 178, 56, 257, 77, 183, 15, 56, 183, 15, 77, 168, 77, 183, 30, 168, 56, 166, 77, 29, 15, 183, 257, 56, 30, 77, 207, 164, 29, 183, 223, 178, 166, 77, 77, 243, 168, 77, 166, 29, 183, 257, 77, 223, 56, 168, 207, 56, 207, 179, 77, 207, 56]"
3416.8272,3416.8344,3416.85,3416.8328,3.4400410652160645,0.0228,"[3416.8333666666667, 3416.833633333333, 3416.8339333333333, 3416.8344333333334, 3416.8361, 3416.8395666666665, 3416.8402666666666, 3416.8405333333335, 3416.8412, 3416.8412333333335, 3416.8447, 3416.8458, 3416.8484]","[77, 166, 89, 178, 56, 131, 77, 15, 166, 228, 77, 251, 77]"
3418.154,3418.1704,3418.1792,3418.1684,4.115199089050293,0.0252,"[3418.1548, 3418.1576, 3418.1609333333336, 3418.1612666666665, 3418.161833333333, 3418.1666333333333, 3418.1686, 3418.1691, 3418.1716666666666, 3418.1741, 3418.174266666667, 3418.1764]","[166, 77, 183, 77, 29, 77, 178, 166, 29, 77, 189, 257]"
3425.0632,3425.08,3425.094,3425.0872,4.990569591522217,0.0308,"[3425.0666, 3425.0667, 3425.0677333333333, 3425.0736333333334, 3425.0752333333335, 3425.0798666666665, 3425.0812333333333, 3425.0833333333335, 3425.0834333333332, 3425.0852333333332, 3425.0879, 3425.089266666667, 3425.0896, 3425.090166666667, 3425.0929333333333, 3425.093, 3425.0933333333332]","[257, 77, 56, 168, 77, 56, 183, 29, 179, 183, 166, 179, 77, 56, 178, 164, 183]"
3426.3096,3426.3404,3426.35,3426.342,8.667853355407715,0.0404,"[3426.3123333333333, 3426.3128333333334, 3426.3172666666665, 3426.318366666667, 3426.3186, 3426.3186666666666, 3426.3188, 3426.3193666666666, 3426.3225, 3426.3227666666667, 3426.323066666667, 3426.3241, 3426.3247, 3426.325, 3426.326233333333, 3426.3264, 3426.3268333333335, 3426.3270333333335, 3426.3283, 3426.3292666666666, 3426.3304, 3426.3311, 3426.3328, 3426.3328, 3426.333766666666, 3426.3346, 3426.3355, 3426.3363, 3426.3363, 3426.3377, 3426.3388, 3426.3398666666667, 3426.340833333333, 3426.3423333333335, 3426.343066666667, 3426.343733333333, 3426.3462666666665, 3426.3467, 3426.3468333333335, 3426.3470666666667, 3426.347366666667, 3426.3478666666665, 3426.349133333333]","[166, 15, 144, 56, 166, 77, 257, 183, 56, 183, 77, 168, 56, 166, 164, 183, 77, 15, 56, 166, 56, 77, 168, 207, 179, 56, 56, 77, 178, 15, 190, 56, 77, 257, 56, 56, 257, 77, 178, 183, 164, 56, 183]"
3427.5916,3427.608,3427.6344,3427.6092,11.9128999710083,0.0428,"[3427.5918, 3427.5924, 3427.5924666666665, 3427.592766666666, 3427.5933333333332, 3427.5954333333334, 3427.5957, 3427.5961333333335, 3427.5963333333334, 3427.5975333333336, 3427.5990666666667, 3427.6004333333335, 3427.6007666666665, 3427.6011, 3427.601833333333, 3427.6021333333333, 3427.6023333333333, 3427.6029, 3427.6043, 3427.6044666666667, 3427.6048666666666, 3427.6053333333334, 3427.605433333333, 3427.605533333334, 3427.6067333333335, 3427.608133333333, 3427.6082, 3427.6091666666666, 3427.6102666666666, 3427.6115666666665, 3427.611966666667, 3427.611966666667, 3427.6121333333335, 3427.614433333333, 3427.6168, 3427.6172, 3427.6177666666667, 3427.6179, 3427.6181333333334, 3427.618966666667, 3427.619133333333, 3427.6214666666665, 3427.6225666666664, 3427.6232333333332, 3427.623566666666, 3427.627266666667, 3427.6278, 3427.6293, 3427.63, 3427.631533333333, 3427.6316666666667, 3427.6328]","[166, 168, 142, 178, 56, 183, 77, 243, 188, 166, 56, 142, 257, 183, 223, 207, 77, 178, 142, 188, 166, 257, 56, 183, 178, 243, 142, 77, 166, 15, 142, 178, 257, 166, 178, 56, 77, 142, 15, 164, 190, 183, 77, 243, 166, 183, 223, 178, 77, 183, 188, 257]"
3434.3748,3434.3872,3434.396,3434.3852,4.0272216796875,0.0212,"[3434.3750333333332, 3434.3786333333333, 3434.3787333333335, 3434.3791, 3434.3806666666665, 3434.3814666666667, 3434.3829666666666, 3434.3848, 3434.3858666666665, 3434.386033333333, 3434.3861666666667, 3434.3868333333335, 3434.3871, 3434.3877, 3434.3888666666667, 3434.389166666667, 3434.3901666666666, 3434.3931333333335, 3434.3933, 3434.3940333333335]","[15, 77, 178, 166, 223, 257, 183, 77, 178, 184, 56, 29, 207, 257, 183, 190, 184, 77, 184, 183]"
3436.166,3436.2032,3436.2132,3436.204,7.161888599395752,0.0472,"[3436.168133333333, 3436.168166666667, 3436.1684333333333, 3436.168833333333, 3436.1756666666665, 3436.1763, 3436.1803333333332, 3436.1817666666666, 3436.1819666666665, 3436.1871333333333, 3436.1890333333336, 3436.190733333334, 3436.190733333334, 3436.191333333333, 3436.196233333333, 3436.197033333334, 3436.2014, 3436.2018333333335, 3436.202133333333, 3436.203266666667, 3436.2049333333334, 3436.205266666667, 3436.2053666666666, 3436.2067333333334, 3436.2087333333334, 3436.2095]","[257, 183, 29, 77, 257, 77, 56, 257, 77, 166, 178, 77, 183, 257, 77, 257, 77, 56, 178, 168, 178, 77, 168, 56, 77, 184]"
3438.1448,3438.1528,3438.1852,3438.154,3.462711811065674,0.0404,"[3438.1487, 3438.1495333333332, 3438.1500666666666, 3438.150666666667, 3438.1514, 3438.1518333333333, 3438.1528333333335, 3438.1541, 3438.1547333333333, 3438.1556333333333, 3438.156033333333, 3438.1603666666665, 3438.1610333333333, 3438.1639, 3438.1643, 3438.1645, 3438.1648333333333, 3438.1675666666665, 3438.1691, 3438.1691333333333, 3438.170166666667, 3438.1736666666666, 3438.1746333333335, 3438.175133333333, 3438.1752, 3438.1757, 3438.176066666667, 3438.1762, 3438.1774, 3438.177966666666, 3438.1803333333332, 3438.1808, 3438.1808333333333, 3438.181866666667, 3438.1821, 3438.1821666666665, 3438.1851333333334]","[56, 56, 178, 77, 56, 183, 168, 183, 30, 56, 77, 183, 56, 77, 166, 15, 183, 190, 178, 229, 183, 119, 257, 168, 183, 56, 229, 29, 168, 89, 166, 178, 229, 77, 207, 164, 178]"
3440.058,3440.0788,3440.0848,3440.0792,3.6503500938415527,0.0268,"[3440.0580666666665, 3440.058666666667, 3440.0619, 3440.0633333333335, 3440.0635666666667, 3440.0639666666666, 3440.0647, 3440.0688, 3440.0693, 3440.073033333333, 3440.0743666666667, 3440.0746, 3440.0759, 3440.0786, 3440.0807666666665, 3440.0808666666667, 3440.0817333333334]","[257, 183, 257, 77, 178, 56, 42, 183, 77, 183, 257, 178, 77, 166, 29, 56, 257]"
3441.0456,3441.0516,3441.0692,3441.0528,3.3877224922180176,0.0236,"[3441.045866666667, 3441.046733333333, 3441.046733333333, 3441.047233333333, 3441.0483, 3441.0488, 3441.0522333333333, 3441.0544, 3441.0562, 3441.0567, 3441.057566666667, 3441.0576666666666, 3441.0581333333334, 3441.060033333333, 3441.060266666667, 3441.061966666666, 3441.0626666666667, 3441.0634333333333, 3441.0637666666667, 3441.0667333333336, 3441.067433333333, 3441.0690666666665, 3441.0691]","[77, 168, 178, 257, 166, 56, 77, 56, 77, 29, 15, 183, 257, 77, 166, 183, 166, 56, 29, 77, 183, 77, 190]"
3442.72,3442.7316,3442.7408,3442.734,8.443406105041504,0.0208,"[3442.7235, 3442.7236666666668, 3442.7237, 3442.7273333333333, 3442.7275666666665, 3442.728666666667, 3442.7291666666665, 3442.7294666666667, 3442.7303, 3442.7308, 3442.7317666666668, 3442.7332666666666, 3442.7341333333334, 3442.7349, 3442.735133333333, 3442.7361333333333, 3442.736933333333, 3442.7388666666666, 3442.7389333333335, 3442.7399333333333]","[77, 257, 15, 168, 77, 56, 166, 15, 183, 257, 77, 56, 179, 183, 77, 56, 190, 77, 164, 15]"
3443.0908,3443.1028,3443.1376,3443.1044,6.386104583740234,0.0468,"[3443.0921333333335, 3443.0927333333334, 3443.0980666666665, 3443.0983, 3443.0984, 3443.0989666666665, 3443.099166666667, 3443.1044333333334, 3443.104533333333, 3443.1053, 3443.1057666666666, 3443.1058333333335, 3443.109, 3443.1123333333335, 3443.112666666667, 3443.1136333333334, 3443.1154333333334, 3443.1179666666667, 3443.1192333333333, 3443.1205333333332, 3443.120733333333, 3443.1216, 3443.1225666666664, 3443.1232, 3443.1233333333334, 3443.1247, 3443.1251666666667, 3443.1287666666667, 3443.128833333333, 3443.129266666667, 3443.1293666666666, 3443.1296666666667, 3443.1345666666666, 3443.1354, 3443.1357333333335, 3443.137133333333]","[56, 183, 77, 183, 56, 15, 166, 166, 77, 183, 257, 56, 42, 77, 56, 183, 77, 56, 77, 42, 183, 257, 56, 183, 15, 166, 77, 207, 15, 77, 183, 56, 207, 77, 178, 166]"
3444.0892,3444.1264,3444.144,3444.1268,7.845819473266602,0.0548,"[3444.090133333333, 3444.0919, 3444.0933, 3444.094, 3444.0959, 3444.0962, 3444.096233333333, 3444.0969666666665, 3444.1001666666666, 3444.1017, 3444.1036, 3444.1039333333333, 3444.1043666666665, 3444.1067333333335, 3444.1076, 3444.111066666667, 3444.112166666667, 3444.1125666666667, 3444.1152, 3444.1159, 3444.117333333333, 3444.117366666667, 3444.1175333333335, 3444.1202333333335, 3444.1215333333334, 3444.1232666666665, 3444.1239666666665, 3444.1241, 3444.1243, 3444.1264666666666, 3444.1275333333333, 3444.1276333333335, 3444.1286666666665, 3444.1306666666665, 3444.1311, 3444.1318666666666, 3444.1372, 3444.1379, 3444.1431, 3444.143866666667]","[77, 164, 56, 183, 168, 77, 178, 15, 166, 183, 77, 166, 190, 77, 183, 183, 77, 56, 207, 257, 190, 56, 77, 183, 77, 168, 183, 15, 56, 168, 166, 77, 56, 190, 56, 183, 56, 164, 56, 77]"
3444.2792,3444.2948,3444.3108,3444.294,7.1907782554626465,0.0316,"[3444.2799666666665, 3444.2808, 3444.281333333334, 3444.2816666666668, 3444.2833333333333, 3444.2843333333335, 3444.2849, 3444.2856666666667, 3444.2874, 3444.2891, 3444.2898, 3444.291, 3444.2935, 3444.2952, 3444.2957666666666, 3444.2970333333333, 3444.299266666667, 3444.299666666667, 3444.3006333333333, 3444.3008333333332, 3444.3013666666666, 3444.301933333333, 3444.302133333333, 3444.3052333333335, 3444.305766666667, 3444.3060666666665, 3444.3084]","[77, 15, 166, 257, 56, 251, 166, 77, 56, 56, 77, 223, 56, 166, 29, 77, 56, 131, 207, 42, 77, 166, 183, 251, 56, 77, 178]"
3446.7476,3446.764,3446.77,3446.7656,3.4221348762512207,0.0224,"[3446.7479333333335, 3446.7517, 3446.7518, 3446.7529, 3446.7562333333335, 3446.7563, 3446.7571333333335, 3446.7573333333335, 3446.7580666666668, 3446.7584333333334, 3446.759633333333, 3446.7602, 3446.7611, 3446.7620666666667, 3446.7624, 3446.7635666666665, 3446.764833333333, 3446.7655666666665, 3446.7658666666666, 3446.7666, 3446.7671, 3446.768466666667, 3446.7689, 3446.7689666666665]","[77, 166, 77, 15, 183, 77, 164, 229, 178, 189, 168, 77, 131, 56, 77, 229, 131, 56, 183, 77, 29, 178, 15, 166]"
3447.2256,3447.2364,3447.2528,3447.2424,3.965388774871826,0.0272,"[3447.2263, 3447.2274666666667, 3447.2301, 3447.231566666667, 3447.2344, 3447.236966666667, 3447.2437666666665, 3447.2455666666665, 3447.2478333333333, 3447.248566666666, 3447.2526333333335]","[257, 77, 15, 257, 77, 56, 56, 257, 183, 56, 56]"
3448.2956,3448.3052,3448.3296,3448.3056,4.702404499053955,0.034,"[3448.295866666667, 3448.2991333333334, 3448.3007666666667, 3448.3018666666667, 3448.3024333333333, 3448.3064, 3448.3072, 3448.3076333333333, 3448.311966666666, 3448.3129, 3448.312966666667, 3448.3134666666665, 3448.3137666666667, 3448.3139666666666, 3448.3141, 3448.315433333333, 3448.316533333333, 3448.316633333334, 3448.318533333333, 3448.319333333334, 3448.3195666666666, 3448.3206666666665, 3448.3218333333334, 3448.3225333333335, 3448.3236333333334, 3448.3259333333335, 3448.3279666666667]","[164, 178, 77, 15, 178, 77, 56, 207, 77, 166, 15, 207, 178, 56, 179, 77, 251, 166, 178, 166, 29, 178, 183, 178, 257, 77, 56]"
3452.5616,3452.5688,3452.5924,3452.57,4.734043121337891,0.0308,"[3452.5616, 3452.5633666666668, 3452.564733333333, 3452.5659666666666, 3452.5664, 3452.5693, 3452.5697666666665, 3452.5698, 3452.5715333333333, 3452.5718333333334, 3452.5718333333334, 3452.5738, 3452.574633333333, 3452.5776, 3452.578, 3452.5781, 3452.5795333333335, 3452.5823666666665, 3452.5830666666666, 3452.5842, 3452.584533333333, 3452.584566666667, 3452.5853333333334, 3452.5860333333335, 3452.5863, 3452.586466666666, 3452.587366666666, 3452.5889333333334, 3452.5893, 3452.590133333333, 3452.5905666666667, 3452.5906333333332, 3452.591933333333]","[56, 131, 77, 166, 257, 164, 179, 77, 29, 178, 15, 77, 56, 183, 166, 77, 15, 77, 178, 168, 257, 56, 183, 207, 223, 168, 166, 178, 56, 229, 168, 29, 178]"
3453.3028,3453.3124,3453.3408,3453.3112,5.725200176239014,0.038,"[3453.3033333333333, 3453.305733333333, 3453.3064, 3453.306866666667, 3453.311066666666, 3453.3121, 3453.3134333333333, 3453.3163, 3453.3187333333335, 3453.319933333333, 3453.320333333333, 3453.3204666666666, 3453.3207, 3453.3216333333335, 3453.3261, 3453.3281, 3453.3305, 3453.331133333333, 3453.3312666666666, 3453.3317333333334, 3453.331966666666, 3453.3321666666666, 3453.335866666667, 3453.3382, 3453.3397666666665, 3453.3397666666665]","[178, 183, 56, 77, 15, 178, 15, 77, 56, 164, 77, 15, 190, 56, 183, 56, 183, 178, 190, 164, 257, 15, 77, 15, 56, 183]"
3454.244,3454.2644,3454.2712,3454.2672,3.630976676940918,0.0272,"[3454.2444, 3454.2448, 3454.2456666666667, 3454.2465333333334, 3454.2472666666667, 3454.248866666667, 3454.2492666666667, 3454.249466666666, 3454.2508333333335, 3454.2553, 3454.2557666666667, 3454.255866666667, 3454.2589666666668, 3454.2615666666666, 3454.2629666666667, 3454.2632, 3454.2655666666665, 3454.2667, 3454.266833333333, 3454.2671666666665, 3454.2674333333334, 3454.2691666666665, 3454.2699333333335, 3454.271166666667]","[15, 56, 89, 166, 164, 251, 15, 77, 56, 29, 56, 183, 77, 144, 77, 178, 77, 168, 183, 56, 166, 15, 257, 166]"
3457.018,3457.028,3457.0448,3457.026,5.113119125366211,0.0268,"[3457.020233333333, 3457.021566666667, 3457.0226, 3457.0228, 3457.0262, 3457.0264, 3457.0269, 3457.0271333333335, 3457.0273666666667, 3457.0277, 3457.0277666666666, 3457.0279, 3457.0280666666667, 3457.028333333333, 3457.0287, 3457.0316666666668, 3457.0327, 3457.0327666666667, 3457.0335333333333, 3457.0344333333333, 3457.035533333333, 3457.0362333333333, 3457.0379, 3457.0383, 3457.038466666667, 3457.0387333333333, 3457.0390666666667, 3457.0391, 3457.040466666667, 3457.041, 3457.0419333333334, 3457.0423666666666, 3457.0434333333333, 3457.0438, 3457.043933333334, 3457.0445666666665]","[77, 183, 56, 15, 30, 56, 183, 29, 142, 207, 77, 190, 15, 178, 257, 188, 77, 142, 56, 166, 178, 243, 15, 166, 257, 56, 77, 178, 164, 257, 56, 178, 144, 142, 168, 183]"
3457.6784,3457.6896,3457.6984,3457.6884,5.118607044219971,0.02,"[3457.6805, 3457.681433333333, 3457.6819666666665, 3457.6822333333334, 3457.6842333333334, 3457.6863333333336, 3457.6876666666667, 3457.6899333333336, 3457.6908333333336, 3457.6943, 3457.6952, 3457.6965, 3457.6966]","[257, 178, 56, 183, 77, 183, 56, 29, 77, 131, 183, 77, 56]"
3461.8472,3461.864,3461.8708,3461.864,5.710470676422119,0.0236,"[3461.8472333333334, 3461.8488, 3461.8497333333335, 3461.8507666666665, 3461.8512, 3461.8530333333333, 3461.8531, 3461.8534666666665, 3461.854633333334, 3461.8577666666665, 3461.8596333333335, 3461.8597666666665, 3461.8598, 3461.859933333333, 3461.8615, 3461.8622, 3461.863733333333, 3461.868033333333, 3461.8685333333333, 3461.8701666666666]","[77, 146, 166, 207, 77, 168, 207, 166, 77, 166, 77, 168, 56, 183, 164, 257, 56, 257, 77, 56]"
3465.6988,3465.7108,3465.7224,3465.71,5.946876049041748,0.0236,"[3465.6991666666668, 3465.7008, 3465.7010333333333, 3465.7013, 3465.7019, 3465.7024666666666, 3465.703466666667, 3465.7042333333334, 3465.7045333333335, 3465.7049333333334, 3465.7065666666667, 3465.7074333333335, 3465.710433333333, 3465.7112666666667, 3465.7116, 3465.712266666667, 3465.7147666666665, 3465.7156333333332, 3465.7183666666665, 3465.718533333333, 3465.718666666666, 3465.7194666666664, 3465.719666666667]","[15, 77, 178, 56, 207, 166, 183, 77, 56, 228, 178, 183, 207, 77, 29, 56, 178, 56, 56, 166, 15, 29, 77]"
3466.6644,3466.6996,3466.706,3466.702,4.141398906707764,0.0416,"[3466.6681, 3466.6685, 3466.6686, 3466.669833333334, 3466.6699, 3466.6700333333333, 3466.6706, 3466.671, 3466.6729333333333, 3466.675566666667, 3466.676233333333, 3466.6783666666665, 3466.6791, 3466.680066666667, 3466.6817, 3466.6818, 3466.6823, 3466.6824, 3466.6846333333333, 3466.6851, 3466.685166666666, 3466.6859, 3466.6865333333335, 3466.6869333333334, 3466.6871, 3466.688866666667, 3466.6907, 3466.6919, 3466.6921666666667, 3466.6927333333333, 3466.6941, 3466.6941333333334, 3466.6946333333335, 3466.6964333333335, 3466.6966333333335, 3466.696933333333, 3466.6972333333333, 3466.6992666666665, 3466.7001333333333, 3466.7008333333333, 3466.7028666666665, 3466.7031, 3466.7047666666667]","[183, 77, 56, 228, 89, 15, 183, 56, 166, 77, 229, 29, 56, 229, 56, 183, 15, 77, 56, 229, 166, 183, 29, 77, 15, 178, 164, 77, 15, 29, 228, 168, 178, 183, 77, 166, 178, 15, 183, 178, 166, 77, 183]"
3467.456,3467.49,3467.532,3467.4924,10.901341438293455,0.076,"[3467.4569, 3467.4589333333333, 3467.4611333333332, 3467.461366666667, 3467.461566666667, 3467.4627333333333, 3467.465166666667, 3467.4670333333333, 3467.4671333333335, 3467.4674666666665, 3467.468066666667, 3467.468066666667, 3467.4688, 3467.4698333333336, 3467.4728333333333, 3467.4735333333333, 3467.475, 3467.4756, 3467.475966666667, 3467.4762, 3467.4789333333333, 3467.479, 3467.4794, 3467.480533333334, 3467.4807, 3467.4818666666665, 3467.4823666666666, 3467.4844333333335, 3467.484733333333, 3467.486033333333, 3467.4861333333333, 3467.4864333333335, 3467.4869, 3467.4871333333335, 3467.4872666666665, 3467.4881, 3467.4881, 3467.4910333333332, 3467.493066666667, 3467.493966666667, 3467.4945333333335, 3467.4947333333334, 3467.4951333333333, 3467.4954, 3467.498666666667, 3467.5007333333333, 3467.5010666666667, 3467.5016, 3467.5053, 3467.505633333333, 3467.5064333333335, 3467.5066333333334, 3467.5083, 3467.508566666667, 3467.5089333333335, 3467.509666666667, 3467.5107666666668, 3467.5125, 3467.5139, 3467.5140333333334, 3467.5147333333334, 3467.5172666666667, 3467.519, 3467.5209, 3467.521, 3467.5217, 3467.5247, 3467.5268333333333, 3467.5276]","[257, 183, 77, 257, 17, 56, 243, 178, 56, 183, 188, 15, 56, 257, 183, 257, 56, 168, 77, 207, 142, 228, 188, 243, 56, 142, 257, 183, 56, 56, 207, 243, 178, 77, 134, 207, 30, 257, 207, 188, 15, 183, 207, 77, 56, 178, 188, 77, 257, 183, 166, 77, 188, 257, 183, 166, 56, 257, 56, 183, 166, 56, 77, 15, 178, 230, 56, 166, 56]"
3468.092,3468.12,3468.132,3468.1176,8.769636154174805,0.04,"[3468.092833333333, 3468.0939, 3468.0942333333332, 3468.095533333333, 3468.096, 3468.0984333333336, 3468.0985666666666, 3468.098933333333, 3468.101033333334, 3468.1012, 3468.1021, 3468.1034, 3468.1036, 3468.1050333333333, 3468.1057333333333, 3468.1057333333333, 3468.107933333333, 3468.1084666666666, 3468.1094333333335, 3468.110133333333, 3468.1121, 3468.1121, 3468.112633333333, 3468.1130333333335, 3468.113533333333, 3468.1137, 3468.114633333333, 3468.1161333333334, 3468.116433333333, 3468.116466666667, 3468.1166, 3468.118233333333, 3468.1186, 3468.1187, 3468.1188666666667, 3468.1192666666666, 3468.1207, 3468.1237666666666, 3468.1246666666666, 3468.1247, 3468.125666666667, 3468.1282666666666, 3468.1294666666668, 3468.1296]","[166, 190, 56, 15, 77, 56, 146, 183, 166, 56, 77, 178, 183, 56, 146, 166, 178, 56, 183, 77, 56, 166, 42, 30, 29, 146, 77, 207, 183, 168, 257, 77, 30, 257, 166, 42, 29, 77, 17, 178, 56, 146, 77, 183]"
3471.7504,3471.7628,3471.7748,3471.7636,4.778985023498535,0.0244,"[3471.7523, 3471.7525333333333, 3471.753366666667, 3471.7541, 3471.7565, 3471.756933333333, 3471.7575333333334, 3471.7577, 3471.758333333333, 3471.7589, 3471.7634333333335, 3471.7640333333334, 3471.7710333333334, 3471.7716333333333, 3471.773166666667]","[15, 77, 178, 15, 178, 178, 77, 168, 166, 56, 179, 77, 183, 166, 77]"
3472.1244,3472.1344,3472.1452,3472.1316,4.010491847991943,0.0208,"[3472.1259666666665, 3472.1261, 3472.1264, 3472.1279, 3472.127933333333, 3472.1315666666665, 3472.132, 3472.132833333333, 3472.1330333333335, 3472.1334666666667, 3472.134666666667, 3472.138733333333, 3472.1406333333334, 3472.1411, 3472.1422333333335, 3472.1451]","[56, 166, 183, 178, 77, 183, 77, 166, 131, 257, 178, 56, 223, 77, 15, 56]"
3472.85,3472.8828,3472.8936,3472.886,4.950246810913086,0.0436,"[3472.8512333333333, 3472.853733333334, 3472.854566666667, 3472.8551333333335, 3472.8574, 3472.860166666667, 3472.8602, 3472.861066666667, 3472.8611666666666, 3472.8612, 3472.8629333333333, 3472.8643666666667, 3472.8643666666667, 3472.8648333333335, 3472.865366666667, 3472.867133333333, 3472.8687333333332, 3472.8688, 3472.869, 3472.8717, 3472.8722, 3472.8732, 3472.873866666667, 3472.8751666666667, 3472.875433333333, 3472.8758333333335, 3472.876, 3472.876366666667, 3472.8784, 3472.8793, 3472.8799, 3472.8802666666666, 3472.8803666666668, 3472.8805, 3472.8813333333333, 3472.8817, 3472.8840666666665, 3472.8870666666667, 3472.8871, 3472.888466666667, 3472.8890333333334, 3472.8893, 3472.8903333333333, 3472.8904, 3472.8914, 3472.891633333333, 3472.892066666667]","[77, 131, 257, 77, 77, 207, 56, 166, 131, 183, 257, 42, 15, 166, 178, 183, 77, 189, 56, 77, 178, 183, 56, 77, 183, 17, 15, 15, 179, 168, 131, 77, 134, 166, 17, 168, 183, 17, 166, 77, 183, 257, 15, 164, 56, 131, 183]"
3475.826,3475.8368,3475.874,3475.8352,8.178324699401855,0.048,"[3475.826233333333, 3475.827766666667, 3475.8287333333333, 3475.829566666667, 3475.831833333333, 3475.8322, 3475.834733333333, 3475.8348666666666, 3475.8350333333333, 3475.8359, 3475.8367, 3475.8369333333335, 3475.8370333333332, 3475.8396666666667, 3475.8397, 3475.8409, 3475.8411333333333, 3475.841966666667, 3475.8429333333333, 3475.8431, 3475.8431, 3475.846, 3475.847433333334, 3475.8475, 3475.847566666667, 3475.8476333333333, 3475.8488333333335, 3475.8528, 3475.852966666667, 3475.8545, 3475.857933333333, 3475.8595333333333, 3475.8604, 3475.8606, 3475.8624333333332, 3475.867266666666, 3475.8676, 3475.8677333333335, 3475.8716666666664]","[15, 188, 56, 77, 142, 183, 228, 134, 168, 77, 164, 142, 207, 223, 142, 243, 183, 134, 142, 77, 178, 257, 142, 134, 77, 144, 56, 56, 142, 77, 144, 56, 15, 228, 183, 168, 56, 131, 77]"
3485.4672,3485.5032,3485.51,3485.4756,3.96244215965271,0.0428,"[3485.468733333333, 3485.4692333333332, 3485.470766666667, 3485.4712666666665, 3485.4726333333333, 3485.4747333333335, 3485.4749333333334, 3485.4781, 3485.4846, 3485.4851, 3485.4898333333335, 3485.4899666666665, 3485.4952333333335, 3485.5019, 3485.5045333333333, 3485.5057333333334, 3485.5064666666667, 3485.5068666666666, 3485.5069, 3485.507633333333, 3485.5090333333333, 3485.5090666666665]","[257, 183, 77, 76, 56, 207, 183, 77, 77, 183, 56, 183, 257, 166, 56, 251, 29, 257, 178, 166, 15, 29]"
3487.0584,3487.0684,3487.0956,3487.0696,3.415659666061402,0.0372,"[3487.0589666666665, 3487.0595333333335, 3487.062966666667, 3487.063033333334, 3487.0634333333333, 3487.065733333334, 3487.0664, 3487.0668, 3487.0679333333333, 3487.0691666666667, 3487.0728, 3487.0745, 3487.074733333334, 3487.0749333333333, 3487.0751666666665, 3487.0752333333335, 3487.075633333334, 3487.0757, 3487.0761, 3487.080233333333, 3487.081066666666, 3487.0812333333333, 3487.081366666667, 3487.0842666666667, 3487.084533333333, 3487.0857666666666, 3487.0861333333332, 3487.0880333333334, 3487.0882, 3487.0889, 3487.089033333333, 3487.0906666666665, 3487.0930333333336, 3487.0943666666667, 3487.094666666667]","[77, 56, 77, 257, 251, 56, 77, 257, 251, 183, 56, 168, 251, 223, 207, 257, 77, 183, 56, 183, 77, 207, 56, 178, 56, 77, 183, 229, 77, 166, 257, 56, 251, 183, 77]"
3487.4592,3487.5212,3487.5332,3487.5164,5.956759452819824,0.074,"[3487.4677, 3487.4697, 3487.4701, 3487.476166666667, 3487.4785, 3487.4864, 3487.4866, 3487.4866666666667, 3487.490566666667, 3487.4909, 3487.4911333333334, 3487.491233333333, 3487.4917666666665, 3487.4918333333335, 3487.4924333333333, 3487.4929666666667, 3487.4962666666665, 3487.4969333333333, 3487.4981666666667, 3487.4990333333335, 3487.4991333333332, 3487.5034333333333, 3487.5039666666667, 3487.5043333333333, 3487.5049, 3487.5063666666665, 3487.5072666666665, 3487.5093666666667, 3487.5097, 3487.5108, 3487.5117, 3487.5125666666668, 3487.5127666666667, 3487.5134, 3487.5139, 3487.515766666667, 3487.5160666666666, 3487.5167666666666, 3487.5170333333335, 3487.517733333333, 3487.5182333333332, 3487.5183333333334, 3487.52, 3487.5216, 3487.5235, 3487.5235333333335, 3487.525166666667, 3487.5266333333334, 3487.526666666666, 3487.5270666666665, 3487.5273333333334, 3487.5306333333333, 3487.5308333333332, 3487.5322, 3487.5327666666667, 3487.5327666666667]","[178, 77, 257, 77, 166, 178, 168, 56, 166, 131, 257, 77, 30, 56, 29, 178, 30, 56, 56, 29, 77, 77, 178, 183, 15, 257, 77, 178, 183, 77, 56, 257, 142, 77, 183, 178, 56, 77, 56, 166, 29, 15, 77, 257, 56, 77, 178, 29, 15, 77, 56, 257, 178, 77, 56, 15]"
3490.7648,3490.7856,3490.7996,3490.7832,5.112609386444092,0.0348,"[3490.7649, 3490.771, 3490.7710333333334, 3490.772, 3490.7735666666667, 3490.7737333333334, 3490.774, 3490.7745, 3490.7747, 3490.775633333333, 3490.7772666666665, 3490.7782, 3490.7799, 3490.780133333333, 3490.7847666666667, 3490.7880666666665, 3490.7889333333333, 3490.7903666666666, 3490.7906, 3490.7926333333335, 3490.7928333333334, 3490.7928666666667, 3490.7932666666666, 3490.7937666666667, 3490.7941, 3490.7944, 3490.7944, 3490.7950333333333, 3490.796533333333]","[77, 56, 77, 257, 15, 183, 179, 77, 56, 257, 166, 183, 257, 77, 77, 183, 178, 207, 77, 183, 168, 257, 56, 190, 77, 166, 15, 168, 257]"
3495.0036,3495.0132,3495.0624,3495.0152,4.8506340980529785,0.0588,"[3495.0041666666666, 3495.0043333333333, 3495.0044, 3495.008333333333, 3495.0084666666667, 3495.008633333334, 3495.0089, 3495.009433333333, 3495.010366666667, 3495.0115333333333, 3495.0134333333335, 3495.0142666666666, 3495.0149666666666, 3495.015066666667, 3495.0168, 3495.0169, 3495.017766666667, 3495.0216333333333, 3495.0218, 3495.0219333333334, 3495.022166666666, 3495.0263666666665, 3495.0266, 3495.0273333333334, 3495.027633333333, 3495.0282333333334, 3495.028466666666, 3495.029666666667, 3495.0343333333335, 3495.0355666666665, 3495.0358, 3495.0365, 3495.036633333333, 3495.0400666666665, 3495.0405666666666, 3495.0422, 3495.0432666666666, 3495.045, 3495.0463, 3495.046533333333, 3495.0469333333335, 3495.047633333333, 3495.049433333333, 3495.0531333333333, 3495.0532333333335, 3495.053266666667, 3495.0553, 3495.055733333333, 3495.057333333333, 3495.0596666666665, 3495.0597333333335, 3495.0615666666667, 3495.0618666666664]","[77, 56, 257, 183, 77, 142, 257, 56, 178, 77, 142, 183, 183, 77, 207, 178, 142, 166, 15, 142, 257, 188, 166, 29, 77, 229, 257, 223, 77, 243, 56, 183, 257, 178, 188, 257, 56, 257, 142, 178, 15, 77, 183, 183, 30, 56, 15, 178, 183, 56, 168, 183, 15]"
3498.9932,3499.0232,3499.0356,3499.0232,7.54444408416748,0.0424,"[3498.993466666667, 3498.9936666666667, 3498.9938, 3498.993966666667, 3498.995266666667, 3498.9956, 3498.996766666666, 3498.9971, 3498.9982666666665, 3498.9990333333335, 3498.9996333333333, 3499.0000666666665, 3499.0027333333333, 3499.0036333333333, 3499.0039666666667, 3499.004266666667, 3499.0048, 3499.0084333333334, 3499.0102666666667, 3499.0107, 3499.0119, 3499.0127, 3499.0177, 3499.0183333333334, 3499.0190333333335, 3499.0212333333334, 3499.0227, 3499.0231, 3499.0236333333332, 3499.024266666667, 3499.0244666666667, 3499.0250666666666, 3499.0270333333333, 3499.0281333333332, 3499.029, 3499.0294, 3499.0311333333334, 3499.0314, 3499.0316666666668, 3499.032833333333, 3499.034633333333]","[77, 257, 178, 166, 183, 56, 77, 178, 166, 183, 77, 76, 168, 183, 77, 178, 168, 77, 166, 56, 164, 77, 257, 77, 15, 56, 179, 42, 257, 168, 29, 131, 178, 146, 56, 166, 257, 183, 77, 15, 166]"
3505.0692,3505.0784,3505.0912,3505.0772,5.278323650360107,0.022,"[3505.069433333333, 3505.0699666666665, 3505.0715666666665, 3505.0725666666667, 3505.0726, 3505.0732666666668, 3505.0744666666665, 3505.074833333333, 3505.0752, 3505.0758, 3505.077533333333, 3505.0779, 3505.078, 3505.0785666666666, 3505.079, 3505.079, 3505.0801333333334, 3505.082033333333, 3505.0832, 3505.0832666666665, 3505.0835333333334, 3505.084966666667, 3505.0851666666667, 3505.0858, 3505.086366666667, 3505.0869, 3505.0902666666666, 3505.0903333333335]","[257, 42, 146, 166, 77, 168, 178, 178, 77, 56, 30, 207, 166, 168, 42, 56, 56, 77, 56, 178, 166, 207, 183, 77, 56, 207, 77, 166]"
3507.4104,3507.42,3507.4548,3507.4172,4.802799701690674,0.0444,"[3507.4115, 3507.4121, 3507.4123, 3507.413233333333, 3507.413666666667, 3507.414433333334, 3507.416833333333, 3507.4185666666667, 3507.418633333333, 3507.4218666666666, 3507.423566666667, 3507.4236333333333, 3507.4242, 3507.4246, 3507.4249333333332, 3507.425166666667, 3507.425333333333, 3507.4258333333332, 3507.426933333333, 3507.4279, 3507.4281333333333, 3507.428766666667, 3507.429, 3507.4299, 3507.4315, 3507.4324333333334, 3507.4326, 3507.4340666666667, 3507.4353, 3507.4355333333333, 3507.4367, 3507.4376, 3507.437933333333, 3507.4382666666666, 3507.4401, 3507.4404, 3507.4457333333335, 3507.4462, 3507.446266666667, 3507.447633333333, 3507.448533333333, 3507.4495666666667, 3507.4499333333333, 3507.4515666666666]","[183, 56, 243, 168, 15, 188, 223, 134, 77, 30, 243, 77, 179, 178, 223, 168, 207, 164, 56, 168, 207, 77, 257, 168, 243, 257, 188, 77, 166, 178, 183, 56, 30, 77, 166, 56, 142, 77, 56, 257, 166, 183, 134, 142]"
3508.1768,3508.1924,3508.2192,3508.1928,5.250631809234619,0.0424,"[3508.1788333333334, 3508.180666666666, 3508.1810333333333, 3508.1813, 3508.1827333333335, 3508.186966666666, 3508.1886, 3508.1889666666666, 3508.1934666666666, 3508.1947666666665, 3508.1952666666666, 3508.197033333334, 3508.197033333334, 3508.1990666666666, 3508.1994666666665, 3508.200733333333, 3508.2013, 3508.203, 3508.2052, 3508.2053666666666, 3508.2053666666666, 3508.2076, 3508.209733333333, 3508.2119, 3508.2127333333333, 3508.214166666666, 3508.2143666666666, 3508.2146333333335, 3508.2150333333334, 3508.2153, 3508.2157, 3508.2164333333335, 3508.216866666666]","[56, 178, 56, 77, 56, 77, 56, 168, 77, 168, 207, 178, 257, 77, 56, 257, 183, 178, 223, 77, 56, 56, 166, 184, 179, 257, 77, 178, 15, 42, 207, 190, 184]"
3508.8632,3508.8944,3508.91,3508.8932,9.450931549072266,0.0468,"[3508.8632666666667, 3508.8648, 3508.8656333333333, 3508.8668333333335, 3508.8671, 3508.8693, 3508.8704666666667, 3508.8707, 3508.8720333333335, 3508.872766666667, 3508.8760333333335, 3508.877466666667, 3508.8780333333334, 3508.8785333333335, 3508.8797666666665, 3508.8803333333335, 3508.8803333333335, 3508.8806, 3508.8829, 3508.8830666666668, 3508.8838666666666, 3508.8865, 3508.8868666666667, 3508.8873, 3508.887333333333, 3508.8874666666666, 3508.8887666666665, 3508.8896, 3508.892533333333, 3508.8941666666665, 3508.8942666666667, 3508.8978333333334, 3508.8987666666667, 3508.8995333333332, 3508.9023333333334, 3508.902566666666, 3508.902666666667, 3508.9074333333333, 3508.9076333333333, 3508.908733333333]","[56, 166, 15, 183, 77, 166, 77, 15, 223, 15, 77, 56, 183, 166, 42, 77, 257, 183, 166, 183, 77, 56, 183, 207, 77, 168, 42, 168, 77, 166, 56, 77, 168, 178, 183, 77, 166, 178, 183, 189]"
3510.5716,3510.5812,3510.6024,3510.5776,4.671630382537842,0.0308,"[3510.5746, 3510.5779, 3510.5801, 3510.580933333333, 3510.582766666667, 3510.5839, 3510.5844333333334, 3510.585, 3510.585633333333, 3510.5915, 3510.5916333333334, 3510.5930333333336, 3510.5931333333333, 3510.596233333333, 3510.596666666667, 3510.598033333333, 3510.5987333333333]","[77, 257, 15, 56, 178, 77, 166, 144, 257, 17, 166, 183, 77, 257, 56, 15, 77]"
3510.756,3510.7648,3510.778,3510.7644,5.208874702453613,0.022,"[3510.7571666666668, 3510.759, 3510.7597333333333, 3510.7602, 3510.7608666666665, 3510.7638, 3510.7643, 3510.7645333333335, 3510.7645666666667, 3510.765066666667, 3510.7662666666665, 3510.7712333333334, 3510.7715333333335, 3510.7716666666665, 3510.773133333333, 3510.7746333333334]","[131, 77, 183, 89, 223, 223, 131, 77, 56, 166, 29, 56, 131, 77, 15, 166]"
3514.774,3514.7912,3514.8144,3514.8108,3.288346767425537,0.0404,"[3514.7769, 3514.7777666666666, 3514.7781, 3514.7784, 3514.7789, 3514.7869666666666, 3514.7898333333333, 3514.7918666666665, 3514.794, 3514.7942666666668, 3514.7946666666667, 3514.7957666666666, 3514.7997333333333, 3514.7999, 3514.8017, 3514.8024333333333, 3514.8026333333332, 3514.803866666666, 3514.804866666667, 3514.8061333333335, 3514.8089333333332, 3514.8114333333333, 3514.8116666666665, 3514.811833333333, 3514.813]","[56, 29, 77, 183, 166, 29, 183, 257, 77, 56, 30, 29, 257, 178, 30, 56, 56, 166, 29, 183, 257, 56, 166, 29, 15]"
3521.5156,3521.532,3521.5476,3521.532,3.3037049770355225,0.032,"[3521.5158333333334, 3521.5163333333335, 3521.5171666666665, 3521.5183666666667, 3521.52, 3521.5203, 3521.5223, 3521.5223666666666, 3521.5232666666666, 3521.523366666667, 3521.5243, 3521.5245666666665, 3521.5267, 3521.5268, 3521.5270333333333, 3521.5271666666667, 3521.5273666666667, 3521.5278333333335, 3521.5279666666665, 3521.5287, 3521.5288, 3521.5306, 3521.531233333333, 3521.5324333333333, 3521.532833333333, 3521.5336666666667, 3521.533733333333, 3521.533733333333, 3521.5345333333335, 3521.5359, 3521.5363666666667, 3521.538666666667, 3521.5407333333333, 3521.541, 3521.541, 3521.541333333333, 3521.542033333333, 3521.5442333333335, 3521.5443666666665]","[77, 257, 183, 168, 183, 77, 77, 29, 183, 164, 166, 56, 77, 131, 183, 30, 257, 178, 251, 166, 77, 89, 183, 178, 183, 223, 77, 56, 166, 183, 77, 183, 178, 77, 257, 56, 15, 189, 56]"
3522.5228,3522.5316,3522.5436,3522.5272,5.069007396697998,0.0208,"[3522.5229, 3522.523, 3522.528566666667, 3522.530133333333, 3522.534166666667, 3522.534633333333, 3522.5346666666665, 3522.5396333333333, 3522.5408666666667, 3522.5433]","[183, 166, 56, 183, 184, 77, 56, 183, 56, 77]"
3523.6004,3523.618,3523.6408,3523.6164,5.656686305999756,0.0404,"[3523.6006, 3523.6036, 3523.6044333333334, 3523.604766666667, 3523.606366666667, 3523.6118, 3523.615, 3523.6165, 3523.6167333333333, 3523.6177333333335, 3523.6243666666664, 3523.6246, 3523.6257, 3523.6257, 3523.6267666666668, 3523.6286333333333, 3523.6325, 3523.6329666666666, 3523.633, 3523.6338, 3523.6396]","[119, 166, 77, 183, 228, 146, 178, 76, 77, 166, 183, 257, 77, 166, 56, 183, 166, 56, 77, 183, 183]"
3526.0592,3526.0908,3526.1036,3526.0896,6.7766642570495605,0.0444,"[3526.063166666667, 3526.0644, 3526.067666666667, 3526.0677, 3526.0687, 3526.0705, 3526.0722666666666, 3526.072633333333, 3526.077366666667, 3526.0775, 3526.0782, 3526.078266666667, 3526.08, 3526.0837333333334, 3526.083866666667, 3526.0840333333335, 3526.0862333333334, 3526.0870666666665, 3526.088133333333, 3526.089, 3526.0898333333334, 3526.0921333333335, 3526.0922666666665, 3526.092866666667, 3526.0931333333333, 3526.0943333333335, 3526.0949666666666, 3526.0994, 3526.0994, 3526.1005, 3526.1014666666665]","[257, 146, 77, 257, 146, 168, 146, 77, 168, 17, 77, 257, 178, 223, 17, 56, 77, 257, 166, 131, 146, 207, 189, 77, 179, 207, 56, 77, 257, 166, 56]"
3529.5652,3529.5828,3529.6312,3529.5808,10.277581214904783,0.066,"[3529.5655666666667, 3529.5668666666666, 3529.5676, 3529.5688, 3529.5706, 3529.5706, 3529.570833333333, 3529.5739, 3529.5745666666667, 3529.5749666666666, 3529.5762, 3529.5765, 3529.5766, 3529.577133333333, 3529.5808333333334, 3529.5816666666665, 3529.582, 3529.5825666666665, 3529.582766666667, 3529.5846333333334, 3529.5851, 3529.5861333333332, 3529.5867333333335, 3529.5870333333332, 3529.587466666667, 3529.5876, 3529.5884666666666, 3529.5902, 3529.590366666667, 3529.5907, 3529.5921333333335, 3529.5953, 3529.5958, 3529.5959666666668, 3529.5961, 3529.5967666666666, 3529.598033333333, 3529.5999, 3529.600933333333, 3529.6059, 3529.607466666667, 3529.609933333333, 3529.6100333333334, 3529.6107666666667, 3529.616666666667, 3529.6169, 3529.6173, 3529.6176333333333, 3529.6192666666666, 3529.6196333333332, 3529.6198, 3529.621866666667, 3529.6242333333334, 3529.6246333333333, 3529.6269666666667, 3529.6272, 3529.628366666667, 3529.6292, 3529.6305666666667]","[56, 77, 183, 77, 190, 56, 15, 166, 142, 56, 77, 56, 29, 15, 77, 166, 251, 257, 29, 77, 178, 207, 56, 257, 251, 77, 29, 257, 56, 178, 77, 179, 183, 228, 229, 56, 257, 89, 223, 183, 166, 77, 56, 183, 178, 228, 183, 166, 168, 77, 179, 168, 228, 56, 179, 190, 56, 166, 183]"
3534.8632,3534.87,3534.8936,3534.8692,3.671638011932373,0.0304,"[3534.8641333333335, 3534.8644, 3534.8721, 3534.8785666666668, 3534.8792333333336, 3534.8813666666665, 3534.8853, 3534.8854666666666, 3534.887233333334, 3534.8881666666666, 3534.8895, 3534.8917]","[183, 166, 183, 178, 77, 183, 178, 257, 183, 56, 77, 178]"
3539.6856,3539.6968,3539.7156,3539.6956,4.2525482177734375,0.03,"[3539.6880666666666, 3539.6892666666668, 3539.6909, 3539.6911333333333, 3539.692466666667, 3539.6938666666665, 3539.6951, 3539.696066666667, 3539.6963333333333, 3539.6964333333335, 3539.6972, 3539.6974666666665, 3539.6974666666665, 3539.7, 3539.7004333333334, 3539.7008666666666, 3539.7023, 3539.7028666666665, 3539.7030666666665, 3539.7042, 3539.705, 3539.7051333333334, 3539.705266666667, 3539.7058, 3539.7058666666667, 3539.7062333333333, 3539.706366666667, 3539.708166666667, 3539.7084333333332, 3539.7089, 3539.7092333333335, 3539.7099, 3539.7103333333334, 3539.7129666666665, 3539.7137333333335, 3539.7149666666664]","[56, 142, 183, 77, 142, 178, 223, 56, 77, 183, 166, 29, 144, 183, 77, 257, 166, 183, 77, 56, 183, 77, 166, 30, 168, 131, 166, 178, 183, 77, 56, 164, 183, 166, 228, 77]"
3542.18,3542.2084,3542.2176,3542.2096,4.2258620262146,0.0376,"[3542.1803666666665, 3542.181, 3542.1841666666664, 3542.184366666667, 3542.1848666666665, 3542.1904, 3542.193366666667, 3542.1939666666667, 3542.1964, 3542.197, 3542.2036, 3542.2045333333335, 3542.2049, 3542.2062, 3542.2077, 3542.2087, 3542.2092666666667, 3542.2129333333332, 3542.215366666667, 3542.215966666666, 3542.2163333333333, 3542.217166666667]","[183, 257, 56, 183, 77, 183, 166, 183, 183, 77, 56, 257, 77, 223, 183, 56, 77, 178, 77, 166, 257, 183]"
3547.32,3547.334,3547.3736,3547.3604,7.352824211120605,0.0536,"[3547.3204666666666, 3547.322866666667, 3547.323833333334, 3547.326466666667, 3547.3289, 3547.329333333333, 3547.3306333333335, 3547.3316333333332, 3547.3317666666667, 3547.335433333333, 3547.3366, 3547.3378333333335, 3547.3379666666665, 3547.338, 3547.3380333333334, 3547.3393666666666, 3547.3396666666667, 3547.3407333333334, 3547.3409, 3547.341966666667, 3547.3435, 3547.3435666666664, 3547.3441666666668, 3547.3441666666668, 3547.3442666666665, 3547.3453, 3547.348933333333, 3547.349233333334, 3547.349333333333, 3547.3502, 3547.3507666666665, 3547.3515333333335, 3547.353433333333, 3547.353666666667, 3547.3550333333333, 3547.3551, 3547.3558666666668, 3547.3565, 3547.3566666666666, 3547.3567666666668, 3547.3587, 3547.3596666666667, 3547.3611333333333, 3547.3616333333334, 3547.3618333333334, 3547.3626, 3547.362833333333, 3547.3671, 3547.367366666667, 3547.3675333333335, 3547.3681, 3547.368966666667, 3547.3694, 3547.3703666666665, 3547.3704, 3547.3721333333333]","[168, 77, 178, 56, 77, 178, 164, 56, 166, 144, 119, 257, 166, 77, 56, 190, 223, 178, 179, 56, 131, 166, 183, 257, 77, 164, 257, 56, 77, 184, 164, 178, 131, 131, 257, 77, 183, 56, 164, 166, 183, 131, 257, 56, 77, 207, 166, 183, 257, 56, 77, 166, 207, 131, 183, 56]"
3556.3624,3556.3848,3556.3948,3556.3876,8.14765739440918,0.0324,"[3556.3635, 3556.363666666666, 3556.364, 3556.3649666666665, 3556.3652333333334, 3556.3663333333334, 3556.3678, 3556.368466666667, 3556.3687, 3556.3688, 3556.368966666667, 3556.370933333333, 3556.3733, 3556.3749333333335, 3556.3749333333335, 3556.3757333333333, 3556.3761666666664, 3556.3765, 3556.3773, 3556.3797666666665, 3556.381733333333, 3556.3819, 3556.3823666666667, 3556.3824666666665, 3556.382733333334, 3556.3836, 3556.3836666666666, 3556.3838, 3556.3868666666667, 3556.3871, 3556.3874666666666, 3556.3882, 3556.3922333333335, 3556.392733333333, 3556.3928333333333, 3556.3928333333333, 3556.3943]","[168, 166, 29, 77, 183, 168, 56, 15, 77, 257, 168, 207, 207, 77, 257, 56, 166, 190, 77, 183, 178, 77, 183, 257, 56, 207, 166, 15, 257, 183, 77, 230, 183, 168, 76, 78, 77]"
3557.8128,3557.8528,3557.864,3557.85,3.882367610931397,0.0512,"[3557.8173666666667, 3557.8176, 3557.8189333333335, 3557.8191666666667, 3557.8209666666667, 3557.8220666666666, 3557.8244666666665, 3557.825333333333, 3557.825766666667, 3557.826, 3557.8260333333333, 3557.827366666667, 3557.829133333333, 3557.830966666667, 3557.831966666666, 3557.8324333333335, 3557.8331333333335, 3557.8332666666665, 3557.8356, 3557.837433333333, 3557.8389, 3557.8392, 3557.8405333333335, 3557.8407333333334, 3557.8424333333332, 3557.8425666666667, 3557.8431333333333, 3557.8432666666668, 3557.843766666667, 3557.8439333333336, 3557.8449333333333, 3557.8469, 3557.8489666666665, 3557.8498, 3557.8501666666666, 3557.850233333333, 3557.8513333333335, 3557.851833333333, 3557.8524333333335, 3557.8575, 3557.8594, 3557.8617, 3557.863, 3557.8638]","[178, 183, 56, 77, 131, 257, 77, 183, 168, 166, 56, 257, 229, 77, 56, 166, 15, 77, 131, 77, 178, 15, 166, 183, 168, 164, 56, 77, 166, 183, 223, 190, 77, 168, 183, 257, 131, 15, 56, 228, 56, 183, 166, 77]"
3563.3196,3563.3276,3563.3956,3563.3904,3.4754302501678467,0.076,"[3563.3204666666666, 3563.3215, 3563.3259, 3563.3265, 3563.3276333333333, 3563.330266666667, 3563.3303333333333, 3563.3306666666667, 3563.331133333333, 3563.3312333333333, 3563.3385333333335, 3563.3395333333333, 3563.3475333333336, 3563.3508333333334, 3563.3523666666665, 3563.3535, 3563.3535333333334, 3563.3546666666666, 3563.3549666666668, 3563.3586666666665, 3563.3587, 3563.360633333333, 3563.360833333333, 3563.361, 3563.3636, 3563.3646, 3563.3687666666665, 3563.3694666666665, 3563.3706, 3563.3723666666665, 3563.3724, 3563.372666666666, 3563.3728333333333, 3563.3737, 3563.3739666666665, 3563.3741333333332, 3563.3765333333336, 3563.3771, 3563.3791666666666, 3563.3795333333333, 3563.3813333333333, 3563.3820666666666, 3563.3834333333334, 3563.3835, 3563.3838333333333, 3563.3879, 3563.388233333333, 3563.3887666666665, 3563.3892666666666, 3563.3915666666667, 3563.3929333333335, 3563.3947333333335]","[183, 77, 56, 77, 15, 77, 183, 56, 166, 56, 183, 166, 17, 77, 183, 56, 17, 223, 77, 257, 178, 15, 183, 77, 56, 77, 56, 77, 178, 257, 17, 15, 77, 166, 207, 183, 77, 17, 183, 178, 207, 15, 17, 77, 56, 77, 190, 56, 168, 17, 77, 207]"
3565.606,3565.6164,3565.6272,3565.616,4.944156169891357,0.0212,"[3565.6061, 3565.606366666667, 3565.6067, 3565.6081, 3565.609066666667, 3565.61, 3565.6100333333334, 3565.6101, 3565.6114, 3565.611866666666, 3565.6147666666666, 3565.6150333333335, 3565.615366666667, 3565.6160333333332, 3565.616433333333, 3565.6172333333334, 3565.6176333333333, 3565.6181333333334, 3565.6193333333335, 3565.6203, 3565.6213333333335, 3565.6248, 3565.6251, 3565.6258666666668]","[146, 42, 166, 56, 183, 42, 17, 15, 56, 77, 183, 17, 42, 257, 77, 56, 166, 15, 183, 15, 56, 17, 257, 77]"
3566.3912,3566.3992,3566.4208,3566.4004,5.565827369689941,0.0296,"[3566.392333333333, 3566.3946, 3566.3957, 3566.3957666666665, 3566.3959, 3566.3998333333334, 3566.4026, 3566.4078, 3566.407833333333, 3566.4088, 3566.4089, 3566.4124666666667, 3566.4128666666666, 3566.4152, 3566.4182333333333, 3566.4207666666666]","[56, 89, 77, 183, 166, 183, 56, 56, 257, 166, 164, 183, 77, 30, 15, 77]"
3566.884,3566.8968,3566.9192,3566.8952,7.186797618865967,0.0352,"[3566.8848, 3566.8850333333335, 3566.8853, 3566.8879, 3566.889633333333, 3566.8898, 3566.890533333333, 3566.8908666666666, 3566.8917, 3566.8926333333334, 3566.895666666667, 3566.8958333333335, 3566.8965, 3566.8977666666665, 3566.897966666667, 3566.8985, 3566.8991, 3566.9004333333332, 3566.9012333333335, 3566.902, 3566.903533333333, 3566.9043, 3566.9060666666664, 3566.9076, 3566.9082333333336, 3566.909166666667, 3566.9095, 3566.9109, 3566.9115333333334, 3566.9119333333333, 3566.9122, 3566.9164666666666, 3566.9165333333335, 3566.9168666666665, 3566.9168666666665]","[166, 56, 29, 77, 183, 166, 15, 168, 56, 77, 166, 56, 77, 29, 15, 183, 257, 56, 77, 183, 77, 207, 207, 89, 30, 257, 77, 178, 29, 15, 183, 77, 15, 190, 183]"
3569.6784,3569.6896,3569.7,3569.6868,4.284494400024414,0.0216,"[3569.6786666666667, 3569.680666666666, 3569.680766666667, 3569.6809333333335, 3569.6838666666667, 3569.6864333333333, 3569.6866333333332, 3569.6877666666664, 3569.6879, 3569.6883333333335, 3569.6894, 3569.6927666666666, 3569.6929333333333, 3569.6938, 3569.694333333334, 3569.6954, 3569.6956666666665, 3569.6981]","[134, 77, 166, 183, 183, 77, 257, 166, 183, 142, 56, 134, 183, 166, 56, 178, 15, 142]"
3572.292,3572.306,3572.3168,3572.306,4.583589553833008,0.0248,"[3572.2932, 3572.2933666666668, 3572.293633333333, 3572.294766666667, 3572.2953333333335, 3572.2959, 3572.2963666666665, 3572.298566666667, 3572.298766666667, 3572.2996333333335, 3572.3000666666667, 3572.300166666667, 3572.3020333333334, 3572.3023333333335, 3572.3027333333334, 3572.3044333333332, 3572.3061, 3572.3063, 3572.306433333333, 3572.3067333333333, 3572.3074333333334, 3572.3087666666665, 3572.3095333333335, 3572.3116333333332, 3572.3118666666664, 3572.3137666666667, 3572.3142333333335]","[183, 257, 77, 56, 178, 257, 183, 77, 30, 207, 183, 56, 207, 257, 183, 77, 257, 15, 183, 56, 166, 77, 207, 183, 190, 77, 56]"
3572.4928,3572.5116,3572.534,3572.5116,5.345895290374756,0.0412,"[3572.4936666666667, 3572.4954666666667, 3572.496833333333, 3572.4982333333332, 3572.4984666666664, 3572.4988333333336, 3572.499766666667, 3572.5044666666668, 3572.5048, 3572.5071333333335, 3572.5115333333333, 3572.512166666667, 3572.5125, 3572.5131666666666, 3572.5173666666665, 3572.518466666667, 3572.5218333333332, 3572.525166666667, 3572.5269, 3572.5272, 3572.5282666666667, 3572.5284, 3572.5284333333334, 3572.5284333333334, 3572.5291666666667, 3572.5293, 3572.5298666666667]","[229, 56, 183, 77, 178, 166, 15, 257, 77, 207, 257, 89, 77, 29, 89, 56, 183, 56, 77, 183, 166, 15, 190, 183, 257, 164, 56]"
3580.1636,3580.182,3580.1944,3580.1808,6.302211761474609,0.0308,"[3580.1640666666667, 3580.1646333333333, 3580.1667333333335, 3580.1684, 3580.1702333333333, 3580.1712666666667, 3580.1714333333334, 3580.1718, 3580.1732, 3580.1763333333333, 3580.1769, 3580.1775, 3580.1775333333335, 3580.1781333333333, 3580.1809333333335, 3580.1813666666667, 3580.1819, 3580.1822, 3580.1831333333334, 3580.1842, 3580.1844333333333, 3580.186166666667, 3580.1862666666666, 3580.1872, 3580.1876333333335, 3580.1885, 3580.1885333333335, 3580.1898, 3580.1903, 3580.1933, 3580.193366666667]","[166, 183, 56, 77, 166, 189, 56, 257, 77, 77, 164, 56, 166, 178, 207, 15, 56, 178, 207, 183, 77, 164, 56, 257, 207, 56, 166, 77, 207, 56, 168]"
3582.3124,3582.3268,3582.3356,3582.3304,5.094667434692383,0.0232,"[3582.3156, 3582.3164, 3582.3170666666665, 3582.3184666666666, 3582.318566666667, 3582.3206, 3582.322133333333, 3582.3227666666667, 3582.3241333333335, 3582.3288, 3582.330033333333, 3582.330466666667, 3582.3308666666667, 3582.3334, 3582.3349]","[77, 257, 183, 56, 15, 77, 178, 183, 166, 77, 17, 228, 183, 56, 77]"
3583.19,3583.2008,3583.2108,3583.2012,9.322382926940918,0.0208,"[3583.1905333333334, 3583.1911666666665, 3583.194333333334, 3583.1952, 3583.1952666666666, 3583.1958666666665, 3583.1974333333333, 3583.197933333334, 3583.1983, 3583.2009333333335, 3583.201, 3583.2027333333335, 3583.2028666666665, 3583.2029, 3583.203466666667, 3583.2035, 3583.203666666667, 3583.204, 3583.204566666667, 3583.2048666666665, 3583.2062333333333, 3583.2064333333333, 3583.2071333333333, 3583.2076, 3583.209533333333, 3583.209533333333, 3583.210433333333, 3583.210466666667]","[15, 183, 77, 179, 56, 166, 56, 77, 183, 179, 15, 29, 15, 77, 179, 183, 15, 166, 257, 131, 56, 228, 178, 77, 56, 178, 42, 207]"
3590.4392,3590.4496,3590.4944,3590.4516,4.012045383453369,0.0552,"[3590.4402, 3590.4405333333334, 3590.4416, 3590.4418666666666, 3590.4420666666665, 3590.4468, 3590.4472333333333, 3590.4482333333335, 3590.4484, 3590.448933333333, 3590.4512666666665, 3590.451433333333, 3590.4521666666665, 3590.4532, 3590.4535, 3590.4546333333333, 3590.4546666666665, 3590.4549, 3590.4568, 3590.4583333333335, 3590.4584333333332, 3590.4585, 3590.4591, 3590.4591666666665, 3590.460566666666, 3590.461, 3590.4610666666667, 3590.4611, 3590.4612, 3590.4652333333333, 3590.4665666666665, 3590.4678, 3590.4729666666667, 3590.4749666666667, 3590.4755333333333, 3590.475933333333, 3590.481433333334, 3590.4824, 3590.4827, 3590.4871, 3590.4872333333333, 3590.487633333333, 3590.4906, 3590.4915666666666, 3590.4922, 3590.493066666667]","[134, 131, 77, 183, 257, 77, 56, 178, 77, 29, 56, 131, 77, 183, 166, 178, 56, 77, 257, 207, 15, 56, 229, 257, 77, 164, 257, 15, 56, 183, 56, 77, 56, 190, 77, 56, 207, 56, 183, 15, 56, 77, 207, 257, 77, 15]"
3594.4356,3594.4528,3594.4632,3594.456,8.464706420898438,0.0276,"[3594.436066666666, 3594.4362666666666, 3594.442233333333, 3594.442433333333, 3594.4428333333335, 3594.4436333333333, 3594.4445, 3594.445166666667, 3594.445166666667, 3594.4468333333334, 3594.449, 3594.4490333333333, 3594.4493666666667, 3594.449733333334, 3594.450966666667, 3594.4510333333333, 3594.4512666666665, 3594.4513333333334, 3594.4515666666666, 3594.454166666667, 3594.4545333333335, 3594.4564, 3594.4571333333333, 3594.4576, 3594.4581, 3594.4583666666667, 3594.458866666667, 3594.4590333333335, 3594.4625666666666, 3594.462666666667, 3594.463]","[29, 56, 257, 17, 77, 183, 56, 29, 15, 166, 207, 168, 77, 228, 168, 207, 15, 166, 190, 77, 183, 178, 166, 223, 183, 77, 257, 179, 77, 42, 164]"
3594.8584,3594.878,3594.904,3594.8796,8.431463241577148,0.0456,"[3594.8589, 3594.8608, 3594.861066666667, 3594.8615666666665, 3594.862166666667, 3594.8627333333334, 3594.8632666666667, 3594.8640333333333, 3594.8657, 3594.868966666667, 3594.869, 3594.869133333333, 3594.8695333333335, 3594.8697, 3594.870933333333, 3594.8721, 3594.872733333333, 3594.8738, 3594.8742333333334, 3594.8742666666667, 3594.8756333333336, 3594.875666666667, 3594.8763, 3594.876566666667, 3594.8766666666666, 3594.8768333333333, 3594.880833333333, 3594.8837, 3594.8841333333335, 3594.8847, 3594.8857, 3594.8857333333335, 3594.8865333333333, 3594.8866, 3594.8869666666665, 3594.8878666666665, 3594.8883, 3594.889166666667, 3594.8914, 3594.8927, 3594.8928333333333, 3594.8937333333333, 3594.894466666666, 3594.8977666666665, 3594.8985666666667, 3594.9009666666666]","[56, 77, 146, 166, 257, 56, 190, 29, 17, 166, 77, 183, 17, 146, 179, 178, 77, 166, 179, 243, 56, 207, 183, 257, 77, 15, 166, 223, 207, 77, 183, 257, 168, 207, 251, 183, 15, 77, 168, 77, 223, 168, 257, 183, 77, 178]"
3597.2436,3597.298,3597.3072,3597.2812,4.919646263122559,0.0636,"[3597.2465333333334, 3597.2482, 3597.2488, 3597.2501333333335, 3597.2502666666664, 3597.2517333333335, 3597.2525666666666, 3597.2527333333333, 3597.2530333333334, 3597.2532, 3597.256, 3597.257, 3597.2578, 3597.258333333333, 3597.2601666666665, 3597.2613, 3597.2617333333333, 3597.2619666666665, 3597.2624666666666, 3597.262833333333, 3597.2635333333333, 3597.264133333333, 3597.2659, 3597.266633333333, 3597.269766666667, 3597.2701666666667, 3597.271333333333, 3597.2716, 3597.2718333333332, 3597.272066666667, 3597.2731, 3597.2734666666665, 3597.2741666666666, 3597.2745333333332, 3597.274766666667, 3597.2755666666667, 3597.2755666666667, 3597.2763666666665, 3597.276533333333, 3597.2779333333333, 3597.2783, 3597.2788333333333, 3597.2801666666664, 3597.2805, 3597.2809333333335, 3597.281166666666, 3597.281233333333, 3597.2813666666666, 3597.2818333333335, 3597.282133333333, 3597.2832, 3597.2863666666667, 3597.2864666666665, 3597.287733333333, 3597.287766666667, 3597.2893, 3597.2906333333335, 3597.2908333333335, 3597.2908666666667, 3597.2914, 3597.2927666666665, 3597.2938, 3597.2944666666667, 3597.294766666667, 3597.2955, 3597.296333333333, 3597.2964333333334, 3597.2975333333334, 3597.3006666666665, 3597.3015333333333, 3597.3024, 3597.3028, 3597.302866666667, 3597.3032, 3597.3034333333335, 3597.3062666666665, 3597.306566666666]","[257, 56, 207, 257, 243, 207, 77, 230, 15, 178, 257, 178, 144, 56, 166, 230, 77, 56, 257, 223, 207, 183, 207, 183, 168, 77, 15, 183, 230, 207, 29, 257, 168, 166, 207, 56, 144, 188, 77, 15, 183, 168, 56, 77, 168, 251, 207, 56, 119, 166, 168, 77, 257, 166, 56, 77, 15, 207, 166, 257, 56, 207, 178, 251, 77, 178, 15, 190, 166, 257, 15, 251, 207, 168, 56, 56, 183]"
3597.6736,3597.686,3597.704,3597.6884,9.656277656555176,0.0304,"[3597.6766666666667, 3597.6776, 3597.677866666667, 3597.6784333333335, 3597.6792, 3597.6794, 3597.680533333333, 3597.6820333333335, 3597.6829333333335, 3597.684266666666, 3597.6843, 3597.684333333333, 3597.6849, 3597.6858, 3597.6867666666667, 3597.6882333333333, 3597.6907666666666, 3597.6911666666665, 3597.696933333333, 3597.697, 3597.6981333333333, 3597.698766666667, 3597.6988, 3597.7000666666668, 3597.7006666666666, 3597.7017666666666]","[56, 183, 257, 178, 15, 207, 56, 168, 166, 77, 56, 168, 183, 190, 178, 168, 77, 257, 168, 183, 166, 168, 56, 183, 257, 17]"
3598.1216,3598.1572,3598.1692,3598.1576,5.110862731933594,0.0476,"[3598.1223666666665, 3598.123633333333, 3598.1259, 3598.1267666666668, 3598.1276, 3598.128, 3598.1285666666668, 3598.130866666667, 3598.1314666666667, 3598.1338, 3598.1351666666665, 3598.1373, 3598.1375333333335, 3598.139133333333, 3598.1430666666665, 3598.143466666667, 3598.143466666667, 3598.143866666667, 3598.144533333333, 3598.1452, 3598.145266666667, 3598.1511333333333, 3598.1516, 3598.1552333333334, 3598.156333333334, 3598.1564, 3598.156933333333, 3598.157133333333, 3598.1573, 3598.158733333333, 3598.1587666666665, 3598.159033333334, 3598.1602666666668, 3598.1615, 3598.1617666666666, 3598.1622333333335, 3598.1658333333335, 3598.1660333333334, 3598.1665333333335, 3598.1671666666666, 3598.1672, 3598.167966666667]","[142, 166, 183, 142, 257, 42, 77, 168, 15, 207, 77, 166, 183, 77, 77, 15, 183, 42, 228, 56, 142, 77, 56, 183, 131, 257, 142, 77, 42, 166, 17, 207, 29, 164, 77, 183, 77, 134, 183, 15, 207, 29]"
3599.9748,3599.9992,3600.0056,3599.9968,3.4017837047576904,0.0308,"[3599.9789, 3599.979566666667, 3599.9796, 3599.979733333333, 3599.9805666666666, 3599.9836, 3599.9839333333334, 3599.9864, 3599.9873666666667, 3599.988, 3599.9909666666667, 3599.9911666666667, 3599.9918333333335, 3599.9929, 3599.9955666666665, 3599.9982333333332, 3599.9991666666665, 3600.002266666667, 3600.0033333333336, 3600.0034]","[166, 77, 207, 168, 15, 77, 257, 15, 207, 56, 257, 77, 146, 15, 166, 77, 183, 144, 257, 178]"
3600.544,3600.5556,3600.5644,3600.5576,7.050349235534668,0.0204,"[3600.5484, 3600.5501, 3600.551933333333, 3600.5526333333332, 3600.5543333333335, 3600.556466666667, 3600.5582]","[183, 257, 77, 164, 207, 56, 183]"
3601.9944,3602.0096,3602.0188,3602.0116,5.189207553863525,0.0244,"[3601.9951666666666, 3601.9965333333334, 3601.998566666666, 3602.0002, 3602.0003666666667, 3602.0035666666668, 3602.0046333333335, 3602.006066666667, 3602.0061666666666, 3602.0070666666666, 3602.008566666667, 3602.0089666666668, 3602.0108, 3602.011, 3602.0118666666667, 3602.0153333333333, 3602.0162666666665, 3602.0181666666667]","[77, 29, 142, 166, 56, 257, 243, 223, 188, 166, 77, 183, 17, 223, 243, 178, 257, 56]"
3603.9064,3603.9228,3603.948,3603.9236,7.959738254547119,0.0416,"[3603.907366666667, 3603.9075, 3603.909, 3603.912, 3603.9120333333335, 3603.913433333333, 3603.9135666666666, 3603.9135666666666, 3603.9135666666666, 3603.914133333333, 3603.917733333333, 3603.9179, 3603.918166666667, 3603.9183333333335, 3603.918866666667, 3603.919066666667, 3603.920833333333, 3603.922233333333, 3603.9227, 3603.9229666666665, 3603.923566666667, 3603.9240666666665, 3603.925366666667, 3603.9259333333334, 3603.9294666666665, 3603.9301666666665, 3603.9308, 3603.930966666667, 3603.9314, 3603.9316, 3603.931666666667, 3603.931666666667, 3603.9320333333335, 3603.9381333333336, 3603.9385, 3603.938633333333, 3603.9387333333334, 3603.9391333333338, 3603.939266666667, 3603.9394, 3603.9409, 3603.941, 3603.9413, 3603.943766666667, 3603.944233333333, 3603.9448, 3603.947366666667]","[190, 164, 56, 80, 134, 77, 183, 56, 207, 15, 131, 77, 183, 229, 56, 190, 183, 131, 56, 257, 131, 77, 29, 229, 207, 77, 56, 131, 190, 15, 168, 207, 164, 56, 131, 228, 168, 77, 179, 164, 166, 56, 178, 257, 56, 77, 257]"
3605.1804,3605.1896,3605.2008,3605.1868,8.339749336242676,0.0204,"[3605.1813666666662, 3605.181866666667, 3605.1827333333335, 3605.182766666667, 3605.183433333333, 3605.1838666666663, 3605.1853666666666, 3605.1873666666665, 3605.1877666666664, 3605.187966666667, 3605.188033333334, 3605.188766666666, 3605.188766666666, 3605.188933333334, 3605.189533333333, 3605.1912333333335, 3605.1914, 3605.1923333333334, 3605.1929, 3605.1930333333335, 3605.1937, 3605.1938666666665, 3605.1957333333335, 3605.1958, 3605.1962, 3605.1975666666663, 3605.1982, 3605.1982333333335, 3605.199033333334, 3605.1992, 3605.1997, 3605.199733333334, 3605.2002]","[56, 243, 77, 188, 178, 166, 56, 142, 131, 77, 166, 168, 15, 223, 15, 223, 183, 251, 56, 29, 166, 77, 56, 183, 15, 178, 77, 142, 207, 183, 257, 178, 223]"
3608.1596,3608.1832,3608.1928,3608.1828,6.677316665649414,0.0332,"[3608.1617666666666, 3608.1641, 3608.164566666667, 3608.164766666667, 3608.1648333333337, 3608.1656, 3608.1665333333335, 3608.1675333333337, 3608.169066666667, 3608.1691666666666, 3608.1695, 3608.1723, 3608.1728333333335, 3608.1766, 3608.1783666666665, 3608.1795, 3608.1828333333337, 3608.1831666666662, 3608.1837666666665, 3608.184433333334, 3608.187, 3608.1891333333338, 3608.1909666666666, 3608.1913, 3608.1913666666665]","[189, 77, 183, 257, 166, 56, 183, 134, 77, 228, 89, 15, 77, 183, 15, 77, 56, 77, 42, 257, 77, 56, 228, 77, 178]"
3609.3676,3609.3816,3609.41,3609.3824,4.353983402252197,0.0424,"[3609.3721, 3609.3756, 3609.376133333333, 3609.3769, 3609.3787666666663, 3609.3805666666663, 3609.3835, 3609.3838333333338, 3609.3838666666666, 3609.387066666666, 3609.3892666666666, 3609.3929, 3609.3933, 3609.400433333333, 3609.4010333333335, 3609.4012, 3609.4026, 3609.409, 3609.4099, 3609.4099666666666]","[77, 77, 183, 56, 77, 257, 30, 166, 77, 257, 77, 183, 77, 183, 56, 166, 77, 190, 257, 77]"
3614.0456,3614.068,3614.078,3614.07,6.603616237640381,0.0324,"[3614.046466666666, 3614.0468, 3614.047, 3614.0515, 3614.052, 3614.0524, 3614.0527, 3614.0570333333335, 3614.0581333333334, 3614.058233333333, 3614.0583333333334, 3614.0598666666665, 3614.0626, 3614.0639, 3614.0645, 3614.064666666666, 3614.064766666667, 3614.066, 3614.066066666667, 3614.0673333333334, 3614.0676333333336, 3614.069333333334, 3614.069666666667, 3614.0701, 3614.070333333333, 3614.070366666667, 3614.0706333333337, 3614.0712, 3614.0723, 3614.0725666666663, 3614.077266666666, 3614.078]","[166, 119, 77, 15, 183, 77, 166, 183, 164, 77, 178, 183, 223, 56, 257, 77, 178, 183, 15, 178, 257, 190, 228, 183, 131, 56, 77, 207, 29, 183, 77, 15]"
3615.0792,3615.1096,3615.1308,3615.112,3.986538887023926,0.0516,"[3615.081133333333, 3615.0814666666665, 3615.085433333333, 3615.086333333333, 3615.087033333333, 3615.0876, 3615.0891333333334, 3615.091866666666, 3615.0935666666664, 3615.0936333333334, 3615.0971666666665, 3615.098033333333, 3615.0981333333334, 3615.0985, 3615.0985666666666, 3615.100966666667, 3615.1012333333338, 3615.101866666667, 3615.1032, 3615.1034666666665, 3615.105733333334, 3615.106266666666, 3615.1066666666666, 3615.1067333333335, 3615.1079666666665, 3615.1080333333334, 3615.1082333333334, 3615.1091666666666, 3615.112866666667, 3615.1131333333337, 3615.1135, 3615.1141333333335, 3615.1181333333334, 3615.1197666666662, 3615.1202, 3615.1224, 3615.1234666666664, 3615.1254, 3615.125533333334, 3615.1262333333334, 3615.1266333333338, 3615.1266333333338, 3615.127333333334]","[77, 15, 77, 166, 15, 183, 15, 178, 77, 230, 184, 56, 183, 77, 166, 230, 178, 77, 56, 166, 207, 178, 183, 257, 56, 77, 15, 178, 30, 230, 77, 29, 183, 146, 257, 56, 230, 80, 183, 257, 77, 168, 166]"
3615.4588,3615.4748,3615.4804,3615.4748,3.1919779777526855,0.0216,"[3615.4591333333337, 3615.4614, 3615.4619, 3615.4621666666662, 3615.4639333333334, 3615.466266666667, 3615.467766666666, 3615.4682333333335, 3615.4685666666664, 3615.4689333333336, 3615.4690666666665, 3615.472566666667, 3615.4747666666663, 3615.4764666666665, 3615.476766666666, 3615.4789]","[15, 178, 257, 77, 15, 183, 257, 77, 15, 56, 190, 77, 183, 207, 15, 183]"
3617.1252,3617.136,3617.1568,3617.1364,6.328665256500244,0.0316,"[3617.1260333333335, 3617.130633333333, 3617.131666666666, 3617.1323, 3617.1331, 3617.1337, 3617.1366333333335, 3617.1367666666665, 3617.1381666666666, 3617.138466666667, 3617.1390666666666, 3617.1414666666665, 3617.1430333333337, 3617.143666666667, 3617.144366666667, 3617.145266666667, 3617.1465, 3617.1467333333335, 3617.150433333333, 3617.150933333334, 3617.1539666666663, 3617.1555]","[183, 131, 77, 207, 183, 188, 228, 166, 15, 183, 77, 166, 183, 228, 178, 77, 257, 183, 166, 178, 77, 56]"
3618.332,3618.3396,3618.3528,3618.3368,3.968764543533325,0.0208,"[3618.3321666666666, 3618.333033333334, 3618.3349333333335, 3618.3353333333334, 3618.336333333333, 3618.3391, 3618.3401, 3618.341066666667, 3618.3431666666665, 3618.3448333333336, 3618.3481333333334, 3618.3485333333338, 3618.3494666666666, 3618.3511, 3618.3519]","[183, 77, 178, 56, 15, 183, 257, 77, 243, 56, 183, 77, 257, 178, 56]"
3619.3196,3619.3288,3619.3612,3619.326,4.120629787445068,0.0416,"[3619.321933333333, 3619.324633333333, 3619.325566666667, 3619.3262666666665, 3619.327133333333, 3619.3271666666665, 3619.3277, 3619.328233333333, 3619.3295333333335, 3619.332766666667, 3619.334733333333, 3619.3353, 3619.3359666666665, 3619.3370666666665, 3619.3373, 3619.3380666666662, 3619.3404333333337, 3619.3425666666662, 3619.3429, 3619.3432, 3619.3446, 3619.3454, 3619.3476333333338, 3619.348166666666, 3619.35, 3619.351166666667, 3619.353666666667, 3619.3542666666663, 3619.3553333333334, 3619.3555, 3619.356, 3619.3589333333334, 3619.3603333333335, 3619.361066666667]","[77, 178, 131, 56, 166, 77, 178, 257, 15, 131, 77, 257, 183, 178, 166, 207, 77, 131, 257, 56, 77, 178, 77, 183, 15, 56, 168, 17, 77, 257, 15, 168, 257, 168]"
3620.8264,3620.8432,3620.8516,3620.8424,6.626676559448242,0.0252,"[3620.826466666667, 3620.8290333333334, 3620.829333333333, 3620.8296333333337, 3620.8315, 3620.8325666666665, 3620.8332333333337, 3620.834966666667, 3620.8356, 3620.8358333333335, 3620.836766666667, 3620.837366666666, 3620.8382, 3620.839733333333, 3620.8417, 3620.841733333333, 3620.841933333333, 3620.8432, 3620.849566666667, 3620.8498666666665, 3620.8506666666663]","[131, 168, 207, 77, 168, 189, 243, 131, 77, 144, 166, 243, 56, 178, 183, 166, 131, 243, 183, 166, 77]"
3623.804,3623.816,3623.8272,3623.8176,7.976993560791016,0.0232,"[3623.8049, 3623.8061666666663, 3623.8069666666665, 3623.810233333333, 3623.8126333333335, 3623.813166666667, 3623.814066666667, 3623.8161666666665, 3623.8169, 3623.8171, 3623.8180333333335, 3623.8189666666663, 3623.8197, 3623.8216, 3623.823733333333, 3623.8243666666663, 3623.827]","[77, 166, 183, 183, 179, 77, 207, 228, 207, 257, 77, 56, 17, 56, 166, 17, 131]"
3629.1096,3629.118,3629.1412,3629.1192,5.799841403961182,0.0316,"[3629.110166666667, 3629.1137, 3629.114566666666, 3629.1154333333334, 3629.1160666666665, 3629.117333333333, 3629.119166666667, 3629.1203, 3629.120733333333, 3629.1234, 3629.123633333333, 3629.1279, 3629.128166666667, 3629.1296, 3629.1297, 3629.130366666667, 3629.1312, 3629.133333333333, 3629.1347, 3629.1361333333334, 3629.138066666667, 3629.140733333333, 3629.1410666666666]","[166, 56, 183, 164, 77, 183, 166, 183, 190, 77, 131, 164, 166, 184, 131, 257, 183, 257, 77, 183, 184, 183, 56]"
3631.4672,3631.48,3631.4952,3631.4784,4.427435874938965,0.028,"[3631.4683, 3631.4688, 3631.471533333334, 3631.4721666666665, 3631.4728, 3631.4729666666663, 3631.473666666667, 3631.4745, 3631.475066666667, 3631.4762333333338, 3631.4776, 3631.4780666666666, 3631.479466666666, 3631.482233333333, 3631.4839333333334, 3631.486066666667, 3631.4861, 3631.4865666666665, 3631.490133333333, 3631.4902333333334, 3631.4905, 3631.490566666667, 3631.4913, 3631.4942, 3631.494233333334, 3631.495033333333]","[56, 183, 178, 77, 134, 131, 168, 183, 29, 80, 183, 77, 56, 77, 80, 56, 77, 257, 228, 56, 15, 257, 77, 131, 56, 77]"
3633.3588,3633.368,3633.3832,3633.3752,5.2294111251831055,0.0244,"[3633.358833333333, 3633.361133333334, 3633.3612, 3633.361766666667, 3633.3624666666665, 3633.362666666667, 3633.363466666666, 3633.3636, 3633.3641666666663, 3633.3678666666665, 3633.3691, 3633.3692666666666, 3633.37, 3633.3701, 3633.3701666666666, 3633.3712, 3633.3718, 3633.3733, 3633.3768666666665, 3633.377666666667, 3633.3801]","[183, 207, 257, 77, 178, 15, 56, 207, 15, 168, 77, 183, 15, 168, 56, 166, 190, 56, 257, 77, 183]"
3634.1736,3634.1824,3634.2004,3634.1812,4.617154121398926,0.0268,"[3634.1751, 3634.175366666667, 3634.175966666666, 3634.1784333333335, 3634.1789, 3634.1799666666666, 3634.1818, 3634.1823666666664, 3634.1842, 3634.1849, 3634.186, 3634.1867, 3634.1871, 3634.1882333333338, 3634.1886666666664, 3634.1892, 3634.1902666666665, 3634.190733333334, 3634.1921333333335, 3634.193266666666, 3634.1943, 3634.195, 3634.1965666666665, 3634.1966, 3634.1999, 3634.2000333333335]","[166, 77, 183, 131, 56, 77, 229, 166, 178, 56, 77, 183, 257, 131, 56, 166, 77, 257, 56, 77, 183, 257, 56, 183, 166, 77]"
3635.5628,3635.5856,3635.5924,3635.5868,3.896528720855713,0.0296,"[3635.5635333333335, 3635.5640333333336, 3635.5651, 3635.5670666666665, 3635.567533333334, 3635.568266666666, 3635.5698666666663, 3635.5708666666665, 3635.5715, 3635.5723, 3635.5745, 3635.574866666667, 3635.575833333334, 3635.5779333333335, 3635.579, 3635.58, 3635.581133333333, 3635.581166666667, 3635.5814333333337, 3635.5815666666663, 3635.581833333333, 3635.5832333333337, 3635.5850333333337, 3635.5879, 3635.5883, 3635.589033333333, 3635.5891, 3635.5908, 3635.5913]","[183, 207, 190, 77, 183, 207, 166, 15, 77, 56, 207, 77, 56, 257, 207, 56, 15, 190, 257, 77, 166, 223, 183, 56, 257, 178, 77, 183, 190]"
3636.4572,3636.5528,3636.5624,3636.5552,5.17649507522583,0.1052,"[3636.4582, 3636.4584, 3636.4597, 3636.460433333333, 3636.4605333333334, 3636.4636, 3636.4642, 3636.4647, 3636.464933333333, 3636.465166666667, 3636.465233333334, 3636.4654, 3636.4661, 3636.4701333333337, 3636.4714, 3636.4726, 3636.4747666666663, 3636.4756333333335, 3636.4769, 3636.476933333334, 3636.4822, 3636.4822, 3636.4827666666665, 3636.4832666666666, 3636.4838666666665, 3636.484066666667, 3636.4841666666666, 3636.4859666666666, 3636.4881333333337, 3636.488533333333, 3636.490566666667, 3636.491933333333, 3636.4922, 3636.4927333333335, 3636.4934, 3636.4940333333334, 3636.4974, 3636.497833333334, 3636.4983333333334, 3636.4987666666666, 3636.4990333333335, 3636.500033333333, 3636.504033333333, 3636.5046, 3636.5047666666665, 3636.505933333334, 3636.5062, 3636.507566666666, 3636.5090666666665, 3636.5126, 3636.5129, 3636.513066666667, 3636.5171, 3636.5181, 3636.518433333333, 3636.5192333333334, 3636.5225, 3636.5228333333334, 3636.5243, 3636.5251, 3636.5251, 3636.5286, 3636.5290666666665, 3636.5291666666662, 3636.529666666667, 3636.5302, 3636.532133333333, 3636.5324666666666, 3636.5338333333334, 3636.533866666666, 3636.5363, 3636.5389, 3636.540266666667, 3636.540433333333, 3636.5407333333337, 3636.543233333334, 3636.544266666667, 3636.5444333333335, 3636.5451333333335, 3636.5453333333335, 3636.548633333334, 3636.5486666666666, 3636.549433333333, 3636.5497333333337, 3636.5504666666666, 3636.551033333333, 3636.552, 3636.5524, 3636.552633333333, 3636.5532, 3636.5582666666664, 3636.5599, 3636.5608666666662, 3636.561233333334, 3636.5615333333335]","[166, 228, 207, 15, 77, 178, 228, 77, 257, 56, 183, 166, 168, 77, 183, 56, 77, 183, 56, 166, 131, 183, 207, 257, 178, 42, 119, 56, 257, 77, 77, 134, 166, 178, 168, 77, 183, 257, 77, 166, 183, 89, 251, 168, 77, 188, 15, 166, 56, 77, 207, 223, 166, 183, 56, 77, 188, 183, 77, 56, 134, 144, 257, 77, 183, 228, 178, 183, 77, 166, 178, 166, 56, 257, 15, 178, 77, 56, 56, 15, 56, 166, 56, 77, 144, 257, 178, 251, 15, 56, 257, 178, 166, 183, 56]"
3637.1312,3637.1516,3637.1752,3637.1536,4.337745666503906,0.044,"[3637.131833333334, 3637.133333333333, 3637.1334333333334, 3637.135333333333, 3637.138966666667, 3637.1406, 3637.141833333333, 3637.1424, 3637.143, 3637.1431333333335, 3637.143433333333, 3637.1435333333334, 3637.145466666667, 3637.1493, 3637.15, 3637.150866666667, 3637.1515, 3637.1532333333334, 3637.154, 3637.155133333333, 3637.1551666666664, 3637.1565333333338, 3637.1566, 3637.1570333333334, 3637.1574, 3637.1574333333338, 3637.1595666666663, 3637.160666666666, 3637.1612333333337, 3637.1613, 3637.161433333333, 3637.163866666667, 3637.164433333334, 3637.1655666666666, 3637.1667666666663, 3637.1678333333334, 3637.167866666666, 3637.172633333333, 3637.173266666666, 3637.1736666666666]","[188, 77, 115, 188, 183, 56, 168, 166, 77, 183, 188, 223, 243, 183, 188, 77, 207, 243, 207, 166, 142, 77, 183, 15, 243, 56, 166, 166, 77, 134, 56, 142, 15, 56, 166, 207, 223, 77, 166, 183]"
3645.1844,3645.2064,3645.2324,3645.2064,10.435647010803224,0.048,"[3645.1859, 3645.1883, 3645.1907666666666, 3645.191066666667, 3645.1956333333337, 3645.1956333333337, 3645.1965, 3645.1993333333335, 3645.199733333334, 3645.201233333333, 3645.2013333333334, 3645.2016, 3645.2016, 3645.2019, 3645.2022, 3645.202766666667, 3645.2042333333334, 3645.2066666666665, 3645.206966666666, 3645.208033333334, 3645.2127666666665, 3645.213833333333, 3645.2144, 3645.2204, 3645.2207, 3645.2235333333338, 3645.2285333333334, 3645.2287666666666, 3645.2297, 3645.2302666666665]","[77, 166, 77, 183, 77, 166, 223, 77, 168, 56, 257, 77, 166, 190, 15, 207, 56, 166, 77, 56, 166, 77, 183, 183, 56, 15, 15, 183, 56, 164]"
3647.6672,3647.6792,3647.7104,3647.6788,9.3392972946167,0.0432,"[3647.668233333334, 3647.6684, 3647.6694, 3647.670166666667, 3647.6711333333337, 3647.672466666667, 3647.6729333333337, 3647.6739333333335, 3647.674266666667, 3647.674533333334, 3647.6763666666666, 3647.676466666667, 3647.678, 3647.6786333333334, 3647.6799666666666, 3647.6800333333335, 3647.6806333333334, 3647.6811666666663, 3647.6813666666662, 3647.6820333333335, 3647.6838666666663, 3647.6847, 3647.6849666666662, 3647.6869333333334, 3647.687266666667, 3647.687533333333, 3647.6875666666665, 3647.6876333333335, 3647.6886666666664, 3647.690633333333, 3647.6912666666663, 3647.6917, 3647.6928333333335, 3647.6932, 3647.6933, 3647.694333333334, 3647.6976666666665, 3647.6981666666666, 3647.6984333333335, 3647.6988, 3647.6993, 3647.699666666667, 3647.700333333333, 3647.7028, 3647.7030666666665, 3647.704066666666, 3647.7046, 3647.7054333333335, 3647.7061, 3647.7062, 3647.709]","[77, 229, 56, 183, 166, 168, 77, 15, 229, 56, 207, 228, 223, 207, 77, 257, 257, 42, 166, 257, 77, 228, 229, 223, 257, 77, 164, 166, 56, 56, 15, 168, 56, 183, 144, 77, 257, 183, 77, 80, 56, 168, 15, 56, 77, 207, 178, 257, 207, 15, 56]"
3647.9752,3647.9872,3648.012,3647.9868,8.184560775756836,0.0368,"[3647.9769, 3647.978566666666, 3647.978566666666, 3647.9793, 3647.9812333333334, 3647.9821, 3647.982166666666, 3647.9829, 3647.9852, 3647.9858, 3647.9869, 3647.987033333334, 3647.987166666667, 3647.988466666666, 3647.9888, 3647.990333333333, 3647.9911, 3647.9949333333334, 3647.9951666666666, 3647.9955666666665, 3647.9967333333334, 3647.9974333333334, 3648.0004, 3648.001333333333, 3648.001566666667, 3648.002033333333, 3648.002166666666, 3648.0025333333338, 3648.0034, 3648.0034666666666, 3648.0036, 3648.004, 3648.0064666666663, 3648.008766666667, 3648.0088666666666, 3648.01]","[15, 56, 144, 257, 251, 77, 29, 15, 178, 251, 257, 166, 56, 77, 178, 146, 223, 166, 183, 77, 15, 56, 257, 183, 77, 164, 166, 56, 207, 15, 29, 190, 77, 251, 183, 77]"
3649.8076,3649.816,3649.8588,3649.8172,7.383342266082764,0.0512,"[3649.8079333333335, 3649.8091, 3649.8106, 3649.8108333333334, 3649.8108666666662, 3649.811166666667, 3649.8134666666665, 3649.8152333333337, 3649.816, 3649.8175666666666, 3649.8177, 3649.8219, 3649.821933333333, 3649.821966666667, 3649.8222, 3649.827566666667, 3649.8285666666666, 3649.8328, 3649.8336, 3649.8353, 3649.8363, 3649.8364, 3649.8371333333334, 3649.839166666666, 3649.839733333333, 3649.8399666666664, 3649.8402, 3649.8404, 3649.842033333334, 3649.845, 3649.8453666666665, 3649.846, 3649.846866666667, 3649.8487333333337, 3649.852, 3649.8541, 3649.8546666666666, 3649.8564, 3649.8576333333335]","[230, 257, 178, 207, 77, 166, 15, 77, 183, 178, 166, 178, 164, 77, 183, 77, 183, 178, 183, 77, 183, 257, 166, 207, 178, 77, 183, 142, 166, 56, 166, 183, 257, 77, 166, 164, 257, 77, 56]"
3651.2476,3651.264,3651.2712,3651.266,3.490004301071167,0.0236,"[3651.248, 3651.2486, 3651.2497, 3651.250366666666, 3651.2506, 3651.2514, 3651.2529, 3651.2543666666666, 3651.254733333333, 3651.2548333333334, 3651.2551, 3651.2575333333334, 3651.2584333333334, 3651.2588, 3651.259366666666, 3651.2608333333337, 3651.2618333333335, 3651.2627333333335, 3651.2645666666663, 3651.2674, 3651.2678666666666, 3651.2696666666666]","[77, 178, 168, 77, 15, 183, 29, 134, 77, 257, 183, 56, 42, 183, 168, 77, 168, 15, 183, 56, 257, 183]"
3653.474,3653.4864,3653.5024,3653.4812,3.286052703857422,0.0284,"[3653.474, 3653.4747, 3653.4769, 3653.479633333334, 3653.4813, 3653.4818333333337, 3653.486266666667, 3653.489666666667, 3653.4900666666663, 3653.4905, 3653.4908, 3653.4959, 3653.4972, 3653.4994333333334, 3653.5023]","[183, 166, 29, 77, 183, 257, 77, 178, 131, 77, 183, 183, 257, 56, 131]"
3654.4892,3654.5148,3654.5268,3654.512,5.668917655944824,0.0376,"[3654.4911333333334, 3654.4915, 3654.4937666666665, 3654.4938, 3654.4943333333335, 3654.4949333333334, 3654.4960666666666, 3654.4971666666665, 3654.4976333333334, 3654.497766666667, 3654.4980333333338, 3654.4992666666662, 3654.4998666666665, 3654.4999, 3654.5002, 3654.5007, 3654.5009, 3654.501133333333, 3654.501333333333, 3654.5021333333334, 3654.5037666666663, 3654.504133333334, 3654.5052666666666, 3654.505866666667, 3654.5074666666665, 3654.5081333333337, 3654.5101666666665, 3654.5119, 3654.5136333333335, 3654.517066666667, 3654.5181, 3654.5186, 3654.5188, 3654.5226333333335, 3654.524533333333, 3654.5250666666666]","[56, 29, 166, 183, 228, 77, 42, 257, 80, 56, 77, 168, 223, 17, 131, 166, 77, 183, 168, 178, 164, 15, 146, 42, 56, 77, 56, 77, 80, 179, 166, 183, 77, 183, 166, 56]"
3657.9272,3657.95,3657.9848,3657.9484,4.963076591491699,0.0576,"[3657.928766666667, 3657.9332666666664, 3657.9388, 3657.9398666666666, 3657.9409, 3657.9418333333338, 3657.9422, 3657.9425666666666, 3657.9429, 3657.9458666666665, 3657.945966666666, 3657.9463, 3657.947933333334, 3657.9484666666663, 3657.9492, 3657.950066666667, 3657.9514, 3657.9519666666665, 3657.955, 3657.955, 3657.9553, 3657.9567, 3657.957, 3657.9575, 3657.9575666666665, 3657.9583333333335, 3657.9625666666666, 3657.9641333333334, 3657.9673666666663, 3657.9679666666666, 3657.9726, 3657.9729333333335, 3657.9737, 3657.9740333333334, 3657.9743, 3657.9810333333335, 3657.981366666667, 3657.981366666667, 3657.982166666666, 3657.982533333334]","[29, 77, 29, 77, 15, 29, 166, 190, 56, 178, 56, 183, 77, 15, 166, 29, 183, 178, 189, 178, 77, 257, 183, 166, 29, 183, 77, 56, 56, 77, 77, 30, 29, 166, 183, 257, 77, 80, 56, 183]"
3661.7468,3661.7612,3661.7688,3661.7632,4.641767501831055,0.022,"[3661.7482, 3661.7482666666665, 3661.7510666666662, 3661.751366666667, 3661.753066666666, 3661.7533, 3661.7537333333335, 3661.7591, 3661.7634333333335, 3661.764133333333, 3661.7646666666665, 3661.768466666667]","[166, 77, 183, 228, 77, 166, 56, 131, 131, 166, 77, 183]"
3662.4796,3662.4888,3662.5092,3662.486,4.710613250732422,0.0296,"[3662.4835333333335, 3662.4837333333335, 3662.4852666666666, 3662.486, 3662.4865, 3662.487033333334, 3662.4892666666665, 3662.4915666666666, 3662.4920333333334, 3662.496866666667, 3662.497, 3662.4979, 3662.5002666666664, 3662.501566666667, 3662.5044, 3662.5045, 3662.505033333334, 3662.5051333333336, 3662.505933333334, 3662.5064333333335, 3662.5066, 3662.5071, 3662.507433333333, 3662.5079333333338]","[77, 257, 15, 56, 243, 168, 183, 56, 243, 30, 257, 183, 77, 257, 166, 56, 188, 89, 223, 77, 131, 56, 183, 257]"
3662.906,3662.9196,3662.9296,3662.922,8.514215469360352,0.0236,"[3662.9068333333335, 3662.907566666667, 3662.9076666666665, 3662.908066666667, 3662.9083333333338, 3662.908866666666, 3662.908966666667, 3662.9091, 3662.9095, 3662.9156, 3662.9159, 3662.915933333333, 3662.9162666666666, 3662.9168666666665, 3662.9176, 3662.921066666667, 3662.9211333333337, 3662.921566666667, 3662.922633333333, 3662.9228333333335, 3662.9230333333335, 3662.9262, 3662.9266333333335, 3662.926966666667, 3662.9277333333334, 3662.9284333333335]","[257, 56, 17, 183, 228, 30, 168, 166, 77, 77, 17, 228, 56, 183, 29, 166, 183, 77, 178, 15, 17, 178, 183, 42, 77, 166]"
3665.62,3665.6376,3665.6776,3665.6344,5.756837368011475,0.0576,"[3665.621633333333, 3665.625, 3665.6278666666663, 3665.629133333334, 3665.633966666667, 3665.6353, 3665.6370333333334, 3665.6371, 3665.6373, 3665.6424, 3665.642666666666, 3665.6431666666663, 3665.6433, 3665.6469, 3665.648233333334, 3665.6485666666663, 3665.6491666666666, 3665.649266666667, 3665.6521333333335, 3665.653533333333, 3665.6539333333335, 3665.654033333333, 3665.6548666666663, 3665.6554, 3665.6556333333338, 3665.6561, 3665.6564, 3665.656666666667, 3665.6586666666662, 3665.6596666666665, 3665.6599666666666, 3665.660066666667, 3665.6602333333335, 3665.6603333333337, 3665.6608, 3665.662066666667, 3665.6631666666663, 3665.6633333333334, 3665.663433333333, 3665.6644, 3665.6655666666666, 3665.6664, 3665.666833333333, 3665.671, 3665.6715, 3665.672, 3665.6724, 3665.673266666666, 3665.676066666667, 3665.676233333333, 3665.6763, 3665.6765, 3665.6771, 3665.6773]","[56, 77, 183, 257, 131, 56, 29, 77, 183, 30, 77, 190, 15, 131, 77, 183, 178, 166, 56, 77, 164, 178, 229, 131, 15, 168, 183, 56, 77, 178, 131, 166, 229, 134, 183, 257, 207, 164, 56, 77, 207, 15, 228, 56, 77, 15, 168, 166, 56, 207, 77, 178, 257, 229]"
3668.448,3668.4892,3668.4996,3668.49,5.973684787750244,0.0516,"[3668.450833333334, 3668.451366666666, 3668.451666666667, 3668.4521, 3668.452133333333, 3668.4526666666666, 3668.4529, 3668.454066666666, 3668.4580666666666, 3668.46, 3668.4610333333335, 3668.4625666666666, 3668.4642, 3668.4665666666665, 3668.468, 3668.4681, 3668.4686333333334, 3668.4726666666666, 3668.4744333333338, 3668.477066666667, 3668.4772333333335, 3668.4774, 3668.4782333333337, 3668.4791, 3668.4803333333334, 3668.4806, 3668.4806, 3668.4807666666666, 3668.4816666666666, 3668.4828333333335, 3668.4849, 3668.4855, 3668.4859333333334, 3668.4859666666666, 3668.4864666666663, 3668.4878, 3668.4889333333335, 3668.490533333333, 3668.490766666667, 3668.4913, 3668.4918, 3668.493266666667, 3668.4936, 3668.4938333333334, 3668.4949333333334, 3668.4969, 3668.4970333333335]","[207, 178, 183, 80, 77, 164, 56, 15, 56, 257, 15, 56, 183, 119, 77, 56, 29, 15, 77, 56, 166, 178, 178, 77, 207, 15, 164, 178, 77, 56, 183, 77, 223, 15, 166, 183, 207, 183, 56, 166, 257, 77, 183, 56, 257, 166, 77]"
3668.8496,3668.8896,3668.8972,3668.8888,4.401536464691162,0.0476,"[3668.8522333333335, 3668.852666666666, 3668.8540333333335, 3668.8552666666665, 3668.857666666667, 3668.860833333333, 3668.8618333333334, 3668.8621, 3668.869366666667, 3668.8704333333335, 3668.8718, 3668.8729333333335, 3668.8747333333336, 3668.8753, 3668.8754, 3668.876133333333, 3668.8796666666663, 3668.8813666666665, 3668.8813666666665, 3668.8825333333334, 3668.8828, 3668.8831, 3668.8843333333334, 3668.8859333333335, 3668.887833333333, 3668.889366666667, 3668.8916, 3668.895266666667]","[77, 131, 146, 189, 257, 42, 56, 29, 77, 56, 207, 17, 183, 77, 257, 56, 183, 77, 166, 168, 223, 183, 257, 77, 183, 77, 183, 183]"
3677.8004,3677.81,3677.822,3677.812,5.823517322540283,0.0216,"[3677.802133333333, 3677.8023, 3677.8061, 3677.8072666666662, 3677.8086333333335, 3677.811, 3677.8113333333336, 3677.8119, 3677.8128333333334, 3677.8164333333334, 3677.8168333333338, 3677.8168666666666, 3677.8171, 3677.8173, 3677.8178, 3677.8199666666665, 3677.8206666666665, 3677.821733333333]","[168, 77, 166, 134, 77, 183, 166, 223, 77, 243, 166, 178, 228, 142, 56, 77, 207, 257]"
3677.9912,3678.004,3678.0128,3678.0012,4.520681858062744,0.0216,"[3677.9919666666665, 3677.992366666667, 3677.9953, 3677.9956666666662, 3677.995933333333, 3678.0007666666666, 3678.0010666666662, 3678.0017, 3678.0027, 3678.006766666667, 3678.007566666666, 3678.0095666666666, 3678.0107]","[257, 56, 183, 29, 77, 56, 183, 77, 166, 42, 56, 257, 77]"
3678.6408,3678.672,3678.6788,3678.648,4.11806058883667,0.038,"[3678.647233333333, 3678.6476, 3678.6480333333334, 3678.6480333333334, 3678.648066666666, 3678.648233333334, 3678.6485333333335, 3678.649133333334, 3678.649966666667, 3678.65, 3678.6576666666665, 3678.6583333333338, 3678.6587666666665, 3678.6589, 3678.6624333333334, 3678.6627, 3678.6668, 3678.6674, 3678.669533333333, 3678.6696333333334, 3678.670633333333, 3678.6725, 3678.6734333333334]","[15, 142, 166, 178, 207, 56, 131, 183, 29, 207, 168, 77, 257, 15, 183, 257, 56, 29, 178, 77, 142, 183, 166]"
3682.0048,3682.0164,3682.026,3682.016,6.502819538116455,0.0212,"[3682.0050666666666, 3682.0053333333335, 3682.005866666667, 3682.0061, 3682.007, 3682.0070333333338, 3682.007433333333, 3682.0100333333335, 3682.0105, 3682.0109333333335, 3682.0124666666666, 3682.0134333333335, 3682.013733333333, 3682.0137666666665, 3682.015533333333, 3682.015933333333, 3682.0160666666666, 3682.0162666666665, 3682.0165, 3682.0197, 3682.021566666667, 3682.0224, 3682.023633333333, 3682.0258]","[207, 168, 166, 183, 146, 207, 168, 166, 146, 77, 183, 77, 56, 42, 207, 77, 178, 56, 257, 77, 207, 178, 207, 77]"
3682.3068,3682.3324,3682.3372,3682.3328,3.1576592922210693,0.0304,"[3682.3072, 3682.3086, 3682.3117, 3682.3126333333335, 3682.314733333333, 3682.3149, 3682.3154666666665, 3682.3161333333337, 3682.3170666666665, 3682.3189, 3682.3196, 3682.320233333334, 3682.320233333334, 3682.3216666666663, 3682.3216666666663, 3682.322033333334, 3682.324033333334, 3682.3268, 3682.3270666666663, 3682.329166666667, 3682.3296, 3682.3299333333334, 3682.329966666666, 3682.330033333333, 3682.3305333333337, 3682.331166666667, 3682.333, 3682.3331333333335, 3682.3350666666665, 3682.335633333333]","[183, 56, 77, 183, 77, 190, 56, 168, 166, 178, 183, 77, 131, 190, 164, 166, 257, 229, 77, 15, 183, 56, 223, 257, 15, 77, 178, 229, 15, 77]"
3683.4668,3683.5276,3683.5368,3683.526,6.882246017456055,0.07,"[3683.4668333333334, 3683.4680333333336, 3683.469666666667, 3683.4702, 3683.472433333334, 3683.4734333333336, 3683.4758, 3683.476133333333, 3683.4764666666665, 3683.4781, 3683.4785333333334, 3683.480866666667, 3683.481333333333, 3683.4819, 3683.4852666666666, 3683.4853333333335, 3683.4853333333335, 3683.486966666667, 3683.4871, 3683.488, 3683.488333333333, 3683.490466666666, 3683.4913333333334, 3683.4915, 3683.4919, 3683.4927, 3683.494166666667, 3683.494233333334, 3683.4968, 3683.4988, 3683.4990333333335, 3683.5005, 3683.501133333333, 3683.5012, 3683.5015, 3683.5028666666663, 3683.5046666666663, 3683.507433333333, 3683.508, 3683.508566666667, 3683.5086, 3683.509366666666, 3683.5111333333334, 3683.5115666666666, 3683.5117333333337, 3683.5140666666666, 3683.5149333333334, 3683.5178, 3683.5203333333334, 3683.520533333334, 3683.5222, 3683.5226333333335, 3683.5232666666666, 3683.524033333333, 3683.5251333333335, 3683.525866666667, 3683.525866666667, 3683.5259, 3683.5288333333338, 3683.5294, 3683.5317, 3683.533866666666, 3683.5342666666666, 3683.5346, 3683.5347333333334, 3683.536, 3683.5362333333337, 3683.5362666666665]","[188, 56, 77, 183, 166, 56, 77, 166, 183, 243, 56, 188, 77, 230, 207, 243, 164, 188, 207, 15, 230, 183, 188, 144, 56, 15, 77, 183, 178, 56, 230, 188, 178, 77, 166, 166, 15, 77, 183, 56, 166, 178, 183, 15, 77, 166, 183, 77, 178, 56, 166, 56, 15, 183, 251, 168, 80, 77, 178, 56, 77, 15, 56, 251, 29, 77, 257, 178]"
3684.0192,3684.0316,3684.0464,3684.032,5.831294059753418,0.0272,"[3684.0201666666662, 3684.0225666666665, 3684.0235333333335, 3684.024966666667, 3684.026066666667, 3684.0280333333335, 3684.0283, 3684.032, 3684.0320333333334, 3684.034166666667, 3684.036166666667, 3684.037766666667, 3684.0383, 3684.0404, 3684.0407, 3684.0407, 3684.041166666667, 3684.042066666667, 3684.044133333334, 3684.044766666667, 3684.0452666666665]","[56, 77, 178, 168, 56, 183, 77, 134, 183, 178, 77, 56, 168, 168, 29, 56, 77, 207, 183, 56, 189]"
3686.8096,3686.8232,3686.8492,3686.8224,3.119659185409546,0.0396,"[3686.810166666666, 3686.8112, 3686.811633333333, 3686.813166666667, 3686.8155333333334, 3686.8173333333334, 3686.8178, 3686.8190666666665, 3686.8211, 3686.8222666666666, 3686.822366666667, 3686.8234666666663, 3686.8266, 3686.8269333333337, 3686.8305333333337, 3686.8309, 3686.8355, 3686.8364333333334, 3686.8372, 3686.8375, 3686.8383, 3686.838833333333, 3686.8406666666665, 3686.8411666666666, 3686.8414, 3686.842, 3686.8431, 3686.846366666666, 3686.847566666667, 3686.848166666666, 3686.8485, 3686.8490333333334]","[77, 183, 207, 56, 131, 77, 207, 15, 257, 184, 166, 77, 183, 56, 183, 56, 56, 77, 183, 257, 15, 56, 178, 257, 56, 77, 183, 183, 15, 56, 257, 77]"
3689.0672,3689.0988,3689.1064,3689.096,3.896785020828247,0.0392,"[3689.0679666666665, 3689.0679666666665, 3689.071066666667, 3689.071466666667, 3689.071966666667, 3689.0741, 3689.074566666666, 3689.0756, 3689.0758666666666, 3689.0760666666665, 3689.0761333333335, 3689.0771, 3689.077366666667, 3689.0778, 3689.0786333333335, 3689.079566666667, 3689.0803, 3689.0805, 3689.081166666667, 3689.0850666666665, 3689.085733333334, 3689.0868333333337, 3689.0896, 3689.0905, 3689.0906, 3689.0925333333334, 3689.0951333333337, 3689.0987, 3689.0987333333337, 3689.1037666666666]","[56, 166, 183, 77, 178, 77, 56, 190, 166, 183, 257, 207, 77, 251, 243, 166, 56, 77, 15, 257, 77, 207, 257, 251, 77, 178, 228, 56, 183, 183]"
3693.6472,3693.6596,3693.6856,3693.656,6.627969264984131,0.0384,"[3693.649, 3693.6491666666666, 3693.6494, 3693.6509, 3693.6520666666665, 3693.6541666666662, 3693.6552333333334, 3693.655566666667, 3693.6566333333335, 3693.6568666666662, 3693.6569, 3693.657133333333, 3693.6574666666666, 3693.6577666666662, 3693.6613666666663, 3693.6614666666665, 3693.6621666666665, 3693.6636, 3693.6639666666665, 3693.6642, 3693.6643, 3693.6649666666663, 3693.6651, 3693.6656, 3693.666, 3693.666833333333, 3693.6717, 3693.6720333333337, 3693.6726, 3693.6757, 3693.6759, 3693.6766, 3693.676733333333, 3693.678866666666, 3693.6803, 3693.6825, 3693.6855]","[77, 223, 166, 183, 80, 183, 223, 77, 56, 183, 190, 15, 30, 29, 77, 183, 223, 257, 228, 15, 207, 29, 183, 77, 166, 257, 15, 56, 188, 178, 56, 257, 131, 178, 77, 56, 77]"
3694.0868,3694.104,3694.112,3694.1036,3.471447229385376,0.0252,"[3694.089933333333, 3694.0917666666664, 3694.0932, 3694.094, 3694.0981, 3694.0988333333335, 3694.0994666666666, 3694.1033333333335, 3694.1048333333338, 3694.1068333333337, 3694.1082666666666, 3694.1105666666663, 3694.1109666666666, 3694.111666666666, 3694.1117]","[168, 77, 183, 56, 229, 183, 77, 223, 183, 15, 131, 77, 166, 178, 56]"
3694.7272,3694.7384,3694.7508,3694.734,4.691235065460205,0.0236,"[3694.7282, 3694.7297, 3694.7305666666666, 3694.733, 3694.7336, 3694.7341, 3694.7348333333334, 3694.735133333333, 3694.7352666666666, 3694.7356, 3694.7398, 3694.7409666666663, 3694.7422333333334, 3694.7448, 3694.7481666666663, 3694.748733333334, 3694.748733333334, 3694.7498333333338, 3694.7502666666664]","[164, 183, 166, 144, 178, 77, 56, 166, 183, 131, 56, 166, 168, 166, 77, 56, 178, 164, 15]"
3695.8968,3695.918,3695.9272,3695.918,3.4360592365264893,0.0304,"[3695.897733333333, 3695.899133333334, 3695.8992, 3695.900833333333, 3695.9013, 3695.9034333333334, 3695.9063666666666, 3695.908266666667, 3695.9084, 3695.911833333333, 3695.912966666667, 3695.913633333333, 3695.9169, 3695.918633333333, 3695.9211666666665, 3695.9225666666666, 3695.9229666666665, 3695.9247666666665, 3695.9248, 3695.924933333333, 3695.9263, 3695.9267]","[183, 56, 77, 15, 257, 183, 56, 183, 77, 183, 56, 77, 17, 257, 183, 77, 257, 183, 166, 56, 77, 15]"
3698.2152,3698.224,3698.2528,3698.2252,6.973133563995361,0.0376,"[3698.215366666667, 3698.2157333333334, 3698.218, 3698.2184, 3698.2186333333334, 3698.218666666666, 3698.2188, 3698.2196, 3698.2199333333338, 3698.2245333333335, 3698.2247666666663, 3698.2253666666666, 3698.226, 3698.2262333333338, 3698.2264333333337, 3698.226766666666, 3698.2292666666663, 3698.231533333333, 3698.2323, 3698.2348333333334, 3698.236666666666, 3698.2386333333334, 3698.238833333334, 3698.2392666666665, 3698.2436333333335, 3698.243966666667]","[183, 42, 56, 257, 146, 183, 77, 168, 178, 42, 30, 166, 56, 178, 166, 183, 77, 178, 17, 42, 77, 56, 183, 257, 56, 77]"
3698.396,3698.41,3698.4188,3698.4124,4.4751667976379395,0.0228,"[3698.3964666666666, 3698.3994, 3698.400633333333, 3698.4012333333335, 3698.404466666667, 3698.4056333333338, 3698.4061333333334, 3698.4067, 3698.406733333333, 3698.4069, 3698.407566666667, 3698.4119666666666, 3698.4137333333338, 3698.4141, 3698.4165333333335, 3698.4166333333337]","[178, 56, 77, 183, 257, 207, 77, 188, 183, 243, 168, 183, 15, 56, 183, 188]"
3701.8796,3701.8868,3701.92,3701.8872,3.7608957290649414,0.0404,"[3701.880933333334, 3701.8812, 3701.8816, 3701.8820666666666, 3701.882733333334, 3701.883566666667, 3701.8854, 3701.8868666666663, 3701.889233333334, 3701.892, 3701.892666666666, 3701.893733333334, 3701.8941, 3701.894333333333, 3701.897, 3701.8977666666665, 3701.8984, 3701.9003333333335, 3701.901333333333, 3701.902733333334, 3701.9031, 3701.9038, 3701.9044, 3701.9047, 3701.9052, 3701.9056333333338, 3701.9079, 3701.9079, 3701.9087, 3701.908733333333, 3701.9104666666663, 3701.912566666667, 3701.9135, 3701.916133333333, 3701.916966666666, 3701.918933333334]","[168, 207, 257, 77, 56, 168, 183, 77, 168, 168, 166, 207, 77, 76, 89, 77, 56, 142, 251, 77, 207, 166, 178, 183, 230, 207, 207, 168, 77, 166, 168, 168, 251, 56, 183, 56]"
3705.1608,3705.1764,3705.2028,3705.1752,7.639262676239014,0.042,"[3705.1608, 3705.160833333334, 3705.1612, 3705.161666666667, 3705.1678, 3705.168933333334, 3705.1696333333334, 3705.1701, 3705.1701333333335, 3705.170566666666, 3705.172466666667, 3705.1748, 3705.1754666666666, 3705.1756, 3705.1768333333334, 3705.177833333333, 3705.1785666666665, 3705.1811666666663, 3705.1833333333334, 3705.1838333333335, 3705.1840333333334, 3705.1844666666666, 3705.1853, 3705.1867333333334, 3705.186833333333, 3705.1878333333334, 3705.187933333333, 3705.188166666667, 3705.188366666667, 3705.1896, 3705.19, 3705.1911, 3705.191466666666, 3705.1926333333336, 3705.1931, 3705.193433333334, 3705.1947333333337, 3705.1961, 3705.1963666666666, 3705.197366666667, 3705.197866666667, 3705.2006666666666, 3705.2011333333335]","[166, 56, 29, 257, 257, 228, 223, 166, 77, 183, 257, 168, 228, 56, 183, 77, 257, 229, 207, 77, 56, 183, 207, 56, 183, 178, 77, 168, 257, 228, 189, 56, 77, 207, 257, 183, 207, 166, 77, 183, 56, 178, 77]"
3706.3244,3706.3372,3706.3984,3706.3384,10.010873794555664,0.074,"[3706.3249666666666, 3706.325566666667, 3706.326, 3706.3279, 3706.329, 3706.3292333333334, 3706.329366666667, 3706.3294666666666, 3706.330066666667, 3706.3317, 3706.331833333333, 3706.3324333333335, 3706.3334666666665, 3706.3339, 3706.3340333333335, 3706.3344, 3706.3350333333337, 3706.338, 3706.338133333333, 3706.3382, 3706.338333333333, 3706.3404, 3706.3452, 3706.3455, 3706.3460666666665, 3706.3468, 3706.3472, 3706.3474, 3706.348, 3706.349066666666, 3706.351933333334, 3706.352066666667, 3706.352766666667, 3706.355466666667, 3706.3574, 3706.3579, 3706.3582666666666, 3706.3583, 3706.3583, 3706.359933333333, 3706.361933333333, 3706.3641, 3706.3643, 3706.364433333333, 3706.3657333333335, 3706.3661333333334, 3706.367833333333, 3706.3681333333334, 3706.3687, 3706.368966666667, 3706.37, 3706.3708333333334, 3706.3712333333337, 3706.3735333333334, 3706.3750666666665, 3706.378366666667, 3706.379033333333, 3706.379133333334, 3706.3809, 3706.3813333333337, 3706.382866666667, 3706.3841333333335, 3706.3844, 3706.384466666667, 3706.3865666666666, 3706.3867666666665, 3706.3889, 3706.391566666666, 3706.392466666666, 3706.392666666666, 3706.3973]","[77, 257, 257, 183, 178, 17, 77, 166, 257, 183, 166, 178, 89, 15, 77, 56, 178, 188, 257, 77, 131, 77, 56, 80, 134, 168, 77, 166, 15, 56, 80, 77, 183, 178, 207, 77, 166, 178, 56, 168, 77, 77, 164, 230, 166, 207, 168, 207, 56, 166, 77, 207, 15, 56, 77, 15, 77, 207, 183, 207, 168, 77, 15, 56, 15, 146, 77, 183, 183, 77, 183]"
3712.4472,3712.462,3712.5048,3712.4536,6.280675411224365,0.0576,"[3712.4475, 3712.4482, 3712.449166666667, 3712.4506666666666, 3712.4513, 3712.452633333334, 3712.455033333333, 3712.459066666667, 3712.4597, 3712.463133333333, 3712.463566666667, 3712.4636, 3712.4684666666662, 3712.469166666667, 3712.4699666666666, 3712.4704333333334, 3712.4718, 3712.4719666666665, 3712.4720666666663, 3712.4757666666665, 3712.4774666666663, 3712.4780333333338, 3712.481433333334, 3712.4817, 3712.4826333333335, 3712.4833, 3712.484033333333, 3712.4843666666666, 3712.4843666666666, 3712.4852, 3712.4862, 3712.487433333333, 3712.487566666666, 3712.488666666666, 3712.4888, 3712.489433333333, 3712.4913, 3712.4954333333335, 3712.4962666666665, 3712.4967, 3712.496866666667, 3712.4970333333335, 3712.498433333333, 3712.502266666667, 3712.5027333333337, 3712.5045666666665, 3712.5047]","[178, 56, 166, 207, 56, 77, 29, 183, 77, 29, 56, 166, 77, 230, 56, 207, 77, 56, 166, 178, 77, 56, 29, 257, 183, 29, 56, 77, 178, 207, 183, 168, 29, 29, 15, 56, 77, 183, 166, 77, 178, 56, 77, 178, 183, 77, 166]"
3714.174,3714.2092,3714.2324,3714.2076,9.995741844177246,0.0584,"[3714.1752, 3714.1757, 3714.176266666667, 3714.1767666666665, 3714.1774, 3714.178066666667, 3714.1812666666665, 3714.1822666666662, 3714.182633333334, 3714.1845333333335, 3714.1868, 3714.1876, 3714.188166666667, 3714.1891666666666, 3714.1902333333337, 3714.1908, 3714.1912, 3714.1918333333338, 3714.1928333333335, 3714.1943666666666, 3714.195333333333, 3714.1957666666663, 3714.196, 3714.1968, 3714.1981333333338, 3714.1985, 3714.2020333333335, 3714.202566666667, 3714.2035666666666, 3714.2037, 3714.2046333333337, 3714.2065666666663, 3714.206866666667, 3714.207033333333, 3714.2084, 3714.2087333333334, 3714.2087333333334, 3714.210566666666, 3714.210733333334, 3714.211333333333, 3714.2118666666665, 3714.214266666667, 3714.2147666666665, 3714.2155666666663, 3714.216866666666, 3714.217, 3714.2182, 3714.219, 3714.2193, 3714.220466666666, 3714.2207, 3714.2228666666665, 3714.2230666666665, 3714.2231, 3714.224233333334, 3714.2248, 3714.2265, 3714.2281, 3714.2283, 3714.2284, 3714.2295, 3714.2303333333334, 3714.2309666666665, 3714.2309666666665, 3714.231633333334, 3714.232266666667]","[131, 178, 77, 183, 56, 29, 166, 257, 77, 56, 166, 77, 164, 131, 164, 77, 15, 223, 56, 131, 257, 77, 178, 56, 190, 131, 166, 77, 207, 164, 257, 178, 183, 228, 166, 77, 80, 164, 56, 168, 131, 228, 207, 77, 207, 168, 257, 77, 166, 228, 56, 77, 207, 168, 183, 56, 131, 17, 178, 77, 164, 29, 56, 257, 207, 17]"
3715.1396,3715.1656,3715.1744,3715.1628,3.362384557723999,0.0348,"[3715.1399, 3715.1401, 3715.1465333333335, 3715.1475666666665, 3715.1478333333334, 3715.1510333333335, 3715.157, 3715.157, 3715.1572, 3715.163666666667, 3715.1637333333338, 3715.1640333333335, 3715.168166666667, 3715.1684, 3715.1705333333334, 3715.1716333333334, 3715.1737]","[29, 56, 183, 56, 168, 183, 56, 166, 15, 56, 183, 166, 77, 257, 56, 166, 56]"
3716.3288,3716.3552,3716.3644,3716.3516,5.540586471557617,0.0356,"[3716.329133333333, 3716.3307666666665, 3716.3322333333335, 3716.3361666666665, 3716.3376, 3716.3378666666663, 3716.3385, 3716.3386, 3716.342633333333, 3716.3426666666664, 3716.344866666667, 3716.3461666666662, 3716.3474, 3716.3479666666663, 3716.3481333333334, 3716.3496, 3716.3514666666665, 3716.3521, 3716.3530666666666, 3716.3539, 3716.3545, 3716.356333333333, 3716.3568666666665, 3716.3578666666663, 3716.3586333333337, 3716.3586666666665, 3716.359233333333, 3716.3612]","[257, 166, 77, 183, 56, 207, 77, 178, 77, 228, 178, 183, 77, 178, 15, 166, 56, 228, 183, 178, 77, 178, 183, 77, 29, 56, 89, 183]"
3719.692,3719.702,3719.7144,3719.7016,3.432894229888916,0.0224,"[3719.6926333333336, 3719.6957, 3719.696233333333, 3719.6963666666666, 3719.7008666666666, 3719.7031, 3719.7038333333335, 3719.7055333333337, 3719.7072, 3719.7100333333337]","[29, 77, 183, 166, 77, 257, 56, 77, 257, 56]"
3722.63,3722.6616,3722.6704,3722.6388,4.48107385635376,0.0404,"[3722.6332, 3722.6342666666665, 3722.6351666666665, 3722.6358333333337, 3722.636466666667, 3722.639233333334, 3722.6394, 3722.6402333333335, 3722.6404333333335, 3722.642333333333, 3722.6438333333335, 3722.6448666666665, 3722.6451666666662, 3722.6464, 3722.647733333333, 3722.6486, 3722.650033333334, 3722.6500666666666, 3722.6520333333337, 3722.654366666666, 3722.654533333334, 3722.6551666666664, 3722.6554666666666, 3722.657166666667, 3722.6572, 3722.6587, 3722.659033333334, 3722.6592666666666, 3722.659633333333, 3722.6596666666665, 3722.6615, 3722.661566666666, 3722.6633333333334, 3722.665033333333, 3722.6652, 3722.665266666667, 3722.6667666666663, 3722.668766666666, 3722.6691666666666, 3722.6695]","[56, 166, 178, 77, 183, 166, 178, 207, 183, 207, 77, 56, 257, 17, 178, 77, 166, 56, 56, 77, 183, 178, 131, 168, 56, 257, 178, 77, 179, 166, 168, 178, 178, 80, 56, 77, 207, 207, 178, 166]"
3724.0664,3724.0756,3724.1104,3724.0768,3.6977970600128174,0.044,"[3724.071733333333, 3724.072366666667, 3724.0724333333337, 3724.0729, 3724.074833333333, 3724.0755, 3724.0760666666665, 3724.0778333333337, 3724.078233333333, 3724.078533333334, 3724.081, 3724.0819333333334, 3724.082066666667, 3724.0826666666662, 3724.0837, 3724.086333333333, 3724.0867333333335, 3724.088166666667, 3724.089033333333, 3724.089466666667, 3724.0897, 3724.090166666667, 3724.0908666666664, 3724.091733333333, 3724.0934, 3724.094733333334, 3724.0951, 3724.0954333333334, 3724.098666666667, 3724.099333333333, 3724.0994, 3724.0997666666663, 3724.101, 3724.1029, 3724.1058, 3724.1060333333335, 3724.106333333333, 3724.1072, 3724.107466666667, 3724.107666666667, 3724.1086]","[56, 131, 77, 168, 183, 178, 77, 257, 183, 131, 77, 166, 183, 56, 131, 77, 183, 56, 166, 257, 77, 178, 166, 131, 257, 15, 77, 166, 131, 184, 77, 183, 178, 56, 166, 77, 183, 56, 168, 164, 131]"
3724.26,3724.2672,3724.2832,3724.2664,4.0334792137146,0.0232,"[3724.2603, 3724.260433333334, 3724.261, 3724.2626, 3724.2662666666665, 3724.267533333333, 3724.2678666666666, 3724.268366666666, 3724.2690666666663, 3724.2745666666665, 3724.2756, 3724.275866666667, 3724.2783, 3724.2789, 3724.2797, 3724.280366666667]","[56, 77, 183, 257, 207, 166, 183, 168, 77, 77, 257, 178, 56, 166, 168, 77]"
3724.5984,3724.6064,3724.6544,3724.6044,3.6261823177337646,0.056,"[3724.5984, 3724.5988, 3724.599, 3724.5994333333338, 3724.600866666666, 3724.6015, 3724.6050333333337, 3724.6062, 3724.6112333333335, 3724.6122333333337, 3724.612433333333, 3724.6124666666665, 3724.612566666666, 3724.6138666666666, 3724.6142, 3724.614433333333, 3724.6199, 3724.6209, 3724.622066666667, 3724.6234, 3724.626133333333, 3724.626333333333, 3724.6269666666662, 3724.6271, 3724.629133333334, 3724.6302, 3724.630933333334, 3724.632, 3724.632433333333, 3724.6328, 3724.6333666666665, 3724.633466666666, 3724.6363666666666, 3724.640066666667, 3724.6404, 3724.6406, 3724.641666666667, 3724.6459, 3724.646366666667, 3724.6468, 3724.6471333333334, 3724.6475, 3724.6475666666665, 3724.6539]","[178, 228, 183, 77, 207, 15, 77, 183, 56, 89, 77, 183, 166, 15, 257, 183, 77, 15, 56, 251, 183, 257, 80, 77, 183, 56, 166, 76, 42, 223, 77, 183, 257, 257, 183, 77, 15, 183, 80, 257, 166, 56, 77, 56]"
3725.9596,3726.0296,3726.0416,3726.028,6.613813400268555,0.082,"[3725.9601333333335, 3725.961533333333, 3725.9619666666663, 3725.965133333333, 3725.9681333333338, 3725.9682, 3725.9683666666665, 3725.9696, 3725.9702333333335, 3725.9705, 3725.9717, 3725.974166666667, 3725.9747333333335, 3725.9755666666665, 3725.975933333333, 3725.9766666666665, 3725.9773666666665, 3725.9778666666666, 3725.9778666666666, 3725.979533333333, 3725.9805, 3725.981333333333, 3725.9815, 3725.982233333333, 3725.9831, 3725.9849, 3725.9851, 3725.9889333333335, 3725.9900666666663, 3725.995133333334, 3725.996, 3725.996166666667, 3725.9968, 3725.9969666666666, 3725.9972333333335, 3725.998, 3726.001433333334, 3726.0019333333335, 3726.0035333333335, 3726.0038, 3726.003966666666, 3726.008333333333, 3726.0089333333335, 3726.0110666666665, 3726.011533333334, 3726.0126, 3726.013033333333, 3726.0133666666666, 3726.0136666666663, 3726.0154666666663, 3726.0168, 3726.0169666666666, 3726.017066666667, 3726.0180333333337, 3726.018666666667, 3726.0217, 3726.022033333333, 3726.022333333334, 3726.0233, 3726.023633333333, 3726.024966666667, 3726.0274, 3726.0276, 3726.0282666666662, 3726.0284333333334, 3726.0293, 3726.029933333333, 3726.03, 3726.0311, 3726.0315333333338, 3726.0335666666665, 3726.0343, 3726.0352333333335, 3726.0355, 3726.0363333333335, 3726.036733333334, 3726.037966666667, 3726.039366666667, 3726.0395, 3726.0406333333335, 3726.0407333333337, 3726.0414333333338]","[77, 56, 166, 183, 168, 207, 257, 77, 168, 164, 183, 257, 207, 15, 56, 223, 207, 77, 243, 207, 144, 166, 183, 56, 77, 188, 251, 257, 188, 77, 257, 183, 207, 178, 77, 56, 207, 56, 77, 207, 183, 166, 183, 56, 15, 183, 166, 77, 257, 207, 183, 166, 77, 56, 164, 56, 77, 56, 183, 15, 56, 178, 77, 251, 166, 207, 257, 15, 29, 77, 183, 257, 56, 77, 15, 166, 183, 56, 207, 228, 77, 56]"
3729.5812,3729.61,3729.6188,3729.6088,5.059110164642334,0.0376,"[3729.585866666667, 3729.5887666666663, 3729.5915, 3729.592033333334, 3729.5923, 3729.592633333333, 3729.5932333333335, 3729.5933666666665, 3729.5938666666666, 3729.595633333334, 3729.595966666667, 3729.597433333334, 3729.5981333333334, 3729.599333333333, 3729.600966666667, 3729.6014333333337, 3729.602733333333, 3729.604766666667, 3729.608, 3729.6087666666663, 3729.6088666666665, 3729.6094, 3729.6104666666665, 3729.6139, 3729.614, 3729.6145, 3729.618266666667, 3729.6183666666666]","[183, 77, 243, 56, 183, 166, 77, 29, 257, 230, 183, 257, 77, 228, 243, 166, 77, 230, 77, 166, 56, 183, 166, 183, 230, 77, 178, 230]"
3730.5208,3730.53,3730.548,3730.5292,5.680673599243164,0.0272,"[3730.5214, 3730.5227, 3730.5248, 3730.5292, 3730.5293333333334, 3730.5296, 3730.53, 3730.5329333333334, 3730.533466666667, 3730.5336666666662, 3730.5347, 3730.5353, 3730.5373666666665, 3730.5379, 3730.5382, 3730.538633333333, 3730.539566666667, 3730.5415333333335, 3730.542466666667, 3730.5442333333335, 3730.5450666666666, 3730.5453, 3730.548]","[131, 56, 77, 77, 166, 183, 30, 178, 168, 77, 166, 15, 77, 228, 178, 56, 166, 183, 189, 77, 119, 15, 207]"
3732.6584,3732.6912,3732.6972,3732.6936,4.217797756195068,0.0388,"[3732.660066666667, 3732.6603666666665, 3732.6612, 3732.661733333334, 3732.6621666666665, 3732.6623666666665, 3732.6630333333337, 3732.6637666666666, 3732.665166666666, 3732.6664333333338, 3732.6664333333338, 3732.6666333333337, 3732.6666666666665, 3732.6668666666665, 3732.6687, 3732.669066666667, 3732.6695, 3732.669933333333, 3732.6729333333337, 3732.673333333333, 3732.6744, 3732.676966666667, 3732.677866666667, 3732.679666666667, 3732.6804, 3732.6811666666663, 3732.6866, 3732.6883333333335, 3732.6891666666666, 3732.6939666666663, 3732.6944, 3732.6954666666666, 3732.6959]","[166, 131, 134, 56, 80, 77, 183, 207, 166, 131, 207, 168, 77, 56, 56, 183, 77, 166, 257, 77, 131, 77, 183, 184, 56, 77, 257, 56, 77, 77, 183, 178, 56]"
3751.2776,3751.2832,3751.3032,3751.2824,3.0757503509521484,0.0256,"[3751.2784, 3751.2793333333334, 3751.280366666667, 3751.2804, 3751.2811, 3751.2813666666666, 3751.2817, 3751.2817666666665, 3751.283066666667, 3751.2835333333337, 3751.2836, 3751.286733333334, 3751.286866666667, 3751.287, 3751.2882, 3751.288233333333, 3751.292066666667, 3751.2933333333335, 3751.293366666667, 3751.2935, 3751.2948666666666, 3751.2953333333335, 3751.295833333333, 3751.2964, 3751.297366666666, 3751.298633333334, 3751.2987333333335, 3751.298766666667, 3751.2988, 3751.301466666667, 3751.3025666666663, 3751.302966666666]","[168, 183, 80, 76, 183, 168, 15, 56, 166, 29, 168, 80, 77, 178, 183, 56, 56, 178, 223, 77, 183, 30, 15, 178, 190, 166, 76, 78, 76, 56, 77, 166]"
3751.976,3751.9928,3752.0076,3751.9936,4.432042121887207,0.0316,"[3751.9768, 3751.9780333333338, 3751.978633333333, 3751.981266666666, 3751.9814666666666, 3751.981766666667, 3751.982, 3751.9825666666666, 3751.9847666666665, 3751.9857333333334, 3751.987866666667, 3751.9936333333335, 3751.994133333333, 3751.9943, 3751.9947333333334, 3751.9953333333337, 3751.9963333333335, 3751.996433333333, 3751.996633333333, 3751.9974333333334, 3752.0001333333335, 3752.001333333333, 3752.001366666667, 3752.0019666666662, 3752.0032666666666, 3752.0038, 3752.0052333333338, 3752.0072666666665]","[15, 77, 56, 178, 183, 15, 77, 56, 131, 142, 134, 142, 134, 56, 183, 166, 142, 77, 257, 178, 142, 164, 257, 29, 164, 77, 183, 56]"
3758.9536,3758.9792,3758.9948,3758.9844,8.158262252807617,0.0412,"[3758.955233333333, 3758.955966666667, 3758.9592333333335, 3758.9594333333334, 3758.9603666666662, 3758.9607666666666, 3758.961466666666, 3758.963166666667, 3758.963566666667, 3758.9650333333334, 3758.9650333333334, 3758.9665666666665, 3758.9667666666664, 3758.9673, 3758.968266666667, 3758.969566666666, 3758.9702, 3758.9706, 3758.971366666666, 3758.9719333333337, 3758.973466666667, 3758.9735, 3758.974066666666, 3758.9753333333338, 3758.9757666666665, 3758.9762, 3758.9764, 3758.978866666667, 3758.9789333333338, 3758.979, 3758.979333333333, 3758.980433333333, 3758.9806, 3758.9808333333335, 3758.9812, 3758.982933333333, 3758.983166666667, 3758.9833, 3758.9837333333335, 3758.9856666666665, 3758.9871333333335, 3758.9883666666665, 3758.9890333333337, 3758.9895, 3758.992166666667, 3758.992333333333, 3758.9924]","[166, 77, 179, 164, 166, 77, 183, 15, 56, 77, 80, 166, 77, 257, 56, 77, 80, 257, 56, 42, 207, 56, 80, 183, 15, 77, 257, 166, 42, 183, 243, 168, 77, 179, 257, 179, 168, 56, 56, 166, 77, 183, 207, 257, 56, 77, 166]"
3762.3616,3762.3688,3762.3844,3762.3688,3.712955474853515,0.0228,"[3762.3642666666665, 3762.3649333333337, 3762.369366666667, 3762.3735333333334, 3762.374766666667, 3762.376266666666, 3762.3775333333338, 3762.3798333333334]","[77, 56, 183, 131, 56, 166, 77, 183]"
3762.8676,3762.8868,3762.9168,3762.886,4.405661582946777,0.0492,"[3762.8679666666662, 3762.868233333333, 3762.8686, 3762.8697333333334, 3762.8719, 3762.872733333333, 3762.8729333333335, 3762.8743666666664, 3762.8752, 3762.8755666666666, 3762.8786, 3762.8800666666666, 3762.880366666667, 3762.8804, 3762.8817, 3762.8835, 3762.8857333333335, 3762.8857333333335, 3762.886333333334, 3762.8868, 3762.8876, 3762.8877666666663, 3762.888333333334, 3762.8892666666666, 3762.8897, 3762.8899333333334, 3762.8905666666665, 3762.890966666667, 3762.8912333333337, 3762.8924333333334, 3762.8929333333335, 3762.8952, 3762.896166666667, 3762.8971, 3762.8987666666662, 3762.9010333333335, 3762.9010333333335, 3762.9065333333338, 3762.907366666667, 3762.9094666666665, 3762.9123666666665, 3762.913633333333, 3762.914533333333]","[183, 257, 166, 56, 183, 89, 77, 56, 183, 188, 56, 207, 77, 168, 56, 257, 207, 56, 178, 30, 29, 15, 166, 178, 243, 131, 183, 144, 178, 56, 77, 207, 257, 189, 166, 77, 188, 166, 183, 56, 146, 77, 223]"
3764.3744,3764.384,3764.4192,3764.384,5.036657810211182,0.0448,"[3764.3762, 3764.3765333333336, 3764.3785, 3764.382833333333, 3764.384233333333, 3764.3861333333334, 3764.387566666667, 3764.3894, 3764.3912333333337, 3764.3920333333335, 3764.3924, 3764.392766666667, 3764.3937, 3764.3941, 3764.395933333333, 3764.3966, 3764.3997, 3764.4005666666662, 3764.4012333333335, 3764.4025, 3764.4031666666665, 3764.4042, 3764.4068, 3764.4082, 3764.408466666667, 3764.409, 3764.4130333333337, 3764.415666666667, 3764.4161, 3764.416833333333, 3764.418033333334]","[166, 77, 257, 183, 77, 29, 183, 77, 178, 183, 77, 166, 257, 15, 183, 77, 257, 183, 77, 56, 30, 166, 178, 166, 223, 77, 257, 223, 166, 56, 77]"
3771.7828,3771.7944,3771.8036,3771.7932,5.450672149658203,0.0208,"[3771.783966666667, 3771.784633333333, 3771.7859, 3771.7892, 3771.7897333333335, 3771.7899, 3771.7899666666663, 3771.7900666666665, 3771.791833333333, 3771.7919, 3771.7944666666663, 3771.7944666666663, 3771.794833333334, 3771.7954666666665, 3771.795866666667, 3771.795933333334, 3771.7989666666663, 3771.799233333333, 3771.8004666666666, 3771.8023333333335, 3771.802966666666, 3771.8032]","[183, 15, 77, 183, 223, 144, 77, 183, 56, 183, 77, 166, 15, 131, 56, 183, 77, 56, 183, 257, 178, 183]"
3775.3612,3775.3956,3775.404,3775.3956,6.622262001037598,0.0428,"[3775.361266666667, 3775.3613333333337, 3775.3629666666666, 3775.364233333333, 3775.366266666667, 3775.369966666666, 3775.3707, 3775.371866666667, 3775.3722, 3775.3729333333335, 3775.3734, 3775.3735333333334, 3775.3752666666664, 3775.3753, 3775.375866666667, 3775.376, 3775.3771, 3775.378233333334, 3775.3784333333338, 3775.3784666666666, 3775.381966666667, 3775.382633333333, 3775.3828, 3775.3856666666666, 3775.3856666666666, 3775.3861333333334, 3775.3867666666665, 3775.3868, 3775.3869666666665, 3775.3887, 3775.389, 3775.3896666666665, 3775.390666666666, 3775.3914, 3775.3928, 3775.3928666666666, 3775.3951, 3775.3966666666665, 3775.3972, 3775.3975666666665, 3775.3981, 3775.3984666666665, 3775.3985333333335, 3775.398866666667, 3775.4001333333335, 3775.4005, 3775.4005, 3775.4030333333335, 3775.4030666666663]","[183, 56, 257, 77, 164, 257, 77, 119, 56, 183, 15, 207, 77, 223, 207, 164, 183, 166, 56, 77, 56, 131, 77, 166, 257, 183, 168, 77, 183, 56, 178, 166, 257, 77, 183, 56, 131, 77, 56, 168, 223, 15, 257, 131, 168, 77, 131, 257, 56]"
3778.5864,3778.594,3778.628,3778.5916,5.169191360473633,0.0416,"[3778.5871666666662, 3778.5873, 3778.588, 3778.588266666666, 3778.5898666666662, 3778.590966666666, 3778.591266666667, 3778.5924666666665, 3778.5929, 3778.5949666666666, 3778.597, 3778.5976333333338, 3778.5979666666663, 3778.5979666666663, 3778.598033333333, 3778.5986, 3778.5987666666665, 3778.5996, 3778.6001, 3778.600233333333, 3778.6005333333337, 3778.6016666666665, 3778.6043666666665, 3778.6068333333337, 3778.607, 3778.607166666666, 3778.607533333334, 3778.6093666666666, 3778.6127, 3778.6130333333335, 3778.6175, 3778.6181333333334, 3778.6185333333337, 3778.6202333333335, 3778.6224666666662, 3778.623866666667]","[166, 77, 15, 56, 257, 77, 56, 166, 15, 183, 77, 183, 56, 257, 168, 166, 77, 183, 223, 15, 56, 131, 179, 56, 183, 257, 77, 183, 183, 77, 257, 183, 89, 56, 166, 77]"
3780.8804,3780.9068,3780.9292,3780.9048,6.511351585388184,0.0488,"[3780.8807333333334, 3780.8817, 3780.8823, 3780.8856333333338, 3780.8897, 3780.890066666667, 3780.8911, 3780.891666666667, 3780.8943, 3780.894533333333, 3780.8958666666663, 3780.898166666667, 3780.8986666666665, 3780.9004, 3780.9005, 3780.9018666666666, 3780.9037333333335, 3780.9047333333338, 3780.9053, 3780.9065, 3780.906933333333, 3780.9072, 3780.9087666666665, 3780.9104666666663, 3780.9105, 3780.9122333333335, 3780.912466666666, 3780.912633333334, 3780.9135666666666, 3780.913666666667, 3780.9147, 3780.9178, 3780.9182666666666, 3780.9182666666666, 3780.9203333333335, 3780.9204666666665, 3780.9230666666663, 3780.9234666666666, 3780.923566666667, 3780.9236666666666, 3780.924433333333, 3780.924466666667, 3780.9259, 3780.9265333333337, 3780.9276666666665, 3780.928133333334]","[77, 183, 29, 257, 77, 257, 183, 56, 119, 77, 164, 168, 183, 77, 257, 183, 56, 77, 207, 166, 77, 56, 15, 131, 178, 257, 168, 77, 15, 166, 164, 77, 228, 257, 207, 15, 89, 183, 56, 229, 80, 77, 15, 166, 179, 56]"
3782.7568,3782.772,3782.7816,3782.7768,4.569046497344971,0.0248,"[3782.7573, 3782.757866666667, 3782.7582333333335, 3782.7584, 3782.759233333333, 3782.7622, 3782.7634, 3782.7640666666666, 3782.764633333333, 3782.765066666667, 3782.7656, 3782.7678, 3782.7678666666666, 3782.7725333333337, 3782.774, 3782.7755, 3782.7758, 3782.7790666666665, 3782.779666666667, 3782.780566666667, 3782.780833333333, 3782.7811]","[56, 77, 178, 257, 15, 77, 56, 119, 183, 166, 164, 77, 257, 56, 77, 183, 257, 56, 77, 178, 257, 56]"
3785.648,3785.6568,3785.6708,3785.6576,5.4469895362854,0.0228,"[3785.649266666667, 3785.6498333333334, 3785.6509666666666, 3785.651066666667, 3785.6511666666665, 3785.651666666666, 3785.6520333333337, 3785.6522, 3785.6524666666664, 3785.6551, 3785.6554, 3785.6555333333336, 3785.6564, 3785.6572666666666, 3785.658133333334, 3785.6595, 3785.664766666667, 3785.6667333333335, 3785.6675333333337, 3785.6680666666666, 3785.6681, 3785.6691, 3785.6697]","[15, 166, 168, 183, 207, 77, 251, 179, 56, 257, 15, 77, 183, 168, 77, 168, 77, 15, 166, 189, 29, 184, 131]"
3788.152,3788.2008,3788.2132,3788.1984,5.963243007659912,0.0612,"[3788.1524, 3788.1530666666663, 3788.1575, 3788.1579, 3788.1587, 3788.1589, 3788.159, 3788.1663, 3788.1669, 3788.1692, 3788.1713, 3788.1716666666666, 3788.173766666667, 3788.178, 3788.1804333333334, 3788.1821, 3788.186133333333, 3788.1868, 3788.187066666667, 3788.1874, 3788.1882666666666, 3788.1911666666665, 3788.191466666666, 3788.1928333333335, 3788.1932333333334, 3788.1936, 3788.194333333334, 3788.1963666666666, 3788.197366666667, 3788.1981666666666, 3788.1982, 3788.1988, 3788.199, 3788.1991, 3788.200766666667, 3788.201866666667, 3788.2027333333335, 3788.2046, 3788.207, 3788.207133333334, 3788.2089, 3788.2091, 3788.210233333333, 3788.210666666667, 3788.2110333333335, 3788.212233333333]","[178, 56, 223, 77, 257, 178, 166, 183, 15, 223, 77, 56, 166, 228, 56, 77, 56, 257, 183, 77, 166, 183, 29, 166, 56, 29, 77, 183, 228, 257, 56, 166, 77, 17, 178, 77, 56, 131, 166, 183, 142, 178, 77, 164, 183, 178]"
3789.986,3790.002,3790.0096,3790.0044,5.876422882080078,0.0236,"[3789.9862, 3789.987666666667, 3789.987666666667, 3789.9889, 3789.9895, 3789.991466666667, 3789.9915666666666, 3789.9918666666663, 3789.992566666667, 3789.9928, 3789.9933, 3789.9949, 3789.9962333333337, 3789.9964, 3789.998566666666, 3789.9986, 3789.9992333333334, 3789.9998333333338, 3790.0002666666664, 3790.0004, 3790.0019666666662, 3790.003366666667, 3790.0062, 3790.0065666666665, 3790.0068666666666, 3790.0071, 3790.0072666666665, 3790.0079666666666]","[77, 56, 166, 29, 131, 56, 257, 77, 183, 229, 131, 56, 207, 178, 207, 77, 15, 56, 183, 131, 77, 183, 228, 131, 77, 183, 56, 164]"
3791.4968,3791.506,3791.5308,3791.5044,9.011712074279783,0.034,"[3791.498, 3791.4989333333338, 3791.4994333333334, 3791.4999333333335, 3791.500033333333, 3791.500666666667, 3791.5008, 3791.5009666666665, 3791.501, 3791.5010666666662, 3791.5033333333336, 3791.5036666666665, 3791.5079333333338, 3791.5088, 3791.509233333333, 3791.5102333333334, 3791.5113, 3791.5116333333335, 3791.5135666666665, 3791.513733333333, 3791.514766666666, 3791.5153333333337, 3791.5163666666663, 3791.5169, 3791.517566666667, 3791.5176333333334, 3791.5183333333334, 3791.519466666666, 3791.522466666667, 3791.5225, 3791.5232666666666, 3791.524133333334, 3791.5288]","[56, 183, 166, 207, 17, 77, 178, 257, 29, 183, 228, 77, 146, 77, 257, 56, 77, 189, 29, 166, 228, 183, 56, 15, 178, 77, 183, 56, 56, 166, 77, 15, 166]"
3794.5164,3794.5264,3794.5392,3794.526,6.390685558319092,0.0228,"[3794.5188, 3794.5208333333335, 3794.5209, 3794.5244333333335, 3794.5255666666662, 3794.5274, 3794.5274666666664, 3794.5286666666666, 3794.5300333333334, 3794.5302333333334, 3794.5308, 3794.5336333333335, 3794.5336666666662, 3794.5338, 3794.5346, 3794.534833333333, 3794.535066666667, 3794.5368, 3794.537, 3794.5371666666665, 3794.537333333333, 3794.5385666666666, 3794.5389333333337, 3794.5391]","[77, 183, 56, 77, 183, 77, 166, 178, 257, 77, 56, 178, 77, 42, 56, 207, 257, 207, 183, 77, 166, 56, 207, 168]"
3796.2196,3796.2272,3796.2444,3796.2388,3.942381620407105,0.0248,"[3796.2196, 3796.2202666666662, 3796.226033333334, 3796.2264666666665, 3796.2274, 3796.229066666667, 3796.231433333334, 3796.232533333334, 3796.2328333333335, 3796.2329, 3796.2382, 3796.2404, 3796.2434]","[56, 207, 183, 77, 15, 56, 183, 77, 183, 257, 77, 56, 183]"
3799.1536,3799.1816,3799.2076,3799.182,4.701477527618408,0.054,"[3799.1543333333334, 3799.1545, 3799.1554, 3799.1556, 3799.1607, 3799.1610333333338, 3799.161166666667, 3799.1633333333334, 3799.163866666667, 3799.1642, 3799.1642, 3799.1684333333337, 3799.1686, 3799.170033333334, 3799.1703666666663, 3799.1707333333334, 3799.1743333333334, 3799.1765, 3799.177133333333, 3799.1778, 3799.1785, 3799.1786, 3799.179866666667, 3799.1829333333335, 3799.184433333334, 3799.1851333333334, 3799.1860333333334, 3799.1884333333337, 3799.1896333333334, 3799.1898, 3799.189833333334, 3799.190166666667, 3799.190166666667, 3799.191633333334, 3799.192533333334, 3799.194033333333, 3799.1946333333335, 3799.1955333333335, 3799.1969, 3799.1973, 3799.197633333333, 3799.2006666666666, 3799.202566666667, 3799.2042666666666, 3799.2056333333335, 3799.2057666666665, 3799.2058]","[77, 257, 228, 183, 168, 56, 257, 29, 178, 77, 183, 56, 257, 77, 166, 15, 183, 77, 56, 178, 30, 257, 183, 77, 183, 15, 131, 207, 178, 229, 144, 77, 257, 166, 131, 56, 207, 229, 207, 257, 178, 229, 56, 178, 184, 229, 183]"
3802.1824,3802.21,3802.2212,3802.2092,3.9413211345672607,0.0388,"[3802.1827333333335, 3802.182766666667, 3802.1831, 3802.184133333333, 3802.1841666666664, 3802.186, 3802.186366666667, 3802.186633333333, 3802.1868666666664, 3802.1873666666665, 3802.187966666667, 3802.188, 3802.190666666667, 3802.1909666666666, 3802.1911, 3802.1919333333335, 3802.1930333333335, 3802.194433333333, 3802.194666666667, 3802.196, 3802.196133333334, 3802.1984666666663, 3802.1984666666663, 3802.1989, 3802.200066666667, 3802.2008666666666, 3802.2018333333335, 3802.2018333333335, 3802.202366666667, 3802.2049, 3802.205033333333, 3802.205033333333, 3802.2056, 3802.2097, 3802.21, 3802.2110333333335, 3802.212233333333, 3802.213133333333, 3802.214733333333, 3802.215366666667, 3802.216066666667, 3802.2163, 3802.218266666667, 3802.218733333333]","[15, 166, 207, 183, 56, 168, 77, 257, 178, 166, 56, 168, 77, 257, 168, 166, 207, 15, 131, 77, 257, 131, 207, 15, 77, 178, 56, 80, 42, 207, 17, 77, 164, 183, 77, 56, 17, 183, 77, 89, 56, 228, 17, 77]"
3803.8316,3803.868,3803.8836,3803.8664,3.9233756065368657,0.052,"[3803.8317333333334, 3803.832866666666, 3803.8349333333335, 3803.8377, 3803.838266666666, 3803.8399, 3803.8408, 3803.8408666666664, 3803.8412, 3803.843, 3803.8431333333338, 3803.8438666666666, 3803.8459333333335, 3803.846, 3803.8488, 3803.848933333333, 3803.8493, 3803.8505333333337, 3803.8508333333334, 3803.8512666666666, 3803.854066666667, 3803.8573, 3803.8574, 3803.8578333333335, 3803.860166666667, 3803.8604666666665, 3803.8609, 3803.8614333333335, 3803.861933333333, 3803.8627, 3803.8681333333334, 3803.8693, 3803.8724, 3803.8738, 3803.8739333333338, 3803.8747, 3803.8764666666666, 3803.8776, 3803.877933333333, 3803.878366666667, 3803.879733333333, 3803.8805333333335, 3803.883, 3803.883333333333]","[207, 77, 15, 77, 207, 190, 56, 207, 77, 207, 168, 183, 77, 168, 168, 56, 178, 183, 15, 77, 166, 77, 56, 183, 179, 257, 56, 77, 183, 15, 166, 183, 56, 229, 15, 166, 56, 77, 229, 228, 166, 166, 257, 178]"
3808.8104,3808.8332,3808.8748,3808.8584,4.3757243156433105,0.0644,"[3808.8115666666663, 3808.8148666666666, 3808.8157666666666, 3808.8166666666666, 3808.8168333333338, 3808.8176333333336, 3808.823666666666, 3808.8241, 3808.8243333333335, 3808.8296666666665, 3808.8299333333334, 3808.831166666667, 3808.831833333333, 3808.8324, 3808.8326, 3808.8333333333335, 3808.8358333333335, 3808.8367, 3808.837266666667, 3808.8383, 3808.843533333333, 3808.8444666666664, 3808.845633333334, 3808.8475, 3808.848033333333, 3808.8484, 3808.8487333333337, 3808.8492666666666, 3808.850233333333, 3808.8521, 3808.8583, 3808.8613333333337, 3808.8638666666666, 3808.863966666667, 3808.8643666666662, 3808.8651666666665, 3808.8657, 3808.8715, 3808.8715333333334, 3808.8719666666666, 3808.8722]","[77, 178, 168, 183, 77, 168, 178, 77, 166, 168, 77, 166, 168, 257, 29, 56, 56, 77, 257, 207, 77, 166, 56, 183, 190, 77, 15, 56, 257, 178, 77, 56, 178, 257, 183, 56, 77, 77, 183, 56, 178]"
3815.2532,3815.29,3815.2996,3815.2888,5.73868989944458,0.0464,"[3815.2536, 3815.254033333333, 3815.254733333333, 3815.254866666666, 3815.254866666666, 3815.254966666667, 3815.2589333333335, 3815.2597666666666, 3815.262066666666, 3815.2641, 3815.2652, 3815.2663333333335, 3815.2666, 3815.266866666667, 3815.267, 3815.2688333333335, 3815.2718, 3815.2718666666665, 3815.2762, 3815.2768, 3815.2774, 3815.2776, 3815.2795, 3815.282066666666, 3815.2828666666665, 3815.2854, 3815.2885666666666, 3815.289266666666, 3815.2897333333335, 3815.290233333333, 3815.290333333334, 3815.2906]","[77, 15, 190, 29, 223, 56, 77, 56, 183, 257, 183, 144, 56, 77, 166, 183, 77, 166, 178, 166, 183, 89, 56, 183, 77, 77, 223, 183, 131, 77, 15, 56]"
3816.2544,3816.2696,3816.3292,3816.2676,6.4921417236328125,0.0748,"[3816.259533333334, 3816.2604666666666, 3816.2613, 3816.2633666666666, 3816.2638, 3816.2671333333337, 3816.2693, 3816.2697, 3816.2705666666666, 3816.2741, 3816.2743666666665, 3816.275, 3816.2779, 3816.2787, 3816.281466666667, 3816.2825, 3816.287466666666, 3816.2881333333335, 3816.2944333333335, 3816.2960333333335, 3816.296733333333, 3816.2969333333335, 3816.297, 3816.2979333333337, 3816.3012, 3816.3027666666662, 3816.3036, 3816.3049, 3816.3089666666665, 3816.309566666667, 3816.310166666666, 3816.310333333334, 3816.310733333333, 3816.3125666666665, 3816.3151, 3816.3153333333335, 3816.317, 3816.3179333333337, 3816.321233333333, 3816.3237, 3816.324566666666, 3816.3247, 3816.3276, 3816.3290333333334]","[56, 166, 77, 77, 15, 168, 77, 56, 15, 56, 257, 183, 178, 56, 77, 56, 56, 166, 178, 183, 77, 15, 190, 164, 17, 56, 257, 77, 56, 168, 183, 15, 257, 15, 257, 77, 166, 178, 77, 183, 166, 15, 257, 183]"
3818.5088,3818.516,3818.544,3818.5152,3.988569736480713,0.0352,"[3818.5088, 3818.508966666667, 3818.5109333333335, 3818.5116, 3818.5125333333335, 3818.515066666667, 3818.5155, 3818.5181333333335, 3818.519533333333, 3818.519633333334, 3818.5198666666665, 3818.52, 3818.5251, 3818.528633333334, 3818.5297333333338, 3818.5307333333335, 3818.531233333333, 3818.5321, 3818.536866666667, 3818.5381666666663, 3818.5387, 3818.5388333333335, 3818.539433333334, 3818.5432]","[131, 29, 166, 77, 56, 168, 166, 77, 56, 15, 80, 183, 166, 223, 77, 166, 183, 56, 178, 166, 184, 15, 183, 183]"
3820.3544,3820.384,3820.4132,3820.3844,7.425601005554199,0.0588,"[3820.3578333333335, 3820.3596333333335, 3820.360366666667, 3820.3606, 3820.3644, 3820.3656, 3820.3667, 3820.367266666666, 3820.3713333333335, 3820.3721333333337, 3820.3739666666665, 3820.3754, 3820.3756333333336, 3820.3767333333335, 3820.378133333333, 3820.3782, 3820.3786333333337, 3820.3787, 3820.379, 3820.3795, 3820.379733333333, 3820.3805666666663, 3820.3814666666663, 3820.3831333333337, 3820.3839, 3820.3842666666665, 3820.3877666666663, 3820.3888333333334, 3820.3891, 3820.3899333333334, 3820.390733333333, 3820.3911333333335, 3820.3912, 3820.3914, 3820.391433333333, 3820.3921, 3820.392766666667, 3820.3932, 3820.3934, 3820.3967, 3820.397266666667, 3820.398, 3820.3992, 3820.3995, 3820.4021, 3820.4029, 3820.4032, 3820.4037, 3820.4040666666665, 3820.404533333334, 3820.4047666666665, 3820.4054666666666, 3820.406233333333, 3820.4083333333338, 3820.4086, 3820.41, 3820.4101666666666, 3820.4102, 3820.411633333333, 3820.4122333333335, 3820.4128]","[223, 77, 188, 207, 56, 183, 29, 56, 207, 188, 178, 56, 168, 131, 77, 207, 228, 243, 30, 166, 56, 15, 188, 257, 77, 207, 178, 183, 77, 178, 142, 15, 56, 164, 164, 243, 207, 77, 168, 223, 142, 56, 168, 183, 257, 166, 207, 77, 142, 189, 56, 15, 178, 207, 77, 15, 166, 15, 142, 257, 178]"
3823.6236,3823.632,3823.6504,3823.6316,6.617225170135498,0.0268,"[3823.6244333333334, 3823.6248666666665, 3823.626266666666, 3823.6277, 3823.6278, 3823.6278666666663, 3823.63, 3823.6301, 3823.631066666667, 3823.6317, 3823.6325, 3823.6329666666666, 3823.6334333333334, 3823.6345, 3823.6354666666666, 3823.639633333333, 3823.639766666666, 3823.641166666667, 3823.6434, 3823.6465333333335, 3823.6469333333334, 3823.6489333333334]","[119, 56, 134, 56, 77, 30, 119, 207, 183, 15, 207, 77, 166, 56, 257, 77, 56, 257, 56, 77, 183, 56]"
3825.7432,3825.752,3825.7728,3825.7544,4.3855462074279785,0.0296,"[3825.7444333333337, 3825.7447333333334, 3825.745533333333, 3825.746166666667, 3825.748233333333, 3825.7482666666665, 3825.7484666666664, 3825.748866666667, 3825.7497333333336, 3825.7501, 3825.750366666666, 3825.7511, 3825.7519666666662, 3825.752333333334, 3825.7523666666666, 3825.7534666666666, 3825.7537333333335, 3825.7550666666666, 3825.7552, 3825.755766666666, 3825.755866666667, 3825.756, 3825.756666666666, 3825.756766666667, 3825.7571, 3825.7572, 3825.7576, 3825.7579333333338, 3825.7595666666666, 3825.7602, 3825.760533333333, 3825.762833333333, 3825.7643, 3825.764833333333, 3825.764866666667, 3825.7659, 3825.7663, 3825.766433333333, 3825.767966666667, 3825.7691, 3825.769366666667, 3825.769566666667, 3825.7698666666665, 3825.7699666666663, 3825.7704]","[77, 183, 207, 164, 168, 77, 42, 178, 183, 168, 131, 29, 223, 77, 168, 178, 131, 207, 168, 77, 131, 166, 190, 251, 207, 42, 178, 56, 207, 77, 183, 56, 257, 89, 77, 56, 183, 29, 178, 183, 166, 207, 243, 77, 228]"
3825.9524,3825.9636,3825.986,3825.9652,7.980251789093018,0.0336,"[3825.952633333334, 3825.952766666667, 3825.9533666666666, 3825.954366666667, 3825.954433333334, 3825.955733333333, 3825.958, 3825.9581, 3825.9594333333334, 3825.9619, 3825.962533333334, 3825.9637666666663, 3825.964166666666, 3825.966733333333, 3825.967, 3825.9673333333335, 3825.968066666667, 3825.9709333333335, 3825.972433333334, 3825.9726333333338, 3825.973, 3825.973233333333, 3825.9754333333335, 3825.9765, 3825.9773333333337, 3825.978666666667, 3825.9790333333335, 3825.9810666666663, 3825.9828, 3825.9830333333334, 3825.983133333333, 3825.983333333333]","[56, 77, 257, 42, 56, 166, 77, 251, 56, 56, 77, 251, 183, 77, 56, 257, 207, 168, 183, 77, 56, 168, 56, 77, 166, 178, 183, 257, 207, 251, 183, 15]"
3833.8584,3833.87,3833.8804,3833.8692,5.264852523803711,0.022,"[3833.8587333333335, 3833.8603333333335, 3833.8606666666665, 3833.8611, 3833.8624, 3833.864433333333, 3833.8649666666665, 3833.865366666667, 3833.8659333333335, 3833.8670333333334, 3833.868233333333, 3833.868933333333, 3833.8695, 3833.8721333333337, 3833.873666666667, 3833.8739333333338, 3833.8739333333338, 3833.8745, 3833.8747333333336, 3833.876, 3833.8761, 3833.876266666666, 3833.8771333333334, 3833.878133333333, 3833.8801]","[183, 257, 56, 42, 77, 119, 15, 77, 257, 56, 183, 77, 166, 207, 257, 183, 207, 77, 15, 56, 168, 77, 223, 207, 207]"
3837.6512,3837.658,3837.6792,3837.6584,4.129383087158203,0.028,"[3837.651966666667, 3837.652, 3837.6521, 3837.6527, 3837.6532333333334, 3837.653766666667, 3837.6541, 3837.654466666667, 3837.6546333333335, 3837.6570333333334, 3837.6576666666665, 3837.6579333333334, 3837.6593, 3837.6617, 3837.662566666667, 3837.6626666666666, 3837.6628, 3837.6635, 3837.6639666666665, 3837.6662, 3837.6671, 3837.6678333333334, 3837.668366666667, 3837.6702, 3837.6703666666663, 3837.6704666666665, 3837.6711, 3837.6713666666665, 3837.6722666666665, 3837.6722666666665, 3837.6725, 3837.674, 3837.675333333333, 3837.6757666666663, 3837.6768666666662, 3837.678866666666]","[166, 146, 56, 17, 223, 168, 183, 77, 42, 146, 183, 168, 77, 56, 257, 183, 168, 77, 56, 166, 178, 77, 183, 15, 257, 168, 77, 131, 29, 168, 183, 77, 56, 56, 166, 77]"
3842.7312,3842.74,3842.8152,3842.7396,4.459084510803223,0.084,"[3842.7322, 3842.732433333333, 3842.7330333333334, 3842.7336666666665, 3842.734966666667, 3842.7372333333337, 3842.7399, 3842.7461, 3842.7461333333335, 3842.746833333333, 3842.7470333333335, 3842.747733333333, 3842.754066666667, 3842.7546, 3842.756, 3842.759533333334, 3842.759633333333, 3842.760333333333, 3842.7609, 3842.761333333334, 3842.7628, 3842.764833333333, 3842.7654666666663, 3842.766, 3842.766566666666, 3842.7676, 3842.7699, 3842.7709666666665, 3842.7717, 3842.7724, 3842.7743666666665, 3842.7771333333335, 3842.7775, 3842.7788666666665, 3842.7792666666664, 3842.7805, 3842.7811333333334, 3842.7818666666662, 3842.7836333333335, 3842.7837666666665, 3842.785666666666, 3842.787066666667, 3842.788366666666, 3842.7892333333334, 3842.7899333333335, 3842.790466666667, 3842.791066666666, 3842.792, 3842.7923666666666, 3842.7928333333334, 3842.7939666666666, 3842.794133333334, 3842.794666666666, 3842.7948, 3842.7977, 3842.799533333334, 3842.8016666666663, 3842.803533333333, 3842.8052, 3842.8060666666665, 3842.8071, 3842.807133333333, 3842.8078666666665, 3842.8079333333335, 3842.8079666666663, 3842.808433333333, 3842.809266666666, 3842.8099, 3842.810466666667, 3842.8139, 3842.814966666667, 3842.8151]","[183, 207, 178, 77, 15, 190, 166, 168, 89, 190, 15, 56, 166, 77, 56, 257, 56, 77, 15, 166, 178, 183, 178, 56, 229, 257, 77, 183, 229, 56, 229, 77, 183, 229, 56, 257, 207, 77, 207, 15, 131, 77, 178, 166, 207, 178, 179, 207, 166, 166, 89, 131, 56, 77, 228, 56, 89, 15, 183, 56, 56, 183, 77, 89, 183, 166, 178, 15, 56, 183, 166, 77]"
3844.4288,3844.4364,3844.4676,3844.436,3.640645980834961,0.0388,"[3844.4302333333335, 3844.4304, 3844.432133333333, 3844.4322333333334, 3844.433, 3844.4336, 3844.4356, 3844.437133333334, 3844.4376, 3844.4378, 3844.4379, 3844.4396333333334, 3844.4397, 3844.440566666666, 3844.441, 3844.4412333333335, 3844.4420333333337, 3844.442433333333, 3844.4431666666665, 3844.4431666666665, 3844.4437, 3844.4444, 3844.4448333333335, 3844.4457, 3844.446466666667, 3844.447833333333, 3844.447933333334, 3844.452, 3844.452133333333, 3844.4524333333334, 3844.4527333333335, 3844.456166666667, 3844.4564666666665, 3844.456633333333, 3844.4571, 3844.458033333334, 3844.459566666667, 3844.4607666666666, 3844.4612333333334, 3844.4636, 3844.4644333333335]","[56, 77, 17, 15, 56, 166, 77, 56, 179, 166, 17, 178, 257, 166, 30, 77, 15, 251, 56, 207, 178, 166, 77, 168, 29, 56, 183, 257, 77, 56, 183, 257, 77, 183, 56, 207, 166, 257, 56, 166, 15]"
3849.3832,3849.4144,3849.42,3849.4164,3.148108959197998,0.0368,"[3849.383966666667, 3849.3853, 3849.3857, 3849.3896, 3849.3906, 3849.392, 3849.3941666666665, 3849.395433333333, 3849.396266666666, 3849.3966333333337, 3849.3973666666666, 3849.397733333333, 3849.398366666667, 3849.400033333334, 3849.4015666666664, 3849.4027666666666, 3849.404233333333, 3849.405, 3849.4051, 3849.4054666666666, 3849.409833333333, 3849.410266666667, 3849.4112333333337, 3849.4152, 3849.4176666666663]","[142, 56, 183, 183, 142, 77, 142, 178, 257, 183, 56, 134, 142, 183, 134, 56, 183, 77, 142, 166, 77, 166, 56, 56, 166]"
3850.4468,3850.4556,3850.4688,3850.4524,4.681960582733154,0.022,"[3850.448, 3850.4483333333337, 3850.4483666666665, 3850.449033333334, 3850.4494666666665, 3850.4518333333335, 3850.452366666667, 3850.4528666666665, 3850.4545, 3850.4552, 3850.4564333333337, 3850.4565, 3850.456633333333, 3850.4590333333335, 3850.4602, 3850.4639, 3850.464166666666, 3850.4655333333335, 3850.466, 3850.4661666666666, 3850.4676, 3850.4684]","[164, 77, 257, 15, 183, 56, 166, 257, 77, 183, 223, 178, 257, 166, 183, 223, 77, 15, 131, 56, 166, 77]"
3850.8912,3850.8988,3850.93,3850.898,3.4384915828704834,0.0388,"[3850.893633333333, 3850.8942333333334, 3850.894566666667, 3850.895233333333, 3850.8957666666665, 3850.8963, 3850.8966333333337, 3850.897233333333, 3850.8987666666662, 3850.898866666667, 3850.899066666667, 3850.8995, 3850.8998333333334, 3850.901833333334, 3850.9023666666662, 3850.9037333333335, 3850.9038, 3850.905566666667, 3850.908866666666, 3850.9122666666663, 3850.912466666666, 3850.9132666666665, 3850.914, 3850.9193666666665, 3850.9194666666663, 3850.9207666666666, 3850.921733333333, 3850.9218, 3850.924033333333, 3850.9242, 3850.9282333333335, 3850.9283]","[183, 168, 223, 257, 184, 178, 131, 168, 179, 77, 184, 257, 183, 178, 184, 131, 42, 183, 257, 77, 56, 42, 15, 134, 56, 42, 131, 184, 77, 257, 42, 166]"
3852.2376,3852.252,3852.2952,3852.2536,6.837438583374023,0.0576,"[3852.238666666666, 3852.2393, 3852.241233333333, 3852.2427333333335, 3852.2436333333335, 3852.2475, 3852.2481333333335, 3852.2529, 3852.2542333333336, 3852.2556666666665, 3852.257433333333, 3852.2579333333338, 3852.2597, 3852.260333333333, 3852.2618333333335, 3852.262433333334, 3852.2626666666665, 3852.263933333333, 3852.265766666667, 3852.2677, 3852.268233333333, 3852.2685333333334, 3852.269366666667, 3852.2695, 3852.272, 3852.272233333333, 3852.2735666666663, 3852.273633333333, 3852.2741666666666, 3852.2745666666665, 3852.277566666666, 3852.2779333333337, 3852.2788333333338, 3852.2795, 3852.2805, 3852.2815333333338, 3852.2833666666666, 3852.2838, 3852.2851666666666, 3852.285533333333, 3852.2861333333335, 3852.2881, 3852.289566666667, 3852.2905333333338, 3852.2906, 3852.2908, 3852.2909666666665, 3852.291366666667, 3852.291366666667, 3852.2928, 3852.2935666666663, 3852.294766666667]","[77, 166, 56, 77, 183, 56, 183, 77, 56, 257, 183, 56, 77, 257, 15, 251, 89, 29, 77, 178, 77, 56, 15, 56, 251, 178, 168, 184, 257, 178, 134, 134, 77, 207, 15, 56, 184, 77, 89, 183, 166, 77, 183, 134, 168, 77, 207, 166, 15, 257, 168, 166]"
3853.486,3853.4952,3853.5068,3853.4956,5.384660720825195,0.0208,"[3853.488066666667, 3853.4881, 3853.488966666667, 3853.4902333333334, 3853.4908333333337, 3853.4915666666666, 3853.4916, 3853.493266666667, 3853.494633333333, 3853.4961333333335, 3853.4965333333334, 3853.4967, 3853.4982, 3853.5022, 3853.5034666666666, 3853.5037, 3853.5052]","[56, 77, 183, 29, 178, 77, 257, 178, 183, 166, 77, 178, 207, 77, 166, 29, 56]"
3853.7332,3853.7484,3853.7584,3853.7468,3.732443332672119,0.0252,"[3853.7332666666666, 3853.734, 3853.734033333333, 3853.734466666667, 3853.7355, 3853.7357333333334, 3853.736866666666, 3853.7386333333334, 3853.7391333333335, 3853.739233333333, 3853.739233333333, 3853.740633333334, 3853.7407333333335, 3853.7409333333335, 3853.7416333333335, 3853.7455666666665, 3853.745966666667, 3853.7460666666666, 3853.7462666666665, 3853.746633333333, 3853.746633333333, 3853.746933333334, 3853.747666666666, 3853.748733333334, 3853.7489, 3853.7502666666664, 3853.7512, 3853.7531, 3853.7533333333336, 3853.7534666666666, 3853.7539, 3853.754266666667, 3853.7554666666665, 3853.7563666666665, 3853.7564333333335, 3853.7572666666665, 3853.7579666666666, 3853.758066666667]","[178, 56, 243, 77, 168, 188, 142, 183, 188, 77, 166, 56, 183, 168, 178, 188, 142, 77, 15, 56, 207, 183, 166, 207, 29, 257, 207, 56, 168, 207, 183, 77, 142, 166, 178, 183, 189, 207]"
3855.9776,3855.9876,3856.0088,3855.9864,3.870931625366211,0.0312,"[3855.979966666667, 3855.9808333333335, 3855.9814666666666, 3855.981533333333, 3855.981533333333, 3855.986533333333, 3855.9873, 3855.987766666666, 3855.9883, 3855.9889333333335, 3855.9921, 3855.9922333333334, 3855.993066666667, 3855.9935333333337, 3855.9944666666665, 3855.9945333333335, 3855.996033333334, 3855.9966, 3855.9969, 3855.9977, 3855.9992, 3855.9999, 3855.9999, 3856.002233333333, 3856.0024333333336, 3856.0028, 3856.003233333334, 3856.003233333334, 3856.0033333333336, 3856.0043333333338, 3856.0046, 3856.0054, 3856.0063333333337, 3856.007166666667, 3856.0079666666666, 3856.0082333333335]","[77, 183, 15, 183, 164, 183, 77, 15, 166, 56, 183, 77, 56, 207, 15, 183, 207, 77, 183, 56, 166, 77, 15, 207, 146, 56, 77, 15, 183, 207, 166, 56, 207, 30, 56, 77]"
3859.5964,3859.6228,3859.6324,3859.6264,4.267667293548584,0.036,"[3859.5970666666663, 3859.5985666666666, 3859.6008, 3859.6011, 3859.6033333333335, 3859.6039333333338, 3859.6041333333337, 3859.6048, 3859.605233333333, 3859.6057, 3859.6058333333335, 3859.606766666667, 3859.6068666666665, 3859.6087666666663, 3859.6093666666666, 3859.6095666666665, 3859.6098333333334, 3859.6109333333334, 3859.6112, 3859.6113, 3859.6119, 3859.6129666666666, 3859.613733333333, 3859.6142, 3859.615, 3859.615766666667, 3859.6161666666662, 3859.616266666667, 3859.6171, 3859.6175, 3859.6177, 3859.6183666666666, 3859.6206, 3859.6217333333334, 3859.6256, 3859.626266666666, 3859.6264, 3859.6266, 3859.6269333333335, 3859.6277333333337, 3859.6280333333334, 3859.628133333333, 3859.6305333333335, 3859.630633333333]","[56, 207, 77, 178, 56, 89, 77, 207, 183, 42, 119, 29, 146, 166, 257, 77, 17, 207, 56, 164, 183, 207, 42, 131, 207, 77, 17, 178, 207, 168, 146, 166, 178, 77, 207, 77, 56, 166, 146, 42, 207, 168, 164, 77]"
3859.934,3859.958,3859.9704,3859.9572,4.837520122528076,0.0364,"[3859.9363333333336, 3859.936833333333, 3859.937866666666, 3859.9381333333336, 3859.9382666666666, 3859.9390333333336, 3859.9392333333335, 3859.9397, 3859.9432, 3859.944033333333, 3859.944466666667, 3859.9448, 3859.945166666667, 3859.9462, 3859.9469, 3859.948933333333, 3859.9503, 3859.9503666666665, 3859.952133333333, 3859.9571666666666, 3859.9573666666665, 3859.9586, 3859.9596, 3859.960466666667, 3859.960733333334, 3859.963266666666, 3859.965133333333, 3859.965233333334, 3859.9654666666665, 3859.9658666666664, 3859.966533333333, 3859.966933333333, 3859.9671333333335, 3859.967166666667, 3859.967166666667, 3859.9675333333334]","[183, 89, 56, 77, 15, 190, 183, 223, 144, 183, 189, 166, 207, 178, 257, 77, 178, 166, 56, 77, 15, 29, 15, 166, 77, 183, 56, 15, 166, 56, 223, 77, 164, 29, 56, 15]"
3861.678,3861.6936,3861.6996,3861.6932,3.1368985176086426,0.0216,"[3861.6807, 3861.6813333333334, 3861.6856, 3861.6901333333335, 3861.694233333333]","[76, 257, 56, 257, 56]"
3867.0728,3867.0956,3867.1052,3867.0964,6.194134712219238,0.0324,"[3867.0743333333335, 3867.0744666666665, 3867.074633333333, 3867.075733333333, 3867.0781, 3867.0799333333334, 3867.0802, 3867.0805333333337, 3867.0814666666665, 3867.0823666666665, 3867.082733333333, 3867.085, 3867.0855, 3867.0857, 3867.0859666666665, 3867.086633333334, 3867.0868, 3867.0874, 3867.087666666667, 3867.0898333333334, 3867.0913666666665, 3867.0920666666666, 3867.0923, 3867.094733333334, 3867.0947666666666, 3867.0958666666666, 3867.0966, 3867.096666666667, 3867.098333333334, 3867.100933333333, 3867.1015333333335, 3867.1024, 3867.1034]","[56, 257, 229, 15, 223, 229, 56, 257, 166, 29, 77, 56, 178, 168, 183, 166, 229, 77, 168, 183, 166, 77, 15, 229, 183, 168, 77, 166, 178, 178, 257, 77, 183]"
3869.2144,3869.2396,3869.252,3869.2388,6.630500793457031,0.0376,"[3869.215066666666, 3869.2172, 3869.217433333333, 3869.219733333334, 3869.220466666666, 3869.221, 3869.2212, 3869.2229, 3869.2314, 3869.2318666666665, 3869.2334666666666, 3869.233566666667, 3869.2336, 3869.2337, 3869.2348, 3869.2350666666666, 3869.2352, 3869.238466666666, 3869.2390666666665, 3869.2404333333334, 3869.2410666666665, 3869.241533333334, 3869.2447666666662, 3869.2454666666663, 3869.2457, 3869.247066666667]","[29, 257, 183, 56, 183, 179, 77, 15, 168, 223, 29, 56, 166, 77, 207, 15, 257, 166, 56, 166, 77, 56, 183, 168, 178, 77]"
3873.1084,3873.1396,3873.1516,3873.1464,4.747645854949951,0.0432,"[3873.1087666666663, 3873.1089333333334, 3873.110866666667, 3873.111133333334, 3873.111766666667, 3873.112, 3873.1158333333337, 3873.1165, 3873.117366666667, 3873.1177333333335, 3873.118266666667, 3873.118933333333, 3873.1192, 3873.1198, 3873.1219, 3873.1221666666665, 3873.122333333333, 3873.1245, 3873.1260333333335, 3873.1265333333336, 3873.128133333333, 3873.129066666667, 3873.1295, 3873.1300666666666, 3873.1312333333335, 3873.1321333333335, 3873.1322333333337, 3873.1325333333334, 3873.132566666666, 3873.1351, 3873.1358, 3873.1358666666665, 3873.1379, 3873.1406, 3873.1417333333334, 3873.1426333333334, 3873.1467333333335, 3873.1478666666662, 3873.149733333333, 3873.149933333333]","[77, 15, 131, 257, 183, 168, 166, 77, 168, 183, 131, 56, 166, 29, 178, 77, 183, 166, 131, 56, 223, 183, 257, 77, 15, 131, 56, 29, 166, 29, 183, 77, 164, 166, 56, 77, 29, 183, 77, 178]"
3876.7644,3876.7792,3876.7868,3876.7824,4.365155220031738,0.0224,"[3876.7655666666665, 3876.7657, 3876.765966666667, 3876.7689333333337, 3876.769266666666, 3876.7697, 3876.7707666666665, 3876.7710666666662, 3876.7735333333335, 3876.7766333333334, 3876.7784333333334, 3876.783, 3876.7835666666665]","[183, 56, 77, 178, 166, 56, 77, 15, 56, 168, 56, 183, 77]"
3878.574,3878.5824,3878.618,3878.5816,3.786354780197144,0.044,"[3878.5745333333334, 3878.576433333333, 3878.5769, 3878.578033333333, 3878.579, 3878.5795333333335, 3878.5806333333335, 3878.5819333333334, 3878.5824, 3878.5848666666666, 3878.587933333333, 3878.5890666666664, 3878.5914666666663, 3878.5926666666664, 3878.5926666666664, 3878.592866666667, 3878.5934, 3878.597366666667, 3878.5977, 3878.5993, 3878.600233333333, 3878.6023, 3878.6039666666666, 3878.605466666667, 3878.6084, 3878.6096333333335, 3878.6103, 3878.6104333333337, 3878.6109333333334, 3878.6113333333337, 3878.6122666666665, 3878.615, 3878.616366666666, 3878.6165, 3878.617]","[56, 178, 77, 190, 56, 15, 183, 77, 166, 183, 166, 77, 178, 166, 15, 131, 56, 77, 257, 56, 131, 30, 77, 56, 131, 183, 77, 166, 178, 56, 15, 56, 257, 166, 77]"
3882.9068,3882.9224,3882.9336,3882.9216,3.8119664192199703,0.0268,"[3882.907833333333, 3882.908033333333, 3882.9086666666662, 3882.911833333333, 3882.9122333333335, 3882.9131, 3882.9131333333335, 3882.914566666667, 3882.914766666667, 3882.9169, 3882.9171666666666, 3882.9177666666665, 3882.9178333333334, 3882.9202, 3882.9216333333334, 3882.9219333333335, 3882.9243, 3882.9252, 3882.9252333333334, 3882.925833333333, 3882.926166666666, 3882.928766666667, 3882.9288, 3882.929033333334, 3882.929666666667, 3882.929866666667]","[77, 183, 56, 183, 257, 77, 56, 183, 56, 15, 257, 183, 56, 178, 131, 166, 77, 183, 15, 223, 17, 29, 77, 166, 183, 257]"
3885.0216,3885.044,3885.0632,3885.0436,4.1466546058654785,0.0416,"[3885.0218666666665, 3885.0237, 3885.0248333333334, 3885.0251, 3885.0255333333334, 3885.0285, 3885.0307, 3885.0315, 3885.0333, 3885.033466666667, 3885.0338, 3885.038233333333, 3885.038366666666, 3885.0398, 3885.0421, 3885.0434666666665, 3885.0446, 3885.045166666667, 3885.0463, 3885.0463, 3885.0489666666663, 3885.049366666666, 3885.0496333333335, 3885.0507666666663, 3885.0512, 3885.051333333334, 3885.0515, 3885.0517666666665, 3885.0524666666665, 3885.0562666666665, 3885.0572333333334, 3885.057466666666, 3885.0586, 3885.0590666666662, 3885.060233333333, 3885.062466666667, 3885.063166666667]","[142, 178, 29, 166, 15, 77, 178, 142, 178, 166, 56, 142, 166, 77, 142, 56, 243, 257, 142, 183, 257, 77, 178, 183, 56, 168, 164, 142, 166, 15, 257, 166, 77, 29, 178, 56, 89]"
3885.7504,3885.7604,3885.7972,3885.7592,4.946784019470215,0.0468,"[3885.7506, 3885.7536666666665, 3885.7546333333335, 3885.7547, 3885.7558, 3885.7573666666663, 3885.7585, 3885.7595666666666, 3885.760433333334, 3885.760533333333, 3885.764133333333, 3885.7642, 3885.7646666666665, 3885.764766666666, 3885.7662, 3885.7701666666662, 3885.7707333333337, 3885.7709666666665, 3885.7745666666665, 3885.7764666666662, 3885.776733333333, 3885.7768, 3885.7771, 3885.7778, 3885.7787, 3885.7789666666663, 3885.7791333333334, 3885.7791666666662, 3885.780833333333, 3885.7816, 3885.7840666666666, 3885.785066666667, 3885.786566666666, 3885.789533333333, 3885.79, 3885.791566666667, 3885.7916333333337, 3885.792033333333, 3885.795933333334, 3885.7961333333337, 3885.7970333333337]","[77, 257, 207, 15, 56, 179, 183, 257, 56, 77, 207, 183, 178, 77, 56, 42, 56, 178, 77, 178, 17, 179, 168, 228, 77, 56, 178, 257, 15, 42, 56, 77, 166, 17, 178, 56, 77, 183, 183, 166, 56]"
3902.702,3902.7312,3902.7688,3902.7308,4.47531795501709,0.0668,"[3902.7048666666665, 3902.7053, 3902.7054333333335, 3902.7055333333337, 3902.7058, 3902.711333333333, 3902.7120666666665, 3902.7122, 3902.712366666666, 3902.7132333333334, 3902.7132333333334, 3902.717, 3902.7178, 3902.7183666666665, 3902.7184333333335, 3902.7202, 3902.7206, 3902.7232, 3902.725133333334, 3902.7255333333337, 3902.726, 3902.726366666667, 3902.7266666666665, 3902.726833333333, 3902.728733333334, 3902.729733333333, 3902.7307, 3902.7319, 3902.732033333333, 3902.7324, 3902.7332, 3902.7334, 3902.7364666666663, 3902.7372, 3902.7381, 3902.7387, 3902.7402666666662, 3902.740333333333, 3902.7407333333335, 3902.7420333333334, 3902.7424, 3902.7426666666665, 3902.7429333333334, 3902.744233333334, 3902.7445333333335, 3902.745, 3902.7457666666664, 3902.746033333334, 3902.7461, 3902.746933333334, 3902.7469666666666, 3902.7472, 3902.7481666666663, 3902.75, 3902.7511666666664, 3902.751333333333, 3902.7516666666666, 3902.753066666666, 3902.7547666666665, 3902.7566333333334, 3902.7569, 3902.7578, 3902.7599333333337, 3902.761, 3902.7614, 3902.7649666666666, 3902.7656, 3902.767]","[77, 15, 56, 257, 119, 56, 77, 183, 164, 164, 15, 257, 77, 56, 164, 56, 178, 77, 56, 183, 164, 77, 15, 178, 56, 207, 15, 77, 29, 166, 56, 207, 77, 178, 168, 56, 77, 223, 257, 166, 178, 56, 183, 207, 56, 228, 77, 144, 168, 15, 164, 207, 56, 183, 56, 257, 77, 56, 183, 77, 257, 56, 178, 164, 183, 178, 166, 77]"
3904.6892,3904.706,3904.766,3904.7056,7.064113140106201,0.0768,"[3904.6908333333336, 3904.6910333333335, 3904.692366666666, 3904.6924, 3904.6929333333337, 3904.6938, 3904.6988666666666, 3904.699433333333, 3904.703933333333, 3904.7042, 3904.705933333333, 3904.7069, 3904.7069333333334, 3904.707033333333, 3904.7073333333337, 3904.707866666666, 3904.7116666666666, 3904.7117, 3904.712433333333, 3904.713433333334, 3904.7138, 3904.715133333333, 3904.716066666667, 3904.716133333334, 3904.717866666667, 3904.7251666666666, 3904.729566666667, 3904.736, 3904.7405, 3904.741033333333, 3904.7447333333334, 3904.7461, 3904.7476333333334, 3904.7506, 3904.751, 3904.7613666666666, 3904.7626, 3904.765, 3904.7655666666665, 3904.7657]","[56, 168, 183, 77, 15, 29, 166, 183, 77, 183, 164, 178, 77, 29, 183, 56, 257, 178, 183, 77, 15, 166, 29, 183, 257, 183, 77, 178, 257, 183, 257, 56, 166, 257, 77, 183, 257, 77, 183, 166]"
3916.6316,3916.6496,3916.674,3916.6472,6.724190711975098,0.0424,"[3916.6349, 3916.6359333333335, 3916.636266666667, 3916.636666666667, 3916.637066666666, 3916.638233333333, 3916.6421333333337, 3916.642533333333, 3916.6431, 3916.6438, 3916.6467333333335, 3916.6467666666663, 3916.6482666666666, 3916.6485666666663, 3916.648866666667, 3916.6491666666666, 3916.6495666666665, 3916.6523333333334, 3916.6529666666665, 3916.6536666666666, 3916.6539666666663, 3916.6541666666662, 3916.6544, 3916.6545666666666, 3916.6563, 3916.6582333333336, 3916.660533333333, 3916.660733333333, 3916.661166666667, 3916.6617, 3916.6626, 3916.6637, 3916.6656333333335, 3916.666333333333, 3916.6691, 3916.6738]","[178, 131, 257, 166, 77, 223, 77, 166, 183, 29, 134, 178, 77, 257, 146, 183, 56, 131, 257, 168, 56, 77, 134, 183, 164, 56, 168, 257, 77, 183, 166, 56, 77, 131, 189, 77]"
3921.252,3921.2852,3921.3164,3921.2848,3.3841936588287354,0.0644,"[3921.2546, 3921.2568666666666, 3921.2598, 3921.26, 3921.2606333333338, 3921.2607333333335, 3921.261, 3921.2624666666666, 3921.264866666667, 3921.265766666667, 3921.2659, 3921.2663, 3921.2671333333337, 3921.267466666666, 3921.268666666667, 3921.2709, 3921.271166666667, 3921.2724333333335, 3921.2727666666665, 3921.2729, 3921.2732666666666, 3921.274766666667, 3921.2749, 3921.2754666666665, 3921.2757, 3921.2763, 3921.2769, 3921.278566666667, 3921.279666666667, 3921.2798333333335, 3921.2803, 3921.280566666667, 3921.2808, 3921.2837, 3921.283866666666, 3921.2854, 3921.285666666666, 3921.285666666666, 3921.285666666666, 3921.2860333333338, 3921.2870333333335, 3921.2875, 3921.2881, 3921.2887333333338, 3921.2898, 3921.2901333333334, 3921.2918, 3921.292, 3921.296766666667, 3921.298566666667, 3921.3024333333337, 3921.303733333333, 3921.306433333333, 3921.308433333333, 3921.3094, 3921.3101333333334, 3921.3106666666663, 3921.3108, 3921.3121666666666, 3921.312866666666, 3921.312933333333, 3921.3134666666665]","[77, 257, 166, 56, 29, 77, 183, 207, 56, 168, 77, 207, 183, 257, 166, 77, 56, 146, 207, 257, 178, 56, 207, 178, 77, 251, 166, 183, 77, 42, 56, 146, 166, 178, 56, 77, 42, 183, 166, 56, 77, 15, 56, 183, 166, 131, 56, 178, 56, 251, 178, 77, 166, 15, 257, 77, 178, 56, 166, 178, 15, 183]"
3921.7744,3921.8104,3921.8204,3921.8124,3.4511685371398926,0.046,"[3921.7751, 3921.7761333333337, 3921.777433333333, 3921.7783, 3921.782233333334, 3921.7828, 3921.7834, 3921.7835, 3921.7835666666665, 3921.783933333333, 3921.7846, 3921.7846666666665, 3921.785966666667, 3921.7894, 3921.7898666666665, 3921.7901, 3921.7901333333334, 3921.790166666666, 3921.7936, 3921.7943333333337, 3921.7945, 3921.7952, 3921.7957333333334, 3921.7964, 3921.796766666667, 3921.7978, 3921.798266666666, 3921.799, 3921.799033333333, 3921.7999666666665, 3921.800266666666, 3921.8011333333334, 3921.8037, 3921.8057, 3921.805833333334, 3921.8061333333335, 3921.8067666666666, 3921.8101333333334, 3921.810233333333, 3921.8123666666665, 3921.8124333333335, 3921.8127666666664, 3921.812933333333, 3921.8136666666664, 3921.815433333333, 3921.8171666666663, 3921.817233333333, 3921.8178, 3921.8182, 3921.8189666666663]","[183, 77, 166, 15, 166, 183, 257, 77, 56, 223, 207, 15, 183, 207, 56, 42, 178, 77, 77, 17, 166, 183, 257, 56, 77, 166, 257, 178, 131, 251, 77, 17, 42, 183, 17, 134, 77, 183, 131, 56, 131, 17, 166, 29, 183, 15, 77, 17, 228, 56]"
3926.3196,3926.332,3926.3528,3926.3288,6.802008152008057,0.0332,"[3926.3206333333337, 3926.321133333334, 3926.3218, 3926.3237, 3926.3285, 3926.329333333333, 3926.3305, 3926.3312666666666, 3926.334566666667, 3926.334733333333, 3926.3351333333335, 3926.3367, 3926.3389, 3926.3391, 3926.3392, 3926.3403333333335, 3926.3424666666665, 3926.3452666666662, 3926.3452666666662, 3926.3455, 3926.346233333333, 3926.3468, 3926.3487, 3926.3497333333335, 3926.3497333333335, 3926.350966666667, 3926.3512333333338, 3926.3512666666666]","[29, 257, 178, 77, 77, 166, 29, 183, 178, 77, 183, 178, 29, 56, 183, 183, 77, 166, 30, 188, 29, 178, 189, 131, 257, 77, 183, 166]"
3932.178,3932.2136,3932.2412,3932.2368,4.544820785522461,0.0632,"[3932.1803666666665, 3932.181466666667, 3932.1820333333335, 3932.1825, 3932.1831333333334, 3932.183233333333, 3932.1833333333334, 3932.184133333333, 3932.1846, 3932.1865666666663, 3932.1868666666664, 3932.187266666667, 3932.1873333333338, 3932.187866666666, 3932.1885, 3932.1895666666665, 3932.1914333333334, 3932.192233333333, 3932.1973333333335, 3932.198766666667, 3932.199666666667, 3932.2001, 3932.2007, 3932.200766666667, 3932.200966666667, 3932.2019666666665, 3932.2039, 3932.204333333333, 3932.205266666667, 3932.2098666666666, 3932.2114333333334, 3932.2127666666665, 3932.2133, 3932.213566666667, 3932.2144, 3932.2148333333334, 3932.216, 3932.216133333334, 3932.2174666666665, 3932.2177333333334, 3932.219733333334, 3932.2199666666666, 3932.22, 3932.2202333333335, 3932.2218, 3932.2228666666665, 3932.2238, 3932.223933333333, 3932.2247, 3932.2247333333335, 3932.224833333333, 3932.2265, 3932.2277, 3932.232033333333, 3932.2320666666665, 3932.232466666667, 3932.233333333333, 3932.234733333333, 3932.2378]","[166, 77, 183, 30, 29, 230, 56, 190, 178, 230, 29, 183, 56, 228, 166, 29, 183, 77, 77, 257, 56, 178, 131, 164, 77, 223, 56, 77, 228, 183, 29, 183, 166, 178, 257, 77, 56, 228, 77, 15, 77, 29, 183, 257, 131, 178, 77, 166, 228, 183, 257, 56, 178, 77, 257, 15, 56, 166, 228]"
3933.3232,3933.334,3933.36,3933.3328,7.583637237548828,0.0368,"[3933.3233666666665, 3933.326666666667, 3933.326733333334, 3933.326866666667, 3933.3274333333334, 3933.3282, 3933.3283, 3933.3292333333334, 3933.3292333333334, 3933.330733333333, 3933.3319, 3933.333166666667, 3933.3335666666662, 3933.3337333333334, 3933.3339, 3933.334066666667, 3933.3342666666663, 3933.3345, 3933.3363, 3933.336533333333, 3933.3379666666665, 3933.338166666667, 3933.3406, 3933.341266666667, 3933.3421, 3933.3421, 3933.3434666666662, 3933.348033333333, 3933.3496, 3933.355366666666, 3933.355666666667, 3933.3564, 3933.356633333334, 3933.3577, 3933.3591, 3933.359266666667]","[56, 56, 178, 77, 230, 207, 15, 77, 178, 56, 183, 56, 184, 89, 77, 257, 223, 166, 183, 17, 184, 183, 77, 168, 183, 166, 178, 178, 183, 257, 77, 183, 166, 15, 257, 178]"
3955.6556,3955.6672,3955.6772,3955.6708,5.666287422180176,0.0216,"[3955.6575, 3955.6585, 3955.6585666666665, 3955.6595666666663, 3955.6597333333334, 3955.6600333333336, 3955.6639666666665, 3955.664366666667, 3955.6650666666665, 3955.6655, 3955.6659666666665, 3955.6660333333334, 3955.6698666666666, 3955.670166666667, 3955.6702666666665, 3955.671, 3955.6729333333337, 3955.6763, 3955.677133333333]","[56, 77, 80, 166, 183, 188, 188, 183, 77, 257, 166, 119, 207, 168, 178, 183, 15, 183, 251]"
3957.0408,3957.0536,3957.104,3957.0544,7.095042705535889,0.0632,"[3957.0412666666666, 3957.0419333333334, 3957.042466666667, 3957.0429, 3957.0435333333335, 3957.0441, 3957.0445666666665, 3957.0447, 3957.0479666666665, 3957.048766666667, 3957.049666666667, 3957.0504666666666, 3957.0506, 3957.053933333333, 3957.0548, 3957.0549666666666, 3957.055066666667, 3957.055333333333, 3957.0554333333334, 3957.055533333333, 3957.0561333333335, 3957.0565, 3957.0583, 3957.0588666666663, 3957.059, 3957.059133333333, 3957.0599333333334, 3957.06, 3957.0602, 3957.061966666666, 3957.0627666666664, 3957.0634666666665, 3957.0638, 3957.0639, 3957.0644666666662, 3957.064766666667, 3957.0652, 3957.0652333333337, 3957.065566666666, 3957.066066666667, 3957.0678, 3957.0680333333335, 3957.068766666667, 3957.0688666666665, 3957.0700333333334, 3957.071266666667, 3957.0724666666665, 3957.0725, 3957.073733333333, 3957.0744, 3957.074633333333, 3957.074933333334, 3957.0752333333335, 3957.0762, 3957.076466666667, 3957.0778333333337, 3957.0784, 3957.078933333333, 3957.0795333333335, 3957.079833333333, 3957.081233333334, 3957.081833333333, 3957.082933333333, 3957.083433333333, 3957.0835333333334, 3957.084566666667, 3957.0856, 3957.085733333334, 3957.0873, 3957.0881, 3957.0896, 3957.0898666666662, 3957.0932, 3957.0967333333338, 3957.0980666666665, 3957.098266666667, 3957.0996333333337, 3957.1023333333337]","[229, 168, 77, 166, 166, 15, 178, 56, 168, 77, 166, 183, 29, 77, 183, 29, 257, 166, 229, 56, 77, 207, 183, 207, 223, 257, 77, 80, 56, 56, 190, 228, 168, 178, 15, 166, 15, 56, 77, 178, 56, 56, 77, 131, 207, 131, 77, 56, 228, 251, 168, 183, 166, 56, 207, 56, 207, 77, 183, 166, 178, 190, 207, 42, 164, 56, 77, 166, 168, 56, 77, 257, 89, 42, 166, 77, 183, 166]"
3958.6436,3958.6704,3958.7204,3958.668,6.055898189544678,0.0768,"[3958.6506, 3958.650666666667, 3958.651, 3958.6538666666665, 3958.655366666667, 3958.6609333333336, 3958.6615333333334, 3958.661566666666, 3958.6626666666666, 3958.662966666667, 3958.664533333333, 3958.6677666666665, 3958.669266666667, 3958.6701333333335, 3958.6704, 3958.673, 3958.675966666666, 3958.676266666667, 3958.6764, 3958.677, 3958.6784666666663, 3958.681, 3958.6815, 3958.685333333334, 3958.6873, 3958.6874333333335, 3958.6881, 3958.6885, 3958.6886, 3958.6887, 3958.6888, 3958.6891, 3958.691566666667, 3958.6919, 3958.6921, 3958.693766666667, 3958.694433333333, 3958.6955333333335, 3958.696266666667, 3958.6965333333337, 3958.6975333333335, 3958.700833333334, 3958.7021666666665, 3958.7022333333334, 3958.7025, 3958.7028666666665, 3958.7066666666665, 3958.7088, 3958.7091333333337, 3958.7092666666663, 3958.709666666666, 3958.7102666666665, 3958.7134, 3958.7138666666665, 3958.715066666666, 3958.715633333333, 3958.7168, 3958.7175666666662, 3958.717766666666]","[257, 29, 166, 77, 229, 56, 229, 168, 29, 77, 183, 56, 166, 183, 77, 56, 56, 178, 257, 229, 257, 77, 166, 183, 77, 257, 56, 168, 15, 207, 190, 166, 77, 89, 178, 56, 166, 257, 77, 183, 15, 89, 166, 56, 77, 183, 183, 189, 77, 15, 168, 178, 183, 183, 166, 56, 251, 178, 228]"
3959.076,3959.1184,3959.1384,3959.1192,10.865839958190918,0.0624,"[3959.0771666666665, 3959.078233333333, 3959.0808333333334, 3959.080933333333, 3959.081166666667, 3959.0835666666662, 3959.0901, 3959.094166666667, 3959.0951333333337, 3959.0961666666662, 3959.0961666666662, 3959.1003, 3959.1003, 3959.101166666667, 3959.101366666667, 3959.1014333333337, 3959.1022, 3959.102666666666, 3959.102666666666, 3959.1053, 3959.106633333334, 3959.1073, 3959.107333333334, 3959.1077666666665, 3959.1082333333334, 3959.1087333333335, 3959.1091, 3959.109333333334, 3959.112933333334, 3959.1133, 3959.1136, 3959.1146, 3959.1148, 3959.115333333333, 3959.1158, 3959.1159333333335, 3959.1161, 3959.118, 3959.1184, 3959.1187666666665, 3959.118933333333, 3959.1201666666666, 3959.1204, 3959.1209, 3959.121033333334, 3959.1212333333337, 3959.122, 3959.122733333333, 3959.1241666666665, 3959.1243, 3959.126366666667, 3959.1268666666665, 3959.1271333333334, 3959.1274, 3959.1284666666666, 3959.1295666666665, 3959.1304666666665, 3959.1311333333338, 3959.131533333333, 3959.131666666666, 3959.1318, 3959.131966666667, 3959.132166666667, 3959.132166666667, 3959.132433333333, 3959.133066666667, 3959.1340666666665, 3959.1354, 3959.1362, 3959.137433333334]","[178, 257, 77, 166, 257, 15, 77, 56, 168, 77, 166, 178, 89, 56, 179, 166, 207, 77, 15, 56, 207, 77, 257, 142, 183, 207, 178, 77, 251, 56, 178, 142, 188, 207, 178, 166, 15, 188, 243, 77, 56, 166, 142, 77, 15, 257, 190, 89, 142, 207, 178, 15, 77, 56, 15, 188, 142, 228, 17, 15, 56, 166, 243, 164, 257, 166, 142, 178, 183, 257]"
3960.9436,3960.9556,3960.9672,3960.9524,7.422937393188477,0.0236,"[3960.9452, 3960.9452666666666, 3960.9463, 3960.947933333334, 3960.9481666666666, 3960.9501666666665, 3960.9517666666666, 3960.952533333333, 3960.9537333333337, 3960.953933333333, 3960.9547666666663, 3960.9555, 3960.9574333333335, 3960.9597, 3960.9618666666665]","[257, 56, 77, 15, 146, 257, 77, 56, 15, 166, 190, 146, 166, 178, 183]"
3962.382,3962.396,3962.4056,3962.398,7.736290454864502,0.0236,"[3962.3820666666666, 3962.383, 3962.3853, 3962.3855, 3962.3859, 3962.3870333333334, 3962.3875, 3962.391566666666, 3962.392566666667, 3962.3931, 3962.393633333333, 3962.3942, 3962.3974, 3962.3980333333334, 3962.399066666667, 3962.3994333333335, 3962.4005666666662, 3962.4012333333335, 3962.4038666666665, 3962.404, 3962.4049666666665]","[56, 77, 178, 29, 166, 183, 77, 56, 77, 29, 42, 190, 77, 183, 178, 56, 29, 56, 77, 56, 42]"
3963.1052,3963.1212,3963.1312,3963.1216,5.605157852172852,0.026,"[3963.105466666667, 3963.1057, 3963.1091, 3963.1097666666665, 3963.1100666666666, 3963.1108, 3963.111266666667, 3963.1113333333337, 3963.111966666667, 3963.1122666666665, 3963.113333333333, 3963.116233333333, 3963.1167666666665, 3963.1226, 3963.122833333334, 3963.1231333333335, 3963.123566666666, 3963.1243, 3963.1245, 3963.1278333333335, 3963.1309666666666]","[207, 183, 207, 178, 17, 77, 190, 131, 15, 168, 56, 77, 183, 77, 166, 183, 56, 178, 15, 56, 257]"
3964.022,3964.0892,3964.1084,3964.0912,6.629153728485107,0.0864,"[3964.0255333333334, 3964.0265666666664, 3964.029233333333, 3964.0306333333338, 3964.0336666666662, 3964.0337666666665, 3964.034033333334, 3964.0362, 3964.0373, 3964.0381333333335, 3964.0390333333335, 3964.0396, 3964.0457333333334, 3964.046833333334, 3964.047733333334, 3964.0537, 3964.0543666666663, 3964.0552666666663, 3964.0569, 3964.057533333333, 3964.058, 3964.0580666666665, 3964.0583333333334, 3964.0585, 3964.0593, 3964.059366666667, 3964.061833333333, 3964.062466666667, 3964.0626333333335, 3964.063633333333, 3964.064066666667, 3964.0649333333336, 3964.065433333333, 3964.065566666666, 3964.0667, 3964.0675, 3964.067866666667, 3964.069333333334, 3964.069933333333, 3964.070966666666, 3964.071133333334, 3964.071233333333, 3964.0732333333335, 3964.073666666666, 3964.073833333334, 3964.073966666667, 3964.0743, 3964.074433333333, 3964.074433333333, 3964.074566666666, 3964.0752666666663, 3964.0766, 3964.076633333333, 3964.0779333333335, 3964.079133333333, 3964.0795333333335, 3964.079566666667, 3964.080166666666, 3964.0816, 3964.082066666667, 3964.0821666666666, 3964.0826666666662, 3964.085433333333, 3964.086133333333, 3964.086366666667, 3964.0869333333335, 3964.0869666666663, 3964.089, 3964.0898333333334, 3964.093766666667, 3964.0943, 3964.0954333333334, 3964.0968333333335, 3964.0984333333336, 3964.099, 3964.1003, 3964.1021, 3964.1057666666666, 3964.107333333334]","[251, 15, 183, 223, 15, 178, 164, 89, 56, 183, 223, 77, 243, 188, 183, 166, 15, 188, 168, 183, 77, 166, 243, 257, 56, 188, 183, 77, 56, 188, 131, 168, 178, 257, 207, 188, 183, 77, 178, 189, 15, 207, 257, 207, 168, 178, 166, 230, 77, 56, 146, 178, 56, 178, 56, 166, 89, 77, 183, 164, 56, 15, 77, 166, 257, 183, 230, 183, 77, 207, 77, 56, 183, 42, 15, 56, 183, 131, 29]"
3966.1868,3966.1948,3966.218,3966.1968,3.838240385055542,0.0312,"[3966.1885, 3966.1906, 3966.1912333333335, 3966.191466666666, 3966.1929666666665, 3966.1947666666665, 3966.195333333333, 3966.1956666666665, 3966.196266666667, 3966.1963666666666, 3966.1967666666665, 3966.1982, 3966.198966666667, 3966.199, 3966.199866666667, 3966.2004, 3966.2023, 3966.202566666667, 3966.204166666667, 3966.2047, 3966.2049, 3966.205066666667, 3966.2056333333335, 3966.2063, 3966.208433333333, 3966.2085333333334, 3966.2105, 3966.2125666666666, 3966.214466666667]","[56, 183, 77, 207, 56, 166, 184, 77, 183, 56, 15, 168, 166, 207, 183, 77, 183, 56, 207, 178, 77, 17, 56, 207, 183, 168, 257, 77, 166]"
3967.508,3967.5184,3967.5364,3967.5188,5.827239513397217,0.0284,"[3967.5080333333335, 3967.5091666666663, 3967.509666666667, 3967.5097666666666, 3967.5106333333338, 3967.512966666666, 3967.5149, 3967.5152, 3967.5172666666663, 3967.518566666666, 3967.5191, 3967.519266666666, 3967.519266666666, 3967.5215333333335, 3967.521566666667, 3967.523966666666, 3967.5243333333337, 3967.5246333333334, 3967.5252666666665, 3967.525866666667, 3967.5283666666664, 3967.5287333333335, 3967.53, 3967.5300333333334, 3967.5300666666662, 3967.5304, 3967.5310666666664, 3967.5338333333334, 3967.5344333333337, 3967.535733333333]","[77, 17, 183, 15, 243, 17, 207, 77, 207, 77, 178, 207, 166, 77, 80, 77, 166, 178, 207, 56, 257, 15, 77, 80, 251, 89, 166, 77, 179, 207]"
3967.6932,3967.708,3967.7616,3967.712,4.940325736999512,0.0684,"[3967.695966666666, 3967.6984333333335, 3967.7, 3967.700633333334, 3967.7009, 3967.7018333333335, 3967.7042333333334, 3967.7044666666666, 3967.7046333333337, 3967.7067, 3967.707933333333, 3967.7081333333335, 3967.7110333333335, 3967.7112, 3967.7112666666662, 3967.7147, 3967.715833333333, 3967.7173666666663, 3967.717433333333, 3967.7188, 3967.7190666666665, 3967.7201, 3967.7231333333334, 3967.7247666666663, 3967.7251666666666, 3967.7265666666663, 3967.7272333333335, 3967.7272333333335, 3967.7274333333335, 3967.7274666666663, 3967.7276333333334, 3967.728566666666, 3967.729633333334, 3967.7310333333335, 3967.731633333334, 3967.732433333333, 3967.7338, 3967.7349, 3967.7364333333335, 3967.7383, 3967.7409, 3967.7417333333337, 3967.7423, 3967.7439, 3967.744, 3967.745133333334, 3967.746, 3967.7462, 3967.747066666667, 3967.7472, 3967.7492333333334, 3967.7508333333335, 3967.7523666666666, 3967.7533333333336, 3967.758466666666, 3967.7594, 3967.7600666666663, 3967.7607]","[183, 56, 178, 257, 166, 168, 15, 77, 190, 166, 183, 168, 77, 168, 164, 56, 77, 166, 178, 15, 77, 178, 89, 178, 183, 166, 77, 80, 56, 207, 178, 15, 207, 166, 56, 56, 77, 178, 15, 166, 77, 178, 56, 183, 223, 77, 168, 207, 56, 257, 183, 15, 77, 183, 223, 257, 166, 77]"
3969.6108,3969.6308,3969.6484,3969.6312,8.021865844726562,0.0376,"[3969.6129666666666, 3969.6132333333335, 3969.6139, 3969.614566666666, 3969.614666666667, 3969.614666666667, 3969.6148333333335, 3969.615366666667, 3969.6188333333334, 3969.619633333333, 3969.6224, 3969.6224333333334, 3969.6230333333338, 3969.6253333333334, 3969.625366666666, 3969.625666666667, 3969.625666666667, 3969.6257, 3969.6268666666665, 3969.629, 3969.6296, 3969.6306666666665, 3969.6308, 3969.6319, 3969.632666666667, 3969.633766666667, 3969.6338, 3969.6338, 3969.634, 3969.634366666666, 3969.636333333334, 3969.6383, 3969.6386666666663, 3969.6391, 3969.642333333333, 3969.6428, 3969.6430666666665, 3969.6450666666665, 3969.6456333333335, 3969.647166666666]","[243, 188, 183, 207, 77, 166, 257, 230, 56, 188, 243, 230, 178, 77, 80, 257, 183, 166, 207, 56, 184, 188, 243, 178, 168, 77, 166, 257, 230, 178, 166, 77, 183, 188, 178, 166, 179, 77, 257, 179]"
3970.7012,3970.7212,3970.752,3970.7208,11.244352340698242,0.0508,"[3970.7031, 3970.7036333333335, 3970.7037666666665, 3970.705066666667, 3970.7056, 3970.7076333333334, 3970.707866666666, 3970.707966666667, 3970.7083333333335, 3970.7099333333335, 3970.7101666666663, 3970.7102, 3970.710566666666, 3970.7107, 3970.7127333333337, 3970.713366666667, 3970.714033333333, 3970.715233333334, 3970.716133333334, 3970.7164333333335, 3970.716533333333, 3970.717033333334, 3970.7172666666665, 3970.717633333333, 3970.7207, 3970.7209, 3970.7219666666665, 3970.7231333333334, 3970.726366666667, 3970.7301333333335, 3970.7312333333334, 3970.7317, 3970.7319, 3970.7338, 3970.7339333333334, 3970.7347666666665, 3970.7363333333337, 3970.7381666666665, 3970.7389, 3970.744, 3970.7444, 3970.745, 3970.7493, 3970.7501, 3970.7509]","[166, 183, 17, 77, 257, 77, 56, 76, 42, 15, 183, 29, 17, 77, 56, 178, 166, 56, 42, 77, 29, 17, 183, 56, 56, 77, 183, 29, 56, 178, 77, 42, 183, 56, 179, 56, 166, 77, 207, 77, 56, 257, 30, 183, 15]"
3972.7336,3972.7692,3972.778,3972.7716,4.297687530517578,0.0444,"[3972.733833333333, 3972.7346, 3972.7358, 3972.7400333333335, 3972.740333333333, 3972.7416333333335, 3972.741933333333, 3972.747666666666, 3972.748666666667, 3972.755033333334, 3972.756666666666, 3972.7591666666663, 3972.7598333333335, 3972.7620333333334, 3972.763933333333, 3972.7653333333337, 3972.7672, 3972.768233333333, 3972.7691666666665, 3972.7717333333335, 3972.772033333333, 3972.7727, 3972.7729, 3972.7741666666666, 3972.7752333333337]","[56, 77, 183, 168, 56, 257, 183, 178, 56, 178, 77, 166, 183, 257, 77, 166, 183, 56, 15, 178, 183, 166, 56, 29, 77]"
3974.47,3974.478,3974.4944,3974.476,3.3963136672973633,0.0244,"[3974.471366666666, 3974.471466666667, 3974.4717666666666, 3974.472266666666, 3974.4763333333335, 3974.476633333333, 3974.476866666667, 3974.477, 3974.477033333333, 3974.4771666666666, 3974.4772, 3974.478833333333, 3974.483, 3974.4834666666666, 3974.484266666667, 3974.4845, 3974.4849, 3974.485366666667, 3974.4854666666665, 3974.4856, 3974.4914, 3974.492, 3974.4926, 3974.493033333333, 3974.4938666666662, 3974.4942666666666]","[183, 77, 15, 56, 257, 251, 166, 183, 56, 80, 77, 15, 183, 77, 56, 166, 15, 29, 190, 178, 183, 168, 164, 166, 15, 190]"
3975.1052,3975.1368,3975.1456,3975.1308,3.5597922801971436,0.0404,"[3975.105733333334, 3975.1058, 3975.1062333333334, 3975.108, 3975.1080333333334, 3975.1085, 3975.1116333333334, 3975.1133, 3975.1148333333335, 3975.1151666666665, 3975.1152, 3975.1157, 3975.1178666666665, 3975.118066666667, 3975.1203666666665, 3975.1206, 3975.121166666667, 3975.1221333333337, 3975.124, 3975.1250666666665, 3975.125433333333, 3975.1267, 3975.1267333333335, 3975.1268, 3975.1278333333335, 3975.1287333333335, 3975.131833333334, 3975.132833333333, 3975.1329, 3975.1329666666666, 3975.1332, 3975.1339333333335, 3975.134, 3975.134533333334, 3975.1349333333337, 3975.1349666666665, 3975.136, 3975.136433333333, 3975.1395, 3975.1395333333335, 3975.140033333333, 3975.1401, 3975.140766666667, 3975.142533333333, 3975.1441666666665]","[207, 168, 77, 183, 56, 190, 56, 131, 207, 77, 257, 178, 178, 257, 183, 166, 15, 77, 168, 131, 166, 168, 77, 257, 183, 77, 166, 183, 77, 15, 131, 15, 207, 178, 131, 164, 56, 207, 80, 77, 207, 178, 164, 190, 56]"
3975.7836,3975.8064,3975.844,3975.8088,14.494668960571287,0.0604,"[3975.7844666666665, 3975.7852333333335, 3975.786566666666, 3975.7872333333335, 3975.787733333333, 3975.7880666666665, 3975.7887, 3975.789766666667, 3975.7904, 3975.791966666666, 3975.792933333333, 3975.793133333333, 3975.794033333333, 3975.7941, 3975.7944666666663, 3975.794666666666, 3975.7951333333335, 3975.798333333333, 3975.798333333333, 3975.798633333334, 3975.7988666666665, 3975.7993, 3975.7998666666663, 3975.8005333333335, 3975.8017666666665, 3975.801933333333, 3975.8021, 3975.8022666666666, 3975.8029333333334, 3975.8035666666665, 3975.803733333333, 3975.8038333333334, 3975.8045333333334, 3975.8046, 3975.8046, 3975.804766666666, 3975.8048, 3975.806733333334, 3975.808033333333, 3975.8082, 3975.808366666666, 3975.8086333333335, 3975.809266666666, 3975.8096333333337, 3975.810033333333, 3975.8108666666662, 3975.8147, 3975.8155333333334, 3975.8162, 3975.816466666666, 3975.8189, 3975.8189, 3975.819333333334, 3975.8199, 3975.820833333333, 3975.8213666666666, 3975.8223, 3975.8224333333337, 3975.8231333333338, 3975.823766666667, 3975.8238, 3975.826433333333, 3975.826466666667, 3975.8265, 3975.826666666667, 3975.8279666666663, 3975.829133333333, 3975.8299, 3975.8303, 3975.8311, 3975.8314333333337, 3975.8323333333337, 3975.8332666666665, 3975.8332666666665, 3975.836366666667, 3975.8370666666665, 3975.8384666666666, 3975.8389, 3975.8421333333335, 3975.8423, 3975.8425333333334, 3975.842766666666]","[178, 56, 77, 166, 168, 134, 183, 77, 142, 243, 56, 164, 80, 77, 207, 142, 166, 77, 80, 142, 183, 257, 166, 56, 243, 142, 178, 188, 243, 134, 17, 119, 56, 77, 15, 183, 168, 189, 188, 243, 56, 257, 228, 77, 166, 15, 77, 166, 142, 168, 56, 243, 183, 89, 168, 15, 142, 183, 77, 166, 178, 257, 77, 80, 183, 168, 89, 56, 77, 183, 166, 15, 131, 178, 77, 257, 190, 164, 183, 166, 77, 178]"
3976.2824,3976.298,3976.3196,3976.2992,5.580258369445801,0.0372,"[3976.2837, 3976.2843333333335, 3976.2845333333335, 3976.2859333333336, 3976.2921, 3976.2933, 3976.2935, 3976.2936, 3976.2958, 3976.2975666666666, 3976.2980333333335, 3976.2986, 3976.2986666666666, 3976.2998333333335, 3976.3016, 3976.3025, 3976.3033, 3976.3043, 3976.3060666666665, 3976.3078333333337, 3976.3081333333334, 3976.3084, 3976.3085, 3976.3086333333335, 3976.308666666667, 3976.3121, 3976.3127666666664, 3976.3133, 3976.3137, 3976.3143, 3976.3149, 3976.3151333333335, 3976.315866666667, 3976.3161666666665, 3976.3163, 3976.317366666666]","[223, 56, 77, 183, 183, 56, 77, 257, 56, 257, 183, 178, 77, 56, 29, 183, 77, 15, 56, 183, 144, 77, 190, 207, 15, 257, 223, 168, 166, 178, 189, 168, 179, 56, 15, 77]"
3981.1612,3981.1812,3981.2064,3981.1808,6.853557586669922,0.0452,"[3981.1620333333335, 3981.1648333333337, 3981.1651333333334, 3981.1664, 3981.1673666666666, 3981.167933333333, 3981.1680666666666, 3981.1685666666663, 3981.1686666666665, 3981.1695, 3981.169533333333, 3981.175266666666, 3981.175333333333, 3981.1754, 3981.176266666667, 3981.1772, 3981.1801666666665, 3981.1811, 3981.183, 3981.1886, 3981.1887333333334, 3981.1898666666666, 3981.1899, 3981.1904666666665, 3981.1909666666666, 3981.1911333333337, 3981.1972333333338, 3981.2028333333337, 3981.2052, 3981.205733333333]","[166, 183, 77, 168, 131, 257, 166, 56, 164, 207, 77, 77, 183, 131, 207, 257, 77, 131, 15, 178, 184, 80, 77, 15, 178, 166, 77, 56, 77, 164]"
