Start,Peak,Stop,Trough,Max_Envelope_Amp,Duration_ms,Event Times,Event Cluster IDs
101.8768,101.8992,101.9036,101.9008,3.1617448329925537,0.0268,"[101.8794, 101.8796, 101.8819, 101.88303333333332, 101.88626666666669, 101.8901, 101.89373333333332, 101.89543333333332, 101.8956, 101.89763333333332, 101.89876666666666, 101.8992, 101.90083333333334]","[177, 235, 95, 190, 235, 95, 231, 157, 61, 114, 95, 61, 58]"
103.1748,103.2236,103.2308,103.226,5.411768436431885,0.056,"[103.1756, 103.1763, 103.17633333333332, 103.1765, 103.17676666666668, 103.1776, 103.17803333333332, 103.17853333333332, 103.17893333333332, 103.17903333333334, 103.17966666666666, 103.18093333333331, 103.1812, 103.1813, 103.18163333333334, 103.18236666666668, 103.18273333333332, 103.18296666666669, 103.18323333333332, 103.18336666666669, 103.18373333333334, 103.1841, 103.18473333333333, 103.18476666666666, 103.18613333333332, 103.18626666666668, 103.1894, 103.19113333333334, 103.19126666666666, 103.19143333333334, 103.1917, 103.19173333333332, 103.19193333333334, 103.19323333333334, 103.19363333333334, 103.19416666666666, 103.19513333333332, 103.19693333333332, 103.19713333333333, 103.198, 103.19826666666668, 103.19853333333332, 103.1995, 103.2, 103.20013333333333, 103.20066666666666, 103.2018, 103.2024, 103.20256666666668, 103.20303333333334, 103.2039, 103.2047, 103.2065, 103.20696666666667, 103.20783333333334, 103.2087, 103.21216666666666, 103.2128, 103.21386666666666, 103.21496666666668, 103.21516666666666, 103.21633333333334, 103.2169, 103.2178, 103.21786666666668, 103.2182, 103.21936666666667, 103.2195, 103.2197, 103.2206, 103.221, 103.223, 103.22366666666667, 103.22493333333334, 103.2257, 103.22613333333334, 103.22623333333334, 103.227, 103.23063333333332]","[136, 155, 190, 97, 0, 157, 61, 58, 224, 41, 177, 190, 33, 12, 219, 95, 155, 0, 157, 193, 35, 84, 177, 197, 245, 190, 190, 187, 190, 95, 157, 35, 12, 190, 35, 187, 190, 0, 235, 61, 219, 245, 190, 95, 61, 157, 33, 219, 245, 0, 95, 49, 190, 219, 58, 187, 197, 245, 190, 187, 35, 95, 33, 187, 219, 190, 95, 61, 155, 74, 33, 219, 95, 177, 97, 0, 95, 35, 219]"
115.9932,116.0128,116.0216,116.0116,9.281731605529783,0.0284,"[115.99383333333331, 115.9939, 115.99403333333332, 115.99566666666666, 115.99633333333334, 115.99646666666666, 115.9965, 115.99663333333334, 115.99673333333334, 115.99686666666666, 116.00006666666668, 116.00043333333332, 116.00056666666669, 116.00096666666668, 116.00096666666668, 116.00143333333334, 116.00286666666666, 116.0036, 116.005, 116.00553333333332, 116.00576666666667, 116.00626666666666, 116.0065, 116.00653333333334, 116.0082, 116.01043333333334, 116.01096666666666, 116.01106666666666, 116.0115, 116.0126, 116.01313333333331, 116.01443333333332, 116.01593333333334, 116.0167, 116.0199]","[190, 157, 0, 35, 190, 95, 235, 97, 0, 61, 232, 0, 190, 197, 155, 35, 0, 35, 95, 173, 61, 189, 197, 190, 95, 49, 95, 190, 157, 187, 210, 12, 190, 61, 190]"
133.778,133.7892,133.8004,133.7892,4.220850944519043,0.0224,"[133.7787, 133.78136666666666, 133.78166666666667, 133.78263333333334, 133.7839, 133.784, 133.78473333333332, 133.78523333333334, 133.7865, 133.78776666666667, 133.79046666666667, 133.7927, 133.7927666666667, 133.79283333333333, 133.79423333333332, 133.79456666666667]","[61, 190, 12, 157, 190, 35, 222, 157, 187, 243, 0, 190, 97, 0, 157, 210]"
366.5576,366.6088,366.6184,366.6112,8.912477493286133,0.0608,"[366.5593, 366.5597, 366.563, 366.56323333333336, 366.5636333333333, 366.56393333333335, 366.56413333333336, 366.56446666666665, 366.5661, 366.56696666666664, 366.5674666666667, 366.5689, 366.5699333333333, 366.57, 366.5724, 366.5744, 366.5751333333333, 366.5756333333333, 366.57576666666665, 366.5760666666667, 366.5763333333333, 366.5774333333333, 366.5779, 366.57803333333334, 366.57806666666664, 366.5782, 366.5790333333333, 366.58133333333336, 366.58276666666666, 366.5831666666666, 366.5832, 366.5834, 366.58416666666665, 366.5844666666667, 366.5858333333333, 366.58663333333334, 366.5871666666667, 366.5880666666667, 366.5889666666667, 366.5898, 366.5908666666666, 366.5911, 366.59203333333335, 366.5923666666667, 366.59273333333334, 366.5937666666667, 366.5946, 366.59543333333335, 366.5973666666667, 366.598, 366.5980333333333, 366.5980333333333, 366.59906666666666, 366.59996666666666, 366.6012, 366.6021, 366.6036, 366.60566666666665, 366.60903333333334, 366.6100333333333, 366.61356666666666, 366.61603333333335, 366.61606666666665, 366.6161666666667]","[95, 0, 190, 187, 61, 197, 157, 33, 95, 97, 190, 157, 197, 0, 190, 157, 190, 37, 61, 33, 95, 49, 190, 177, 84, 197, 157, 35, 190, 157, 61, 197, 33, 58, 95, 0, 157, 190, 0, 210, 187, 193, 61, 155, 58, 157, 190, 49, 37, 114, 232, 190, 187, 193, 187, 190, 187, 157, 12, 190, 177, 235, 0, 95]"
366.864,366.892,366.9028,366.8908,7.9562482833862305,0.0388,"[366.864, 366.8645, 366.8645333333333, 366.8652666666667, 366.86563333333334, 366.86566666666664, 366.8658, 366.86676666666665, 366.8670333333333, 366.8679333333333, 366.86813333333333, 366.86873333333335, 366.86943333333335, 366.87, 366.87016666666665, 366.871, 366.87243333333333, 366.8725333333333, 366.8743, 366.8750666666666, 366.8753, 366.87556666666666, 366.87576666666666, 366.8764, 366.8766, 366.8768333333333, 366.8770333333333, 366.8772, 366.8777, 366.8777333333333, 366.8777333333333, 366.87786666666665, 366.8787, 366.8799, 366.8809, 366.8816, 366.8817, 366.88186666666667, 366.8821, 366.8829333333333, 366.88393333333335, 366.8841, 366.8861333333333, 366.8862, 366.8876666666667, 366.8879, 366.8881666666667, 366.88826666666665, 366.88846666666666, 366.8913666666666, 366.8923, 366.8931333333333, 366.8978, 366.8982, 366.8990333333333, 366.9017333333333]","[61, 97, 35, 157, 95, 33, 0, 35, 37, 95, 0, 190, 157, 140, 33, 190, 12, 35, 35, 41, 157, 0, 190, 232, 35, 247, 37, 97, 95, 0, 190, 155, 35, 0, 35, 190, 157, 0, 157, 35, 95, 0, 190, 95, 193, 95, 58, 157, 0, 49, 95, 190, 61, 187, 95, 157]"
371.1468,371.1832,371.1916,371.1856,4.864424228668213,0.0448,"[371.15066666666667, 371.1519, 371.1526, 371.15326666666664, 371.1562666666667, 371.16043333333334, 371.1606, 371.1628, 371.1631, 371.16333333333336, 371.16473333333334, 371.1684666666667, 371.1696333333333, 371.1696333333333, 371.1704, 371.17283333333336, 371.17463333333336, 371.17466666666667, 371.17746666666665, 371.17923333333334, 371.1793333333333, 371.1795, 371.1795, 371.1797333333334, 371.1806, 371.1811333333333, 371.18173333333334, 371.1823, 371.18326666666667, 371.1844, 371.1845333333333, 371.1850666666666, 371.18513333333334, 371.18553333333335, 371.1875, 371.18786666666665, 371.18826666666666, 371.18876666666665, 371.18896666666666, 371.189, 371.1898, 371.18983333333335, 371.1902333333333, 371.19033333333334]","[187, 190, 35, 187, 190, 219, 0, 177, 97, 190, 193, 245, 190, 33, 190, 245, 157, 190, 245, 95, 61, 190, 35, 157, 33, 197, 0, 35, 95, 190, 35, 140, 219, 97, 61, 95, 0, 235, 245, 190, 193, 95, 157, 0]"
371.8012,371.812,371.842,371.8348,4.677108287811279,0.0408,"[371.80286666666666, 371.8029333333333, 371.80316666666664, 371.8038333333334, 371.80423333333334, 371.8045666666667, 371.8048666666666, 371.805, 371.8058, 371.8084666666667, 371.8092, 371.8097666666667, 371.8100333333333, 371.81073333333336, 371.8111666666667, 371.8113333333333, 371.8118666666667, 371.8131, 371.8145, 371.81506666666667, 371.8152, 371.8152333333333, 371.8155, 371.81603333333334, 371.8163666666667, 371.8169, 371.81696666666664, 371.8181666666667, 371.81823333333335, 371.8208666666667, 371.82103333333333, 371.8244333333334, 371.8244333333334, 371.8244666666667, 371.82483333333334, 371.8251333333333, 371.8256333333333, 371.82623333333333, 371.8263666666667, 371.82663333333335, 371.8288666666666, 371.8290666666667, 371.82953333333336, 371.8297, 371.8301666666667, 371.83023333333335, 371.8303333333334, 371.8310333333333, 371.8315333333333, 371.8317, 371.8317666666667, 371.8321333333334, 371.8324666666667, 371.83476666666667, 371.83503333333334, 371.83526666666666, 371.8358666666667, 371.8361, 371.8364, 371.8387, 371.8389, 371.83916666666664, 371.83936666666665, 371.8394333333333, 371.83976666666666, 371.84006666666664, 371.84066666666666, 371.8419]","[35, 187, 190, 97, 157, 95, 235, 61, 41, 139, 33, 3, 157, 0, 190, 97, 197, 12, 110, 187, 194, 190, 190, 190, 157, 61, 58, 193, 117, 190, 37, 194, 190, 192, 97, 33, 190, 187, 35, 41, 37, 139, 157, 140, 33, 0, 61, 95, 187, 41, 190, 61, 117, 139, 0, 197, 58, 157, 210, 12, 187, 189, 194, 190, 97, 33, 61, 157]"
379.02,379.0264,379.0836,379.0248,3.964714765548706,0.0636,"[379.0206333333333, 379.0212333333333, 379.02143333333333, 379.0228, 379.02296666666666, 379.0230333333334, 379.0245, 379.02506666666665, 379.0283, 379.0286, 379.0311, 379.0312, 379.03136666666666, 379.03253333333333, 379.03366666666665, 379.0339, 379.0348666666667, 379.0351666666666, 379.03593333333333, 379.0361, 379.03616666666665, 379.0379, 379.0387666666667, 379.0397, 379.0398666666667, 379.0403, 379.0405333333333, 379.0415, 379.0421333333333, 379.0423666666667, 379.04243333333335, 379.0461333333334, 379.04633333333334, 379.0477666666667, 379.0480333333333, 379.0481, 379.0481, 379.04813333333334, 379.04856666666666, 379.0494, 379.0503, 379.0518333333333, 379.0523333333333, 379.0527333333333, 379.05283333333335, 379.0538333333334, 379.0548, 379.0555, 379.05713333333335, 379.0577, 379.05893333333336, 379.05893333333336, 379.0591333333333, 379.06, 379.06076666666667, 379.0619, 379.0628, 379.06486666666666, 379.066, 379.06936666666667, 379.0708, 379.07273333333336, 379.0729333333333, 379.07506666666666, 379.0756, 379.07753333333335, 379.07823333333334, 379.0787666666667, 379.0788333333333, 379.07913333333335, 379.0796, 379.0813]","[12, 61, 33, 235, 97, 190, 97, 0, 35, 190, 61, 173, 41, 197, 114, 190, 0, 58, 114, 35, 187, 12, 187, 190, 0, 222, 61, 114, 97, 0, 12, 61, 190, 177, 97, 114, 41, 0, 157, 12, 0, 187, 97, 190, 41, 187, 190, 12, 97, 177, 114, 197, 95, 157, 190, 95, 189, 95, 190, 197, 0, 190, 157, 187, 177, 243, 95, 187, 190, 157, 173, 187]"
385.7228,385.7432,385.75,385.7448,5.214262962341309,0.0272,"[385.7230666666667, 385.7234, 385.72476666666665, 385.72516666666667, 385.72566666666665, 385.7268, 385.7272, 385.72726666666665, 385.7275666666667, 385.7280666666667, 385.7282666666667, 385.7289666666667, 385.72923333333335, 385.7300333333333, 385.7300666666667, 385.7300666666667, 385.7300666666667, 385.73173333333335, 385.732, 385.7336, 385.7341, 385.73426666666666, 385.73446666666666, 385.7345, 385.7346666666666, 385.7347, 385.73473333333334, 385.73513333333335, 385.7355, 385.7357, 385.73763333333335, 385.7377333333333, 385.7389333333333, 385.73903333333334, 385.73906666666664, 385.73906666666664, 385.7391, 385.73966666666666, 385.74, 385.7402666666667, 385.74153333333334, 385.743, 385.7438666666667, 385.7447333333334, 385.74493333333334, 385.74516666666665, 385.74536666666665, 385.7457, 385.7457333333333, 385.7457333333333, 385.7458, 385.74743333333333, 385.74783333333335, 385.7493333333333, 385.7495]","[23, 157, 187, 190, 95, 187, 114, 23, 49, 157, 109, 193, 187, 223, 110, 99, 95, 114, 95, 190, 95, 193, 109, 157, 223, 99, 224, 187, 190, 177, 12, 187, 190, 223, 99, 61, 110, 177, 204, 23, 0, 190, 0, 157, 222, 95, 114, 155, 0, 190, 231, 97, 0, 144, 157]"
388.7044,388.7268,388.7344,388.7304,4.410818099975586,0.03,"[388.7054, 388.7058, 388.7071, 388.7071666666667, 388.70793333333336, 388.7081333333333, 388.7083333333333, 388.71453333333335, 388.71633333333335, 388.71973333333335, 388.72083333333336, 388.72223333333335, 388.7229, 388.72346666666664, 388.7237, 388.7265, 388.72976666666665, 388.73043333333334, 388.7316666666667]","[95, 97, 58, 33, 95, 157, 58, 61, 12, 33, 58, 33, 41, 95, 61, 33, 190, 58, 33]"
389.3908,389.4384,389.4484,389.4388,7.058752059936523,0.0576,"[389.39256666666665, 389.3934, 389.39523333333335, 389.39736666666664, 389.3981333333333, 389.40023333333335, 389.40026666666665, 389.40113333333335, 389.4012, 389.40133333333335, 389.4014333333334, 389.4019666666667, 389.4035, 389.4039, 389.4057, 389.406, 389.4062666666667, 389.4071666666667, 389.41173333333336, 389.41226666666665, 389.4146666666667, 389.41493333333335, 389.41526666666664, 389.4159666666667, 389.41706666666664, 389.41856666666666, 389.4191, 389.4211333333334, 389.4215, 389.4223666666667, 389.42263333333335, 389.4239, 389.4244, 389.42516666666666, 389.42583333333334, 389.4262, 389.42656666666664, 389.42873333333335, 389.4288, 389.4300666666667, 389.4302666666667, 389.4309, 389.43123333333335, 389.43263333333334, 389.4345666666667, 389.43463333333335, 389.4354333333333, 389.43763333333334, 389.438, 389.43966666666665, 389.44016666666664, 389.4415666666667, 389.4418333333333, 389.44216666666665, 389.44286666666665, 389.4436, 389.4454, 389.44693333333333, 389.44716666666665, 389.4472666666667, 389.44776666666667, 389.4479333333333]","[235, 190, 84, 12, 114, 0, 232, 190, 37, 61, 95, 58, 114, 12, 190, 0, 197, 84, 190, 197, 114, 235, 95, 12, 243, 157, 155, 243, 190, 97, 12, 114, 95, 157, 190, 0, 197, 0, 114, 33, 197, 0, 190, 187, 197, 35, 190, 61, 95, 157, 190, 177, 61, 210, 33, 114, 177, 0, 58, 61, 41, 190]"
406.7436,406.7668,406.7812,406.7648,3.0429458618164062,0.0376,"[406.74493333333334, 406.745, 406.7457, 406.74583333333334, 406.74896666666666, 406.7493666666667, 406.74946666666665, 406.7500666666666, 406.7508, 406.75233333333335, 406.7531333333333, 406.7536333333333, 406.7539, 406.7546, 406.75463333333335, 406.7555, 406.75936666666666, 406.7597666666667, 406.7597666666667, 406.75986666666665, 406.7617, 406.7617666666667, 406.7633666666667, 406.764, 406.76553333333334, 406.7660333333333, 406.76613333333336, 406.7662, 406.76756666666665, 406.76793333333336, 406.7690333333333, 406.76986666666664, 406.7702, 406.77056666666664, 406.77163333333334, 406.7732, 406.7762333333333, 406.77813333333336, 406.77906666666667]","[0, 229, 190, 157, 49, 224, 95, 97, 157, 61, 95, 177, 197, 173, 33, 187, 95, 117, 95, 190, 97, 0, 139, 0, 173, 0, 49, 197, 139, 117, 95, 222, 190, 229, 224, 95, 157, 190, 61]"
423.9412,423.9556,423.9664,423.9532,7.409396648406982,0.0252,"[423.9415333333333, 423.9424666666667, 423.9425, 423.9436, 423.94416666666666, 423.9471, 423.9482, 423.9497333333333, 423.9531333333333, 423.9538, 423.9540666666667, 423.9542, 423.9556333333333, 423.9572, 423.9583, 423.9601, 423.9608666666667, 423.9625, 423.9635333333333, 423.96403333333336, 423.96436666666665]","[35, 173, 190, 197, 37, 190, 157, 61, 190, 205, 37, 157, 197, 187, 97, 157, 0, 197, 190, 157, 95]"
424.4752,424.4824,424.5264,424.4848,4.474770545959473,0.0512,"[424.47586666666666, 424.4761, 424.47613333333334, 424.4762, 424.4784, 424.47883333333334, 424.479, 424.4800666666667, 424.4812333333333, 424.4824, 424.48333333333335, 424.4839666666667, 424.4842, 424.4848666666667, 424.4854, 424.4856, 424.48746666666665, 424.4877666666667, 424.4880666666666, 424.48833333333334, 424.4884333333333, 424.48906666666664, 424.4922666666667, 424.4937, 424.49393333333336, 424.494, 424.4965666666667, 424.4986666666667, 424.5001, 424.50016666666664, 424.50053333333335, 424.5011, 424.50123333333335, 424.5013666666667, 424.50163333333336, 424.5021, 424.50513333333333, 424.5061333333333, 424.50666666666666, 424.5072666666667, 424.50946666666664, 424.5119333333334, 424.5122, 424.5125, 424.51393333333334, 424.5142333333333, 424.5155, 424.5168, 424.5174, 424.5174, 424.5184, 424.51866666666666, 424.5192333333333, 424.5232, 424.5239, 424.52416666666664, 424.5249333333333, 424.5258]","[157, 109, 97, 0, 232, 0, 190, 157, 197, 61, 187, 95, 232, 190, 149, 187, 187, 95, 97, 190, 197, 187, 232, 173, 157, 190, 235, 204, 190, 35, 187, 197, 95, 232, 61, 12, 187, 190, 95, 187, 197, 0, 190, 61, 204, 177, 61, 95, 190, 197, 33, 61, 95, 173, 190, 197, 61, 58]"
428.0636,428.09,428.1004,428.0864,6.199385643005371,0.0368,"[428.0639, 428.0643333333333, 428.0649, 428.06766666666664, 428.0677333333333, 428.0692, 428.0697666666667, 428.07146666666665, 428.0718, 428.0722333333333, 428.07306666666665, 428.07533333333333, 428.0754666666666, 428.07646666666665, 428.0766, 428.07706666666667, 428.0774, 428.0774, 428.0774333333333, 428.0778666666667, 428.07953333333336, 428.0803333333334, 428.08053333333334, 428.0812333333334, 428.08143333333334, 428.0822333333333, 428.0837333333333, 428.08523333333335, 428.08593333333334, 428.0898333333334, 428.0908, 428.09186666666665, 428.09346666666664, 428.0935333333333, 428.09386666666666, 428.0957666666667, 428.0985333333333, 428.0989333333333, 428.0998333333333, 428.09996666666666]","[97, 243, 189, 97, 35, 190, 95, 114, 190, 61, 0, 0, 155, 173, 190, 140, 197, 0, 232, 114, 3, 190, 97, 35, 197, 97, 35, 197, 190, 190, 187, 157, 61, 155, 232, 140, 190, 157, 95, 58]"
429.1332,429.14,429.158,429.1392,4.492433547973633,0.0248,"[429.13466666666665, 429.1347666666667, 429.13486666666665, 429.13486666666665, 429.1349, 429.1349, 429.13503333333335, 429.13713333333334, 429.13756666666666, 429.1390666666667, 429.13956666666667, 429.13966666666664, 429.14216666666664, 429.1422, 429.1422333333333, 429.1433, 429.1437, 429.1439, 429.14396666666664, 429.14556666666664, 429.1460666666667, 429.1471, 429.1476333333333, 429.14776666666666, 429.1478, 429.1478333333333, 429.1478666666667, 429.1480333333334, 429.1481, 429.14826666666664, 429.1519, 429.1519, 429.1519333333333, 429.1519666666667, 429.152, 429.15203333333335, 429.15593333333334, 429.1564333333333, 429.15653333333336, 429.1573333333333]","[190, 0, 223, 157, 110, 99, 61, 197, 95, 190, 49, 0, 223, 99, 110, 61, 173, 155, 190, 193, 197, 97, 187, 190, 223, 99, 110, 177, 157, 229, 223, 190, 99, 110, 95, 97, 157, 0, 155, 177]"
432.7992,432.8164,432.8272,432.8136,7.405107975006104,0.028,"[432.7997, 432.79993333333334, 432.80033333333336, 432.8011, 432.80403333333334, 432.80463333333336, 432.8059333333333, 432.8063, 432.80746666666664, 432.80763333333334, 432.80786666666665, 432.80946666666665, 432.8102333333333, 432.81053333333335, 432.8140333333333, 432.81413333333336, 432.81426666666664, 432.81536666666665, 432.82, 432.8202, 432.8211666666666, 432.8264, 432.82706666666667]","[35, 193, 154, 95, 245, 95, 74, 190, 0, 219, 157, 245, 190, 197, 110, 155, 157, 190, 157, 37, 190, 110, 197]"
436.8332,436.8624,436.8892,436.8632,3.804849863052368,0.056,"[436.8332, 436.8337, 436.83393333333333, 436.83476666666667, 436.8355, 436.838, 436.8385, 436.83886666666666, 436.8396, 436.84006666666664, 436.84203333333335, 436.8422, 436.8423333333334, 436.84273333333334, 436.84276666666665, 436.84596666666664, 436.8467, 436.8469333333333, 436.8478333333333, 436.8489666666667, 436.8489666666667, 436.8496666666667, 436.8498, 436.85136666666665, 436.8532333333333, 436.8534666666667, 436.8536, 436.8537666666667, 436.8546666666667, 436.8552333333334, 436.8556, 436.8567, 436.8580333333333, 436.8586, 436.8589, 436.8596333333333, 436.8605333333333, 436.8607, 436.86193333333335, 436.8639333333333, 436.8643666666667, 436.8647, 436.8682, 436.8698, 436.8699, 436.87013333333334, 436.8702666666667, 436.8707, 436.87083333333334, 436.87193333333335, 436.8738666666667, 436.8750333333333, 436.87513333333334, 436.8755, 436.8759333333333, 436.8759666666666, 436.8763, 436.8765, 436.87753333333336, 436.87963333333335, 436.88033333333334, 436.8806333333333, 436.8808, 436.88093333333336, 436.88093333333336, 436.88096666666667, 436.8828, 436.8832, 436.88413333333335, 436.88713333333334, 436.8872333333333, 436.88806666666665, 436.88823333333335]","[204, 193, 190, 33, 144, 23, 33, 95, 204, 187, 190, 187, 61, 23, 157, 204, 157, 239, 197, 190, 0, 35, 61, 188, 23, 95, 204, 190, 157, 0, 239, 197, 61, 23, 204, 97, 239, 190, 61, 157, 23, 95, 197, 189, 193, 157, 190, 61, 187, 12, 204, 190, 193, 157, 139, 197, 190, 23, 97, 193, 204, 197, 155, 95, 197, 190, 187, 157, 95, 0, 239, 197, 190]"
438.5128,438.5236,438.536,438.522,7.564757823944092,0.0232,"[438.5129333333333, 438.5135333333333, 438.51433333333335, 438.5168, 438.51686666666666, 438.5178, 438.5197333333333, 438.52166666666665, 438.52316666666667, 438.52503333333334, 438.52573333333333, 438.5259, 438.52666666666664, 438.5267, 438.5269333333333, 438.5272, 438.52823333333333, 438.53316666666666, 438.5349, 438.5355666666667]","[205, 61, 95, 111, 225, 171, 190, 187, 224, 197, 35, 190, 205, 95, 187, 97, 61, 95, 190, 95]"
439.8368,439.8444,439.8632,439.8432,3.402179479598999,0.0264,"[439.8368, 439.8378333333333, 439.83816666666667, 439.8388, 439.83973333333336, 439.8398333333334, 439.84006666666664, 439.8408333333333, 439.8412666666667, 439.84136666666666, 439.8421666666667, 439.84253333333334, 439.8427, 439.8443, 439.84473333333335, 439.84526666666665, 439.8460666666667, 439.8462, 439.8464666666667, 439.84673333333336, 439.8480666666667, 439.8507333333333, 439.8511, 439.8525666666667, 439.8541666666667, 439.8550333333333, 439.8591, 439.8592, 439.85973333333334, 439.8598333333333, 439.86136666666664, 439.8616666666667]","[35, 117, 219, 35, 190, 157, 0, 35, 190, 247, 97, 0, 35, 95, 35, 157, 97, 190, 61, 35, 190, 95, 247, 157, 190, 95, 190, 33, 157, 0, 95, 0]"
442.9236,442.9356,442.958,442.9344,6.041416645050049,0.0344,"[442.9241, 442.9250666666667, 442.9282666666667, 442.92903333333334, 442.9291, 442.92966666666666, 442.9309, 442.93103333333335, 442.9341333333333, 442.9347, 442.93536666666665, 442.93763333333334, 442.9399333333334, 442.94003333333336, 442.9407, 442.94163333333336, 442.94213333333335, 442.9433333333333, 442.9433666666667, 442.9437, 442.94376666666665, 442.94376666666665, 442.94433333333336, 442.9457, 442.9491, 442.9492, 442.9496, 442.9528666666667, 442.95506666666665, 442.95613333333336, 442.9562]","[190, 197, 17, 95, 190, 194, 187, 157, 231, 17, 157, 95, 187, 222, 157, 95, 97, 33, 190, 0, 61, 95, 210, 219, 61, 33, 190, 0, 190, 61, 187]"
449.5856,449.6116,449.618,449.6144,3.8798365592956543,0.0324,"[449.5873, 449.5885666666667, 449.5886, 449.5893, 449.58933333333334, 449.5907, 449.5916, 449.5927, 449.5935333333333, 449.5937666666667, 449.5948333333333, 449.596, 449.5960333333333, 449.59833333333336, 449.60176666666666, 449.60206666666664, 449.6024, 449.60273333333333, 449.603, 449.6030666666667, 449.6033, 449.6039666666667, 449.60426666666666, 449.60673333333335, 449.60833333333335, 449.6091, 449.6091666666667, 449.6093666666667, 449.61016666666666, 449.61103333333335, 449.61153333333334, 449.612, 449.6120333333334, 449.61213333333336, 449.6150666666667, 449.61746666666664]","[61, 35, 190, 177, 88, 35, 157, 12, 0, 190, 232, 0, 190, 0, 114, 190, 155, 97, 0, 157, 173, 58, 187, 35, 190, 95, 149, 12, 37, 157, 61, 187, 12, 222, 37, 61]"
452.0464,452.0692,452.0776,452.068,9.862475395202637,0.0312,"[452.0464333333333, 452.047, 452.0475666666667, 452.0477333333333, 452.04926666666665, 452.05016666666666, 452.0502, 452.05033333333336, 452.05036666666666, 452.0504666666667, 452.0507666666667, 452.05103333333335, 452.05133333333333, 452.05313333333334, 452.0545, 452.05623333333335, 452.0566333333333, 452.0567, 452.0570333333333, 452.05783333333335, 452.05833333333334, 452.06056666666666, 452.06233333333336, 452.06306666666666, 452.0634, 452.0634333333333, 452.0656666666667, 452.06763333333333, 452.06786666666665, 452.0681333333333, 452.07053333333334, 452.0713333333333, 452.07323333333335, 452.07646666666665, 452.0772666666667]","[232, 95, 173, 197, 177, 193, 188, 155, 157, 0, 58, 95, 61, 12, 33, 95, 41, 190, 188, 12, 197, 193, 157, 33, 149, 188, 197, 58, 190, 117, 58, 197, 117, 117, 190]"
470.6192,470.6404,470.6716,470.6424,6.909368515014648,0.0524,"[470.61993333333334, 470.6220333333333, 470.6238333333333, 470.6251, 470.6259333333333, 470.6266, 470.6277333333333, 470.6284333333333, 470.6296, 470.63003333333336, 470.63013333333333, 470.6322666666667, 470.6333666666667, 470.6338, 470.6345333333333, 470.636, 470.6372333333333, 470.63736666666665, 470.63806666666665, 470.63893333333334, 470.6397, 470.6408666666667, 470.6417, 470.64203333333336, 470.6422333333333, 470.64233333333334, 470.64293333333336, 470.64326666666665, 470.6444, 470.6460333333333, 470.6485666666667, 470.6494, 470.6494333333333, 470.65023333333335, 470.6524666666666, 470.65276666666665, 470.65386666666666, 470.65403333333336, 470.6547, 470.656, 470.6567333333333, 470.6572, 470.65843333333333, 470.66, 470.6603, 470.66086666666666, 470.66096666666664, 470.6614333333333, 470.66516666666666, 470.6667, 470.6684, 470.66853333333336]","[197, 177, 95, 61, 190, 157, 0, 190, 155, 0, 157, 0, 197, 190, 97, 0, 190, 157, 0, 33, 190, 197, 95, 190, 157, 0, 61, 37, 0, 190, 0, 157, 197, 0, 210, 0, 95, 190, 231, 157, 37, 187, 190, 95, 0, 173, 35, 157, 190, 61, 157, 197]"
471.4624,471.4772,471.5036,471.4796,6.916907787322998,0.0412,"[471.46343333333334, 471.46433333333334, 471.4659, 471.4705, 471.4743, 471.47473333333335, 471.4773, 471.4775, 471.4789, 471.4789666666667, 471.4791666666667, 471.4793666666667, 471.4803333333333, 471.48043333333334, 471.48113333333333, 471.4830333333333, 471.4832333333333, 471.4841666666667, 471.4864, 471.48653333333334, 471.4870333333334, 471.4875333333333, 471.4875666666667, 471.4882, 471.489, 471.4925333333333, 471.49586666666664, 471.49623333333335, 471.49653333333333, 471.50053333333335, 471.5015666666667, 471.5016, 471.50286666666665]","[190, 97, 95, 190, 0, 157, 0, 190, 95, 33, 37, 219, 155, 157, 197, 0, 95, 190, 35, 177, 95, 157, 114, 190, 177, 235, 155, 61, 190, 243, 155, 235, 177]"
477.7572,477.782,477.7904,477.78,4.639837741851807,0.0332,"[477.75756666666666, 477.7576333333334, 477.7576333333334, 477.75783333333334, 477.75896666666665, 477.7592, 477.7595666666667, 477.76006666666666, 477.76126666666664, 477.76523333333336, 477.7653333333334, 477.7658, 477.7663, 477.7663333333333, 477.7677, 477.7685333333333, 477.771, 477.7717333333333, 477.77343333333334, 477.7740333333333, 477.7746333333333, 477.7758, 477.77686666666665, 477.7778666666667, 477.7798, 477.7798, 477.7805666666667, 477.7806, 477.7809, 477.78316666666666, 477.78476666666666, 477.7853333333333, 477.7860333333333, 477.7873, 477.7873666666667, 477.78743333333335, 477.7892]","[247, 187, 35, 155, 157, 95, 0, 190, 188, 155, 0, 177, 157, 61, 190, 189, 247, 155, 187, 177, 0, 12, 190, 173, 95, 177, 155, 188, 0, 0, 114, 189, 155, 197, 61, 190, 95]"
479.528,479.5472,479.5576,479.5508,7.900985240936279,0.0296,"[479.5285, 479.5286, 479.5294, 479.5307333333334, 479.5309, 479.53136666666666, 479.5319, 479.5325, 479.5326666666666, 479.5326666666666, 479.53276666666665, 479.5332, 479.5332333333333, 479.5338, 479.5344, 479.5347, 479.5357, 479.5357333333333, 479.53673333333336, 479.53776666666664, 479.5396, 479.5396333333333, 479.54206666666664, 479.5423666666667, 479.5441, 479.5441333333333, 479.5446333333333, 479.5446666666666, 479.5459333333333, 479.5466333333333, 479.5468666666667, 479.5485, 479.5487, 479.54873333333336, 479.5498333333333, 479.5501, 479.5504, 479.5504333333334, 479.5511, 479.5557, 479.5566333333333, 479.5566333333333]","[157, 190, 61, 173, 12, 74, 110, 35, 194, 189, 190, 0, 43, 61, 35, 157, 0, 173, 110, 190, 95, 53, 190, 0, 188, 192, 0, 110, 154, 0, 109, 110, 190, 222, 157, 12, 61, 154, 37, 177, 74, 155]"
482.6404,482.6496,482.6768,482.6512,4.639924049377441,0.0364,"[482.6404, 482.64056666666664, 482.6408, 482.6419333333333, 482.6428666666667, 482.6442, 482.6447666666666, 482.6451666666667, 482.6453, 482.6462333333333, 482.6465333333333, 482.6467333333333, 482.6469666666667, 482.6471, 482.6471666666667, 482.6476666666667, 482.6481333333333, 482.6493, 482.6494333333333, 482.6517, 482.6522, 482.65343333333334, 482.6537, 482.6562666666667, 482.65703333333335, 482.6573666666667, 482.6589, 482.6595, 482.6604, 482.6606, 482.6614333333333, 482.6635333333333, 482.66363333333334, 482.664, 482.6641, 482.66423333333336, 482.6651, 482.6651, 482.6659666666667, 482.66633333333334, 482.66796666666664, 482.67066666666665, 482.6718333333333, 482.67373333333336, 482.6755666666666, 482.67563333333334, 482.67603333333335]","[189, 190, 197, 58, 84, 49, 190, 243, 0, 95, 12, 197, 114, 177, 190, 61, 12, 0, 95, 190, 210, 12, 157, 95, 190, 197, 35, 61, 97, 190, 37, 155, 232, 231, 114, 0, 157, 35, 190, 95, 190, 155, 157, 61, 0, 232, 193]"
489.5556,489.5616,489.608,489.56,3.403208017349243,0.0524,"[489.55676666666665, 489.55896666666666, 489.5591, 489.56056666666666, 489.5629333333333, 489.5674333333333, 489.5683666666667, 489.5686333333333, 489.569, 489.57166666666666, 489.5719, 489.5726666666667, 489.5729666666667, 489.57343333333336, 489.57416666666666, 489.57433333333336, 489.5757, 489.5762, 489.57666666666665, 489.5767333333333, 489.5774666666667, 489.58186666666666, 489.5821666666667, 489.5824333333333, 489.5838, 489.5842333333333, 489.5846333333334, 489.5877, 489.58956666666666, 489.58973333333336, 489.59093333333334, 489.5931, 489.5937333333333, 489.59403333333336, 489.59436666666664, 489.59453333333335, 489.59793333333334, 489.5984, 489.5996666666667, 489.5998666666667, 489.6003, 489.6005666666667, 489.6012333333333, 489.60243333333335, 489.60266666666666, 489.60273333333333, 489.6044, 489.60476666666665, 489.60516666666666, 489.6053333333333, 489.60563333333334, 489.6066333333333, 489.6078]","[61, 95, 190, 58, 157, 173, 61, 97, 0, 0, 157, 35, 37, 190, 0, 95, 197, 157, 0, 190, 189, 95, 114, 157, 190, 58, 235, 95, 190, 155, 95, 114, 190, 0, 95, 157, 197, 35, 114, 95, 190, 35, 12, 97, 0, 177, 189, 157, 41, 0, 61, 114, 97]"
490.58,490.6008,490.6056,490.6016,3.632453441619873,0.0256,"[490.5806333333333, 490.58133333333336, 490.5819, 490.58416666666665, 490.5844666666667, 490.5865, 490.58683333333335, 490.58686666666665, 490.5898, 490.5899666666666, 490.5916, 490.59186666666665, 490.5919666666667, 490.59203333333335, 490.5921666666667, 490.59243333333336, 490.5926666666667, 490.5932666666667, 490.59403333333336, 490.5941, 490.59433333333334, 490.59596666666664, 490.596, 490.5961, 490.5962333333333, 490.5965, 490.59726666666666, 490.5973666666667, 490.5975, 490.5987333333333, 490.59883333333335, 490.59906666666666, 490.60086666666666, 490.6012666666667, 490.6013, 490.60316666666665, 490.60363333333333, 490.60386666666665, 490.6047, 490.6048666666667, 490.6053, 490.6053333333333]","[157, 190, 239, 157, 35, 95, 41, 197, 190, 0, 157, 245, 190, 0, 37, 197, 61, 61, 247, 0, 95, 0, 157, 231, 139, 190, 61, 239, 95, 190, 35, 49, 61, 190, 157, 95, 0, 247, 12, 61, 33, 157]"
491.0496,491.0644,491.0728,491.0672,6.961450576782227,0.0232,"[491.0505333333333, 491.05336666666665, 491.0538, 491.05443333333335, 491.0545333333333, 491.0548333333333, 491.0561, 491.05716666666666, 491.0578, 491.0586, 491.0593333333333, 491.06036666666665, 491.06086666666664, 491.0615666666667, 491.0638666666667, 491.0652333333333, 491.06553333333335, 491.0656666666667, 491.0663, 491.0669, 491.0706333333333]","[95, 117, 187, 157, 95, 190, 187, 190, 35, 197, 0, 35, 157, 0, 0, 190, 95, 0, 157, 37, 187]"
495.1584,495.1848,495.1904,495.182,3.7686803340911865,0.032,"[495.1593, 495.16086666666666, 495.1616, 495.1642, 495.16456666666664, 495.1662, 495.1673333333333, 495.16763333333336, 495.1695, 495.17106666666666, 495.1727, 495.17356666666666, 495.1752, 495.17586666666665, 495.1774, 495.17903333333334, 495.1792, 495.1797, 495.18176666666665, 495.1845333333333, 495.1847666666667, 495.185, 495.1850333333333, 495.1876]","[95, 190, 187, 187, 190, 12, 33, 95, 190, 187, 95, 190, 157, 97, 35, 97, 0, 95, 0, 0, 197, 61, 190, 95]"
495.8112,495.8192,495.8468,495.8388,4.721863746643066,0.0356,"[495.81163333333336, 495.81356666666665, 495.8152666666667, 495.8161333333333, 495.8187, 495.81913333333335, 495.8192333333334, 495.81933333333336, 495.8202666666666, 495.8218, 495.8240333333333, 495.82463333333334, 495.82626666666664, 495.8263333333333, 495.8273, 495.8276, 495.828, 495.8285666666667, 495.83116666666666, 495.8333, 495.8363, 495.8417333333333, 495.8453666666667]","[189, 95, 187, 190, 61, 95, 0, 190, 197, 0, 0, 190, 114, 0, 173, 95, 187, 190, 95, 190, 97, 190, 190]"
495.928,495.9344,495.978,495.9748,3.1622750759124756,0.05,"[495.9283, 495.9293666666667, 495.93126666666666, 495.93336666666664, 495.93426666666664, 495.9358, 495.93663333333336, 495.9372, 495.93896666666666, 495.9390666666667, 495.94286666666665, 495.9458333333333, 495.94666666666666, 495.94786666666664, 495.948, 495.95026666666666, 495.9529, 495.9537, 495.95373333333333, 495.95843333333335, 495.96136666666666, 495.9625, 495.9633666666667, 495.96666666666664, 495.9669666666667, 495.9689333333333, 495.9695, 495.9701333333333, 495.97063333333335, 495.9732333333333, 495.97363333333334, 495.9741, 495.97513333333336, 495.9755333333333, 495.9773666666667]","[232, 190, 157, 33, 97, 187, 232, 0, 95, 157, 190, 0, 23, 95, 0, 0, 190, 140, 157, 190, 187, 157, 12, 247, 190, 197, 95, 247, 157, 97, 95, 187, 157, 0, 95]"
496.4448,496.4508,496.4776,496.452,3.195416212081909,0.0328,"[496.4465666666667, 496.448, 496.44986666666665, 496.4510333333333, 496.45216666666664, 496.4528, 496.4534, 496.45393333333334, 496.4554, 496.4578666666667, 496.45956666666666, 496.4596, 496.4612666666667, 496.4626666666667, 496.46413333333334, 496.4647, 496.4654, 496.46546666666666, 496.4655333333333, 496.4663, 496.46656666666667, 496.4667666666667, 496.46866666666665, 496.46903333333336, 496.4696666666667, 496.47006666666664, 496.47066666666666, 496.47113333333334, 496.47203333333334, 496.47223333333335, 496.47246666666666, 496.4733, 496.4739333333333, 496.47613333333334, 496.4769]","[157, 84, 190, 157, 190, 95, 155, 58, 190, 157, 190, 35, 197, 140, 95, 190, 187, 197, 35, 61, 210, 157, 58, 0, 157, 232, 190, 95, 35, 193, 197, 33, 95, 190, 35]"
499.6944,499.7032,499.7352,499.7,3.9986672401428223,0.0408,"[499.6947333333333, 499.6954, 499.69553333333334, 499.6970666666667, 499.6988333333333, 499.69893333333334, 499.6991, 499.6995333333333, 499.7005, 499.7012, 499.7015, 499.7015, 499.70363333333336, 499.7038333333333, 499.7042333333333, 499.7044, 499.70486666666665, 499.7051666666667, 499.7076666666667, 499.7077, 499.7103666666667, 499.7117333333333, 499.7121, 499.7121666666667, 499.7123, 499.71343333333334, 499.7147, 499.71683333333334, 499.7169666666667, 499.7171333333333, 499.7172, 499.71746666666667, 499.7178333333333, 499.71813333333336, 499.7189666666667, 499.719, 499.7193, 499.7197, 499.7235, 499.72426666666667, 499.72436666666664, 499.72526666666664, 499.7266333333333, 499.72776666666664, 499.7278, 499.72833333333335, 499.7285, 499.7289666666667, 499.7297, 499.73046666666664, 499.7315, 499.7325333333333, 499.73403333333334, 499.73406666666665, 499.7348]","[190, 97, 61, 190, 97, 222, 0, 157, 61, 190, 0, 35, 61, 157, 247, 61, 95, 190, 190, 97, 190, 95, 58, 247, 61, 190, 187, 190, 95, 187, 197, 97, 247, 35, 188, 0, 157, 61, 37, 190, 0, 157, 0, 188, 197, 190, 95, 61, 247, 188, 157, 0, 190, 187, 95]"
502.2732,502.2792,502.308,502.3012,3.3178677558898926,0.0348,"[502.2737333333333, 502.2741, 502.2747, 502.2749, 502.27576666666664, 502.27616666666665, 502.27753333333334, 502.2778, 502.2780666666667, 502.2782, 502.2783333333333, 502.2787, 502.2788, 502.2793, 502.2804, 502.28046666666665, 502.28153333333336, 502.2819666666667, 502.2821666666667, 502.2823666666667, 502.28253333333333, 502.2834, 502.2835, 502.2858, 502.2858, 502.2866333333333, 502.28813333333335, 502.2893666666667, 502.2898333333333, 502.29026666666664, 502.2903666666666, 502.29063333333335, 502.2922, 502.2942, 502.29443333333336, 502.2948, 502.295, 502.29923333333335, 502.29966666666667, 502.3, 502.3021, 502.3061, 502.3061666666667, 502.30733333333336, 502.3075333333333, 502.3075333333333]","[35, 224, 240, 189, 155, 187, 114, 243, 157, 187, 61, 190, 224, 188, 12, 187, 97, 240, 0, 197, 35, 61, 157, 188, 12, 190, 35, 188, 197, 190, 210, 187, 17, 197, 243, 0, 188, 95, 190, 154, 97, 197, 35, 95, 190, 157]"
509.1948,509.2044,509.2176,509.2,5.477017879486084,0.0228,"[509.1958, 509.1961, 509.19626666666665, 509.1967, 509.1969, 509.1979333333333, 509.20006666666666, 509.2004666666666, 509.20116666666667, 509.2015, 509.2027, 509.2049, 509.20613333333336, 509.2081333333333, 509.2105666666667, 509.21226666666666, 509.2124333333333, 509.2130666666667, 509.2149]","[197, 187, 95, 97, 190, 61, 155, 139, 243, 190, 187, 190, 157, 95, 95, 157, 190, 0, 193]"
519.9368,519.948,519.9636,519.952,6.322474479675293,0.0268,"[519.9403, 519.9408, 519.9409, 519.9418, 519.9427, 519.9427333333333, 519.9444, 519.9464, 519.9467333333333, 519.9481333333333, 519.9488, 519.9488666666666, 519.9496666666666, 519.9503, 519.9525333333333, 519.9536333333333, 519.9546333333333, 519.9558666666667, 519.9574666666666, 519.9579333333334, 519.9603, 519.9614333333334]","[157, 95, 61, 190, 111, 225, 190, 225, 140, 49, 190, 37, 210, 0, 0, 190, 0, 0, 12, 188, 0, 157]"
520.272,520.2784,520.3052,520.28,4.689271926879883,0.0332,"[520.2749333333334, 520.275, 520.2751, 520.2753, 520.2755, 520.2768, 520.2772333333334, 520.2793, 520.2798333333334, 520.2806333333333, 520.2821666666666, 520.2825, 520.2834333333333, 520.2846666666667, 520.2858333333334, 520.2896333333333, 520.2900666666667, 520.2921333333334, 520.2929666666666, 520.2932666666667, 520.2940333333333, 520.2973666666667, 520.2991333333333, 520.3008, 520.3009333333333, 520.3023666666667, 520.3031, 520.3033666666666]","[95, 0, 190, 61, 157, 190, 0, 95, 0, 157, 61, 190, 187, 61, 190, 190, 35, 187, 95, 157, 61, 190, 197, 190, 0, 95, 0, 197]"
524.41,524.4216,524.434,524.422,3.5412328243255615,0.024,"[524.4102, 524.4116, 524.4118, 524.4119333333333, 524.4121, 524.4128, 524.4139, 524.4141333333333, 524.4201666666667, 524.4219666666667, 524.4232, 524.4235333333334, 524.4254, 524.4296333333333, 524.4302333333334, 524.4321, 524.4326666666667, 524.4329666666666, 524.4333666666666]","[190, 95, 232, 117, 0, 190, 95, 12, 0, 197, 0, 190, 0, 157, 0, 177, 95, 190, 157]"
527.7056,527.7288,527.7396,527.7312,11.966723442077637,0.034,"[527.7061, 527.7061666666667, 527.7063666666667, 527.7084, 527.7087333333334, 527.7096666666666, 527.7097666666666, 527.7101666666666, 527.7105666666666, 527.7116, 527.7124666666666, 527.7126, 527.7130666666667, 527.7137666666666, 527.7185333333333, 527.7185666666667, 527.719, 527.7191666666666, 527.7195, 527.7196666666666, 527.7198333333333, 527.7208666666667, 527.7212, 527.7217666666667, 527.7223333333334, 527.7249666666667, 527.7259333333334, 527.7263, 527.7272, 527.7272666666667, 527.7281, 527.7281333333333, 527.7295333333333, 527.7335333333333, 527.7344333333333, 527.7377666666666, 527.7380333333333, 527.7384666666667, 527.7386, 527.7389333333333, 527.7392333333333]","[190, 114, 95, 0, 58, 189, 37, 190, 0, 12, 190, 0, 157, 187, 157, 61, 219, 0, 190, 204, 232, 61, 0, 243, 95, 210, 95, 190, 187, 12, 157, 197, 190, 0, 12, 95, 190, 197, 61, 33, 157]"
529.942,529.9664,529.9848,529.9644,5.2037529945373535,0.0428,"[529.9471666666667, 529.9474, 529.9482333333333, 529.9497666666666, 529.9498333333333, 529.9503333333333, 529.9550666666667, 529.9553666666667, 529.9558, 529.9562666666667, 529.9564333333333, 529.9603, 529.9606333333334, 529.9607666666667, 529.9609, 529.9629333333334, 529.9639666666667, 529.9650666666666, 529.9652333333333, 529.9681, 529.9686, 529.9690333333333, 529.9698666666667, 529.9756666666667, 529.9763666666666, 529.9773, 529.9777333333334, 529.978, 529.9796333333334, 529.9798333333333, 529.9804333333333, 529.9831666666666]","[157, 190, 197, 173, 95, 190, 49, 193, 190, 61, 35, 190, 197, 95, 61, 229, 155, 95, 190, 33, 49, 187, 58, 190, 117, 197, 33, 61, 37, 95, 74, 97]"
532.1328,532.142,532.1552,532.1428,4.502723693847656,0.0224,"[532.1351, 532.1351333333333, 532.1352, 532.137, 532.1373666666667, 532.1381666666666, 532.1383, 532.1389, 532.1394666666666, 532.1400666666667, 532.1434666666667, 532.1448333333333, 532.1451666666667, 532.1467, 532.1504, 532.1506, 532.1511333333333, 532.1511666666667, 532.1514666666667, 532.1522333333334, 532.1531, 532.1547]","[190, 197, 149, 157, 95, 190, 114, 190, 58, 95, 157, 197, 190, 61, 95, 97, 0, 243, 155, 61, 190, 95]"
535.1768,535.208,535.214,535.2056,3.7986223697662354,0.0372,"[535.1768, 535.1837333333333, 535.1848666666667, 535.1875666666666, 535.1881333333333, 535.1885, 535.1898, 535.1913666666667, 535.1925666666667, 535.1939, 535.1965333333334, 535.1967333333333, 535.1986, 535.2012666666667, 535.2069666666666]","[187, 190, 61, 49, 232, 157, 190, 35, 95, 187, 187, 37, 157, 0, 190]"
545.3748,545.3828,545.4124,545.3832,4.1028828620910645,0.0376,"[545.3770666666667, 545.3792, 545.3828666666667, 545.3838333333333, 545.3840333333334, 545.3841333333334, 545.3844, 545.3860333333333, 545.3866666666667, 545.3882, 545.3882666666667, 545.3888666666667, 545.3893666666667, 545.3894333333334, 545.3899, 545.3903333333334, 545.3905666666667, 545.3917666666666, 545.3935, 545.3944, 545.3965333333333, 545.3968, 545.3972666666666, 545.4004333333334, 545.4007, 545.4007, 545.4049333333334, 545.4056333333333, 545.4057333333334, 545.4058, 545.4061666666666, 545.4073, 545.4073333333333, 545.4078, 545.4082, 545.4083666666667, 545.4083666666667, 545.4093666666666, 545.4117666666667]","[190, 114, 187, 157, 114, 95, 190, 12, 0, 243, 155, 190, 35, 61, 157, 0, 97, 35, 114, 97, 190, 197, 197, 157, 190, 0, 187, 95, 149, 190, 155, 187, 61, 114, 232, 190, 157, 37, 12]"
545.4412,545.4628,545.4684,545.464,3.3369901180267334,0.0272,"[545.4431333333333, 545.4435, 545.4451333333334, 545.4511, 545.4520666666666, 545.4526333333333, 545.4532666666667, 545.4532666666667, 545.4542333333334, 545.4563666666667, 545.4567, 545.4602, 545.4605, 545.4619, 545.4635, 545.4640666666667, 545.4660666666666, 545.4671, 545.4678, 545.4679666666667, 545.4683333333334]","[95, 190, 95, 0, 190, 157, 61, 33, 95, 219, 0, 190, 157, 95, 219, 61, 245, 190, 219, 61, 187]"
558.4548,558.4896,558.498,558.4892,5.051483154296875,0.0432,"[558.4566, 558.4566333333333, 558.4569666666666, 558.4572333333333, 558.4582, 558.4582666666666, 558.4593666666667, 558.4610333333334, 558.4617666666667, 558.4622333333333, 558.4628333333334, 558.4634, 558.4650333333333, 558.4666666666667, 558.4672, 558.4673333333334, 558.4681, 558.4699333333333, 558.4703666666667, 558.4705, 558.4709666666666, 558.4714666666666, 558.4726333333333, 558.4734333333333, 558.4735, 558.4747333333333, 558.4748333333333, 558.475, 558.4761666666667, 558.4765333333334, 558.4766, 558.4795333333333, 558.4827, 558.4827666666666, 558.4835666666667, 558.4838333333333, 558.4843333333333, 558.4859333333334, 558.4860333333334, 558.4866333333333, 558.4870333333333, 558.4881666666666, 558.4881666666666, 558.4901, 558.4912, 558.4922333333334, 558.4923666666666, 558.4965666666667, 558.4973]","[187, 190, 197, 35, 157, 95, 61, 37, 0, 190, 157, 33, 12, 177, 61, 190, 0, 157, 190, 97, 12, 35, 0, 35, 12, 219, 61, 0, 190, 245, 155, 190, 177, 190, 245, 187, 97, 190, 197, 245, 35, 219, 0, 245, 61, 95, 190, 157, 245]"
562.8088,562.814,562.8308,562.8152,3.5002596378326416,0.022,"[562.8096666666667, 562.8100333333333, 562.8115333333334, 562.8132666666667, 562.8144666666667, 562.8151666666666, 562.8153, 562.8159666666667, 562.8192333333334, 562.82, 562.8205333333333, 562.8212, 562.8212333333333, 562.8216666666667, 562.8226333333333, 562.8259, 562.8262, 562.8263666666667, 562.8276333333333, 562.8279, 562.8302]","[95, 61, 190, 197, 97, 190, 61, 58, 190, 35, 197, 61, 157, 193, 235, 157, 95, 0, 61, 190, 197]"
565.1424,565.156,565.1656,565.1544,6.941492080688477,0.0232,"[565.1432666666667, 565.1434666666667, 565.1442666666667, 565.1450666666667, 565.1474, 565.1484333333333, 565.1486666666667, 565.1493666666667, 565.1497, 565.1506, 565.152, 565.1529, 565.1537333333333, 565.1543666666666, 565.1547666666667, 565.155, 565.1552666666666, 565.156, 565.1564, 565.1583666666667, 565.1591, 565.1596333333333, 565.1596666666667, 565.1609666666667, 565.1613333333333, 565.1619, 565.1620666666666, 565.1626, 565.1636333333333, 565.1656]","[243, 157, 97, 190, 95, 97, 157, 193, 61, 95, 173, 0, 190, 155, 140, 0, 58, 190, 95, 97, 243, 190, 35, 114, 157, 61, 187, 12, 95, 190]"
565.7544,565.7664,565.7884,565.7684,14.706274032592772,0.034,"[565.7551333333333, 565.7581, 565.7583, 565.7592, 565.7613666666666, 565.7614666666667, 565.7625666666667, 565.7630333333333, 565.7638, 565.7643666666667, 565.7646333333333, 565.7647, 565.7647333333333, 565.7656666666667, 565.7675666666667, 565.7677666666667, 565.7680666666666, 565.7687666666667, 565.7704, 565.7707, 565.7707666666666, 565.7717666666666, 565.7733, 565.7752666666667, 565.7766, 565.7767666666666, 565.7771333333334, 565.7785666666666, 565.7786, 565.7787, 565.7795333333333, 565.7796, 565.7813333333334, 565.783, 565.7833666666667]","[197, 232, 95, 190, 33, 97, 155, 232, 190, 95, 61, 197, 84, 0, 97, 190, 0, 157, 197, 0, 190, 33, 0, 190, 157, 197, 190, 61, 58, 35, 0, 193, 157, 190, 61]"
571.4316,571.4432,571.452,571.4448,5.444167613983154,0.0204,"[571.4317, 571.4338, 571.4354666666667, 571.4377, 571.4383333333334, 571.4386666666667, 571.439, 571.4392, 571.4397333333334, 571.4405333333333, 571.4437333333333, 571.4486333333333, 571.4488, 571.4492333333334, 571.4495, 571.4501333333334, 571.4515666666666]","[95, 117, 190, 197, 190, 61, 35, 193, 84, 157, 95, 95, 97, 190, 197, 49, 95]"
575.1432,575.1696,575.1756,575.1456,3.1722724437713623,0.0324,"[575.1436333333334, 575.1442333333333, 575.1446666666667, 575.1456, 575.149, 575.1499, 575.1500666666667, 575.1513666666667, 575.1523, 575.1531666666667, 575.1547333333333, 575.1554, 575.1562333333334, 575.1564666666667, 575.1593, 575.1597, 575.1602333333333, 575.1632666666667, 575.1642, 575.1651, 575.1658333333334, 575.1671333333334, 575.1684, 575.1699666666667, 575.1702333333334, 575.1728, 575.1735666666667, 575.1743, 575.1748]","[0, 157, 58, 193, 91, 190, 33, 95, 154, 41, 197, 12, 95, 190, 58, 12, 33, 235, 12, 58, 173, 95, 41, 197, 12, 91, 58, 33, 95]"
578.9948,579.0196,579.0512,579.0164,11.69771671295166,0.0564,"[578.9959333333334, 578.9962333333333, 578.9969333333333, 578.9990666666666, 579.0002, 579.0029, 579.0036, 579.0043, 579.0049333333334, 579.0059333333334, 579.0069333333333, 579.0084, 579.0098333333333, 579.01, 579.0104, 579.0108, 579.0110666666667, 579.0116666666667, 579.0139333333333, 579.0156666666667, 579.0161333333333, 579.0169333333333, 579.0174333333333, 579.0175333333333, 579.0181, 579.0183333333333, 579.0185, 579.0194333333334, 579.0203333333334, 579.0208333333334, 579.0223333333333, 579.0229, 579.0233333333333, 579.0233666666667, 579.025, 579.0278666666667, 579.0297666666667, 579.0308, 579.0309, 579.0319, 579.0325, 579.0328333333333, 579.0335666666666, 579.0352, 579.0354666666667, 579.0359333333333, 579.0379666666666, 579.0388666666666, 579.0396666666667, 579.0406, 579.0407, 579.0413333333333, 579.0415, 579.0424666666667, 579.0445333333333, 579.0453666666667, 579.0465333333333, 579.0466666666666, 579.0475666666666, 579.0476333333334, 579.0480666666666, 579.0499333333333]","[235, 190, 61, 157, 97, 35, 95, 157, 190, 58, 49, 0, 95, 157, 0, 205, 37, 190, 95, 187, 37, 157, 157, 95, 190, 97, 197, 33, 95, 61, 190, 155, 0, 157, 95, 190, 0, 35, 61, 0, 235, 35, 232, 157, 190, 95, 61, 35, 190, 173, 157, 197, 33, 95, 190, 95, 157, 61, 35, 190, 235, 95]"
586.0296,586.05,586.078,586.0472,6.023472309112549,0.0484,"[586.0302666666666, 586.0315333333333, 586.0326, 586.0329, 586.0329333333333, 586.0331666666667, 586.0332666666667, 586.0333666666667, 586.0337, 586.0352666666666, 586.0354666666667, 586.0356666666667, 586.0363666666667, 586.0374, 586.0379, 586.0383666666667, 586.0385333333334, 586.0385666666666, 586.0392333333333, 586.0396666666667, 586.0428666666667, 586.0432666666667, 586.046, 586.0465333333333, 586.0474333333333, 586.0475333333334, 586.0476666666667, 586.0483, 586.0495, 586.0504, 586.051, 586.0521, 586.0521666666667, 586.0523666666667, 586.0532, 586.0557333333334, 586.0558666666667, 586.0566333333334, 586.0584, 586.0584333333334, 586.0594, 586.0597, 586.06, 586.0603333333333, 586.061, 586.0611666666666, 586.0627666666667, 586.0629, 586.0633333333334, 586.0653666666667, 586.0669666666666, 586.0672, 586.0677666666667, 586.0683, 586.0693666666666, 586.0699, 586.0711333333334, 586.072, 586.0720333333334, 586.0723, 586.0738, 586.0741]","[95, 114, 157, 97, 190, 95, 35, 0, 58, 35, 114, 0, 95, 243, 190, 197, 173, 61, 95, 114, 97, 190, 97, 157, 190, 235, 0, 12, 109, 0, 61, 197, 95, 190, 157, 187, 95, 41, 61, 187, 190, 49, 35, 187, 95, 41, 157, 197, 190, 0, 33, 157, 0, 35, 140, 0, 37, 95, 190, 61, 187, 97]"
586.1236,586.1548,586.1596,586.1576,3.417819023132324,0.036,"[586.1236666666666, 586.1245333333334, 586.1247, 586.126, 586.1274, 586.1281666666666, 586.1283666666667, 586.1287, 586.1299333333334, 586.1309666666667, 586.1315333333333, 586.1315333333333, 586.1339, 586.1343, 586.1364666666667, 586.1371666666666, 586.1389333333333, 586.1404, 586.1410666666667, 586.1419666666667, 586.1427333333334, 586.1428, 586.1451, 586.1452666666667, 586.1455, 586.1456333333333, 586.1485666666666, 586.1510666666667, 586.1512, 586.1543666666666, 586.1546666666667, 586.1558, 586.1567333333334, 586.1572333333334, 586.1583333333333]","[95, 35, 190, 97, 245, 61, 33, 95, 197, 190, 245, 95, 0, 190, 219, 0, 190, 95, 61, 157, 197, 155, 193, 190, 97, 0, 0, 157, 190, 0, 245, 95, 190, 61, 197]"
588.6556,588.686,588.692,588.6852,3.985182285308838,0.0364,"[588.6560666666667, 588.6563333333334, 588.6566666666666, 588.657, 588.6579333333333, 588.6599, 588.6612666666666, 588.6619, 588.6620333333333, 588.6623, 588.6623, 588.6626333333334, 588.6627, 588.6632, 588.664, 588.6652, 588.6660666666667, 588.6666333333334, 588.6666333333334, 588.6668, 588.6671, 588.6680666666666, 588.6693, 588.6695, 588.671, 588.6710333333333, 588.6717, 588.6719, 588.6722333333333, 588.6726, 588.6749, 588.6753333333334, 588.6757333333334, 588.6758, 588.6765333333333, 588.6791333333333, 588.6806333333334, 588.6808666666667, 588.6813666666667, 588.682, 588.682, 588.6831333333333, 588.6839666666667, 588.6842, 588.6842666666666, 588.6850666666667, 588.6853333333333, 588.6857, 588.6861666666666, 588.6864, 588.6878333333333, 588.6889333333334, 588.6908666666667, 588.6911, 588.6913333333333, 588.6913666666667]","[95, 190, 155, 197, 61, 187, 204, 187, 114, 232, 190, 95, 61, 58, 187, 157, 204, 190, 95, 232, 35, 61, 0, 114, 154, 149, 61, 157, 190, 97, 232, 114, 190, 197, 61, 157, 157, 190, 243, 95, 0, 35, 190, 95, 0, 243, 35, 155, 114, 0, 190, 0, 97, 190, 95, 0]"
589.5084,589.518,589.53,589.5172,6.213140964508057,0.0216,"[589.5111, 589.5114666666667, 589.5115, 589.5119333333333, 589.5148333333333, 589.5156666666667, 589.5161666666667, 589.5191, 589.5200333333333, 589.5201666666667, 589.5216, 589.5236666666667, 589.5239666666666, 589.524, 589.5242, 589.5265666666667, 589.5268666666667, 589.5275, 589.5278333333333]","[155, 190, 197, 0, 95, 190, 61, 157, 33, 190, 187, 61, 190, 187, 140, 157, 187, 12, 190]"
592.304,592.3148,592.3556,592.3124,7.455003261566162,0.0516,"[592.3055, 592.3067666666667, 592.3072, 592.3078333333333, 592.3084666666666, 592.3085666666667, 592.3091333333333, 592.3104333333333, 592.3123, 592.3124, 592.313, 592.3132, 592.3136333333333, 592.3186, 592.3189333333333, 592.3191666666667, 592.3193333333334, 592.3195, 592.3196666666666, 592.3233, 592.3233333333334, 592.3236, 592.3240333333333, 592.3243, 592.3246333333333, 592.3250666666667, 592.3261666666667, 592.3268, 592.3284666666667, 592.3285, 592.3294, 592.3294666666667, 592.3299333333333, 592.3307, 592.3312666666667, 592.3316666666667, 592.3317666666667, 592.3318333333333, 592.3319, 592.3341, 592.3345333333333, 592.3357, 592.3364666666666, 592.3371666666667, 592.3379, 592.3396333333334, 592.3398, 592.3402666666667, 592.3402666666667, 592.3421666666667, 592.3456, 592.3456, 592.3474666666667, 592.3500666666666, 592.3501333333334, 592.3508666666667]","[173, 190, 114, 61, 157, 58, 189, 173, 190, 232, 0, 157, 197, 154, 0, 197, 243, 190, 157, 114, 97, 190, 204, 197, 95, 157, 187, 190, 187, 12, 35, 95, 0, 190, 155, 197, 232, 243, 35, 190, 0, 187, 95, 197, 187, 187, 97, 190, 61, 12, 190, 95, 187, 61, 157, 0]"
593.5724,593.5792,593.6064,593.5788,4.863796710968018,0.034,"[593.5737, 593.5766, 593.5775333333333, 593.5779666666666, 593.5788333333334, 593.5793666666667, 593.5804333333333, 593.5838666666667, 593.5843333333333, 593.5850666666666, 593.5858, 593.5870666666667, 593.5872333333333, 593.5874, 593.5895666666667, 593.5902666666667, 593.5911666666667, 593.5945666666667, 593.5949, 593.5963, 593.5965, 593.5966333333333, 593.5971666666667, 593.5973, 593.5977333333333, 593.5983666666667, 593.5994666666667, 593.6025333333333, 593.6031666666667, 593.6036, 593.6052333333333, 593.6054333333333]","[190, 97, 95, 190, 157, 84, 97, 97, 197, 190, 61, 155, 157, 205, 95, 190, 157, 37, 0, 157, 155, 190, 0, 193, 193, 84, 0, 197, 190, 173, 95, 0]"
597.2996,597.3056,597.3284,597.308,3.781811475753784,0.0288,"[597.3023, 597.3031333333333, 597.3034333333334, 597.3037666666667, 597.3042, 597.3052, 597.3053666666667, 597.3056666666666, 597.3092333333333, 597.3105333333333, 597.3110333333333, 597.3125333333334, 597.3126, 597.3128666666667, 597.3146666666667, 597.3153333333333, 597.3155, 597.3159666666667, 597.3161333333334, 597.3175666666667, 597.3179, 597.3193, 597.3196333333333, 597.3199333333333, 597.3211666666666, 597.3214, 597.3216333333334, 597.3216333333334, 597.3219, 597.322, 597.3222666666667, 597.323, 597.3230333333333, 597.3232666666667, 597.3233666666666, 597.3251, 597.3259, 597.3270666666666]","[114, 61, 190, 157, 97, 247, 61, 197, 190, 61, 247, 197, 243, 190, 240, 95, 157, 97, 190, 95, 0, 247, 188, 243, 240, 97, 157, 41, 190, 35, 61, 111, 225, 97, 0, 190, 240, 173]"
597.5928,597.6028,597.614,597.6012,6.909952640533447,0.0212,"[597.5932666666666, 597.5953666666667, 597.5958, 597.5959, 597.596, 597.5964666666666, 597.5971666666667, 597.5976, 597.6000666666666, 597.6017333333333, 597.6019, 597.6031, 597.6055666666666, 597.6070333333333, 597.6085333333333, 597.6089666666667, 597.6090333333333, 597.6119666666667]","[187, 187, 173, 157, 197, 97, 190, 187, 187, 190, 157, 187, 187, 190, 157, 177, 37, 197]"
608.0116,608.0172,608.0392,608.0168,3.026461601257324,0.0276,"[608.0141, 608.0142666666667, 608.0159666666667, 608.0162, 608.0163666666666, 608.0167, 608.0167333333334, 608.0169666666667, 608.0174, 608.0181, 608.0194, 608.0203, 608.0213666666667, 608.0217333333334, 608.0219333333333, 608.0238, 608.0242, 608.0257, 608.0269, 608.0276, 608.0288, 608.0289333333334, 608.0289666666666, 608.0290333333334, 608.0333666666667, 608.0351, 608.0358]","[111, 190, 197, 61, 95, 157, 155, 97, 88, 190, 0, 197, 95, 190, 0, 157, 0, 197, 190, 61, 190, 157, 95, 187, 190, 193, 33]"
610.7176,610.7336,610.7436,610.7376,5.932406902313232,0.026,"[610.7183333333334, 610.7184, 610.7187666666666, 610.7200666666666, 610.7204666666667, 610.7215666666667, 610.7216333333333, 610.7222, 610.7225, 610.7228, 610.7238333333333, 610.7249, 610.7250666666666, 610.7259, 610.726, 610.7276333333333, 610.7290333333333, 610.7293333333333, 610.7308333333333, 610.7333666666667, 610.7339, 610.7351666666667, 610.7370333333333, 610.7387666666667, 610.7405333333334, 610.7407333333333, 610.7433666666667, 610.7434666666667]","[190, 157, 0, 95, 97, 33, 190, 157, 95, 197, 49, 190, 35, 41, 157, 187, 190, 61, 95, 190, 235, 0, 0, 157, 97, 190, 190, 235]"
617.9752,617.9828,618.0068,617.984,6.919151306152344,0.0316,"[617.9753666666667, 617.9754333333333, 617.9759, 617.9774333333334, 617.9784666666667, 617.9785333333333, 617.9796, 617.9799, 617.9802666666667, 617.9806333333333, 617.9808, 617.9819333333334, 617.9821333333333, 617.9825333333333, 617.9845666666666, 617.9857333333333, 617.9860666666667, 617.9874333333333, 617.9883333333333, 617.9886666666666, 617.9888333333333, 617.9901666666667, 617.9909666666666, 617.9909666666666, 617.9913666666666, 617.9916, 617.9923666666666, 617.9926333333333, 617.9933666666667, 617.9938666666667, 617.9948333333333, 617.9954333333334, 617.9979, 617.9984333333333, 617.9986333333334, 617.9995333333334, 617.9997666666667, 618.0002, 618.0005333333334, 618.0008, 618.0017666666666, 618.0050333333334]","[84, 0, 197, 0, 157, 35, 95, 247, 12, 190, 109, 114, 197, 193, 35, 190, 154, 95, 49, 193, 3, 0, 190, 41, 197, 97, 0, 114, 157, 187, 3, 61, 0, 157, 197, 187, 61, 190, 35, 155, 95, 95]"
619.1656,619.1852,619.1928,619.1828,3.5157580375671387,0.0272,"[619.1656333333333, 619.1658, 619.1661333333333, 619.1664, 619.1669333333333, 619.1673333333333, 619.1679333333333, 619.1687333333333, 619.1688666666666, 619.1689666666666, 619.17, 619.1703666666667, 619.1710666666667, 619.1721, 619.1722666666667, 619.1759, 619.1765333333333, 619.1766333333334, 619.1791666666667, 619.1802333333334, 619.1812666666667, 619.183, 619.1838666666666, 619.1847666666666, 619.1851, 619.1875, 619.1875666666666, 619.1904, 619.1910666666666, 619.1911]","[0, 61, 204, 35, 193, 190, 12, 114, 232, 35, 155, 190, 61, 189, 95, 37, 95, 190, 95, 12, 190, 157, 0, 95, 190, 61, 190, 95, 190, 157]"
620.0988,620.1224,620.1404,620.1208,4.290625095367432,0.0416,"[620.0990666666667, 620.0991333333334, 620.0996, 620.1000333333334, 620.1011666666667, 620.1025333333333, 620.1032, 620.1036666666666, 620.1045, 620.1057, 620.1062666666667, 620.1088333333333, 620.1091, 620.1095, 620.1099, 620.1100666666666, 620.1102333333333, 620.111, 620.1116, 620.1131333333333, 620.1137666666667, 620.1149666666666, 620.115, 620.1151666666667, 620.1158333333333, 620.1158666666666, 620.12, 620.1204666666666, 620.1208666666666, 620.1209, 620.1218333333334, 620.1226, 620.1229333333333, 620.1254, 620.1264, 620.1264, 620.1276666666666, 620.1280333333333, 620.1300333333334, 620.1304, 620.1317333333334, 620.1341666666667, 620.1342333333333, 620.1344666666666, 620.1359333333334, 620.1383, 620.1395333333334, 620.14]","[155, 190, 95, 61, 245, 187, 95, 219, 190, 33, 235, 190, 187, 157, 61, 154, 245, 187, 197, 187, 235, 95, 231, 190, 157, 33, 190, 41, 157, 155, 204, 157, 204, 35, 190, 187, 95, 58, 187, 190, 204, 61, 157, 190, 204, 0, 204, 35]"
623.7412,623.7812,623.7876,623.7824,4.959347724914551,0.0464,"[623.7415333333333, 623.7425333333333, 623.7442666666667, 623.7450666666666, 623.7458, 623.7472, 623.7472666666666, 623.7473333333334, 623.7487333333333, 623.7504333333334, 623.7506333333333, 623.7511, 623.7515, 623.7516333333333, 623.7523333333334, 623.7546666666667, 623.7581, 623.7588333333333, 623.7589333333333, 623.7602333333333, 623.7611, 623.7611333333333, 623.7622666666666, 623.7632, 623.7632333333333, 623.7635666666666, 623.7636666666667, 623.7681333333334, 623.7687333333333, 623.7690333333334, 623.7698, 623.7698333333333, 623.7708666666666, 623.7731333333334, 623.774, 623.7743333333333, 623.7755333333333, 623.7757333333333, 623.7760333333333, 623.7765666666667, 623.7774, 623.7777666666667, 623.779, 623.7793, 623.7818666666667, 623.7820333333333, 623.7823, 623.7825, 623.7828333333333, 623.7834333333333, 623.7837]","[190, 97, 197, 190, 95, 157, 33, 187, 190, 245, 61, 190, 0, 49, 177, 190, 190, 177, 61, 187, 33, 95, 37, 157, 58, 190, 197, 190, 97, 0, 35, 12, 232, 49, 173, 35, 95, 41, 190, 84, 155, 197, 177, 187, 187, 97, 61, 155, 157, 210, 190]"
627.8804,627.9048,627.9516,627.904,5.997325897216797,0.0712,"[627.8807, 627.8808666666666, 627.8835666666666, 627.8837333333333, 627.8838333333333, 627.8857, 627.8857333333333, 627.8862666666666, 627.8871, 627.8876, 627.8878333333333, 627.8879666666667, 627.8884666666667, 627.8907333333333, 627.8911333333333, 627.8924, 627.8928, 627.8936333333334, 627.8937333333333, 627.8946666666667, 627.8967333333334, 627.8984333333333, 627.8986666666667, 627.8987666666667, 627.8989, 627.8995333333334, 627.9028, 627.9041, 627.9042666666667, 627.9045666666667, 627.9046, 627.905, 627.9057666666666, 627.9092333333333, 627.9096, 627.9113, 627.9119, 627.9139333333334, 627.9179333333333, 627.9184, 627.9184666666666, 627.9209333333333, 627.9275333333334, 627.9319333333333, 627.9323, 627.9344333333333, 627.9348666666667, 627.9359333333333, 627.9365666666666, 627.9366666666666, 627.9385333333333, 627.9398333333334, 627.9402, 627.9409, 627.9412, 627.9415333333334, 627.9420333333334, 627.9424333333334, 627.9438666666666, 627.9451333333334, 627.9463666666667, 627.9468666666667, 627.9472666666667, 627.9476333333333, 627.9501, 627.9501333333334]","[95, 190, 0, 88, 219, 0, 95, 197, 190, 155, 0, 97, 197, 0, 219, 95, 0, 190, 197, 61, 187, 193, 35, 190, 61, 187, 197, 95, 190, 157, 0, 197, 61, 190, 97, 157, 0, 197, 157, 37, 97, 190, 95, 190, 97, 232, 157, 37, 190, 95, 232, 234, 187, 155, 97, 197, 33, 187, 235, 232, 155, 190, 197, 97, 234, 173]"
630.2684,630.2816,630.3304,630.2836,4.544586658477783,0.062,"[630.2699, 630.2701666666667, 630.2702666666667, 630.2706, 630.2709333333333, 630.2721333333334, 630.2722333333334, 630.2730333333334, 630.2741, 630.2757, 630.2762, 630.2770333333333, 630.2775666666666, 630.2779666666667, 630.2783333333333, 630.2792333333333, 630.2818333333333, 630.2820666666667, 630.2822, 630.2829, 630.2846666666667, 630.2850333333333, 630.2860666666667, 630.2866333333334, 630.2872666666667, 630.2874333333333, 630.2898, 630.2905333333333, 630.2909, 630.2913, 630.2915333333333, 630.2915333333333, 630.2915666666667, 630.2940666666667, 630.2951666666667, 630.2955666666667, 630.2963666666667, 630.2968666666667, 630.2970666666666, 630.2971, 630.2974, 630.2974, 630.2977333333333, 630.2989333333334, 630.299, 630.2993, 630.3023, 630.3037, 630.3038666666666, 630.3045333333333, 630.3058666666667, 630.3086333333333, 630.3107666666667, 630.3115666666666, 630.3121333333333, 630.3128666666667, 630.3164666666667, 630.3169333333333, 630.3171, 630.3186333333333, 630.3196, 630.3199, 630.3203666666667, 630.3211333333334, 630.3236, 630.3242, 630.3244333333333, 630.3247666666666, 630.3272333333333, 630.3272666666667, 630.3272666666667, 630.3272666666667, 630.3282, 630.3295666666667, 630.3296666666666, 630.3297, 630.3303]","[12, 12, 187, 197, 157, 95, 61, 190, 0, 235, 187, 95, 157, 61, 190, 247, 193, 95, 190, 155, 157, 97, 212, 97, 61, 95, 190, 157, 188, 97, 247, 212, 0, 0, 212, 155, 157, 97, 197, 188, 0, 190, 58, 37, 95, 173, 37, 95, 190, 61, 197, 157, 235, 190, 95, 61, 197, 12, 212, 190, 187, 197, 95, 58, 12, 157, 190, 61, 223, 110, 99, 95, 97, 61, 190, 95, 157]"
632.32,632.342,632.3512,632.3452,5.861876487731934,0.0312,"[632.3216333333334, 632.3217, 632.3218333333333, 632.3220333333334, 632.3222, 632.3233333333334, 632.3247, 632.3248666666667, 632.3258, 632.3261, 632.3269, 632.3280666666667, 632.3307666666667, 632.3308, 632.3309, 632.3323666666666, 632.3326, 632.3347333333334, 632.3350666666666, 632.3352333333333, 632.3376, 632.3396, 632.3432666666666, 632.3438666666667, 632.3445, 632.3458666666667, 632.3465, 632.3479333333333, 632.3485333333333, 632.3488666666667, 632.3492, 632.3509666666666]","[0, 204, 197, 190, 157, 95, 0, 190, 58, 232, 95, 243, 97, 0, 190, 204, 95, 97, 58, 190, 204, 95, 61, 190, 149, 0, 61, 157, 95, 0, 190, 84]"
634.2272,634.2544,634.2608,634.2536,4.103188514709473,0.0336,"[634.2280666666667, 634.2282333333334, 634.2289, 634.23, 634.2318333333334, 634.2322666666666, 634.2336, 634.2341333333334, 634.2343666666667, 634.2360666666667, 634.2364, 634.2379333333333, 634.2384, 634.2385333333333, 634.2417333333333, 634.2419, 634.2425666666667, 634.2434333333333, 634.2437, 634.2471, 634.2481, 634.2490333333334, 634.2506, 634.2510333333333, 634.2514666666667, 634.2536, 634.2547, 634.2547333333333, 634.255, 634.2566333333333, 634.2567666666666, 634.2595666666666, 634.2595666666666, 634.2596666666667, 634.2601666666667]","[35, 61, 157, 0, 61, 0, 190, 109, 0, 190, 0, 41, 157, 155, 61, 190, 197, 35, 157, 155, 190, 157, 95, 61, 190, 157, 0, 61, 97, 155, 0, 0, 61, 190, 157]"
636.666,636.6896,636.6952,636.6896,3.136171817779541,0.0292,"[636.6676333333334, 636.6685, 636.6694, 636.6700333333333, 636.6701, 636.6705333333333, 636.6707666666666, 636.6711, 636.6721, 636.6727333333333, 636.6728333333333, 636.6738333333333, 636.6748666666666, 636.6751333333333, 636.6751666666667, 636.6756333333333, 636.6759333333333, 636.6759666666667, 636.6771666666667, 636.6777, 636.6791666666667, 636.6800333333333, 636.6825, 636.6826, 636.6841333333333, 636.6854666666667, 636.6864, 636.6881, 636.6885666666667, 636.6929333333334]","[190, 193, 197, 37, 140, 157, 171, 0, 190, 12, 229, 0, 35, 49, 222, 95, 0, 190, 190, 157, 189, 95, 190, 193, 0, 190, 0, 95, 157, 190]"
638.876,638.892,638.8988,638.894,4.64996337890625,0.0228,"[638.8765333333333, 638.8774666666667, 638.8776666666666, 638.8779333333333, 638.8784666666667, 638.8784666666667, 638.8785666666666, 638.8787, 638.8787333333333, 638.8793, 638.8805666666667, 638.8834333333333, 638.8840666666666, 638.8846666666667, 638.8888, 638.8893, 638.8894, 638.8894, 638.8902, 638.8913333333334, 638.8921, 638.8921333333333, 638.8924333333333, 638.8929, 638.8948333333333, 638.8949, 638.8951333333333, 638.8958, 638.8963]","[187, 95, 157, 190, 58, 61, 41, 197, 187, 155, 204, 97, 190, 61, 61, 58, 204, 190, 157, 197, 95, 190, 97, 0, 204, 35, 95, 190, 157]"
642.2988,642.3416,642.3492,642.3192,5.727177143096924,0.0504,"[642.2997, 642.3005333333333, 642.3018666666667, 642.3043333333334, 642.3058, 642.3064333333333, 642.3071666666667, 642.308, 642.3080333333334, 642.3124666666666, 642.3127666666667, 642.3131, 642.3139, 642.3153666666667, 642.3154, 642.316, 642.3165, 642.3167333333333, 642.3175666666667, 642.3185333333333, 642.3200333333333, 642.3203, 642.3213333333333, 642.3219333333333, 642.3229666666666, 642.3236333333333, 642.3241333333333, 642.3244333333333, 642.3256666666666, 642.3257, 642.3258333333333, 642.3279666666666, 642.3282, 642.3284333333334, 642.3284333333334, 642.3284666666667, 642.3287333333334, 642.3296, 642.3303, 642.3305666666666, 642.3309666666667, 642.3313333333333, 642.3315, 642.3322666666667, 642.3327666666667, 642.3335333333333, 642.3339, 642.3342666666666, 642.3353666666667, 642.3360666666666, 642.3371, 642.3373333333333, 642.3388333333334, 642.3401333333334, 642.3411333333333, 642.3417, 642.3420333333333, 642.3440666666667, 642.3448333333333, 642.3456666666667]","[95, 243, 187, 190, 114, 97, 58, 190, 95, 190, 95, 95, 157, 243, 97, 114, 97, 35, 61, 197, 190, 157, 114, 95, 33, 190, 157, 210, 187, 37, 49, 243, 187, 95, 12, 61, 97, 12, 232, 114, 35, 193, 95, 190, 35, 58, 197, 95, 157, 232, 149, 190, 187, 0, 61, 190, 95, 157, 190, 232]"
643.388,643.4056,643.4128,643.4068,4.357638835906982,0.0248,"[643.3882333333333, 643.3885666666666, 643.3904666666666, 643.3905, 643.3905666666667, 643.3913333333334, 643.3918333333334, 643.3919666666667, 643.392, 643.3926333333334, 643.3949333333334, 643.3951666666667, 643.3953, 643.3957666666666, 643.3963666666667, 643.3963666666667, 643.3966333333333, 643.3974666666667, 643.3981, 643.3989333333334, 643.3998333333333, 643.4005666666667, 643.4008333333334, 643.4008666666666, 643.4017, 643.4055333333333, 643.4064, 643.4078666666667, 643.4079333333333, 643.4095666666667, 643.4107666666666, 643.4112666666666, 643.4117666666667, 643.4118333333333]","[157, 189, 243, 35, 114, 12, 190, 58, 61, 197, 243, 33, 95, 187, 190, 61, 114, 193, 95, 243, 35, 97, 190, 157, 232, 0, 61, 190, 95, 37, 189, 12, 197, 58]"
648.4576,648.4644,648.4988,648.4628,3.8024027347564697,0.0412,"[648.4614, 648.4619, 648.4621333333333, 648.4621333333333, 648.4627333333333, 648.4637333333334, 648.4668, 648.4676, 648.4679333333333, 648.4685, 648.4699666666667, 648.4721333333333, 648.4743666666667, 648.4751666666667, 648.4768333333334, 648.4772666666667, 648.4775333333333, 648.4782666666666, 648.4795, 648.4821, 648.4822666666666, 648.4823, 648.4826, 648.4833, 648.4837333333334, 648.4839666666667, 648.4846, 648.4846333333334, 648.4853666666667, 648.4897, 648.4905333333334, 648.4953666666667, 648.4963666666666]","[187, 190, 61, 97, 157, 187, 197, 190, 33, 157, 49, 190, 157, 95, 41, 33, 190, 58, 229, 187, 35, 61, 190, 95, 197, 171, 61, 58, 33, 157, 61, 190, 157]"
649.2428,649.2608,649.2708,649.2608,9.02839183807373,0.028,"[649.2437666666667, 649.2439, 649.2456333333333, 649.2470666666667, 649.2475666666667, 649.2483333333333, 649.2496666666667, 649.2505, 649.2530666666667, 649.2534, 649.2547, 649.2552333333333, 649.2581, 649.2613, 649.2614, 649.2614333333333, 649.2617, 649.2617666666666, 649.2636333333334, 649.2642666666667, 649.2647333333333]","[95, 190, 187, 157, 155, 187, 61, 12, 243, 197, 95, 157, 190, 190, 157, 197, 61, 187, 95, 190, 187]"
655.282,655.2876,655.3096,655.288,3.5032761096954346,0.0276,"[655.2821333333334, 655.2828666666667, 655.2834, 655.2844333333334, 655.2870666666666, 655.2875, 655.2879333333333, 655.2906, 655.2939333333334, 655.295, 655.2952666666666, 655.2953, 655.2954, 655.2955333333333, 655.3001333333333, 655.3003333333334, 655.3022333333333, 655.3024666666666, 655.3027333333333, 655.3037, 655.3037666666667, 655.3061, 655.3062666666667, 655.3074333333333]","[61, 190, 33, 0, 61, 190, 157, 0, 235, 197, 49, 190, 155, 157, 190, 197, 95, 157, 190, 37, 187, 187, 190, 197]"
661.7324,661.7644,661.7752,661.7664,4.936692714691162,0.0428,"[661.7330333333333, 661.7331333333333, 661.7336666666666, 661.7337, 661.7346, 661.7358666666667, 661.7361, 661.7373333333334, 661.7377666666666, 661.7388666666667, 661.7415, 661.7418333333334, 661.7425666666667, 661.7428, 661.7431333333334, 661.7436666666666, 661.7439, 661.7451, 661.7485, 661.7491666666666, 661.7536, 661.7583666666667, 661.7584666666667, 661.7601666666667, 661.7644, 661.7645666666666, 661.7675333333333, 661.7728333333333]","[17, 41, 95, 190, 245, 197, 0, 95, 245, 197, 157, 0, 190, 245, 97, 95, 197, 190, 95, 190, 84, 95, 190, 37, 0, 95, 157, 190]"
663.9564,663.9748,663.9864,663.9736,6.096564292907715,0.03,"[663.9571666666667, 663.9576666666667, 663.9591, 663.9598333333333, 663.962, 663.9629333333334, 663.9630666666667, 663.9632333333333, 663.9634333333333, 663.9634666666667, 663.9637, 663.9649333333333, 663.9654, 663.9672666666667, 663.9681666666667, 663.9689, 663.9694, 663.9699333333333, 663.9709, 663.9732333333334, 663.9743333333333, 663.9748, 663.9750333333334, 663.9754333333333, 663.9775333333333, 663.9782666666666, 663.9800333333334, 663.9800666666666, 663.9801, 663.9815, 663.9817333333333, 663.9824333333333, 663.9831, 663.9833333333333, 663.9838666666667, 663.9848666666667]","[155, 190, 197, 95, 95, 190, 95, 61, 157, 114, 95, 84, 95, 232, 187, 97, 0, 190, 97, 187, 204, 190, 197, 157, 0, 61, 232, 204, 0, 95, 190, 0, 37, 61, 190, 204]"
669.25,669.2576,669.2756,669.2588,3.3711376190185547,0.0256,"[669.2528, 669.2530333333333, 669.2535, 669.2558, 669.2586666666666, 669.2616, 669.2622333333334, 669.2623, 669.2668333333334, 669.2669666666667, 669.2672, 669.2675666666667, 669.2680333333333, 669.2680333333333, 669.2701666666667, 669.2715, 669.2721333333334, 669.2726666666666]","[190, 95, 0, 0, 157, 197, 190, 0, 157, 197, 41, 0, 190, 95, 0, 95, 190, 157]"
672.1376,672.1564,672.1664,672.1576,7.043076038360596,0.0288,"[672.1381333333334, 672.1383666666667, 672.1384333333333, 672.1384666666667, 672.1387666666667, 672.1392, 672.1395333333334, 672.1397666666667, 672.1407, 672.1413666666666, 672.1419, 672.1421666666666, 672.1422, 672.1426666666666, 672.1428, 672.1438333333333, 672.1443, 672.1452333333333, 672.1454333333334, 672.1457, 672.1461, 672.1463, 672.1482333333333, 672.1514333333333, 672.1520333333333, 672.1528333333333, 672.1528666666667, 672.1559666666667, 672.1567, 672.1568666666667, 672.1585333333334, 672.1594666666666, 672.1613333333333, 672.1636333333333, 672.1639666666666]","[33, 95, 188, 192, 157, 197, 35, 190, 0, 61, 35, 245, 61, 97, 0, 157, 35, 190, 0, 245, 190, 35, 190, 95, 157, 190, 197, 190, 49, 61, 0, 61, 0, 157, 0]"
672.7824,672.7956,672.8092,672.8032,4.535231590270996,0.0268,"[672.7828, 672.783, 672.7840333333334, 672.7856, 672.7862333333334, 672.7875, 672.7887, 672.7887666666667, 672.7891666666667, 672.7911, 672.7918666666667, 672.7922666666667, 672.7942666666667, 672.7961333333334, 672.7974333333333, 672.7978666666667, 672.8026, 672.8028666666667, 672.8033666666666, 672.8037666666667, 672.804, 672.8040666666667, 672.8050666666667, 672.8085666666667, 672.8086333333333]","[95, 190, 247, 61, 0, 35, 23, 190, 0, 35, 0, 190, 197, 95, 61, 37, 197, 95, 157, 193, 190, 49, 187, 95, 190]"
679.7928,679.806,679.8132,679.8068,4.676120281219482,0.0204,"[679.7928, 679.7938333333333, 679.7944, 679.7958333333333, 679.7958666666667, 679.7959, 679.796, 679.7966333333334, 679.8028666666667, 679.8039333333334, 679.8055666666667, 679.8061666666666, 679.8064666666667, 679.8077333333333, 679.8078333333333, 679.8082666666667, 679.8095, 679.8098666666667, 679.8119]","[197, 95, 155, 190, 61, 187, 37, 95, 190, 0, 61, 95, 190, 35, 197, 58, 0, 189, 190]"
683.5776,683.6364,683.7088,683.636,7.864021301269531,0.1312,"[683.5779666666666, 683.5781666666667, 683.5830333333333, 683.5851, 683.5895333333333, 683.5939, 683.5942333333334, 683.5969666666666, 683.5990666666667, 683.5993333333333, 683.6006, 683.6078666666667, 683.6138666666667, 683.6179666666667, 683.619, 683.6216333333333, 683.6254666666666, 683.6257333333333, 683.626, 683.6307666666667, 683.6333666666667, 683.6375333333333, 683.6430333333333, 683.6445666666667, 683.645, 683.6476666666666, 683.6506, 683.6533333333333, 683.6541, 683.6565666666667, 683.6590333333334, 683.6611, 683.6621333333334, 683.6629, 683.6645333333333, 683.6647, 683.6666333333334, 683.6673333333333, 683.6674, 683.6686333333333, 683.6689333333334, 683.6721666666666, 683.6746666666667, 683.6751, 683.6753, 683.6755666666667, 683.6758, 683.6764333333333, 683.6773333333333, 683.6781, 683.6783, 683.6796, 683.6815333333333, 683.6827333333333, 683.6832333333333, 683.6834666666666, 683.6849666666667, 683.6856333333334, 683.6861333333334, 683.6865666666666, 683.6885666666667, 683.6905, 683.6918333333333, 683.6922333333333, 683.6927333333333, 683.6932, 683.6947333333334, 683.6958, 683.6968, 683.6972333333333, 683.6978, 683.6986, 683.7004333333333, 683.7006, 683.7019666666666, 683.7033333333334, 683.7046, 683.7077, 683.7078]","[12, 190, 33, 197, 173, 33, 197, 157, 193, 33, 173, 171, 231, 149, 91, 193, 210, 197, 154, 157, 154, 197, 154, 95, 231, 157, 193, 235, 154, 197, 157, 232, 0, 61, 190, 0, 41, 157, 33, 58, 95, 232, 12, 190, 157, 58, 197, 171, 33, 95, 58, 177, 232, 41, 210, 190, 33, 157, 58, 84, 171, 173, 58, 197, 61, 12, 177, 61, 33, 41, 157, 58, 12, 190, 232, 235, 210, 154, 95]"
683.7956,683.8296,683.8468,683.8312,5.018333435058594,0.0512,"[683.798, 683.8004666666667, 683.8005, 683.8005, 683.8010333333333, 683.8014333333333, 683.8018333333333, 683.8031, 683.8075333333334, 683.8089, 683.8094, 683.8098333333334, 683.8112666666667, 683.8124, 683.8128666666667, 683.8149333333333, 683.8150333333333, 683.8173666666667, 683.8179333333334, 683.8188333333334, 683.8189333333333, 683.8191666666667, 683.8200666666667, 683.8204333333333, 683.8209333333333, 683.8251333333334, 683.8254333333333, 683.8256666666666, 683.8293, 683.8293, 683.8293333333334, 683.8294, 683.8295, 683.8304, 683.8313, 683.8325666666667, 683.8332666666666, 683.8341666666666, 683.8409666666666, 683.8413333333333, 683.8414333333334, 683.8415666666667, 683.8421666666667, 683.8445666666667, 683.8454333333333, 683.8456666666667, 683.8466666666667]","[173, 197, 61, 91, 97, 187, 12, 171, 91, 95, 187, 155, 41, 61, 58, 95, 190, 97, 33, 41, 58, 0, 171, 12, 197, 235, 95, 61, 190, 61, 157, 58, 41, 33, 177, 171, 61, 58, 91, 33, 210, 61, 197, 197, 157, 95, 33]"
684.2456,684.2808,684.2864,684.28,3.6061956882476807,0.0408,"[684.2464333333334, 684.2475666666667, 684.2480666666667, 684.2493333333333, 684.2520666666667, 684.2542333333333, 684.2555, 684.2587, 684.2596, 684.2629333333333, 684.2658666666666, 684.2672666666666, 684.2674333333333, 684.2682666666667, 684.2688, 684.2702333333333, 684.2704666666667, 684.2710333333333, 684.2713666666667, 684.2724, 684.2726666666666, 684.2743333333333, 684.2795666666667, 684.2797333333333, 684.2806666666667, 684.2808666666666, 684.2819666666667, 684.285]","[12, 187, 91, 33, 197, 12, 95, 58, 41, 91, 33, 173, 197, 41, 58, 95, 190, 84, 177, 91, 61, 157, 235, 171, 155, 97, 61, 33]"
696.2736,696.2996,696.3064,696.3028,3.815364837646485,0.0328,"[696.2743666666667, 696.2745, 696.2751, 696.2799, 696.2808, 696.2810666666667, 696.2818333333333, 696.282, 696.2855666666667, 696.2859, 696.2859333333333, 696.2860333333333, 696.2867, 696.2872, 696.2908666666667, 696.2928, 696.2932333333333, 696.2947333333333, 696.2961, 696.2963333333333, 696.2994333333334, 696.3008333333333, 696.3015, 696.3026666666667, 696.3033333333333, 696.3040666666667, 696.3059]","[189, 95, 197, 187, 190, 197, 157, 97, 17, 190, 49, 97, 197, 0, 190, 157, 190, 17, 190, 187, 157, 190, 97, 177, 61, 157, 197]"
698.8344,698.8636,698.8928,698.86,5.829895973205566,0.0584,"[698.8356, 698.8374666666666, 698.8377, 698.8386, 698.8393333333333, 698.8398, 698.8437, 698.8441333333334, 698.8445, 698.8481333333333, 698.8483333333334, 698.8486666666666, 698.8491, 698.8496333333334, 698.8496333333334, 698.8500333333334, 698.8512, 698.8537333333334, 698.8538, 698.8546, 698.8550333333334, 698.8550666666666, 698.8559, 698.8586333333334, 698.8595666666666, 698.8606666666667, 698.8606666666667, 698.861, 698.8613, 698.8617, 698.8623666666666, 698.8626, 698.8629333333333, 698.8635, 698.8640666666666, 698.8646333333334, 698.8651666666667, 698.8654, 698.8660333333333, 698.8676333333333, 698.8679333333333, 698.8682333333334, 698.8683666666667, 698.8685666666667, 698.8686, 698.8688666666667, 698.8695, 698.8697666666667, 698.8698, 698.8737666666667, 698.8742333333333, 698.8742666666667, 698.8758, 698.8786, 698.8807333333333, 698.8814, 698.8817666666666, 698.8820666666667, 698.8825, 698.8829666666667, 698.8831666666666, 698.8832, 698.8835333333334, 698.8837666666667, 698.8842666666667, 698.8843, 698.8876, 698.8879, 698.8882, 698.8886333333334, 698.8888666666667, 698.889, 698.8892, 698.8893, 698.8894, 698.8895666666666, 698.8899666666666, 698.8916333333333]","[37, 190, 245, 95, 235, 33, 190, 61, 95, 190, 157, 0, 95, 33, 61, 95, 12, 37, 245, 190, 0, 97, 61, 187, 245, 190, 95, 0, 157, 204, 35, 190, 190, 33, 61, 245, 235, 219, 177, 41, 95, 97, 157, 35, 33, 190, 197, 95, 61, 37, 190, 205, 245, 190, 187, 197, 190, 95, 58, 35, 12, 187, 61, 157, 84, 190, 245, 177, 95, 219, 157, 61, 193, 0, 189, 190, 187, 177]"
703.4332,703.4392,703.4696,703.4412,3.5123727321624756,0.0364,"[703.4369333333333, 703.4369666666666, 703.4371, 703.4372666666667, 703.4380333333334, 703.4383, 703.4385, 703.4389666666667, 703.4393666666666, 703.4406666666666, 703.4421333333333, 703.4428333333333, 703.4432666666667, 703.4434666666667, 703.4441666666667, 703.4456333333334, 703.4467333333333, 703.4488333333334, 703.4499666666667, 703.45, 703.4524666666666, 703.4544333333333, 703.4554666666667, 703.4582, 703.4607333333333, 703.4612, 703.4613, 703.4625333333333, 703.4627, 703.4632333333333, 703.4670666666667, 703.4676333333333]","[157, 190, 197, 177, 35, 193, 95, 12, 190, 232, 157, 97, 61, 95, 187, 190, 187, 190, 187, 189, 187, 37, 190, 157, 95, 0, 190, 3, 61, 157, 190, 95]"
709.4716,709.4836,709.5136,709.4864,7.756789684295654,0.042,"[709.4729333333333, 709.4734333333333, 709.4740333333333, 709.4742, 709.4746, 709.4746666666666, 709.4761666666667, 709.4782, 709.4790666666667, 709.4800333333334, 709.481, 709.4811666666667, 709.4812, 709.4817333333333, 709.4826, 709.4827333333334, 709.4829333333333, 709.4842333333333, 709.4848, 709.4866333333333, 709.4868333333334, 709.4871333333333, 709.4874, 709.4880666666667, 709.4887, 709.4895666666666, 709.49, 709.4913, 709.4918333333334, 709.4925666666667, 709.4939, 709.4942333333333, 709.4961666666667, 709.4962333333333, 709.4966, 709.4975666666667, 709.4988, 709.4989666666667, 709.4993333333333, 709.4997, 709.5003666666667, 709.5004333333334, 709.5008333333334, 709.5028666666667, 709.5038333333333, 709.5054333333334, 709.5058666666666, 709.5069666666667, 709.5071, 709.508, 709.5082, 709.5084, 709.5096666666667, 709.5126666666666, 709.5132, 709.5133, 709.5135666666666]","[187, 190, 243, 95, 97, 157, 197, 35, 95, 190, 139, 155, 157, 95, 35, 61, 190, 157, 197, 231, 139, 243, 190, 95, 187, 61, 190, 187, 95, 0, 190, 157, 61, 190, 243, 49, 231, 97, 157, 3, 187, 61, 190, 187, 61, 157, 35, 190, 43, 95, 114, 61, 190, 189, 114, 187, 33]"
711.0272,711.0664,711.0736,711.0656,5.867580890655518,0.0464,"[711.0276, 711.0279, 711.0286666666667, 711.0310666666667, 711.0313333333334, 711.0322333333334, 711.0324333333333, 711.0329666666667, 711.035, 711.0366333333334, 711.0366333333334, 711.0375, 711.0388666666666, 711.0393, 711.0408666666667, 711.0411666666666, 711.0412333333334, 711.0422333333333, 711.0425333333334, 711.0431, 711.0432666666667, 711.0445, 711.0454666666667, 711.0456, 711.0456, 711.0458, 711.0459, 711.0464, 711.0474, 711.0478333333333, 711.0485666666667, 711.0485666666667, 711.0507, 711.0507666666666, 711.0509666666667, 711.0512333333334, 711.0514666666667, 711.0515666666666, 711.0518, 711.0525333333334, 711.0528333333333, 711.0531333333333, 711.0548666666666, 711.0551333333333, 711.0559666666667, 711.0560666666667, 711.0589333333334, 711.0603, 711.0608, 711.0612333333333, 711.0613, 711.0616333333334, 711.0626, 711.0635666666667, 711.0670333333334, 711.0699, 711.0716333333334]","[190, 187, 197, 95, 140, 157, 61, 190, 97, 157, 95, 109, 190, 0, 225, 157, 0, 33, 190, 97, 0, 187, 232, 97, 157, 61, 95, 190, 41, 197, 190, 95, 97, 232, 97, 0, 95, 197, 190, 197, 95, 0, 95, 190, 157, 155, 190, 187, 35, 61, 95, 157, 187, 197, 157, 190, 187]"
712.2452,712.2532,712.3092,712.2716,5.658116817474365,0.064,"[712.2455, 712.2455333333334, 712.2465666666667, 712.2466666666667, 712.2467, 712.2473, 712.2478333333333, 712.2486, 712.2491, 712.2495666666666, 712.2496333333333, 712.2508, 712.2517, 712.2523666666667, 712.2529666666667, 712.2548333333333, 712.2567, 712.2568666666666, 712.2569333333333, 712.26, 712.2601666666667, 712.2605333333333, 712.2633, 712.2658, 712.2658, 712.2665, 712.2710333333333, 712.2711666666667, 712.2717666666666, 712.2718, 712.2718333333333, 712.2724, 712.2752, 712.2769, 712.2781, 712.2808333333334, 712.2813, 712.2827, 712.2856, 712.2857666666666, 712.2865333333333, 712.2881666666667, 712.2887666666667, 712.2889666666666, 712.2900666666667, 712.2903666666666, 712.2905333333333, 712.2916666666666, 712.2916666666666, 712.2922666666667, 712.2927333333333, 712.2930666666666, 712.2956333333333, 712.2967333333333, 712.2976666666667, 712.2991, 712.2996666666667, 712.3014666666667, 712.3018333333333, 712.3022333333333, 712.3031666666667, 712.3033333333333, 712.3051, 712.3051666666667, 712.3064, 712.3065333333333, 712.3084333333334, 712.3086333333333]","[157, 155, 61, 35, 197, 187, 95, 35, 197, 190, 53, 157, 95, 173, 35, 190, 157, 37, 95, 197, 190, 157, 12, 157, 95, 210, 49, 117, 61, 190, 97, 157, 187, 190, 114, 187, 157, 35, 95, 190, 0, 157, 0, 189, 97, 95, 35, 3, 190, 157, 0, 97, 0, 190, 0, 157, 0, 190, 0, 197, 35, 222, 35, 157, 190, 95, 197, 95]"
712.8392,712.8684,712.9128,712.868,4.281497001647949,0.0736,"[712.8394333333333, 712.8405666666666, 712.8414333333334, 712.8425333333333, 712.8434666666667, 712.8445, 712.8470333333333, 712.8471666666667, 712.8472666666667, 712.8477, 712.8490666666667, 712.8498333333333, 712.8512666666667, 712.8520666666667, 712.8531666666667, 712.8539333333333, 712.8548333333333, 712.8551666666667, 712.8555, 712.8573, 712.8576666666667, 712.8585, 712.8586, 712.8586666666666, 712.8601666666667, 712.8604, 712.8608333333333, 712.8634333333333, 712.8651, 712.8658, 712.8658333333333, 712.8662333333333, 712.8665, 712.8683, 712.8690666666666, 712.87, 712.8703, 712.8703666666667, 712.8707666666667, 712.8714, 712.8728666666667, 712.8743333333333, 712.8748666666667, 712.8749666666666, 712.8753, 712.8755666666667, 712.8756666666667, 712.8759333333334, 712.8763333333334, 712.8763666666666, 712.8778333333333, 712.8779666666667, 712.8791333333334, 712.8796, 712.8802666666667, 712.8808666666666, 712.8809, 712.8826666666666, 712.8827666666666, 712.8829333333333, 712.8837333333333, 712.8864666666667, 712.8866333333333, 712.8871333333333, 712.8882666666667, 712.8887, 712.8887333333333, 712.8896666666667, 712.8899666666666, 712.8905666666667, 712.8919333333333, 712.8932666666667, 712.8938666666667, 712.8972666666666, 712.898, 712.9035666666666, 712.9042, 712.9054333333333, 712.9068333333333, 712.9076, 712.9079666666667, 712.9095333333333, 712.9099, 712.9107, 712.9127333333333]","[157, 61, 197, 114, 232, 190, 61, 84, 35, 197, 187, 190, 187, 157, 231, 204, 58, 232, 12, 190, 157, 41, 37, 187, 204, 35, 187, 190, 12, 0, 33, 245, 190, 0, 157, 189, 243, 187, 197, 95, 187, 97, 61, 157, 95, 35, 190, 210, 97, 33, 12, 35, 243, 204, 95, 157, 155, 49, 190, 197, 12, 114, 0, 35, 157, 0, 190, 35, 58, 193, 189, 157, 243, 190, 197, 190, 61, 187, 197, 95, 61, 155, 0, 114, 157]"
713.4576,713.468,713.4812,713.4672,3.494013547897339,0.0236,"[713.4583, 713.4592666666666, 713.4595333333333, 713.4603, 713.4604333333333, 713.4606, 713.4615, 713.4619, 713.4632666666666, 713.4637333333334, 713.4650333333333, 713.4651333333334, 713.4669666666666, 713.4675666666667, 713.4676666666667, 713.4677666666666, 713.4681666666667, 713.4682333333334, 713.4710666666666, 713.4721333333333, 713.4741666666666, 713.4755666666666, 713.4759, 713.4763666666666, 713.4797333333333, 713.4805666666666]","[23, 197, 95, 33, 187, 61, 190, 0, 187, 95, 144, 0, 190, 197, 61, 0, 157, 187, 190, 97, 157, 190, 51, 187, 190, 0]"
717.8628,717.8768,717.886,717.8808,5.21088171005249,0.0232,"[717.8628333333334, 717.8667, 717.8672333333334, 717.8677333333334, 717.8681, 717.8681666666666, 717.8684666666667, 717.8707333333333, 717.8752, 717.8755, 717.8796, 717.8812666666666, 717.8814333333333, 717.8823333333333, 717.8842666666667, 717.8858333333334]","[61, 61, 97, 157, 95, 189, 190, 197, 190, 0, 114, 37, 157, 95, 114, 197]"
718.6636,718.6744,718.6888,718.6712,4.142507076263428,0.0252,"[718.6657666666666, 718.6717333333333, 718.6723, 718.6742666666667, 718.6759666666667, 718.6772, 718.6799, 718.6826666666667, 718.6844666666667, 718.6880333333334]","[190, 187, 157, 187, 197, 190, 61, 197, 97, 157]"
729.558,729.5796,729.5848,729.5804,3.4552648067474365,0.0268,"[729.5584333333334, 729.5588333333334, 729.5594, 729.5597333333334, 729.5610333333333, 729.5614666666667, 729.5620333333334, 729.5621, 729.5626, 729.5629, 729.5636666666667, 729.5640333333333, 729.5659666666667, 729.5666, 729.5668666666667, 729.5668666666667, 729.5669, 729.5671, 729.5686333333333, 729.5687333333333, 729.5693333333334, 729.5702, 729.5717333333333, 729.5734333333334, 729.5735333333333, 729.5736, 729.5755666666666, 729.5770666666666, 729.5774333333334, 729.5776, 729.5785, 729.5785, 729.5792, 729.5801, 729.5813333333333, 729.5827333333333, 729.5827333333333, 729.5834, 729.5838, 729.5847333333334]","[110, 33, 61, 117, 157, 190, 194, 190, 245, 74, 95, 0, 190, 155, 0, 61, 245, 219, 95, 190, 0, 110, 0, 117, 0, 157, 0, 190, 245, 41, 95, 61, 97, 35, 49, 188, 192, 173, 189, 190]"
731.4672,731.4752,731.4956,731.474,5.840121269226074,0.0284,"[731.4677333333333, 731.4692666666666, 731.4694333333333, 731.4711333333333, 731.4713666666667, 731.4727, 731.4735333333333, 731.4747333333333, 731.4753333333333, 731.4762333333333, 731.4763666666666, 731.4772666666667, 731.4773666666666, 731.4777333333334, 731.4797333333333, 731.4828333333334, 731.4829, 731.4830333333333, 731.4830333333333, 731.4832, 731.4868333333334, 731.4873333333334, 731.4877333333334, 731.4893333333333, 731.4895, 731.4902333333333, 731.4905, 731.4906]","[229, 95, 0, 197, 0, 190, 224, 0, 245, 157, 187, 95, 0, 190, 0, 190, 229, 197, 95, 61, 224, 0, 229, 97, 0, 190, 157, 197]"
732.5772,732.5848,732.6124,732.5856,4.390389919281006,0.0352,"[732.5778, 732.5789333333333, 732.5793, 732.5798666666667, 732.5800666666667, 732.5809333333333, 732.5830333333333, 732.5837, 732.5842333333334, 732.5854666666667, 732.5860666666666, 732.5866333333333, 732.5869, 732.5871, 732.5873333333333, 732.5878333333334, 732.5889333333333, 732.5890666666667, 732.5896666666666, 732.5908666666667, 732.5924333333334, 732.5931333333333, 732.5931666666667, 732.5931666666667, 732.5939333333333, 732.5950333333334, 732.5951333333334, 732.5974, 732.5977333333333, 732.5992333333334, 732.5993666666667, 732.5995666666666, 732.6005, 732.6029666666667, 732.6049, 732.6057, 732.6061, 732.6061666666667, 732.6064666666666, 732.6072666666666, 732.6077666666666, 732.6078, 732.6086333333334, 732.6109, 732.6111, 732.6117, 732.6122666666666]","[232, 114, 95, 61, 190, 157, 0, 35, 243, 0, 35, 190, 187, 61, 222, 157, 187, 114, 97, 95, 12, 157, 190, 41, 197, 58, 189, 35, 197, 157, 0, 12, 190, 177, 232, 157, 97, 190, 58, 12, 189, 187, 177, 187, 190, 61, 114]"
742.7876,742.7936,742.8184,742.7948,4.106119155883789,0.0308,"[742.7879, 742.7879666666666, 742.7879666666666, 742.7885, 742.7889333333334, 742.7898, 742.7903, 742.7923666666667, 742.7926, 742.7930333333334, 742.7937, 742.7941666666667, 742.7947666666666, 742.7955, 742.7956666666666, 742.796, 742.7964333333333, 742.7968, 742.7972333333333, 742.7973333333333, 742.7973333333333, 742.7975666666666, 742.7986666666667, 742.7988666666666, 742.7990333333333, 742.7991, 742.8007333333334, 742.8010333333333, 742.8019666666667, 742.8028, 742.8028333333333, 742.8041333333333, 742.805, 742.8063666666667, 742.8064333333333, 742.8064666666667, 742.8073333333333, 742.8079666666666, 742.8082333333333, 742.8085333333333, 742.8087333333333, 742.8087333333333, 742.8106, 742.8113, 742.8121333333333, 742.8124, 742.8131666666667, 742.8135333333333, 742.817, 742.8181]","[187, 197, 35, 173, 117, 114, 187, 187, 95, 190, 35, 173, 61, 247, 0, 177, 173, 61, 190, 114, 95, 0, 190, 117, 190, 58, 247, 173, 33, 114, 190, 0, 95, 0, 240, 95, 222, 61, 190, 247, 189, 0, 35, 114, 190, 157, 187, 58, 240, 235]"
743.7984,743.8152,743.8416,743.8148,4.254641532897949,0.0432,"[743.7989666666666, 743.8009666666667, 743.8042, 743.8046, 743.8048, 743.8077333333333, 743.8088666666666, 743.8097666666666, 743.812, 743.8121666666667, 743.8130666666667, 743.8136666666667, 743.8143333333334, 743.8147666666666, 743.8169333333333, 743.8171, 743.8177333333333, 743.8194, 743.8197666666666, 743.8198333333333, 743.8208, 743.8217333333333, 743.8224666666666, 743.8225333333334, 743.826, 743.8262, 743.8266333333333, 743.8287666666666, 743.8289333333333, 743.8326, 743.8339333333333, 743.8353666666667, 743.8358333333333, 743.8378666666666, 743.8380333333333, 743.8390333333333, 743.8391, 743.8399, 743.8405, 743.8409]","[33, 173, 190, 97, 61, 157, 232, 235, 177, 189, 235, 97, 155, 204, 0, 173, 232, 190, 189, 0, 177, 157, 0, 140, 190, 95, 232, 190, 188, 157, 189, 95, 232, 187, 61, 157, 210, 187, 190, 33]"
746.514,746.5264,746.5488,746.5264,6.691080570220947,0.0348,"[746.5152666666667, 746.5156, 746.5158, 746.5176333333334, 746.5198666666666, 746.5202666666667, 746.5206333333333, 746.5212666666666, 746.5217666666666, 746.5220666666667, 746.5221666666666, 746.5231666666666, 746.5247333333333, 746.5265, 746.5266, 746.5271333333334, 746.5287, 746.5306666666667, 746.5307333333334, 746.5317, 746.5320333333333, 746.5323666666667, 746.5324333333333, 746.5345333333333, 746.5368666666667, 746.5378333333333, 746.5380666666666, 746.5380666666666, 746.5403, 746.5410666666667, 746.5415333333333, 746.542, 746.5427666666667, 746.5432, 746.5444, 746.5458666666667, 746.5475333333334, 746.5481666666667]","[190, 0, 155, 95, 187, 95, 219, 155, 193, 173, 97, 157, 210, 0, 245, 35, 190, 190, 194, 187, 154, 190, 0, 190, 97, 193, 61, 193, 95, 190, 0, 37, 157, 95, 35, 234, 193, 0]"
747.378,747.3864,747.4184,747.3872,4.676261901855469,0.0404,"[747.3780333333333, 747.3782333333334, 747.3785666666666, 747.3795666666666, 747.3802333333333, 747.3804, 747.3808666666666, 747.381, 747.3810333333333, 747.3817, 747.3824666666667, 747.3830333333333, 747.3847666666667, 747.3852, 747.3858, 747.3873666666667, 747.3875, 747.3884, 747.3903333333334, 747.3921666666666, 747.3926666666666, 747.3939, 747.3949, 747.3956666666667, 747.3958, 747.3962, 747.3967666666666, 747.399, 747.4002333333333, 747.4002333333333, 747.4005666666667, 747.4013333333334, 747.4015666666667, 747.4019333333333, 747.4032666666667, 747.4038333333333, 747.4038666666667, 747.4049333333334, 747.4078333333333, 747.4089, 747.4090333333334, 747.4111, 747.4113333333333, 747.4137333333333, 747.414, 747.4143, 747.415, 747.4168]","[95, 190, 97, 197, 3, 243, 0, 17, 157, 61, 33, 0, 173, 114, 190, 61, 12, 157, 0, 190, 0, 95, 155, 49, 37, 197, 0, 0, 190, 35, 95, 157, 0, 177, 197, 155, 0, 190, 187, 97, 190, 177, 0, 0, 190, 177, 157, 61]"
750.3284,750.336,750.3808,750.3588,6.329648017883301,0.0524,"[750.3290666666667, 750.3315, 750.332, 750.3329333333334, 750.3332666666666, 750.3336, 750.3344666666667, 750.3359, 750.3363333333333, 750.3363666666667, 750.3363666666667, 750.3364, 750.3366, 750.3371333333333, 750.3373666666666, 750.3383, 750.3398, 750.3406666666667, 750.3412, 750.3413333333333, 750.3413333333333, 750.3413666666667, 750.3414, 750.3418, 750.3451333333334, 750.3455666666666, 750.3455666666666, 750.3456, 750.3456, 750.3464333333334, 750.3471, 750.3477, 750.3479333333333, 750.348, 750.3489666666667, 750.3491333333334, 750.3492333333334, 750.3492333333334, 750.3492666666667, 750.3493, 750.3499, 750.3512, 750.3538, 750.3538333333333, 750.3538666666667, 750.3544, 750.3545666666666, 750.3547333333333, 750.3551666666667, 750.3554333333333, 750.3558, 750.3561333333333, 750.3573333333334, 750.3577, 750.3594666666667, 750.3607666666667, 750.3607666666667, 750.3608, 750.3608333333333, 750.3610333333334, 750.3612, 750.3616333333333, 750.3619333333334, 750.3624666666667, 750.3641, 750.3641333333334, 750.3642333333333, 750.3645333333334, 750.3645666666666, 750.3646333333334, 750.3657333333333, 750.3659666666666, 750.3665333333333, 750.3667666666666, 750.3669666666667, 750.3672333333334, 750.3679666666667, 750.3689333333333, 750.3690666666666, 750.3690666666666, 750.3691333333334, 750.3697666666667, 750.37, 750.3700666666666, 750.3716666666667, 750.3723666666667, 750.3726333333333, 750.3743333333333, 750.3743666666667, 750.3744, 750.3745333333334, 750.3747, 750.3747666666667, 750.3763, 750.3764333333334, 750.3766, 750.377, 750.3796]","[193, 177, 61, 114, 157, 49, 97, 109, 223, 99, 95, 110, 190, 97, 0, 61, 0, 97, 190, 99, 223, 110, 95, 95, 12, 99, 223, 110, 95, 157, 190, 95, 97, 0, 58, 49, 223, 95, 99, 110, 197, 229, 223, 99, 110, 190, 95, 35, 187, 222, 157, 0, 12, 97, 187, 223, 97, 99, 110, 61, 88, 187, 190, 197, 222, 187, 190, 223, 99, 110, 58, 190, 84, 97, 187, 109, 157, 49, 223, 99, 110, 190, 0, 229, 157, 190, 0, 223, 99, 110, 95, 0, 109, 157, 97, 190, 95, 190]"
752.7588,752.784,752.794,752.7804,4.302478790283203,0.0352,"[752.7588666666667, 752.759, 752.7595666666666, 752.7616, 752.7618, 752.7618666666667, 752.7633666666667, 752.765, 752.7656666666667, 752.7660333333333, 752.7663666666666, 752.7665, 752.7669666666667, 752.7675333333333, 752.7681666666666, 752.7697666666667, 752.7698666666666, 752.7706, 752.7706666666667, 752.7747666666667, 752.7749, 752.7757666666666, 752.7782666666667, 752.7804333333333, 752.7824, 752.7840666666667, 752.7841, 752.7845333333333, 752.7854333333333, 752.7855666666667, 752.7874666666667, 752.7878, 752.7906333333333, 752.7915, 752.7919666666667, 752.7922]","[61, 232, 0, 190, 155, 97, 157, 0, 95, 35, 187, 12, 222, 190, 114, 190, 61, 97, 33, 35, 157, 190, 187, 61, 0, 187, 197, 37, 197, 0, 190, 61, 114, 197, 190, 58]"
755.2788,755.3036,755.3104,755.3056,3.1026289463043213,0.0316,"[755.2792333333333, 755.2802333333333, 755.2834666666666, 755.2835666666666, 755.2868333333333, 755.2917333333334, 755.2920666666666, 755.2922, 755.2955666666667, 755.2961333333334, 755.2986333333333, 755.2986333333333, 755.2996, 755.2999666666667, 755.3009666666667, 755.3009666666667, 755.3024666666666, 755.3028333333333, 755.3038666666666, 755.3043, 755.3046333333333, 755.3093333333334, 755.3099]","[35, 95, 0, 157, 190, 190, 157, 197, 173, 190, 51, 97, 231, 61, 190, 197, 95, 235, 95, 51, 97, 95, 51]"
770.1216,770.136,770.17,770.134,5.923415660858154,0.0484,"[770.1227, 770.1231666666666, 770.1232, 770.1249, 770.1251333333333, 770.1260333333333, 770.1266333333333, 770.1278, 770.1280666666667, 770.1281333333334, 770.1285333333333, 770.1292333333333, 770.1300333333334, 770.1302333333333, 770.1308666666666, 770.1309, 770.1327, 770.1330666666667, 770.1332666666667, 770.1334333333333, 770.1335666666666, 770.1369333333333, 770.1373666666667, 770.1374666666667, 770.1375333333333, 770.1397666666667, 770.1400666666667, 770.1417, 770.1421333333333, 770.1436666666667, 770.144, 770.144, 770.1445333333334, 770.1446, 770.1446333333333, 770.1449666666666, 770.1452333333333, 770.1454, 770.1457333333333, 770.1495666666667, 770.1512, 770.1544666666666, 770.1579333333333, 770.1589333333334, 770.1607333333334, 770.1608, 770.1622, 770.164, 770.1642666666667, 770.1648, 770.1659333333333, 770.1684, 770.1686666666667, 770.17]","[190, 232, 0, 190, 197, 187, 114, 35, 187, 157, 97, 231, 35, 190, 0, 95, 61, 197, 0, 95, 157, 49, 97, 0, 190, 0, 155, 190, 0, 95, 243, 61, 35, 197, 190, 231, 193, 58, 157, 190, 157, 190, 197, 61, 0, 157, 95, 61, 190, 197, 58, 190, 140, 197]"
772.9588,772.9688,773.0068,772.9676,6.1799468994140625,0.048,"[772.9588, 772.9603333333333, 772.9605, 772.9607, 772.9608333333333, 772.9624, 772.9624, 772.9624333333334, 772.9624333333334, 772.9626, 772.9633, 772.9635, 772.9662666666667, 772.9663, 772.9663, 772.9667333333333, 772.9674666666666, 772.9676, 772.9683666666666, 772.9684666666667, 772.9696333333334, 772.9696333333334, 772.9696666666666, 772.9714333333334, 772.9725, 772.9728666666666, 772.9731333333333, 772.9731666666667, 772.9731666666667, 772.9732, 772.9738, 772.9739, 772.9748666666667, 772.9754666666666, 772.9758, 772.9761666666667, 772.9787, 772.9787, 772.9787, 772.9787333333334, 772.9787666666666, 772.9793333333333, 772.9806333333333, 772.9812666666667, 772.9825666666667, 772.9830333333333, 772.9838333333333, 772.9845666666666, 772.9845666666666, 772.9846, 772.9846333333334, 772.9849666666667, 772.9856, 772.9865666666667, 772.9869, 772.9882333333334, 772.9882333333334, 772.9885, 772.9921, 772.9921666666667, 772.9931333333334, 772.9933, 772.9935666666667, 772.9946333333334, 772.9957333333333, 772.9966, 772.9996666666667, 772.9998666666667, 773.0007333333333, 773.0010333333333, 773.0056]","[0, 95, 97, 157, 117, 99, 223, 110, 95, 190, 95, 97, 223, 110, 99, 190, 95, 61, 35, 157, 99, 223, 110, 245, 187, 190, 95, 99, 223, 110, 95, 157, 187, 49, 190, 95, 99, 223, 0, 110, 95, 190, 95, 0, 190, 97, 0, 223, 197, 99, 110, 95, 190, 157, 95, 187, 197, 190, 61, 0, 234, 190, 157, 0, 12, 190, 190, 95, 0, 157, 190]"
775.2524,775.2748,775.2828,775.2728,5.373106002807617,0.0304,"[775.2544, 775.2547666666667, 775.2549666666666, 775.2563333333334, 775.2584666666667, 775.2601, 775.2607666666667, 775.2608333333334, 775.2623666666667, 775.2626, 775.2639333333333, 775.2643333333333, 775.2648666666666, 775.2666333333333, 775.2709333333333, 775.2735, 775.2752333333333, 775.2755333333333, 775.2766666666666, 775.2801, 775.2814333333333, 775.2821333333334]","[97, 95, 190, 95, 190, 187, 190, 157, 187, 222, 0, 190, 12, 0, 190, 157, 95, 155, 190, 190, 157, 95]"
775.5776,775.5924,775.6168,775.5928,3.970159769058227,0.0392,"[775.5796, 775.5798333333333, 775.5805333333333, 775.5825, 775.5832, 775.5846, 775.5868666666667, 775.5902, 775.5914333333334, 775.5920666666667, 775.5926666666667, 775.5938, 775.5946, 775.5947666666667, 775.5970333333333, 775.5973333333334, 775.5984333333333, 775.6, 775.6, 775.6004666666666, 775.6011, 775.6013666666666, 775.6017666666667, 775.6025333333333, 775.6028666666666, 775.6029, 775.6033666666667, 775.6034, 775.6036, 775.6046333333334, 775.6071666666667, 775.6076666666667, 775.6077666666666, 775.6081, 775.6084333333333, 775.609, 775.6110666666667, 775.6134666666667, 775.6137, 775.6145666666666, 775.6147333333333, 775.6154]","[190, 0, 157, 193, 177, 190, 190, 95, 190, 61, 235, 190, 197, 0, 157, 0, 249, 0, 190, 205, 97, 49, 157, 61, 190, 95, 97, 109, 187, 157, 154, 74, 190, 95, 17, 157, 0, 49, 197, 190, 95, 61]"
785.9888,786.0144,786.0248,786.0116,5.255605697631836,0.036,"[785.9889333333333, 785.989, 785.9893666666667, 785.9902666666667, 785.9912, 785.9917666666666, 785.9930666666667, 785.9931, 785.9935333333333, 785.9957666666667, 785.996, 785.9979333333333, 785.9999666666666, 786.0002666666667, 786.0013333333334, 786.0034333333333, 786.0058666666666, 786.0073, 786.0073333333333, 786.0088666666667, 786.0103666666666, 786.0105333333333, 786.0120666666667, 786.015, 786.0153333333334, 786.0202, 786.0208333333334, 786.0212666666666, 786.0213666666667, 786.0221333333334, 786.0230333333334, 786.0239, 786.0244, 786.0247]","[188, 157, 0, 190, 41, 61, 33, 97, 95, 157, 61, 155, 190, 210, 61, 157, 95, 111, 225, 97, 61, 190, 33, 97, 95, 157, 155, 117, 0, 61, 95, 235, 190, 97]"
791.6596,791.666,791.6852,791.682,3.058645248413086,0.0256,"[791.6599, 791.6605333333333, 791.6610666666667, 791.6612, 791.6673333333333, 791.6673666666667, 791.6693666666666, 791.6697666666666, 791.6699333333333, 791.6700666666667, 791.6709, 791.6762333333334, 791.6764, 791.6797666666666, 791.6804666666667, 791.6826]","[187, 232, 61, 190, 155, 0, 190, 204, 0, 157, 232, 232, 204, 190, 197, 232]"
794.4512,794.4716,794.4796,794.4712,4.373946189880371,0.0284,"[794.4533, 794.4536333333333, 794.4541, 794.4541666666667, 794.4544, 794.4548666666667, 794.4564333333333, 794.4564666666666, 794.4565333333334, 794.4577, 794.4577333333333, 794.458, 794.4585333333333, 794.4586666666667, 794.4589666666667, 794.4597, 794.4607333333333, 794.4618666666667, 794.4623, 794.4631, 794.4637666666666, 794.4639, 794.4641333333333, 794.4644666666667, 794.4656666666667, 794.4663333333333, 794.4665, 794.4676666666667, 794.4685, 794.4693666666667, 794.4704, 794.4708666666667, 794.4710333333334, 794.4714, 794.4714333333334, 794.4760666666666, 794.4765666666667, 794.4767333333333, 794.4768333333334]","[232, 114, 190, 197, 43, 188, 35, 61, 114, 95, 12, 204, 232, 190, 149, 0, 197, 0, 157, 95, 204, 190, 0, 149, 173, 49, 0, 187, 190, 95, 187, 190, 114, 157, 95, 187, 97, 190, 197]"
794.6644,794.6704,794.7036,794.67,4.300471305847168,0.0392,"[794.6647666666667, 794.6653666666666, 794.6659666666667, 794.6663, 794.6668333333333, 794.6674, 794.6686, 794.67, 794.6704666666667, 794.6732666666667, 794.6746, 794.6756, 794.6756333333333, 794.6800666666667, 794.6801, 794.6802666666666, 794.6808666666667, 794.6815666666666, 794.6833666666666, 794.6849333333333, 794.6883, 794.6889333333334, 794.6893666666666, 794.6907, 794.6951, 794.6956666666666, 794.6960666666666, 794.6989666666667, 794.6997, 794.6999, 794.7006, 794.7012666666667, 794.7021666666667, 794.7022, 794.7022666666667, 794.7022666666667, 794.7027, 794.7030333333333]","[157, 61, 95, 190, 0, 12, 33, 95, 235, 190, 61, 95, 197, 97, 12, 140, 190, 197, 0, 187, 219, 190, 95, 33, 157, 95, 97, 245, 187, 190, 95, 197, 187, 189, 245, 61, 33, 157]"
800.5972,800.6428,800.648,800.6412,3.741572856903076,0.0508,"[800.6001666666667, 800.6039666666667, 800.604, 800.6040333333333, 800.6065666666667, 800.6091666666666, 800.6095333333334, 800.6101, 800.6104666666666, 800.6112, 800.6121333333333, 800.6130666666667, 800.6134333333333, 800.6141666666666, 800.6148, 800.6154, 800.6154666666666, 800.6155666666667, 800.6183333333333, 800.6192333333333, 800.6207666666667, 800.6236666666666, 800.6240333333334, 800.6243666666667, 800.6246666666667, 800.6255333333334, 800.6256333333333, 800.6266, 800.6276666666666, 800.6277333333334, 800.6278333333333, 800.6283, 800.6285666666666, 800.6303666666666, 800.6311333333333, 800.6321, 800.6321333333333, 800.6325666666667, 800.6350666666667, 800.6365333333333, 800.6378, 800.6378333333333, 800.6378666666667, 800.6389333333333, 800.6393333333333, 800.6409, 800.6449, 800.6449333333334, 800.6457333333333, 800.6459333333333]","[173, 190, 95, 0, 0, 35, 190, 95, 0, 35, 232, 0, 155, 35, 197, 190, 0, 12, 157, 33, 190, 190, 157, 97, 0, 35, 197, 61, 35, 58, 190, 33, 187, 157, 61, 190, 187, 197, 97, 0, 61, 58, 157, 0, 190, 193, 190, 97, 197, 187]"
802.4968,802.5056,802.5184,802.5044,5.168439865112305,0.0216,"[802.4975666666667, 802.4987666666667, 802.5034333333333, 802.5034666666667, 802.5039333333333, 802.5041, 802.5046666666667, 802.5049666666666, 802.5071, 802.5075333333333, 802.5092, 802.5101666666667, 802.5106, 802.5107, 802.5125666666667, 802.5130333333333, 802.5131666666666, 802.5137333333333, 802.5177333333334]","[190, 157, 193, 95, 155, 197, 157, 58, 95, 190, 49, 95, 61, 157, 37, 97, 190, 12, 247]"
803.996,804.0052,804.0308,804.0028,6.412274360656738,0.0348,"[803.9974333333333, 804.0008333333334, 804.0015, 804.0048333333333, 804.0055333333333, 804.006, 804.0062333333333, 804.0068666666666, 804.0071333333333, 804.0078333333333, 804.0127, 804.0155, 804.0159666666667, 804.0165333333333, 804.0237666666667, 804.0245, 804.0245666666667, 804.025, 804.0265333333333, 804.0268]","[95, 173, 190, 95, 190, 193, 61, 235, 187, 95, 0, 190, 197, 187, 157, 0, 190, 49, 197, 0]"
804.5712,804.5896,804.6016,804.5768,4.951508045196533,0.0304,"[804.5716, 804.5724, 804.5739333333333, 804.5751333333334, 804.5756, 804.5778333333334, 804.5780666666667, 804.5783666666666, 804.5815333333334, 804.5825, 804.583, 804.5847666666666, 804.5859333333333, 804.5861666666667, 804.5863333333333, 804.5901333333334, 804.5908333333333, 804.5912333333333, 804.5914, 804.5914, 804.5917333333333, 804.5920666666667, 804.5936, 804.5970666666667, 804.5974, 804.5977333333333, 804.5977666666666, 804.5991666666666, 804.5999333333333, 804.6004666666666, 804.6005, 804.6014666666666]","[189, 157, 190, 12, 49, 95, 157, 190, 61, 190, 157, 197, 190, 95, 8, 197, 190, 61, 97, 33, 58, 157, 187, 157, 0, 197, 95, 95, 190, 33, 49, 95]"
808.0564,808.0648,808.0792,808.0652,5.87808895111084,0.0228,"[808.0564, 808.0579333333334, 808.0582, 808.0584333333334, 808.0592333333333, 808.0601666666666, 808.0603, 808.0607666666667, 808.0624666666666, 808.0634, 808.0643333333334, 808.0644666666667, 808.0661666666666, 808.0668333333333, 808.0674333333334, 808.0678666666666, 808.0698333333333, 808.0732666666667, 808.0757, 808.0760666666666, 808.0764333333333, 808.0777666666667, 808.0781, 808.0787666666666]","[97, 95, 61, 0, 17, 190, 95, 0, 95, 190, 187, 35, 136, 187, 193, 190, 61, 95, 187, 190, 95, 187, 197, 17]"
813.4256,813.436,813.4512,813.4328,5.651057243347168,0.0256,"[813.4305666666667, 813.4323333333333, 813.4333666666666, 813.4336, 813.4343333333334, 813.4352666666666, 813.4381, 813.4392666666666, 813.4398, 813.4408, 813.441, 813.4414333333333, 813.4423, 813.4427, 813.4428, 813.4449, 813.4475666666667, 813.4491333333333, 813.4496666666666, 813.4509]","[193, 95, 187, 157, 190, 95, 190, 157, 95, 190, 136, 155, 187, 95, 157, 197, 190, 190, 49, 197]"
820.9064,820.9164,820.928,820.918,10.429376602172852,0.0216,"[820.9064333333333, 820.9065666666667, 820.9070666666667, 820.9088333333333, 820.9090333333334, 820.9115333333333, 820.9118333333333, 820.9119, 820.9136666666667, 820.9138, 820.9141333333333, 820.9144, 820.9149333333334, 820.9156666666667, 820.9173, 820.9178, 820.9180333333334, 820.9181333333333, 820.9182666666667, 820.9183, 820.9201333333333, 820.9214666666667, 820.9219666666667, 820.9222666666667, 820.9234666666666, 820.9254333333333, 820.9266333333334]","[190, 61, 157, 97, 155, 61, 157, 190, 190, 97, 33, 114, 12, 61, 84, 190, 95, 232, 157, 0, 231, 95, 190, 197, 187, 187, 157]"
823.7024,823.732,823.738,823.7304,4.467708110809326,0.0356,"[823.7047666666666, 823.7051333333334, 823.7057, 823.7061, 823.7063, 823.7070333333334, 823.7082666666666, 823.7095333333333, 823.7103333333333, 823.7106666666666, 823.7112333333333, 823.7124666666666, 823.7129333333334, 823.7132666666666, 823.7135, 823.7147, 823.7153, 823.7159666666666, 823.716, 823.7164666666666, 823.717, 823.7186, 823.7186666666666, 823.7194333333333, 823.7205, 823.7208666666667, 823.7217666666667, 823.7238333333333, 823.7249666666667, 823.7251666666667, 823.7295333333333, 823.7311333333333, 823.7338333333333, 823.7339333333333, 823.7341333333334, 823.7359333333334, 823.7378333333334]","[189, 61, 157, 33, 95, 12, 114, 187, 190, 114, 232, 190, 157, 61, 0, 243, 114, 190, 95, 0, 157, 95, 0, 197, 210, 187, 157, 0, 95, 190, 231, 157, 187, 190, 95, 97, 61]"
831.352,831.3768,831.3932,831.3784,4.591838836669922,0.0412,"[831.3544333333333, 831.3547, 831.3548333333333, 831.3548666666667, 831.3556666666667, 831.3557666666667, 831.3558666666667, 831.3559333333334, 831.3570333333333, 831.3582333333334, 831.3587333333334, 831.3589666666667, 831.3591, 831.3594, 831.3596, 831.3596666666666, 831.3608333333333, 831.3618333333334, 831.3621, 831.3689, 831.3693333333333, 831.3711666666667, 831.3726666666666, 831.3727333333334, 831.3748, 831.3749, 831.3752333333333, 831.377, 831.3793666666667, 831.3799, 831.3799666666666, 831.3803333333333, 831.3806, 831.3821, 831.3874666666667, 831.3884666666667, 831.3920333333333, 831.3925333333333]","[12, 190, 197, 37, 97, 35, 0, 157, 95, 0, 0, 232, 95, 190, 35, 61, 0, 190, 157, 190, 157, 0, 187, 95, 190, 157, 155, 95, 49, 157, 197, 0, 61, 197, 95, 157, 190, 157]"
832.6032,832.618,832.628,832.62,6.142699718475342,0.0248,"[832.6061, 832.6062666666667, 832.6066666666667, 832.6077666666666, 832.6079666666667, 832.6082333333334, 832.6088, 832.6088666666667, 832.6089, 832.6104, 832.6136333333334, 832.6149, 832.6153333333333, 832.6153333333333, 832.6156, 832.6156666666667, 832.6181666666666, 832.6207666666667, 832.6279]","[0, 95, 61, 12, 190, 49, 157, 0, 95, 187, 23, 97, 190, 95, 33, 0, 0, 157, 144]"
835.516,835.5228,835.5496,835.5204,4.342483043670654,0.0336,"[835.5219666666667, 835.5244, 835.5267666666666, 835.5290666666667, 835.5306, 835.5309666666667, 835.5334666666666, 835.5341, 835.5363, 835.5369, 835.5379, 835.5379666666666, 835.5404, 835.5413666666667, 835.5417333333334, 835.5422666666667, 835.5435333333334, 835.5446, 835.5455666666667, 835.5458333333333, 835.5476, 835.5491]","[95, 61, 0, 0, 190, 197, 95, 190, 95, 157, 190, 0, 0, 35, 157, 95, 35, 0, 190, 95, 61, 187]"
838.5512,838.568,838.5736,838.5656,3.2284581661224365,0.0224,"[838.5521, 838.5522, 838.5594666666667, 838.5597666666666, 838.5619666666666, 838.5630666666667, 838.5676, 838.5686666666667, 838.5702666666666, 838.5717, 838.5722666666667]","[190, 197, 190, 97, 197, 0, 190, 187, 0, 97, 190]"
839.2868,839.3152,839.3208,839.3176,3.5901103019714355,0.034,"[839.2873, 839.2883, 839.2912333333334, 839.2915333333333, 839.2915333333333, 839.2931, 839.2934666666666, 839.2937, 839.2964, 839.2978, 839.2999, 839.3023666666667, 839.3038, 839.3053333333334, 839.3056, 839.3059666666667, 839.3075333333334, 839.3076, 839.3110333333333, 839.3127666666667, 839.3159, 839.3168666666667, 839.3169, 839.3178, 839.3183666666666, 839.3184333333334, 839.3194333333333]","[95, 190, 97, 0, 95, 190, 95, 0, 0, 219, 190, 197, 0, 95, 190, 197, 35, 187, 0, 190, 197, 190, 95, 37, 157, 232, 95]"
840.9276,840.9332,840.9644,840.934,3.0003504753112793,0.0368,"[840.9302333333334, 840.9304, 840.9322, 840.9353, 840.9364, 840.9364666666667, 840.9379666666666, 840.9382, 840.9395, 840.9399666666667, 840.9402666666666, 840.9421, 840.9453666666667, 840.9465, 840.9466333333334, 840.9473333333333, 840.9478333333333, 840.9494333333333, 840.9503333333333, 840.9531666666667, 840.9540666666667, 840.9543, 840.9543, 840.9551666666666, 840.9552, 840.9553666666667, 840.9559666666667, 840.9562333333333, 840.9568666666667, 840.9607333333333, 840.9633, 840.9639]","[0, 190, 61, 157, 12, 190, 61, 33, 95, 190, 193, 157, 95, 197, 190, 155, 157, 41, 187, 35, 190, 0, 95, 61, 58, 197, 187, 157, 33, 157, 190, 33]"
842.1364,842.1492,842.1588,842.154,6.208383083343506,0.0224,"[842.1366666666667, 842.1380333333333, 842.1396333333333, 842.1401666666667, 842.1421, 842.1433666666667, 842.1438333333333, 842.1439, 842.1441333333333, 842.1447, 842.1469666666667, 842.1470666666667, 842.1472666666666, 842.1493, 842.1493666666667, 842.1496666666667, 842.1520333333333, 842.1524333333333, 842.1540666666667, 842.1554, 842.1576666666666]","[61, 35, 139, 35, 224, 61, 97, 61, 197, 189, 155, 0, 12, 61, 0, 190, 224, 157, 61, 190, 157]"
844.9128,844.9244,844.9384,844.9244,3.274778366088867,0.0256,"[844.9143, 844.9163666666667, 844.9182, 844.9182666666667, 844.9187, 844.9231, 844.9234666666666, 844.9252333333334, 844.9253333333334, 844.9277666666667, 844.9281666666667, 844.9304333333333, 844.9327666666667, 844.9349666666667, 844.9357, 844.9359333333333]","[95, 35, 97, 190, 197, 197, 190, 157, 155, 95, 97, 190, 157, 155, 190, 95]"
848.006,848.0188,848.0276,848.018,5.303423881530762,0.0216,"[848.0066, 848.0113333333334, 848.0117, 848.0144, 848.0150333333333, 848.0166, 848.0175333333333, 848.018, 848.0183666666667, 848.0188333333333, 848.0188333333333, 848.0193, 848.0222, 848.0226333333334, 848.0251666666667, 848.0264333333333, 848.0265]","[190, 97, 95, 190, 95, 0, 140, 157, 61, 190, 0, 210, 97, 61, 0, 157, 190]"
849.5772,849.5872,849.5996,849.5852,3.862038135528565,0.0224,"[849.58, 849.5801666666666, 849.581, 849.5810333333334, 849.5863666666667, 849.5863666666667, 849.5865, 849.587, 849.5882666666666, 849.5906, 849.5907, 849.5916333333333, 849.5919, 849.5923, 849.5931, 849.5932666666666, 849.5950333333334, 849.5973666666666, 849.5981666666667, 849.5987666666666, 849.5990333333333, 849.5994666666667]","[95, 197, 117, 190, 157, 197, 61, 222, 190, 95, 110, 187, 197, 35, 190, 243, 0, 95, 193, 190, 0, 197]"
856.602,856.6108,856.65,856.608,6.1640238761901855,0.048,"[856.6029, 856.6060333333334, 856.6061333333333, 856.6077, 856.6081666666666, 856.6088666666667, 856.6105, 856.6117333333333, 856.6139666666667, 856.6159, 856.6192333333333, 856.6194666666667, 856.6196666666667, 856.6234333333333, 856.6237, 856.6241333333334, 856.6248666666667, 856.6250666666666, 856.6256666666667, 856.6262666666667, 856.6273333333334, 856.6279333333333, 856.6287, 856.6295, 856.6301, 856.6306333333333, 856.6307333333333, 856.6331333333334, 856.6338666666667, 856.6355, 856.6382666666667, 856.64, 856.6401666666667, 856.6414666666667, 856.6446666666667, 856.6455333333333, 856.6473666666667]","[157, 95, 190, 173, 157, 95, 190, 187, 190, 157, 95, 0, 190, 37, 187, 157, 97, 155, 190, 61, 187, 95, 117, 187, 97, 95, 190, 0, 35, 190, 95, 140, 197, 190, 0, 197, 177]"
858.4688,858.5156,858.5216,858.5144,3.744436502456665,0.0528,"[858.4688333333334, 858.469, 858.4696, 858.4701, 858.4701666666666, 858.4728333333334, 858.4746, 858.4754333333333, 858.476, 858.4762333333333, 858.4762666666667, 858.4767666666667, 858.4779, 858.4836333333334, 858.4837666666666, 858.4846333333334, 858.4847666666667, 858.4853666666667, 858.4867, 858.4885666666667, 858.4907666666667, 858.491, 858.4911333333333, 858.4915, 858.4917333333333, 858.4939666666667, 858.4942, 858.4981666666666, 858.4982666666667, 858.4984666666667, 858.5002, 858.5005666666667, 858.5008, 858.5011333333333, 858.5025, 858.5027, 858.5028666666667, 858.5045666666666, 858.5064666666667, 858.5067, 858.5069333333333, 858.5074, 858.509, 858.5118, 858.5119333333333, 858.5122666666666, 858.514, 858.5144333333334, 858.5184, 858.5193333333333, 858.5203666666666, 858.5205666666667]","[187, 95, 114, 97, 243, 114, 187, 155, 61, 114, 190, 37, 12, 155, 157, 12, 189, 197, 35, 190, 189, 0, 155, 97, 190, 0, 95, 95, 190, 0, 35, 0, 95, 204, 232, 0, 190, 157, 204, 197, 61, 190, 232, 95, 0, 12, 232, 190, 190, 35, 155, 157]"
864.154,864.1608,864.1868,864.1592,4.392033100128174,0.0328,"[864.1543, 864.1553333333334, 864.1555666666667, 864.1556333333333, 864.1564, 864.1571333333334, 864.1571333333334, 864.1595333333333, 864.1595666666667, 864.1599333333334, 864.1599333333334, 864.1602333333333, 864.1628333333333, 864.1641666666667, 864.1650666666667, 864.1665666666667, 864.1665666666667, 864.1670333333333, 864.1676333333334, 864.1678666666667, 864.1685333333334, 864.1690666666667, 864.1695, 864.1703, 864.1714, 864.1720333333334, 864.1725666666666, 864.1730666666666, 864.1734, 864.1754333333333, 864.1769333333333, 864.1775, 864.1777666666667, 864.1806666666666, 864.1819, 864.1843, 864.1846333333333, 864.1847666666666, 864.1857, 864.1862666666667]","[0, 61, 33, 187, 35, 95, 0, 157, 190, 155, 95, 0, 0, 193, 187, 0, 157, 155, 35, 187, 222, 97, 0, 190, 0, 197, 157, 97, 0, 0, 190, 197, 0, 95, 190, 197, 97, 197, 49, 157]"
870.5804,870.5864,870.6048,870.584,3.087477445602417,0.0244,"[870.5824333333334, 870.5833333333334, 870.5839, 870.5840666666667, 870.5841, 870.5841333333333, 870.5843, 870.5850666666666, 870.5855333333334, 870.5858333333333, 870.5863, 870.5865666666666, 870.5881333333333, 870.5885, 870.5887, 870.59, 870.5902, 870.5902666666667, 870.5904333333333, 870.5907666666667, 870.5918, 870.5925666666667, 870.5954666666667, 870.5958, 870.5964666666666, 870.5964666666666, 870.5965, 870.5966333333333, 870.5971333333333, 870.5973666666666, 870.5982, 870.5982666666666, 870.5984333333333, 870.5995666666666, 870.5998, 870.6003666666667, 870.6007, 870.6013333333333, 870.6014333333334, 870.6025666666667, 870.6030666666667, 870.6038333333333, 870.6045333333333, 870.6047]","[95, 197, 190, 223, 99, 110, 157, 61, 177, 95, 95, 97, 95, 0, 190, 187, 35, 177, 61, 157, 190, 187, 177, 37, 99, 223, 110, 157, 0, 97, 61, 37, 155, 95, 190, 88, 12, 229, 157, 0, 190, 37, 177, 95]"
872.7324,872.7772,872.7856,872.7772,4.685037612915039,0.0532,"[872.7342333333333, 872.7350333333334, 872.7352333333333, 872.7360333333334, 872.7370333333333, 872.7374666666667, 872.7410666666667, 872.7414666666666, 872.7425333333333, 872.7430666666667, 872.7448, 872.7454, 872.7477666666666, 872.7495333333334, 872.7504, 872.7546666666667, 872.7563666666666, 872.7587, 872.7588, 872.7612666666666, 872.7614, 872.7617333333334, 872.7618333333334, 872.7626, 872.7627, 872.7663, 872.7664, 872.7711666666667, 872.7713666666667, 872.7722, 872.7729, 872.7737666666667, 872.7766666666666, 872.7767333333334, 872.7772, 872.7792, 872.7793333333333, 872.7801333333333, 872.7807, 872.7815333333333, 872.7822, 872.7835333333334, 872.7835666666666, 872.7849666666667]","[95, 187, 232, 190, 61, 157, 190, 95, 157, 61, 0, 190, 157, 190, 157, 155, 61, 190, 0, 190, 0, 95, 155, 61, 37, 157, 0, 41, 0, 157, 190, 61, 190, 95, 0, 0, 245, 197, 12, 0, 245, 0, 190, 177]"
873.6252,873.6396,873.654,873.6348,9.388760566711426,0.0288,"[873.6255, 873.6276333333333, 873.6278333333333, 873.6282333333334, 873.6283333333333, 873.6284333333333, 873.6285666666666, 873.6300333333334, 873.6302666666667, 873.6307, 873.6307333333333, 873.6315666666667, 873.6323666666667, 873.6324, 873.6342333333333, 873.6347, 873.6351333333333, 873.6351666666667, 873.6351666666667, 873.6356666666667, 873.6357666666667, 873.6365666666667, 873.6366, 873.6368333333334, 873.6377666666667, 873.6384, 873.6399, 873.6401, 873.6415666666667, 873.6427, 873.6427666666667, 873.6429333333333, 873.6454333333334, 873.6455, 873.6469, 873.6475666666666, 873.6476333333334, 873.6499333333334, 873.6527666666667]","[235, 95, 0, 155, 190, 157, 35, 61, 0, 37, 35, 95, 97, 0, 95, 173, 204, 157, 231, 190, 114, 61, 97, 210, 12, 187, 0, 190, 235, 190, 232, 0, 0, 35, 190, 219, 84, 0, 157]"
881.7476,881.7768,881.7884,881.7796,8.163485527038574,0.0408,"[881.7480666666667, 881.7495, 881.7504333333334, 881.7507666666667, 881.7516333333333, 881.7519666666667, 881.7522, 881.7532333333334, 881.7544, 881.7546, 881.7549333333334, 881.7551666666667, 881.7552, 881.7559666666667, 881.7565666666667, 881.7572, 881.7572, 881.7587, 881.7590666666666, 881.7592, 881.7592, 881.7599, 881.7614666666667, 881.7619333333333, 881.7626, 881.7627, 881.7628333333333, 881.7631, 881.7637, 881.7641666666667, 881.7669, 881.7670666666667, 881.7673333333333, 881.7676666666666, 881.7678333333333, 881.7682666666667, 881.7697, 881.7697333333333, 881.7699333333334, 881.7716666666666, 881.7737666666667, 881.7739, 881.7740666666666, 881.7740666666666, 881.7744666666666, 881.7745, 881.7751666666667, 881.7758, 881.7777333333333, 881.7784666666666, 881.7793666666666, 881.7843, 881.7849333333334, 881.7852, 881.7853, 881.7862333333334, 881.7876]","[95, 157, 140, 190, 197, 95, 235, 97, 190, 157, 95, 95, 0, 61, 37, 205, 189, 97, 0, 190, 235, 35, 0, 35, 61, 197, 61, 189, 0, 17, 190, 61, 205, 0, 97, 173, 95, 190, 197, 0, 0, 157, 190, 95, 173, 12, 61, 210, 190, 95, 235, 95, 190, 197, 173, 61, 95]"
883.2148,883.2432,883.2524,883.2404,5.966722011566162,0.0376,"[883.2162333333333, 883.2166333333333, 883.2176333333333, 883.2187666666666, 883.2218666666666, 883.2224333333334, 883.2226666666667, 883.2253666666667, 883.2282333333334, 883.2283666666667, 883.2308666666667, 883.2312333333333, 883.2336, 883.2347666666667, 883.2367666666667, 883.2388, 883.2412, 883.2427, 883.2435333333333, 883.2485, 883.2485333333333, 883.2488]","[173, 0, 61, 0, 235, 95, 190, 61, 190, 140, 0, 190, 95, 157, 190, 95, 157, 190, 197, 157, 197, 95]"
885.1736,885.2104,885.2276,885.2136,11.487303733825684,0.054,"[885.1739, 885.1742, 885.1773, 885.1778666666667, 885.1801666666667, 885.1809666666667, 885.1814333333333, 885.1820333333334, 885.1834666666666, 885.1836666666667, 885.1848666666667, 885.1858333333333, 885.1867666666667, 885.1869666666666, 885.1872, 885.1874, 885.1882, 885.1894333333333, 885.1899333333333, 885.1905, 885.1908, 885.1927, 885.1927333333333, 885.1929666666666, 885.1932666666667, 885.1939333333333, 885.1953, 885.1954, 885.1961666666666, 885.1964333333333, 885.1970333333334, 885.1972666666667, 885.1976666666667, 885.1991, 885.1991, 885.1992666666666, 885.1996, 885.1998666666667, 885.2006666666666, 885.2010666666666, 885.2017, 885.2019333333334, 885.2022, 885.2027333333333, 885.2031333333333, 885.2041, 885.2043666666667, 885.2053666666667, 885.2055333333333, 885.2065333333334, 885.2067333333333, 885.2074333333334, 885.2075666666667, 885.2086, 885.2088666666667, 885.2088666666667, 885.2089, 885.2093333333333, 885.2110666666666, 885.213, 885.2151666666666, 885.2153333333333, 885.2155333333334, 885.2156333333334, 885.2160333333334, 885.2171333333333, 885.2173666666666, 885.2182, 885.2194333333333, 885.2212, 885.2223666666666, 885.2246333333334, 885.2248333333333, 885.2260333333334]","[114, 157, 190, 197, 157, 229, 95, 190, 189, 229, 117, 154, 205, 35, 190, 190, 157, 224, 110, 190, 97, 173, 61, 190, 114, 157, 109, 229, 190, 95, 49, 157, 205, 114, 173, 189, 35, 12, 190, 229, 157, 35, 61, 0, 190, 114, 95, 111, 157, 235, 187, 189, 155, 190, 173, 234, 114, 61, 173, 114, 95, 35, 157, 235, 97, 114, 190, 197, 111, 61, 95, 33, 235, 49]"
885.6952,885.7112,885.7356,885.7124,9.418197631835938,0.0404,"[885.6962333333333, 885.6966666666667, 885.6973, 885.6974333333334, 885.6981333333333, 885.6990666666667, 885.6997333333334, 885.7015, 885.7016666666667, 885.7019666666666, 885.7025, 885.7049, 885.7054666666667, 885.7056333333334, 885.7063, 885.7082, 885.7083, 885.7112333333333, 885.7127333333333, 885.7127666666667, 885.7132, 885.7143, 885.7150666666666, 885.7151, 885.7161666666667, 885.7162333333333, 885.7169333333334, 885.7170666666667, 885.7174333333334, 885.7178333333334, 885.7188666666667, 885.7207, 885.7213333333333, 885.7239, 885.7264, 885.7289, 885.7311666666667, 885.7312333333333, 885.734, 885.7355333333334]","[114, 97, 35, 187, 190, 235, 187, 114, 173, 190, 187, 197, 190, 157, 0, 190, 0, 187, 190, 157, 114, 95, 190, 0, 61, 173, 187, 245, 37, 224, 190, 187, 157, 190, 190, 97, 190, 157, 95, 190]"
891.3608,891.3688,891.382,891.37,3.986854553222656,0.0212,"[891.3608333333333, 891.3610666666667, 891.3616666666667, 891.3620666666667, 891.3642666666667, 891.3645, 891.3650333333334, 891.3656666666667, 891.3658, 891.3658, 891.3674, 891.3693666666667, 891.3700666666666, 891.3704, 891.3708666666666, 891.3718666666666, 891.3725333333333, 891.3736666666666, 891.3748333333333, 891.3755666666667, 891.3755666666667, 891.3783333333333, 891.3792, 891.3796333333333, 891.3797333333333, 891.3798666666667, 891.3818666666666]","[187, 193, 12, 245, 229, 219, 155, 190, 157, 97, 95, 0, 190, 37, 157, 97, 190, 245, 187, 190, 95, 0, 245, 190, 157, 12, 61]"
896.3016,896.3096,896.3472,896.3076,6.069108963012695,0.0456,"[896.3025333333334, 896.3040333333333, 896.3044666666667, 896.3056, 896.3059666666667, 896.3063666666667, 896.3077666666667, 896.3079333333334, 896.3092, 896.3092666666666, 896.3093333333334, 896.3100666666667, 896.3105, 896.3107, 896.3127333333333, 896.3127333333333, 896.3128666666667, 896.3142, 896.3149333333333, 896.3157333333334, 896.3159666666667, 896.3163666666667, 896.3176666666667, 896.3184333333334, 896.3197, 896.3201333333334, 896.3232, 896.3248666666667, 896.3249666666667, 896.3267333333333, 896.3274333333334, 896.3277, 896.3288, 896.3288666666666, 896.3293, 896.3315333333334, 896.3345666666667, 896.3357, 896.3367333333333, 896.3371, 896.3371666666667, 896.3377, 896.3392, 896.3392, 896.3395, 896.3402, 896.342, 896.3425333333333, 896.3440666666667, 896.3445333333333, 896.3445333333333, 896.3445666666667, 896.3451, 896.3454666666667, 896.3467333333333]","[190, 189, 110, 197, 190, 97, 157, 189, 193, 224, 97, 197, 190, 0, 189, 192, 0, 190, 110, 157, 95, 190, 12, 95, 224, 157, 95, 95, 110, 61, 157, 0, 231, 190, 95, 190, 190, 157, 193, 0, 17, 177, 190, 95, 0, 157, 190, 177, 193, 35, 157, 84, 0, 190, 155]"
899.8568,899.8748,899.8856,899.8736,3.6748147010803223,0.0288,"[899.8569666666667, 899.8573, 899.8583666666667, 899.8591, 899.8599333333333, 899.8599666666667, 899.8601333333334, 899.8603333333333, 899.8612, 899.8619333333334, 899.8620666666667, 899.8625, 899.8636666666666, 899.8638666666667, 899.8641333333334, 899.8648, 899.8652, 899.8659333333334, 899.8660666666667, 899.8669666666667, 899.867, 899.8675, 899.8676333333333, 899.868, 899.8694666666667, 899.8696666666667, 899.8738, 899.8739666666667, 899.8742333333333, 899.8758666666666, 899.8783333333333, 899.8787, 899.8809, 899.8815333333333, 899.8824666666667, 899.8846, 899.8847666666667, 899.8852666666667]","[97, 235, 61, 232, 0, 136, 204, 177, 190, 97, 157, 157, 61, 35, 0, 0, 204, 37, 190, 0, 157, 155, 190, 35, 0, 61, 95, 157, 190, 95, 190, 0, 157, 190, 245, 95, 190, 61]"
903.9984,904.0272,904.0328,904.0288,3.439531087875366,0.0344,"[903.9986666666666, 904.0, 904.0006666666668, 904.0013333333334, 904.0014666666668, 904.0024, 904.0024666666668, 904.0037666666668, 904.0062666666666, 904.0066, 904.0078666666668, 904.0085666666666, 904.0108666666666, 904.0113333333334, 904.0114, 904.0120333333332, 904.0136666666668, 904.0140333333334, 904.0143666666668, 904.0147333333332, 904.0173333333332, 904.0175666666668, 904.019, 904.0190333333334, 904.0197, 904.0204, 904.0207666666666, 904.0209333333332, 904.0230666666666, 904.024, 904.024, 904.0249333333334, 904.0249333333334, 904.0251, 904.0277, 904.028, 904.0288333333332, 904.0291333333332, 904.0322]","[204, 61, 245, 0, 197, 190, 35, 0, 190, 219, 245, 95, 190, 197, 187, 157, 245, 187, 95, 190, 35, 37, 0, 95, 197, 190, 187, 110, 187, 188, 192, 190, 187, 97, 219, 110, 95, 190, 197]"
907.8348,907.85,907.886,907.8488,4.412178039550781,0.0512,"[907.8348, 907.8349666666668, 907.8355333333334, 907.8418333333332, 907.8424, 907.843, 907.8432666666666, 907.8434, 907.8437, 907.8451333333334, 907.8457666666668, 907.8495, 907.8496666666666, 907.8497666666668, 907.8503, 907.8507, 907.8521666666668, 907.8533, 907.8538333333332, 907.8554, 907.8572, 907.8574333333332, 907.8587666666666, 907.8611333333332, 907.8623, 907.8624, 907.863, 907.8634333333332, 907.8635, 907.8651, 907.8671, 907.8672, 907.8677666666666, 907.8692666666668, 907.8699, 907.8700666666666, 907.872, 907.8723, 907.8725, 907.8764333333334, 907.8765666666668, 907.8770333333332, 907.8809666666668, 907.8813666666666, 907.8819666666668, 907.8823666666668, 907.8826333333334, 907.8831333333334]","[0, 197, 17, 190, 17, 155, 157, 95, 0, 197, 190, 17, 231, 0, 157, 61, 190, 197, 61, 155, 97, 157, 190, 95, 12, 187, 61, 155, 157, 190, 95, 197, 0, 231, 157, 0, 190, 95, 95, 95, 190, 155, 95, 190, 155, 157, 61, 197]"
915.0384,915.0696,915.0928,915.0696,3.8321995735168457,0.0544,"[915.0395333333332, 915.0421666666666, 915.0441, 915.0448, 915.0465333333332, 915.0468666666668, 915.0485666666668, 915.0504333333332, 915.0506666666666, 915.0527, 915.0538, 915.055, 915.0561666666666, 915.0586, 915.0587333333332, 915.0596666666668, 915.0633333333334, 915.0638, 915.0638333333334, 915.0655333333332, 915.0664, 915.0692333333334, 915.0703666666668, 915.0715, 915.0721, 915.0773, 915.0776, 915.0777333333332, 915.0782333333332, 915.0840666666668, 915.0845666666668, 915.085, 915.0850333333332, 915.0863666666668, 915.0875666666668, 915.0890666666668, 915.0890666666668, 915.0896333333334, 915.0899666666668, 915.091, 915.0919, 915.0919333333334, 915.0923, 915.0925333333332, 915.0925666666668]","[61, 197, 61, 95, 97, 190, 0, 157, 173, 95, 193, 190, 157, 189, 95, 0, 155, 190, 173, 95, 157, 95, 173, 190, 95, 37, 190, 235, 157, 0, 17, 190, 157, 197, 35, 190, 177, 187, 155, 197, 190, 35, 187, 95, 157]"
917.6428,917.652,917.6756,917.6528,4.501446723937988,0.0328,"[917.6444333333334, 917.6451333333332, 917.6454666666668, 917.6474, 917.6479666666668, 917.6492666666668, 917.6495, 917.6517333333334, 917.6535, 917.6540333333334, 917.6545333333332, 917.6556333333332, 917.6560666666668, 917.6568, 917.6586333333332, 917.6590666666668, 917.6626, 917.6628666666668, 917.6629333333332, 917.6630333333334, 917.6640333333334, 917.6643333333334, 917.6645333333332, 917.665, 917.6650666666668, 917.6682333333332, 917.6685666666668, 917.6692666666668, 917.6697666666666, 917.6741666666668]","[229, 197, 190, 157, 95, 61, 58, 95, 157, 3, 210, 97, 190, 61, 33, 41, 187, 17, 157, 95, 37, 61, 190, 58, 187, 0, 190, 157, 61, 61]"
919.9924,920.038,920.0444,920.0364,4.295328140258789,0.052,"[919.9951, 919.9952, 919.9960333333332, 919.9961, 919.9974666666668, 919.9977333333334, 919.9985, 919.9988666666668, 920.0025, 920.0027666666666, 920.0034666666668, 920.0042, 920.0051666666668, 920.0081, 920.0091, 920.0104, 920.0104666666666, 920.0114, 920.0119, 920.0121, 920.0122, 920.0136666666668, 920.0151, 920.0166666666668, 920.0171666666666, 920.0172, 920.0174666666668, 920.0192666666668, 920.0193333333332, 920.0194666666666, 920.0204, 920.0208666666666, 920.0212333333334, 920.0217666666666, 920.0218333333332, 920.0219666666668, 920.0229, 920.0241333333332, 920.0250333333332, 920.0259, 920.0263, 920.0263, 920.0272333333334, 920.0282333333332, 920.0284666666666, 920.0286333333332, 920.0307333333334, 920.0312, 920.0314333333332, 920.0320666666668, 920.0354333333332, 920.0358333333334, 920.0360666666668, 920.0361333333332, 920.0361666666666, 920.0368666666668, 920.0369666666668, 920.0398, 920.0420666666666, 920.0432]","[95, 190, 0, 157, 37, 84, 0, 190, 197, 157, 232, 95, 190, 0, 157, 190, 197, 97, 61, 157, 204, 114, 95, 190, 95, 157, 0, 95, 190, 0, 35, 231, 97, 157, 197, 0, 35, 0, 35, 190, 0, 197, 35, 97, 117, 95, 97, 0, 157, 190, 245, 190, 187, 12, 95, 61, 58, 245, 245, 190]"
930.4372,930.454,930.4604,930.4532,3.534144878387451,0.0232,"[930.4385, 930.4388333333334, 930.4418666666668, 930.4463333333332, 930.4465, 930.4468333333332, 930.4477, 930.4503, 930.4507666666668, 930.4513, 930.454, 930.4548, 930.4572333333332, 930.4573, 930.4591333333332, 930.4598666666668]","[190, 0, 190, 0, 157, 37, 95, 187, 197, 190, 61, 157, 0, 97, 95, 0]"
945.2816,945.2892,945.3068,945.2876,4.381819725036621,0.0252,"[945.2816666666666, 945.2823333333332, 945.2837666666668, 945.2849, 945.2867333333334, 945.2871333333334, 945.2872333333332, 945.2874, 945.2875333333334, 945.2915333333332, 945.2918666666668, 945.2926, 945.2933666666668, 945.2948333333334, 945.2954666666668, 945.2960666666668, 945.297, 945.2983, 945.3002333333334, 945.3015, 945.3016333333334, 945.3019666666668, 945.3028333333332, 945.3029, 945.3033333333332, 945.304, 945.3046666666668, 945.3063]","[97, 117, 190, 95, 197, 97, 155, 232, 190, 190, 97, 35, 95, 197, 61, 187, 190, 97, 197, 190, 155, 95, 157, 229, 37, 173, 49, 235]"
950.9788,950.9908,951.0008,950.9916,4.760977745056152,0.022,"[950.9795333333332, 950.9796333333334, 950.9798333333332, 950.9800333333334, 950.9806333333332, 950.9844, 950.9845333333334, 950.9847333333332, 950.9856, 950.9873, 950.9884666666668, 950.9885333333332, 950.9889333333332, 950.9894666666668, 950.9896333333334, 950.9897, 950.9924, 950.9935666666668, 950.9949666666666, 950.9952333333332, 950.9976666666666, 950.9978]","[23, 155, 95, 97, 190, 190, 193, 193, 0, 157, 193, 187, 61, 95, 12, 190, 187, 157, 95, 193, 61, 12]"
953.606,953.6204,953.6412,953.6212,4.071380615234375,0.0352,"[953.6066666666668, 953.6073, 953.6103, 953.6105666666666, 953.6122666666666, 953.6135, 953.6153333333332, 953.6155333333334, 953.6158333333332, 953.6163666666666, 953.6168333333334, 953.6178333333334, 953.6196333333334, 953.6207666666668, 953.6224, 953.6229, 953.6244, 953.6256666666668, 953.6267, 953.6273333333334, 953.6276333333332, 953.6277333333334, 953.633, 953.6344333333332, 953.6344666666666, 953.6350333333334, 953.6356666666668, 953.6359, 953.6371333333332, 953.6398333333332, 953.641]","[35, 197, 0, 155, 58, 190, 95, 197, 155, 157, 114, 95, 190, 231, 232, 190, 97, 204, 157, 155, 61, 193, 190, 61, 0, 197, 204, 190, 232, 95, 190]"
967.4808,967.5136,967.52,967.516,4.754749298095703,0.0392,"[967.4812333333332, 967.4871333333332, 967.4874, 967.4882, 967.4886, 967.4888333333332, 967.4929666666668, 967.4933666666668, 967.4936666666666, 967.4939333333332, 967.4974666666668, 967.4983333333332, 967.4986666666666, 967.4990666666666, 967.5000333333334, 967.5003333333332, 967.5022333333334, 967.5036, 967.5042333333332, 967.5044666666666, 967.5045666666666, 967.5059666666668, 967.5065333333332, 967.5066333333332, 967.5067, 967.5084, 967.5086333333334, 967.5092666666668, 967.5106333333332, 967.5108333333334, 967.5109666666668, 967.5110666666668, 967.5112666666666, 967.5121666666666, 967.5125, 967.5129666666668, 967.513, 967.5133, 967.5138, 967.5138333333332, 967.5142333333332, 967.5159, 967.5179, 967.5191, 967.5198666666666, 967.52]","[190, 95, 91, 190, 97, 58, 190, 157, 61, 193, 97, 243, 197, 114, 157, 190, 0, 95, 243, 0, 190, 61, 95, 114, 197, 157, 95, 140, 114, 95, 245, 190, 197, 35, 33, 97, 61, 190, 0, 189, 35, 0, 0, 35, 114, 187]"
968.306,968.3136,968.3456,968.3144,4.225363254547119,0.0396,"[968.3067666666668, 968.3067666666668, 968.3068666666668, 968.3089333333334, 968.3124, 968.3138666666666, 968.3167333333332, 968.3177333333332, 968.3188, 968.3219, 968.3219333333332, 968.3224, 968.3224666666666, 968.3225, 968.3225, 968.3227333333332, 968.323, 968.3232333333332, 968.3242, 968.3247666666666, 968.3276333333332, 968.3306333333334, 968.3307, 968.3315333333334, 968.3342333333334, 968.3346666666666, 968.3348333333332, 968.3349333333332, 968.3352666666668, 968.3359666666666, 968.3363, 968.3370333333334, 968.3384, 968.3386666666668, 968.342, 968.3421666666668, 968.3422666666668, 968.3451666666666]","[117, 190, 229, 61, 190, 95, 157, 95, 190, 95, 110, 117, 61, 0, 187, 190, 97, 35, 193, 0, 117, 190, 117, 95, 157, 117, 12, 35, 95, 197, 155, 0, 190, 49, 197, 157, 190, 187]"
976.6044,976.6148,976.6252,976.6144,5.237617015838623,0.0208,"[976.6063, 976.6082, 976.6086, 976.6104, 976.6107, 976.6145333333334, 976.6154, 976.6159333333334, 976.6199333333332, 976.6203666666668, 976.6217333333332, 976.6245, 976.6247666666668]","[155, 95, 187, 190, 197, 74, 95, 61, 157, 0, 197, 61, 190]"
985.582,985.6232,985.6384,985.6248,5.912165641784668,0.0564,"[985.5826, 985.5833333333334, 985.5862, 985.5888666666668, 985.5895333333332, 985.5901, 985.5904333333332, 985.5917666666668, 985.5939, 985.5959, 985.5965333333334, 985.5969666666666, 985.5973333333334, 985.5974333333334, 985.6000333333334, 985.6005, 985.6021, 985.6021333333332, 985.6026666666668, 985.6031, 985.6035333333332, 985.6041666666666, 985.6049333333332, 985.6053666666668, 985.6084666666668, 985.6087, 985.6093333333332, 985.6117, 985.6123333333334, 985.6132, 985.6150333333334, 985.6158333333332, 985.6162, 985.6162666666668, 985.6175333333332, 985.6188, 985.6212, 985.6249666666666, 985.6251333333332, 985.6274, 985.6282666666668, 985.6283, 985.6286333333334, 985.6299333333334, 985.6317, 985.6340666666666, 985.6368, 985.6371, 985.6372]","[95, 187, 232, 95, 249, 190, 3, 157, 95, 117, 243, 190, 97, 197, 95, 243, 190, 117, 97, 245, 187, 243, 61, 33, 157, 204, 0, 117, 95, 190, 117, 157, 95, 0, 190, 0, 157, 97, 0, 197, 97, 190, 95, 197, 157, 95, 190, 249, 197]"
986.7468,986.7596,986.7692,986.7512,3.766581296920776,0.0224,"[986.7478, 986.7499, 986.7515, 986.7527333333334, 986.7541, 986.7590333333334, 986.7602333333332, 986.7604, 986.762, 986.7621333333332, 986.7627666666668, 986.7641333333332, 986.7666333333332, 986.7667, 986.7671333333332, 986.7674666666668]","[190, 197, 95, 190, 157, 190, 95, 197, 157, 190, 0, 37, 187, 95, 197, 190]"
986.8476,986.8528,986.8868,986.8816,3.163729667663574,0.0392,"[986.8500666666666, 986.8501333333334, 986.8506666666668, 986.8509, 986.8529333333332, 986.8543666666668, 986.8557, 986.8559333333334, 986.8563666666666, 986.8569, 986.8573, 986.8594666666668, 986.8597666666668, 986.8626, 986.8631, 986.8637, 986.8639333333332, 986.8642, 986.8644333333332, 986.8647666666668, 986.8649666666666, 986.8690333333332, 986.8692, 986.8694333333332, 986.8694333333332, 986.8694666666668, 986.8696333333334, 986.8703333333332, 986.8722333333334, 986.8737, 986.8750333333334, 986.8754666666666, 986.8774333333332, 986.8776666666666, 986.8796333333332, 986.88, 986.8813, 986.8825333333332, 986.8827, 986.8827333333334, 986.8834666666668, 986.8850666666668, 986.8862333333332]","[95, 157, 97, 0, 190, 157, 95, 37, 35, 245, 190, 190, 157, 140, 190, 0, 157, 197, 61, 33, 58, 187, 95, 194, 192, 190, 157, 193, 35, 95, 187, 110, 157, 190, 49, 110, 97, 0, 188, 192, 190, 0, 197]"
995.2944,995.3344,995.344,995.3168,8.450860977172852,0.0496,"[995.2969, 995.2984666666666, 995.2988666666666, 995.2991666666668, 995.2998666666666, 995.3008, 995.3026666666668, 995.3041666666668, 995.3042666666666, 995.3044, 995.3049666666668, 995.3062, 995.3079333333334, 995.3089666666668, 995.3099, 995.3099666666668, 995.3100333333332, 995.311, 995.3117333333332, 995.3127, 995.3128, 995.3129666666666, 995.3136333333332, 995.3145333333332, 995.3164666666668, 995.3169333333332, 995.3198333333332, 995.3205333333332, 995.3212, 995.3221, 995.3246, 995.325, 995.3252, 995.3258333333332, 995.3269333333334, 995.3270666666666, 995.3278333333334, 995.3301666666666, 995.3310666666666, 995.3311, 995.3315666666666, 995.3319666666666, 995.3326666666668, 995.3332, 995.3342666666666, 995.3346666666666, 995.3351666666666, 995.3353, 995.3361666666668, 995.3378333333334, 995.3383333333334, 995.3386666666668, 995.3394666666668, 995.3401333333334, 995.3408333333332, 995.3409, 995.3434]","[197, 0, 61, 190, 157, 0, 97, 190, 173, 61, 229, 157, 35, 190, 61, 193, 35, 95, 157, 187, 190, 35, 33, 197, 37, 190, 35, 197, 190, 157, 95, 190, 33, 61, 231, 190, 97, 114, 0, 190, 157, 37, 190, 0, 37, 95, 190, 0, 35, 155, 157, 235, 95, 0, 190, 61, 140]"
1004.6332,1004.6436,1004.6708,1004.6412,5.970158576965332,0.0376,"[1004.6346333333332, 1004.6347666666668, 1004.635, 1004.6358, 1004.6363, 1004.6368666666668, 1004.6399, 1004.6407333333332, 1004.6415333333332, 1004.6420666666668, 1004.6421333333332, 1004.6432, 1004.6443, 1004.6450333333332, 1004.6454, 1004.6469666666668, 1004.6478666666668, 1004.6494333333334, 1004.6499666666666, 1004.6500333333332, 1004.6519, 1004.6525, 1004.6525333333332, 1004.6529333333332, 1004.6530333333334, 1004.6535, 1004.656, 1004.6562, 1004.6594333333334, 1004.6603333333334, 1004.6608666666668, 1004.6617666666668, 1004.6620666666666, 1004.6621666666666, 1004.6629, 1004.6655666666668, 1004.6658666666668, 1004.6675333333334, 1004.6688333333332]","[204, 149, 95, 190, 157, 232, 190, 149, 114, 204, 61, 190, 197, 95, 232, 61, 157, 190, 0, 97, 12, 157, 190, 97, 35, 61, 97, 190, 190, 41, 204, 61, 197, 114, 0, 190, 37, 157, 190]"
1006.5812,1006.5944,1006.6248,1006.594,4.844954490661621,0.0436,"[1006.5821, 1006.5852, 1006.5863, 1006.5869333333334, 1006.5881333333332, 1006.5889666666668, 1006.5894666666668, 1006.5897, 1006.5915, 1006.5935666666668, 1006.5941666666666, 1006.5954, 1006.5958, 1006.5960666666666, 1006.5967, 1006.5969, 1006.5975666666668, 1006.6015666666668, 1006.6015666666668, 1006.6042666666668, 1006.6043666666668, 1006.6045666666666, 1006.6049, 1006.6051, 1006.6064666666666, 1006.6100666666666, 1006.6102333333332, 1006.6140333333332, 1006.6151333333332, 1006.6151333333332, 1006.6153333333332, 1006.6155, 1006.6156333333332, 1006.6159333333334, 1006.6168666666666, 1006.6213666666666, 1006.6229666666668, 1006.6238]","[12, 144, 0, 95, 41, 0, 197, 12, 140, 187, 95, 157, 190, 61, 84, 193, 12, 190, 0, 58, 35, 61, 187, 157, 190, 58, 197, 187, 157, 190, 197, 0, 58, 61, 210, 190, 61, 58]"
1009.9916,1010.0004,1010.044,1010.0016,4.861016750335693,0.0524,"[1009.9918333333334, 1009.9950666666666, 1009.9960666666668, 1009.9965, 1009.9966666666668, 1009.9999333333334, 1010.0015666666668, 1010.0093, 1010.0121666666666, 1010.0124, 1010.0126, 1010.0156666666668, 1010.0167333333334, 1010.0169333333332, 1010.0225333333332, 1010.0232, 1010.0242, 1010.0244, 1010.0246, 1010.0246666666668, 1010.0265, 1010.0313, 1010.0313666666668, 1010.0315333333332, 1010.0327666666668, 1010.0342333333332, 1010.0343666666666, 1010.0368333333332, 1010.0389666666666, 1010.0398, 1010.0408333333334, 1010.0414333333332, 1010.0420333333332]","[190, 95, 155, 157, 197, 95, 190, 0, 197, 190, 61, 0, 197, 190, 95, 0, 197, 222, 190, 157, 187, 197, 173, 0, 61, 190, 95, 235, 95, 187, 190, 197, 187]"
1010.6564,1010.6928,1010.6992,1010.6908,3.9215729236602783,0.0428,"[1010.6576333333334, 1010.6581666666668, 1010.6589, 1010.6593333333332, 1010.6595666666668, 1010.6598333333334, 1010.6606666666668, 1010.6642, 1010.6642333333332, 1010.6647666666668, 1010.6665666666668, 1010.6678, 1010.6686666666668, 1010.6689666666666, 1010.6692666666668, 1010.6706333333332, 1010.6715, 1010.6715, 1010.6730333333334, 1010.6739, 1010.6742, 1010.6750666666668, 1010.6753666666668, 1010.6755, 1010.6757, 1010.6763, 1010.6766666666666, 1010.6768666666668, 1010.6771666666668, 1010.6807666666666, 1010.6809666666668, 1010.6820666666666, 1010.6822333333332, 1010.6842666666666, 1010.6847666666666, 1010.685, 1010.6871, 1010.6886333333332, 1010.6899666666668, 1010.6902, 1010.6913666666668, 1010.6915666666666, 1010.6918, 1010.6921333333332, 1010.6949, 1010.6961, 1010.6965333333334, 1010.6969666666666, 1010.6975, 1010.6975, 1010.6976, 1010.6978666666666, 1010.6992]","[114, 232, 187, 95, 204, 173, 190, 97, 197, 95, 114, 197, 231, 61, 0, 190, 0, 235, 114, 0, 95, 222, 58, 197, 190, 0, 204, 189, 95, 190, 95, 197, 189, 157, 190, 243, 33, 190, 95, 243, 157, 197, 190, 33, 95, 190, 197, 61, 95, 155, 157, 0, 190]"
1011.4428,1011.456,1011.466,1011.4572,6.779301643371582,0.0232,"[1011.4455333333332, 1011.4459333333332, 1011.4460666666666, 1011.4473, 1011.4474666666666, 1011.4478, 1011.4485333333332, 1011.45, 1011.4504, 1011.4505333333332, 1011.4507333333332, 1011.4511, 1011.4512, 1011.4518, 1011.4559666666668, 1011.4560333333334, 1011.4563333333332, 1011.4563333333332, 1011.4563666666668, 1011.4563666666668, 1011.4565, 1011.4566333333332, 1011.4567666666668, 1011.4568333333332, 1011.4576666666668, 1011.4578, 1011.4585333333332, 1011.4593333333332, 1011.4595666666668, 1011.4612333333332, 1011.4615333333334, 1011.4618, 1011.4618333333332, 1011.4618666666668, 1011.4619, 1011.4628333333334, 1011.4638, 1011.4639333333332, 1011.4655, 1011.4658666666668]","[157, 0, 190, 37, 197, 0, 0, 190, 61, 97, 0, 155, 157, 190, 245, 157, 99, 223, 110, 95, 155, 139, 190, 0, 144, 12, 95, 0, 97, 190, 109, 223, 99, 110, 234, 155, 157, 193, 0, 35]"
1015.4272,1015.4396,1015.4692,1015.4416,6.845555305480957,0.042,"[1015.4278, 1015.4290333333332, 1015.4320333333334, 1015.4328, 1015.4329666666666, 1015.4351333333332, 1015.4351666666666, 1015.4356333333334, 1015.4358666666668, 1015.4366, 1015.4384666666666, 1015.4394666666668, 1015.4395666666668, 1015.4411, 1015.4413333333332, 1015.4413666666668, 1015.4414666666668, 1015.4419333333332, 1015.4427333333332, 1015.4427333333332, 1015.4435333333332, 1015.4438, 1015.446, 1015.4462, 1015.4471666666668, 1015.4482333333332, 1015.4493666666668, 1015.4507666666668, 1015.4508, 1015.4512333333332, 1015.4531333333332, 1015.4547666666666, 1015.4549, 1015.4549666666668, 1015.4561666666668, 1015.4573666666666, 1015.4584666666668, 1015.4589, 1015.4590333333332, 1015.4594, 1015.4606, 1015.4613666666668, 1015.4618333333332, 1015.4632333333332, 1015.4645333333332, 1015.4647666666668, 1015.4649, 1015.4652333333332, 1015.4657333333332, 1015.4660666666666, 1015.4673333333334, 1015.4682333333334, 1015.4685]","[33, 157, 190, 61, 0, 117, 114, 229, 33, 155, 35, 0, 190, 197, 61, 190, 157, 0, 35, 249, 95, 205, 95, 157, 190, 0, 197, 190, 157, 0, 189, 157, 95, 35, 190, 155, 95, 61, 109, 157, 157, 110, 190, 95, 49, 197, 187, 190, 155, 157, 222, 190, 0]"
1018.2784,1018.2896,1018.2996,1018.2884,5.897623538970947,0.0212,"[1018.2816, 1018.283, 1018.2835, 1018.2851666666668, 1018.2853, 1018.2881333333332, 1018.2889, 1018.2907, 1018.2940666666668, 1018.2953, 1018.2957, 1018.2961333333334, 1018.2961666666666, 1018.2966, 1018.2973666666668]","[154, 97, 190, 190, 0, 95, 157, 190, 157, 61, 114, 190, 157, 58, 61]"
1020.6728,1020.6936,1020.7208,1020.6908,10.073602676391602,0.048,"[1020.6731666666668, 1020.6759, 1020.6767666666668, 1020.6776666666668, 1020.6777, 1020.6784666666666, 1020.6793, 1020.6800666666668, 1020.6811333333334, 1020.6816666666666, 1020.6837666666668, 1020.6844333333332, 1020.6852, 1020.6856333333334, 1020.6863666666668, 1020.6881666666668, 1020.6901333333332, 1020.6908, 1020.6908333333332, 1020.691, 1020.6921666666668, 1020.6924, 1020.6925666666668, 1020.6935333333332, 1020.6936, 1020.6957, 1020.6976666666668, 1020.6980333333332, 1020.6981, 1020.6981666666668, 1020.6993666666668, 1020.6999666666668, 1020.7002666666668, 1020.7006, 1020.7007, 1020.7036, 1020.7056333333334, 1020.7059666666668, 1020.7062, 1020.7067666666668, 1020.7084, 1020.7085666666668, 1020.7109, 1020.7131333333332, 1020.7142333333334, 1020.7143333333332, 1020.7165, 1020.7180666666668, 1020.7184333333332, 1020.7186666666666, 1020.7188, 1020.7193333333332, 1020.7198666666668, 1020.7208]","[190, 232, 35, 95, 114, 190, 157, 97, 204, 97, 187, 95, 190, 97, 157, 97, 37, 0, 95, 204, 190, 61, 58, 0, 157, 0, 114, 243, 95, 0, 61, 190, 97, 157, 95, 37, 0, 157, 97, 190, 114, 197, 190, 95, 190, 0, 0, 61, 190, 0, 97, 193, 95, 157]"
1022.6568,1022.6648,1022.6784,1022.6644,5.205954551696777,0.0216,"[1022.6573, 1022.6588, 1022.6592666666668, 1022.6593, 1022.6594, 1022.6607, 1022.6610333333332, 1022.6611333333332, 1022.6615333333332, 1022.6618, 1022.6628, 1022.6633333333332, 1022.6636, 1022.6639666666666, 1022.6642666666668, 1022.6645, 1022.6655, 1022.6664666666668, 1022.6673, 1022.6675333333334, 1022.6679666666666, 1022.6694, 1022.6700666666668, 1022.6704, 1022.6717333333332, 1022.6720666666666, 1022.6722333333332, 1022.6723, 1022.6723333333332, 1022.6736333333332, 1022.6739333333334, 1022.6742333333332, 1022.6743, 1022.6745666666668, 1022.6752, 1022.6766666666666, 1022.6767666666668, 1022.6771, 1022.6771666666668, 1022.6771666666668, 1022.6774333333332, 1022.6779333333334, 1022.6780333333334, 1022.6781333333332]","[190, 197, 157, 155, 0, 95, 222, 97, 193, 190, 35, 157, 95, 139, 17, 35, 190, 61, 114, 190, 95, 61, 197, 95, 95, 61, 97, 190, 0, 190, 232, 61, 157, 0, 35, 109, 0, 223, 110, 99, 35, 97, 190, 157]"
1027.3132,1027.334,1027.3656,1027.3192,3.4870002269744873,0.0524,"[1027.3139, 1027.3139, 1027.3139333333334, 1027.3152666666667, 1027.3163, 1027.316366666667, 1027.3173, 1027.317633333333, 1027.318, 1027.3181333333334, 1027.3188666666667, 1027.3199, 1027.3199333333334, 1027.3209333333334, 1027.3214333333333, 1027.3219666666666, 1027.322233333333, 1027.3237, 1027.3241, 1027.3246, 1027.3255, 1027.3256, 1027.3262333333332, 1027.3268666666668, 1027.3277, 1027.3292333333334, 1027.3296333333333, 1027.3296666666668, 1027.3297666666667, 1027.329966666667, 1027.331766666667, 1027.3318333333334, 1027.3338, 1027.3341333333333, 1027.3343333333332, 1027.335466666667, 1027.3358666666666, 1027.3365666666666, 1027.3369333333333, 1027.3376666666666, 1027.3382, 1027.3384, 1027.3397666666667, 1027.340866666667, 1027.3411666666666, 1027.3416, 1027.3417, 1027.3422333333333, 1027.3428333333334, 1027.3429333333331, 1027.3434, 1027.3437333333334, 1027.3445666666669, 1027.3451, 1027.3461333333332, 1027.3468333333333, 1027.3468333333333, 1027.3472333333334, 1027.3483333333334, 1027.3483666666666, 1027.3488666666667, 1027.3491, 1027.3493666666666, 1027.3501333333334, 1027.3517, 1027.3527333333334, 1027.3542333333332, 1027.3554, 1027.3554, 1027.3567, 1027.3577333333333, 1027.358066666667, 1027.3586666666667, 1027.3587, 1027.3618333333334, 1027.3623, 1027.364, 1027.3641333333333, 1027.3642333333332, 1027.3647, 1027.3647666666666, 1027.3649666666668]","[190, 95, 0, 61, 247, 0, 190, 61, 95, 51, 212, 61, 37, 0, 190, 247, 95, 51, 61, 155, 190, 210, 247, 95, 187, 157, 155, 61, 197, 190, 247, 187, 188, 187, 190, 35, 157, 197, 190, 35, 187, 12, 247, 0, 157, 61, 189, 190, 114, 0, 193, 35, 95, 0, 243, 157, 95, 0, 37, 197, 190, 95, 0, 240, 41, 117, 157, 225, 111, 190, 240, 243, 111, 225, 225, 224, 240, 61, 95, 190, 0, 157]"
1029.936,1029.9532,1029.9608,1029.9524,4.838198184967041,0.0248,"[1029.9382333333333, 1029.941366666667, 1029.9423333333334, 1029.9429666666667, 1029.9448333333332, 1029.9460333333334, 1029.946233333333, 1029.9467333333334, 1029.9489666666666, 1029.949033333333, 1029.9498, 1029.95, 1029.9506, 1029.9512333333332, 1029.9515, 1029.9521, 1029.9531, 1029.9534, 1029.9534666666666, 1029.9553666666666, 1029.957666666667, 1029.9582333333333, 1029.9587, 1029.9589666666666, 1029.9603]","[197, 190, 95, 239, 190, 239, 204, 61, 97, 23, 61, 197, 190, 139, 239, 193, 204, 95, 0, 190, 157, 190, 239, 95, 157]"
1032.9264,1032.954,1032.9636,1032.9532,4.60264778137207,0.0372,"[1032.9267666666667, 1032.9268, 1032.9271333333334, 1032.9285666666667, 1032.9298666666666, 1032.931833333333, 1032.9324, 1032.9332, 1032.9334333333334, 1032.9362, 1032.9370666666666, 1032.9376, 1032.937766666667, 1032.9409333333333, 1032.9445, 1032.9457666666667, 1032.946866666667, 1032.949033333333, 1032.9538, 1032.9544, 1032.9550666666669, 1032.9564666666668, 1032.9566, 1032.961366666667, 1032.9627333333333]","[197, 61, 95, 84, 97, 114, 190, 95, 157, 95, 190, 155, 157, 190, 187, 136, 187, 190, 187, 190, 197, 187, 95, 219, 187]"
1034.0248,1034.0368,1034.0588,1034.0364,8.185792922973633,0.034,"[1034.025666666667, 1034.0257, 1034.027466666667, 1034.0285, 1034.0292, 1034.0295333333331, 1034.029633333333, 1034.0318333333332, 1034.0328333333334, 1034.0355, 1034.037733333333, 1034.0400333333334, 1034.0412666666666, 1034.0421, 1034.0434333333333, 1034.0438333333334, 1034.045, 1034.0464, 1034.0470333333333, 1034.0500333333334, 1034.0504, 1034.0513, 1034.0546333333334]","[197, 157, 84, 190, 97, 157, 155, 97, 190, 197, 244, 97, 190, 0, 197, 49, 190, 232, 95, 110, 190, 95, 219]"
1035.6328,1035.646,1035.6532,1035.6448,4.647668361663818,0.0204,"[1035.6333333333334, 1035.6337, 1035.6346666666666, 1035.6368333333332, 1035.6434666666669, 1035.6443, 1035.6445333333334, 1035.6457333333333, 1035.6496, 1035.6501666666666, 1035.6508333333334, 1035.6516, 1035.6523]","[95, 0, 12, 190, 61, 139, 95, 157, 190, 197, 61, 0, 37]"
1037.99,1038.0044,1038.0176,1038.008,4.346548080444336,0.0276,"[1037.9905, 1037.9907, 1037.9908, 1037.9909333333333, 1037.991166666667, 1037.991266666667, 1037.9913, 1037.9927666666667, 1037.9931333333334, 1037.9948, 1037.9952666666666, 1037.9963333333333, 1037.9968666666666, 1037.9969, 1037.9972333333333, 1037.9973333333332, 1037.9974, 1037.9991666666667, 1037.9998333333333, 1038.0006, 1038.0006666666666, 1038.0008333333333, 1038.0013666666666, 1038.0018333333333, 1038.0021333333334, 1038.0034, 1038.0042666666666, 1038.0048666666669, 1038.005133333333, 1038.0061666666666, 1038.006566666667, 1038.009733333333, 1038.0100666666667, 1038.0116666666668, 1038.0119, 1038.0135, 1038.0145333333332]","[157, 33, 95, 43, 58, 190, 61, 37, 197, 114, 95, 35, 187, 189, 95, 97, 58, 12, 197, 114, 243, 95, 187, 97, 190, 41, 114, 97, 61, 190, 0, 97, 210, 190, 95, 35, 190]"
1038.0896,1038.0964,1038.1216,1038.094,3.5675337314605713,0.032,"[1038.0904333333333, 1038.0919333333334, 1038.0920666666666, 1038.0923, 1038.0950333333333, 1038.0950666666668, 1038.0956666666666, 1038.0968333333333, 1038.0969333333333, 1038.0971, 1038.0992333333334, 1038.1003, 1038.1014333333333, 1038.1016, 1038.1021333333333, 1038.102666666667, 1038.1033666666667, 1038.105, 1038.1053333333334, 1038.1069666666667, 1038.1093666666666, 1038.1108, 1038.1122333333333, 1038.1127666666666, 1038.1142, 1038.1175666666666, 1038.1182333333334, 1038.1188, 1038.1191, 1038.1203666666668]","[0, 33, 61, 12, 157, 0, 197, 190, 95, 204, 97, 157, 204, 249, 95, 190, 197, 245, 95, 190, 204, 61, 157, 190, 0, 0, 190, 197, 95, 204]"
1044.1632,1044.192,1044.1988,1044.1932,3.463599443435669,0.0356,"[1044.1640333333332, 1044.1648666666667, 1044.1674333333333, 1044.1679666666666, 1044.1683666666668, 1044.1687333333334, 1044.1688666666666, 1044.170033333333, 1044.1708, 1044.1710333333333, 1044.1720333333333, 1044.1725666666666, 1044.173, 1044.1741, 1044.1760666666669, 1044.1762666666666, 1044.1763, 1044.1763666666666, 1044.177, 1044.1787333333334, 1044.1788666666666, 1044.179933333333, 1044.1812, 1044.1812666666667, 1044.1817666666666, 1044.182366666667, 1044.1846, 1044.1872666666666, 1044.1884, 1044.1894, 1044.1925333333334, 1044.192633333333, 1044.1929333333333, 1044.1934333333334, 1044.1952666666666, 1044.1976666666667, 1044.1979666666666]","[187, 190, 140, 95, 155, 0, 190, 97, 0, 197, 88, 95, 189, 0, 157, 190, 95, 0, 197, 37, 190, 0, 37, 190, 97, 0, 0, 190, 197, 95, 190, 97, 205, 157, 0, 190, 0]"
1047.2408,1047.2588,1047.266,1047.2612,4.112857818603516,0.0252,"[1047.2418, 1047.2418666666667, 1047.2458, 1047.2465666666667, 1047.248466666667, 1047.2492666666667, 1047.2496333333331, 1047.2544333333333, 1047.2548, 1047.255666666667, 1047.2564666666667, 1047.2564666666667, 1047.2578666666666, 1047.2597666666666, 1047.2607666666668, 1047.2612333333334, 1047.262, 1047.2640333333334, 1047.2646666666667]","[157, 139, 0, 154, 97, 157, 190, 95, 0, 157, 190, 97, 0, 197, 3, 187, 95, 190, 33]"
1057.7652,1057.7736,1057.8096,1057.768,3.631015539169311,0.0444,"[1057.7671666666668, 1057.7682, 1057.7695, 1057.772, 1057.7731333333334, 1057.7752, 1057.7762333333333, 1057.7765, 1057.7786666666666, 1057.780533333333, 1057.7806666666668, 1057.7811, 1057.7835333333333, 1057.7839, 1057.7842333333333, 1057.7843, 1057.785, 1057.7852666666668, 1057.7871666666667, 1057.7875666666666, 1057.789533333333, 1057.7898666666667, 1057.7921666666666, 1057.7932666666666, 1057.7936, 1057.7936333333334, 1057.7941666666666, 1057.7953333333332, 1057.7956666666666, 1057.7967333333331, 1057.7975, 1057.7978333333333, 1057.7996666666666, 1057.8004, 1057.8016666666667, 1057.8022666666666, 1057.8028, 1057.8041333333333, 1057.8048333333334, 1057.8060666666668, 1057.8062333333332, 1057.8070666666667, 1057.8075333333334, 1057.8076333333331, 1057.8083, 1057.8094333333331]","[190, 155, 95, 190, 95, 37, 0, 190, 33, 187, 190, 97, 95, 35, 33, 61, 190, 0, 157, 0, 97, 0, 190, 95, 157, 140, 190, 97, 58, 187, 190, 157, 155, 0, 197, 95, 0, 190, 157, 61, 35, 0, 190, 58, 35, 0]"
1059.618,1059.6504,1059.696,1059.6504,6.075613975524902,0.078,"[1059.6206, 1059.620766666667, 1059.621, 1059.6211, 1059.621133333333, 1059.6212, 1059.6215, 1059.623, 1059.6237, 1059.6241, 1059.6275333333333, 1059.6283, 1059.6284, 1059.6288, 1059.6293333333333, 1059.6296, 1059.6299, 1059.631033333333, 1059.636166666667, 1059.6362666666666, 1059.6367333333333, 1059.6368, 1059.6389666666666, 1059.6390333333334, 1059.6394333333333, 1059.6403666666668, 1059.643366666667, 1059.6435333333334, 1059.643733333333, 1059.644266666667, 1059.6444, 1059.6447333333333, 1059.6495666666667, 1059.6500666666666, 1059.6503333333333, 1059.6503666666667, 1059.6508666666666, 1059.6543666666666, 1059.6553, 1059.6587, 1059.6592333333333, 1059.6624, 1059.6647666666668, 1059.6649666666667, 1059.6653666666666, 1059.6658666666667, 1059.6664666666666, 1059.6665333333333, 1059.6685666666667, 1059.6701, 1059.671833333333, 1059.672, 1059.6727666666666, 1059.6728, 1059.6731666666667, 1059.6744666666666, 1059.6772, 1059.6781, 1059.6784, 1059.6788333333334, 1059.6789, 1059.6795666666667, 1059.6807, 1059.6823, 1059.6864, 1059.6873, 1059.6874, 1059.6943333333334, 1059.6943666666666, 1059.6955666666668]","[95, 114, 149, 58, 0, 61, 190, 33, 12, 232, 155, 190, 0, 114, 35, 58, 157, 12, 154, 144, 157, 61, 190, 95, 0, 187, 190, 41, 95, 61, 155, 157, 114, 190, 155, 197, 155, 114, 190, 187, 190, 0, 190, 95, 197, 61, 157, 114, 229, 95, 35, 157, 114, 0, 190, 33, 114, 243, 0, 35, 190, 58, 155, 95, 190, 157, 0, 190, 197, 193]"
1067.1712,1067.2072,1067.2284,1067.208,5.695944309234619,0.0572,"[1067.1717333333331, 1067.1723333333334, 1067.1726666666666, 1067.1728, 1067.1728, 1067.1729333333333, 1067.174166666667, 1067.1769666666669, 1067.177766666667, 1067.1779333333334, 1067.178766666667, 1067.179033333333, 1067.1821333333332, 1067.1842333333334, 1067.1846, 1067.1857333333332, 1067.1863, 1067.1871, 1067.1871, 1067.1879333333334, 1067.1889333333334, 1067.194433333333, 1067.1957, 1067.1965333333333, 1067.1966666666667, 1067.2004, 1067.2012333333332, 1067.201366666667, 1067.2021, 1067.2032, 1067.2032, 1067.2057333333332, 1067.2061333333334, 1067.2076, 1067.2080666666666, 1067.2084333333332, 1067.2108333333333, 1067.2116, 1067.2123666666666, 1067.2149333333334, 1067.2151333333334, 1067.2164, 1067.2182, 1067.2182666666668, 1067.218566666667, 1067.2188, 1067.2193666666667, 1067.2201, 1067.2224666666666, 1067.2228, 1067.2242666666666, 1067.2271, 1067.2281]","[194, 97, 190, 157, 197, 155, 187, 187, 190, 97, 157, 187, 190, 61, 117, 197, 61, 225, 111, 187, 95, 190, 0, 61, 157, 95, 197, 95, 61, 190, 157, 95, 190, 61, 0, 157, 197, 190, 0, 0, 157, 61, 95, 61, 58, 41, 197, 190, 190, 187, 61, 190, 95]"
1079.5616,1079.5744,1079.59,1079.5756,7.050836563110352,0.0284,"[1079.562, 1079.5658, 1079.5662, 1079.5663333333334, 1079.5673, 1079.5703666666666, 1079.5716, 1079.5717333333334, 1079.5726, 1079.5762666666667, 1079.5771666666667, 1079.5772333333334, 1079.5777333333333, 1079.5784333333334, 1079.579066666667, 1079.5853, 1079.5856333333334, 1079.5867333333333]","[61, 190, 197, 0, 88, 95, 61, 187, 190, 95, 197, 97, 61, 190, 157, 95, 190, 61]"
1083.3344,1083.344,1083.372,1083.3448,6.124277591705322,0.0376,"[1083.3371, 1083.3399, 1083.3436333333334, 1083.3437333333334, 1083.3446, 1083.3448666666666, 1083.3453, 1083.3468666666668, 1083.3484, 1083.3487333333333, 1083.3491, 1083.3503, 1083.3527, 1083.3547333333331, 1083.3548, 1083.3562333333334, 1083.3564666666666, 1083.3568666666667, 1083.3572, 1083.3581, 1083.3592666666666, 1083.3594, 1083.3627, 1083.362933333333, 1083.3631666666668, 1083.3639666666666, 1083.3642666666667, 1083.367, 1083.3686, 1083.3690666666666, 1083.3699666666666, 1083.3712666666668, 1083.3713, 1083.3715]","[74, 61, 190, 35, 74, 0, 61, 155, 197, 193, 190, 61, 197, 190, 0, 95, 155, 157, 0, 97, 190, 74, 84, 140, 157, 197, 190, 97, 49, 157, 187, 95, 190, 197]"
1090.8252,1090.8536,1090.8604,1090.8536,4.0461506843566895,0.0352,"[1090.8278333333333, 1090.8292666666666, 1090.8306666666667, 1090.8313666666666, 1090.8315333333333, 1090.8352, 1090.835733333333, 1090.8363333333334, 1090.836633333333, 1090.8366666666666, 1090.8378666666667, 1090.8387333333333, 1090.8389666666667, 1090.8395, 1090.8421, 1090.8446666666666, 1090.8450333333333, 1090.8488333333332, 1090.8489333333334, 1090.8490333333334, 1090.8496333333333, 1090.8516666666667, 1090.8528333333334, 1090.8534666666667, 1090.8536, 1090.8555666666666, 1090.8558333333333, 1090.8583666666666]","[17, 190, 61, 157, 187, 37, 190, 197, 157, 61, 37, 190, 95, 0, 95, 95, 0, 0, 190, 155, 157, 95, 187, 109, 197, 95, 0, 0]"
1091.8876,1091.9112,1091.9248,1091.9096,5.410588264465332,0.0372,"[1091.8898, 1091.8898, 1091.8916666666669, 1091.8928, 1091.894, 1091.8941, 1091.8944333333334, 1091.8952666666669, 1091.8960333333334, 1091.896066666667, 1091.8963, 1091.8974666666666, 1091.898233333333, 1091.9005666666667, 1091.9008333333334, 1091.9010666666666, 1091.9032666666667, 1091.903366666667, 1091.903733333333, 1091.9037666666666, 1091.9038333333333, 1091.9038666666668, 1091.904, 1091.904266666667, 1091.9049666666667, 1091.905, 1091.9065666666668, 1091.9068333333332, 1091.9090333333334, 1091.91, 1091.9104, 1091.9107333333334, 1091.9108333333334, 1091.9117666666666, 1091.9120333333333, 1091.912466666667, 1091.9144333333334, 1091.9146333333333, 1091.9154666666666, 1091.9161, 1091.916433333333, 1091.9183, 1091.9210666666668, 1091.9216333333334, 1091.9231666666667]","[189, 189, 157, 224, 189, 193, 240, 187, 61, 58, 244, 187, 95, 189, 0, 190, 97, 0, 244, 114, 240, 61, 35, 61, 117, 190, 41, 58, 224, 240, 193, 190, 140, 157, 61, 0, 95, 224, 240, 190, 49, 157, 188, 190, 197]"
1093.5124,1093.5184,1093.5328,1093.5288,3.001389265060425,0.0204,"[1093.5128666666667, 1093.5133666666666, 1093.5155, 1093.5168, 1093.5172, 1093.5185, 1093.519, 1093.5205666666666, 1093.5206, 1093.5215333333333, 1093.5215666666666, 1093.5216666666668, 1093.5216666666668, 1093.5218333333332, 1093.5257333333334, 1093.5273, 1093.5317666666667, 1093.5318333333332, 1093.5321333333334, 1093.5325]","[35, 190, 95, 197, 190, 61, 95, 157, 204, 0, 190, 232, 155, 61, 190, 204, 190, 95, 197, 232]"
1096.3836,1096.4272,1096.4536,1096.4268,5.775658130645752,0.07,"[1096.385, 1096.388333333333, 1096.3889, 1096.3900666666666, 1096.3938333333333, 1096.3944333333334, 1096.396066666667, 1096.3966666666668, 1096.3971666666666, 1096.3972, 1096.3974, 1096.3977333333332, 1096.4021666666667, 1096.4023666666667, 1096.402466666667, 1096.4026666666666, 1096.4032, 1096.4049, 1096.4056333333333, 1096.4063333333334, 1096.4083666666668, 1096.4098666666666, 1096.4108666666666, 1096.4111666666668, 1096.4112, 1096.4129333333333, 1096.4139666666667, 1096.4142, 1096.4151, 1096.416, 1096.4164, 1096.4166333333333, 1096.4167333333332, 1096.417, 1096.4186, 1096.419, 1096.4195666666667, 1096.421466666667, 1096.4215333333334, 1096.4217333333331, 1096.4217333333331, 1096.4223333333334, 1096.4228333333333, 1096.426, 1096.4266333333333, 1096.4267, 1096.4267333333332, 1096.4274, 1096.4274666666668, 1096.4280333333334, 1096.428666666667, 1096.4298333333334, 1096.4300333333333, 1096.4310666666668, 1096.4322333333334, 1096.433266666667, 1096.4346, 1096.4347333333333, 1096.4349, 1096.4370666666666, 1096.4416, 1096.4422, 1096.4438666666667, 1096.4445, 1096.4466666666667, 1096.4508, 1096.4518333333333, 1096.4536]","[95, 114, 95, 190, 95, 232, 190, 95, 35, 187, 58, 97, 190, 155, 157, 61, 84, 232, 114, 204, 190, 157, 12, 61, 35, 114, 157, 232, 95, 190, 61, 97, 0, 95, 190, 0, 114, 204, 157, 190, 35, 197, 95, 84, 190, 97, 155, 232, 0, 61, 197, 190, 0, 12, 97, 61, 157, 0, 190, 95, 190, 0, 190, 97, 61, 157, 95, 190]"
1097.5528,1097.564,1097.5948,1097.5616,9.41500759124756,0.042,"[1097.5547333333334, 1097.5548333333334, 1097.5553666666667, 1097.555933333333, 1097.5561333333333, 1097.5562, 1097.5582333333334, 1097.5589666666667, 1097.5592, 1097.5616333333332, 1097.562, 1097.5627, 1097.5639, 1097.5662666666667, 1097.5683666666666, 1097.5703666666666, 1097.5709333333334, 1097.571, 1097.5710666666666, 1097.5734333333332, 1097.5738, 1097.5743333333332, 1097.5744333333334, 1097.5785666666666, 1097.5792333333334, 1097.5812666666666, 1097.5829666666666, 1097.5837, 1097.5863333333334, 1097.5874, 1097.5875666666666, 1097.5889666666667]","[187, 157, 157, 61, 0, 190, 95, 0, 234, 0, 190, 95, 197, 190, 97, 187, 190, 157, 97, 97, 247, 190, 12, 190, 0, 0, 190, 0, 0, 190, 61, 197]"
1100.5916,1100.6232,1100.6304,1100.6248,5.121365070343018,0.0388,"[1100.5932666666668, 1100.5967666666666, 1100.5984, 1100.5997, 1100.6001666666666, 1100.6003333333333, 1100.6012666666666, 1100.6027, 1100.6031, 1100.6056666666666, 1100.6070333333332, 1100.607166666667, 1100.6082, 1100.608966666667, 1100.6091333333334, 1100.6094, 1100.6133333333332, 1100.6141, 1100.6147666666666, 1100.6148666666666, 1100.6162333333334, 1100.6175333333333, 1100.6177333333333, 1100.6183, 1100.618966666667, 1100.6190666666666, 1100.6191666666666, 1100.619233333333, 1100.6194666666668, 1100.6228666666666, 1100.6243, 1100.6248666666668, 1100.6249, 1100.6258666666668, 1100.6263, 1100.6273333333334, 1100.6278666666667, 1100.6294, 1100.6297333333334]","[245, 95, 61, 157, 190, 0, 37, 0, 197, 95, 187, 35, 157, 95, 140, 35, 190, 95, 61, 58, 155, 190, 95, 197, 61, 58, 157, 33, 35, 140, 97, 61, 157, 61, 190, 95, 35, 243, 190]"
1101.4996,1101.5092,1101.5364,1101.5076,9.305427551269531,0.0368,"[1101.5031666666666, 1101.5034333333333, 1101.503866666667, 1101.5094, 1101.5100333333332, 1101.5103, 1101.5131333333334, 1101.5140333333334, 1101.5153333333333, 1101.5159333333334, 1101.5162, 1101.5171333333333, 1101.5177666666666, 1101.5186333333334, 1101.5202333333334, 1101.5217666666667, 1101.5219, 1101.521966666667, 1101.522066666667, 1101.523, 1101.5233, 1101.5245, 1101.5267, 1101.5288666666668, 1101.5291, 1101.5291333333332, 1101.5298, 1101.5302333333334, 1101.5311, 1101.5321666666666, 1101.5338, 1101.5356333333334]","[197, 97, 190, 61, 190, 97, 193, 12, 97, 0, 95, 190, 197, 0, 247, 95, 197, 190, 0, 61, 157, 97, 190, 95, 0, 157, 229, 61, 197, 95, 190, 157]"
1109.6044,1109.6216,1109.6296,1109.6204,4.562254905700684,0.0252,"[1109.6046, 1109.6047333333331, 1109.6049666666668, 1109.6063666666666, 1109.6096333333332, 1109.6096333333332, 1109.6118, 1109.6119, 1109.612, 1109.6122, 1109.6140333333333, 1109.6154, 1109.6159666666667, 1109.6161333333334, 1109.6168333333333, 1109.6171333333334, 1109.6182, 1109.619, 1109.6195, 1109.6198333333334, 1109.6204333333333, 1109.6218333333334, 1109.6246, 1109.6258333333333, 1109.6266666666668, 1109.6267, 1109.6280666666669, 1109.6282333333334]","[97, 0, 190, 157, 190, 97, 177, 193, 197, 232, 95, 0, 61, 190, 157, 84, 12, 95, 197, 190, 61, 157, 97, 95, 232, 61, 157, 61]"
1118.3428,1118.3576,1118.3652,1118.358,4.607368469238281,0.0224,"[1118.3428333333334, 1118.3432333333333, 1118.3445, 1118.3450666666668, 1118.3453, 1118.345366666667, 1118.3468666666668, 1118.3472666666669, 1118.3473333333334, 1118.3473666666666, 1118.3488333333332, 1118.3503666666666, 1118.3507, 1118.3509666666666, 1118.3533333333332, 1118.3534333333334, 1118.3555, 1118.3555, 1118.356, 1118.3563, 1118.3569, 1118.3577, 1118.358, 1118.3608666666669]","[61, 0, 190, 157, 0, 97, 245, 95, 0, 51, 222, 35, 190, 197, 219, 140, 189, 190, 245, 197, 235, 97, 157, 190]"
1142.6184,1142.7308,1142.7436,1142.7332,10.286128997802734,0.1252,"[1142.6191666666666, 1142.6197, 1142.6221, 1142.6221666666668, 1142.6235333333334, 1142.6252333333334, 1142.6261, 1142.6275666666668, 1142.6290666666666, 1142.6304666666667, 1142.6321, 1142.6321666666668, 1142.6332, 1142.6340666666667, 1142.6341666666667, 1142.6342666666667, 1142.6345666666666, 1142.6345666666666, 1142.6348666666668, 1142.6349, 1142.6363666666666, 1142.6389333333334, 1142.6391333333331, 1142.640133333333, 1142.6413666666667, 1142.6432666666667, 1142.6436, 1142.6448, 1142.6481, 1142.6488333333334, 1142.6499333333334, 1142.6510666666666, 1142.6512666666667, 1142.6512666666667, 1142.6525666666666, 1142.6552333333334, 1142.6552333333334, 1142.6572333333334, 1142.6577333333332, 1142.6588333333334, 1142.6598666666666, 1142.6599, 1142.6606, 1142.6629333333333, 1142.6644333333334, 1142.6645, 1142.6647, 1142.6649, 1142.6658666666667, 1142.6662, 1142.6663, 1142.6669, 1142.6672333333331, 1142.6672666666666, 1142.6672666666666, 1142.6675, 1142.6682, 1142.6759, 1142.675966666667, 1142.6761, 1142.6776, 1142.6781, 1142.680566666667, 1142.6815333333334, 1142.6826333333331, 1142.6835333333331, 1142.6851333333334, 1142.6879333333334, 1142.6915333333334, 1142.6921333333332, 1142.6930333333332, 1142.6946333333333, 1142.6956, 1142.6969666666666, 1142.6980666666666, 1142.6983666666667, 1142.7034333333334, 1142.7044666666666, 1142.7047, 1142.7048333333332, 1142.7062666666666, 1142.708933333333, 1142.7093666666667, 1142.7097666666666, 1142.7104, 1142.7115666666666, 1142.7117, 1142.7124666666666, 1142.7134333333331, 1142.7136666666668, 1142.7168666666666, 1142.7182666666668, 1142.7187, 1142.7195666666669, 1142.7201666666667, 1142.7211333333332, 1142.7212333333334, 1142.7220333333332, 1142.7225, 1142.7241666666666, 1142.724966666667, 1142.7250666666666, 1142.7257, 1142.7257, 1142.7308333333333, 1142.7316, 1142.7317333333333, 1142.7320666666667, 1142.7323, 1142.7331333333334, 1142.7337, 1142.7365333333332, 1142.7377666666666, 1142.7385666666669, 1142.739, 1142.7392666666667, 1142.7399666666668, 1142.7404666666666, 1142.7416666666666, 1142.7428333333332, 1142.743, 1142.7433]","[12, 197, 193, 114, 189, 177, 173, 0, 197, 95, 35, 58, 114, 210, 190, 61, 157, 61, 12, 193, 197, 177, 41, 173, 0, 58, 193, 35, 12, 41, 58, 189, 190, 0, 157, 189, 12, 41, 58, 61, 197, 35, 33, 41, 12, 177, 95, 58, 193, 41, 33, 61, 58, 197, 0, 210, 35, 114, 193, 222, 190, 95, 235, 33, 41, 95, 157, 235, 193, 197, 157, 187, 149, 190, 41, 193, 12, 177, 12, 154, 157, 0, 197, 35, 58, 154, 0, 35, 173, 193, 190, 0, 157, 177, 58, 33, 95, 33, 41, 197, 33, 190, 193, 12, 58, 193, 157, 41, 177, 171, 84, 95, 61, 157, 12, 0, 58, 33, 95, 61, 58, 12]"
1142.8256,1142.838,1142.9028,1142.8372,8.154571533203125,0.0772,"[1142.8261666666667, 1142.8273, 1142.8277, 1142.8277333333333, 1142.8279666666667, 1142.8294666666666, 1142.8298, 1142.8324, 1142.8328333333334, 1142.833566666667, 1142.834, 1142.8340666666666, 1142.8341666666668, 1142.8347333333334, 1142.836366666667, 1142.8374666666666, 1142.8377333333333, 1142.839066666667, 1142.8416666666667, 1142.8429, 1142.8438666666666, 1142.8441666666668, 1142.8445333333334, 1142.8471333333334, 1142.8486333333333, 1142.8494333333333, 1142.850233333333, 1142.851133333333, 1142.8516, 1142.8544, 1142.8546666666666, 1142.855733333333, 1142.8558666666668, 1142.8563, 1142.8611, 1142.8633666666667, 1142.8647666666666, 1142.8650333333333, 1142.8653, 1142.8654333333334, 1142.865633333333, 1142.8658666666668, 1142.8704666666667, 1142.8718, 1142.8729, 1142.8737666666666, 1142.8739666666668, 1142.8742, 1142.8755666666666, 1142.876166666667, 1142.8766, 1142.877066666667, 1142.8771333333334, 1142.8776666666668, 1142.8779333333334, 1142.881933333333, 1142.8841333333332, 1142.8845666666666, 1142.887, 1142.8884, 1142.8892, 1142.8896333333332, 1142.8898, 1142.8935333333334, 1142.894633333333, 1142.8959666666667, 1142.8973, 1142.8985666666667, 1142.9012666666667]","[33, 95, 157, 58, 33, 35, 177, 177, 0, 84, 190, 58, 193, 173, 12, 155, 61, 33, 95, 0, 58, 61, 197, 173, 157, 41, 190, 58, 61, 149, 0, 58, 12, 157, 0, 154, 41, 190, 61, 35, 58, 157, 177, 154, 177, 197, 210, 173, 0, 95, 35, 41, 193, 222, 58, 157, 197, 35, 154, 41, 193, 235, 157, 193, 33, 35, 41, 193, 154]"
1804.1884,1804.1952,1804.2216,1804.1956,3.958861112594605,0.0332,"[1804.189566666667, 1804.1952, 1804.1959333333336, 1804.195966666667, 1804.1981666666663, 1804.1985333333337, 1804.199933333333, 1804.200833333333, 1804.2010666666667, 1804.2036, 1804.2072333333333, 1804.2098666666664, 1804.2105, 1804.2105666666664, 1804.2105666666664, 1804.2114666666664, 1804.2117, 1804.215333333333, 1804.2153666666663, 1804.215866666667, 1804.2193, 1804.2200666666668]","[193, 58, 95, 210, 41, 33, 177, 173, 58, 157, 235, 41, 190, 157, 193, 235, 84, 210, 58, 197, 193, 157]"
1852.3328,1852.3516,1852.3576,1852.3484,3.3298823833465576,0.0248,"[1852.3328333333336, 1852.333, 1852.333, 1852.3333666666667, 1852.3338, 1852.3342333333333, 1852.3363, 1852.3365333333336, 1852.3367666666663, 1852.3369, 1852.3369333333333, 1852.337, 1852.3370666666667, 1852.3374666666664, 1852.3376, 1852.3383, 1852.339066666667, 1852.3419, 1852.3419666666664, 1852.3423666666667, 1852.3427333333336, 1852.3430666666663, 1852.3439666666663, 1852.3443666666667, 1852.3445333333336, 1852.3446333333336, 1852.3448666666663, 1852.3470333333332, 1852.3478666666667, 1852.3479333333332, 1852.3479666666667, 1852.348433333333, 1852.3509, 1852.3517, 1852.3518333333336, 1852.3518666666664, 1852.3521333333333, 1852.3521666666663, 1852.3523666666667, 1852.3544, 1852.3547, 1852.3555, 1852.3557]","[95, 188, 192, 190, 0, 61, 61, 110, 173, 189, 95, 33, 197, 157, 97, 155, 49, 190, 187, 249, 95, 193, 157, 58, 97, 193, 33, 219, 74, 190, 154, 173, 245, 0, 189, 95, 190, 210, 97, 74, 95, 187, 155]"
1853.712,1853.7248,1853.7324,1853.7252,4.396176815032959,0.0204,"[1853.713, 1853.7137666666667, 1853.7139666666667, 1853.7163333333333, 1853.7171666666663, 1853.7171666666663, 1853.7210666666667, 1853.7242333333336, 1853.7270666666664, 1853.7298666666663, 1853.7310333333332]","[157, 190, 0, 61, 49, 95, 190, 245, 235, 23, 190]"
1859.4336,1859.448,1859.4676,1859.4508,4.049110412597656,0.034,"[1859.4361333333336, 1859.4381, 1859.4397333333336, 1859.4429333333333, 1859.4459333333336, 1859.4474333333333, 1859.4490666666663, 1859.4499, 1859.4525333333331, 1859.4536666666668, 1859.4589, 1859.4647666666667, 1859.4648, 1859.4654]","[190, 193, 95, 41, 197, 95, 12, 157, 58, 41, 154, 33, 177, 41]"
1891.6824,1891.692,1891.7032,1891.6896,4.726859092712402,0.0208,"[1891.6844666666664, 1891.6878666666669, 1891.6885, 1891.6889, 1891.6911333333333, 1891.6919666666668, 1891.6933, 1891.6961333333336, 1891.6962, 1891.6975666666667, 1891.7003666666667, 1891.7013333333337, 1891.7027]","[157, 95, 190, 187, 187, 97, 95, 49, 193, 157, 190, 187, 197]"
1894.722,1894.7384,1894.7452,1894.7388,4.672972679138184,0.0232,"[1894.7234, 1894.7236333333333, 1894.7241333333336, 1894.7245666666668, 1894.7271666666663, 1894.7274333333332, 1894.7284, 1894.7285333333336, 1894.7319333333332, 1894.7349333333336, 1894.7380333333333, 1894.741266666667, 1894.7417, 1894.7419666666667]","[84, 95, 197, 190, 61, 49, 173, 95, 190, 95, 95, 157, 0, 197]"
1901.2076,1901.2348,1901.2524,1901.2348,7.677245140075684,0.0448,"[1901.2079666666664, 1901.2083333333333, 1901.2085333333337, 1901.2092333333333, 1901.2093666666667, 1901.211633333333, 1901.2120333333332, 1901.212633333333, 1901.2126666666663, 1901.2128333333333, 1901.2130333333337, 1901.2132666666664, 1901.214066666667, 1901.2144666666663, 1901.2145333333333, 1901.215333333333, 1901.2153666666663, 1901.2161, 1901.2164, 1901.2165, 1901.2165333333332, 1901.2169333333336, 1901.217, 1901.2173333333333, 1901.2182333333333, 1901.2186333333336, 1901.2190333333333, 1901.2193, 1901.2193666666667, 1901.2196333333336, 1901.2197, 1901.2202666666667, 1901.2203333333337, 1901.220366666667, 1901.2204333333336, 1901.2204666666669, 1901.221, 1901.2210666666667, 1901.2216666666664, 1901.2218333333333, 1901.2219, 1901.2220666666667, 1901.2221, 1901.2223666666664, 1901.2229333333332, 1901.2229333333332, 1901.2245, 1901.2247666666667, 1901.2259, 1901.2264666666667, 1901.2271, 1901.2278333333336, 1901.2287333333336, 1901.228933333333, 1901.2290333333333, 1901.2291333333333, 1901.2309333333333, 1901.2311, 1901.2312, 1901.2322666666664, 1901.2329666666667, 1901.2341, 1901.2345, 1901.2351, 1901.2351666666664, 1901.2359666666664, 1901.2362666666668, 1901.2369, 1901.2374666666667, 1901.2377, 1901.2378333333336, 1901.2391333333333, 1901.239733333333, 1901.2412333333336, 1901.242, 1901.2451, 1901.2466333333336, 1901.2468, 1901.2469, 1901.2492, 1901.2499666666668]","[157, 95, 61, 12, 114, 95, 173, 149, 190, 61, 188, 187, 232, 95, 197, 155, 84, 204, 114, 157, 190, 155, 61, 35, 190, 0, 155, 35, 243, 33, 187, 95, 232, 97, 8, 188, 114, 12, 204, 61, 12, 190, 157, 95, 61, 155, 0, 190, 61, 173, 0, 190, 157, 97, 188, 0, 190, 0, 232, 61, 190, 49, 222, 0, 188, 12, 197, 190, 0, 61, 95, 157, 0, 190, 140, 187, 0, 177, 190, 41, 157]"
1901.5528,1901.5788,1901.5868,1901.58,4.312369346618652,0.034,"[1901.5535, 1901.5574, 1901.5582333333336, 1901.5639666666664, 1901.5653, 1901.5663, 1901.5675666666664, 1901.5686333333333, 1901.5721, 1901.5729666666664, 1901.5730666666664, 1901.5743, 1901.5746666666664, 1901.577633333333, 1901.5779333333332, 1901.5798, 1901.579966666667, 1901.5802333333336, 1901.5819666666664, 1901.5824, 1901.5858333333333]","[173, 110, 61, 219, 190, 173, 0, 117, 61, 190, 219, 157, 117, 197, 190, 187, 61, 219, 33, 173, 219]"
1914.1548,1914.184,1914.1936,1914.1592,6.289097309112549,0.0388,"[1914.1549, 1914.1554666666664, 1914.1561333333336, 1914.1566666666668, 1914.1577666666667, 1914.1581, 1914.1584666666668, 1914.1585, 1914.1586, 1914.1593, 1914.1611333333333, 1914.1619666666663, 1914.1621333333333, 1914.1635333333336, 1914.1637, 1914.1639666666667, 1914.1643, 1914.1645666666664, 1914.1648333333333, 1914.1658666666667, 1914.1664666666663, 1914.1666, 1914.1671333333336, 1914.1674, 1914.1677333333337, 1914.1692666666668, 1914.1694, 1914.1701, 1914.1703, 1914.1708666666664, 1914.1712666666667, 1914.1726333333336, 1914.173, 1914.1735, 1914.1741333333337, 1914.1748, 1914.1752666666664, 1914.175433333333, 1914.1759, 1914.1765, 1914.1772666666664, 1914.1773, 1914.1782, 1914.1792, 1914.1795, 1914.1795666666667, 1914.18, 1914.1805333333336, 1914.181, 1914.1816333333336, 1914.1825333333336, 1914.1828666666668, 1914.1829666666667, 1914.1833333333336, 1914.1836666666663, 1914.1855666666668, 1914.1857, 1914.1859, 1914.1871333333331, 1914.187233333333, 1914.1883666666668, 1914.19, 1914.1901, 1914.1905, 1914.1906666666664, 1914.1911333333333, 1914.192, 1914.1927666666663, 1914.1934333333336]","[190, 204, 61, 97, 239, 35, 173, 23, 190, 204, 190, 197, 23, 239, 97, 157, 204, 35, 190, 117, 35, 23, 97, 0, 61, 239, 157, 204, 190, 95, 0, 97, 53, 0, 157, 187, 190, 155, 23, 12, 247, 173, 95, 177, 0, 190, 239, 197, 95, 0, 157, 190, 61, 95, 0, 23, 0, 204, 95, 190, 35, 95, 190, 35, 193, 197, 157, 235, 0]"
1920.2712,1920.2788,1920.318,1920.28,4.313867568969727,0.0468,"[1920.2713, 1920.2713333333336, 1920.2713333333336, 1920.2713666666664, 1920.2735333333333, 1920.2736666666667, 1920.2738333333336, 1920.2742, 1920.2743666666668, 1920.2767, 1920.2767, 1920.2767333333336, 1920.2767333333336, 1920.2768333333331, 1920.2773, 1920.278, 1920.2793666666664, 1920.279633333333, 1920.2803333333336, 1920.2803333333336, 1920.2806, 1920.2823666666663, 1920.2829, 1920.2839666666664, 1920.284, 1920.2840333333336, 1920.2842666666663, 1920.2843, 1920.2852, 1920.2853666666667, 1920.2858666666664, 1920.2866333333336, 1920.2876333333336, 1920.2878, 1920.2878, 1920.2878666666663, 1920.2879, 1920.2881, 1920.2885333333336, 1920.2888, 1920.2889666666667, 1920.2893666666664, 1920.29, 1920.2907666666667, 1920.2917, 1920.2927, 1920.2934333333333, 1920.2939666666664, 1920.296, 1920.2967333333331, 1920.2988666666668, 1920.2990666666667, 1920.2992333333336, 1920.3000333333337, 1920.3007333333333, 1920.3014333333333, 1920.3033, 1920.303766666667, 1920.3046, 1920.3076333333331, 1920.3077, 1920.3077, 1920.3087333333333, 1920.3093333333336, 1920.3107666666667, 1920.3121666666664, 1920.3137666666669, 1920.3139333333336, 1920.3156, 1920.3159, 1920.3168666666663, 1920.3174666666664, 1920.317633333333, 1920.3177]","[95, 99, 223, 110, 224, 0, 190, 95, 61, 99, 223, 110, 95, 97, 109, 190, 222, 97, 0, 33, 190, 0, 157, 223, 99, 110, 190, 197, 61, 97, 187, 61, 41, 99, 223, 110, 95, 95, 190, 157, 61, 177, 187, 197, 155, 12, 190, 157, 187, 190, 51, 0, 157, 190, 95, 235, 157, 173, 190, 212, 157, 0, 95, 190, 187, 212, 61, 190, 155, 95, 177, 173, 97, 187]"
1920.502,1920.5116,1920.5384,1920.5116,6.033155918121338,0.0364,"[1920.5020333333337, 1920.5026, 1920.5027666666667, 1920.5036333333333, 1920.5050666666664, 1920.5059, 1920.5059, 1920.508733333333, 1920.5087666666664, 1920.5095, 1920.5112, 1920.5129, 1920.5139333333336, 1920.5157, 1920.5171333333333, 1920.5176666666664, 1920.5195333333336, 1920.5213333333336, 1920.5228666666667, 1920.5231, 1920.5231666666664, 1920.5234333333333, 1920.5252, 1920.5277666666664, 1920.5336666666667, 1920.536, 1920.5380333333333]","[97, 35, 187, 190, 187, 219, 95, 190, 187, 97, 187, 197, 95, 197, 95, 190, 61, 35, 97, 173, 187, 193, 187, 190, 157, 189, 232]"
1921.4144,1921.4204,1921.446,1921.4184,4.145388603210449,0.0316,"[1921.4152, 1921.4161, 1921.4161333333336, 1921.4166333333333, 1921.4171333333336, 1921.4187333333336, 1921.4189, 1921.4192333333333, 1921.4193666666667, 1921.4196, 1921.4226666666664, 1921.4228666666668, 1921.4233, 1921.4234666666664, 1921.4245666666664, 1921.4255666666663, 1921.4258333333332, 1921.4264, 1921.4265333333333, 1921.427, 1921.4273, 1921.4285333333332, 1921.4288666666664, 1921.4291, 1921.4298666666664, 1921.4299666666664, 1921.4299666666664, 1921.4307333333336, 1921.4310333333333, 1921.4317666666664, 1921.4318, 1921.4329333333333, 1921.433, 1921.4343333333336, 1921.435, 1921.435433333333, 1921.4358, 1921.4361666666664, 1921.4362333333331, 1921.4366333333332, 1921.4371333333331, 1921.4380666666664, 1921.4388333333336, 1921.4392, 1921.4402, 1921.4420666666667, 1921.4421, 1921.4428, 1921.444, 1921.444166666667, 1921.4443666666664, 1921.4454, 1921.4456666666667]","[61, 114, 190, 188, 95, 155, 190, 149, 188, 232, 190, 157, 188, 154, 61, 190, 49, 35, 232, 0, 61, 157, 190, 0, 114, 204, 188, 12, 190, 232, 35, 190, 95, 61, 188, 204, 190, 114, 95, 173, 35, 33, 187, 235, 190, 61, 190, 95, 193, 61, 197, 190, 157]"
1921.6916,1921.738,1921.7456,1921.7396,6.604504108428955,0.054,"[1921.6935, 1921.6940333333337, 1921.694433333333, 1921.6947666666667, 1921.6967666666667, 1921.6988, 1921.6988333333336, 1921.7001666666667, 1921.7007, 1921.701366666667, 1921.7047666666667, 1921.7048333333332, 1921.704966666667, 1921.705, 1921.7062666666664, 1921.7069333333336, 1921.7105, 1921.7105333333336, 1921.7108666666663, 1921.7112, 1921.712633333333, 1921.7131, 1921.7172, 1921.7177, 1921.7182333333333, 1921.7186666666664, 1921.7187333333336, 1921.7189, 1921.7215, 1921.7236333333333, 1921.7247333333332, 1921.7257, 1921.7272, 1921.7278333333336, 1921.7283333333332, 1921.7292333333332, 1921.7304, 1921.7305, 1921.7314, 1921.7327666666667, 1921.7336333333333, 1921.7336666666667, 1921.7338666666667, 1921.7342666666664, 1921.735, 1921.737, 1921.7373333333333, 1921.7403333333336, 1921.7407, 1921.7420666666667, 1921.7421, 1921.7449]","[37, 74, 157, 0, 95, 210, 219, 187, 95, 190, 61, 157, 155, 97, 187, 173, 12, 235, 95, 190, 187, 110, 110, 95, 117, 234, 235, 187, 190, 117, 61, 190, 0, 140, 157, 234, 190, 173, 197, 177, 155, 157, 234, 187, 110, 245, 110, 157, 109, 190, 197, 177]"
1922.086,1922.1164,1922.1628,1922.148,4.884730815887451,0.0768,"[1922.086, 1922.0880333333337, 1922.0882333333336, 1922.0947, 1922.0989333333337, 1922.1002, 1922.1006666666667, 1922.1055666666664, 1922.107166666667, 1922.1081333333336, 1922.1083666666664, 1922.1092666666664, 1922.1094333333333, 1922.1118666666664, 1922.1137333333336, 1922.1158, 1922.1165, 1922.1193666666663, 1922.1197, 1922.1197333333337, 1922.1200333333336, 1922.1201, 1922.1209, 1922.1215, 1922.1218, 1922.1242, 1922.124366666667, 1922.1247666666663, 1922.1250333333332, 1922.1253333333336, 1922.1254, 1922.1258, 1922.1259333333333, 1922.1262666666669, 1922.1278666666667, 1922.1286333333333, 1922.1294666666668, 1922.1319, 1922.131933333333, 1922.1324666666667, 1922.1340333333333, 1922.1340333333333, 1922.1352333333336, 1922.1352333333336, 1922.1354, 1922.1355, 1922.1355666666664, 1922.1363333333336, 1922.1368666666667, 1922.137, 1922.1372333333336, 1922.1386333333332, 1922.139, 1922.1392, 1922.1399333333336, 1922.1401666666663, 1922.1401666666663, 1922.141933333333, 1922.1420333333333, 1922.1429, 1922.1429, 1922.1431, 1922.1438, 1922.1444333333336, 1922.144633333333, 1922.1462666666664, 1922.1469333333337, 1922.1475333333333, 1922.1483333333333, 1922.152, 1922.1535, 1922.1535333333336, 1922.1557333333333, 1922.1564666666663, 1922.1567333333332, 1922.1606, 1922.1618]","[95, 0, 61, 190, 235, 190, 197, 95, 173, 187, 190, 61, 197, 61, 157, 177, 190, 197, 173, 97, 0, 190, 35, 157, 95, 61, 193, 95, 95, 157, 190, 61, 155, 58, 157, 95, 190, 157, 193, 190, 35, 0, 189, 193, 95, 210, 190, 197, 61, 157, 235, 95, 190, 12, 157, 188, 95, 197, 247, 95, 0, 229, 12, 189, 157, 95, 190, 157, 61, 190, 95, 187, 157, 190, 97, 157, 95]"
1922.8692,1922.8932,1922.9644,1922.892,6.502987384796143,0.0952,"[1922.8702666666663, 1922.8711, 1922.8726666666664, 1922.8733333333332, 1922.8737, 1922.8748666666668, 1922.876, 1922.8768333333333, 1922.878, 1922.8787666666667, 1922.8791, 1922.879233333333, 1922.8794, 1922.8802, 1922.8802666666663, 1922.8838, 1922.8842333333337, 1922.8847, 1922.8853666666664, 1922.885633333333, 1922.8869, 1922.8903666666668, 1922.8908666666664, 1922.8935666666664, 1922.8957666666668, 1922.8978, 1922.8984333333333, 1922.8984666666668, 1922.8987666666667, 1922.9015333333336, 1922.9038333333333, 1922.9045666666664, 1922.9046666666663, 1922.9049333333332, 1922.9052666666664, 1922.9064666666663, 1922.9118, 1922.9159333333337, 1922.9163666666664, 1922.9166, 1922.9182666666663, 1922.9183, 1922.9259, 1922.9262666666664, 1922.9265666666668, 1922.9282666666663, 1922.9297666666664, 1922.9298666666664, 1922.9299, 1922.9304666666667, 1922.9327, 1922.9346, 1922.9351666666664, 1922.9361333333336, 1922.9362333333331, 1922.9373, 1922.9374, 1922.9377333333337, 1922.9395, 1922.9402, 1922.9445333333333, 1922.9446666666668, 1922.9458, 1922.9459, 1922.9464666666668, 1922.9475, 1922.9476666666667, 1922.9482, 1922.9487, 1922.9488333333336, 1922.9490666666663, 1922.9502666666667, 1922.9511, 1922.9545333333333, 1922.9545666666668, 1922.9549333333337, 1922.9550666666669, 1922.9560666666664, 1922.9567, 1922.9615666666664, 1922.9620333333332, 1922.962533333333, 1922.9635]","[190, 0, 95, 173, 0, 197, 95, 0, 97, 190, 0, 219, 12, 49, 155, 247, 190, 95, 12, 0, 157, 190, 187, 177, 0, 190, 173, 61, 177, 95, 187, 190, 97, 197, 61, 232, 157, 173, 177, 197, 61, 232, 95, 190, 157, 35, 197, 155, 35, 61, 157, 190, 0, 61, 232, 234, 197, 41, 157, 190, 0, 155, 173, 190, 157, 197, 173, 95, 140, 205, 155, 187, 97, 0, 157, 190, 33, 197, 234, 190, 193, 149, 232]"
1928.2584,1928.2836,1928.2896,1928.2832,3.65218448638916,0.0312,"[1928.260633333333, 1928.261, 1928.2615, 1928.2626, 1928.2627, 1928.2627666666667, 1928.2633, 1928.263866666667, 1928.2644, 1928.2644666666667, 1928.2645666666667, 1928.2649, 1928.2654333333332, 1928.2672333333333, 1928.268, 1928.2695666666664, 1928.2729333333336, 1928.2747333333336, 1928.2775666666664, 1928.2784333333336, 1928.2795666666664, 1928.2802333333336, 1928.2813, 1928.2824333333333, 1928.2842333333333, 1928.2849666666664, 1928.2881, 1928.2885, 1928.2887]","[190, 97, 61, 35, 187, 95, 157, 173, 177, 155, 193, 222, 157, 97, 190, 95, 190, 0, 12, 190, 61, 58, 245, 95, 245, 61, 245, 190, 219]"
1929.5852,1929.6012,1929.6072,1929.6008,4.477707862854004,0.022,"[1929.5853, 1929.5854333333336, 1929.5856333333336, 1929.5862666666667, 1929.586633333333, 1929.5882333333336, 1929.5891333333336, 1929.5895333333333, 1929.5926333333337, 1929.5931, 1929.5932, 1929.5944333333337, 1929.594466666667, 1929.5949, 1929.595, 1929.598066666667, 1929.5994333333333, 1929.5996333333333, 1929.5997333333332, 1929.599966666667, 1929.6012333333333, 1929.6051333333332, 1929.607, 1929.6072]","[190, 157, 0, 12, 12, 190, 193, 157, 35, 173, 187, 95, 157, 190, 35, 0, 190, 109, 155, 157, 190, 177, 229, 190]"
1931.922,1931.9432,1931.95,1931.94,3.0785481929779053,0.028,"[1931.9225666666664, 1931.9227666666663, 1931.9236666666663, 1931.925, 1931.9252, 1931.9253666666664, 1931.9265666666668, 1931.9269666666669, 1931.9282333333333, 1931.9287, 1931.9293666666667, 1931.9305, 1931.9344333333331, 1931.9346666666668, 1931.9349, 1931.9353666666664, 1931.9365333333333, 1931.9369666666664, 1931.9370333333336, 1931.9411, 1931.9414333333336, 1931.9417, 1931.9425333333336, 1931.9427, 1931.9433, 1931.9472, 1931.9473333333333]","[193, 35, 61, 41, 33, 190, 245, 197, 23, 0, 190, 157, 190, 23, 0, 197, 173, 61, 245, 23, 0, 190, 61, 35, 177, 197, 190]"
1937.1968,1937.2224,1937.2276,1937.22,3.550038576126098,0.0308,"[1937.1999, 1937.202, 1937.2020333333332, 1937.2035666666663, 1937.2067, 1937.2073333333333, 1937.2079, 1937.2089, 1937.2091, 1937.2091666666668, 1937.2113333333336, 1937.2124, 1937.2127, 1937.2133333333336, 1937.2138, 1937.214, 1937.216, 1937.2164, 1937.2164, 1937.2164333333333, 1937.2164333333333, 1937.2179666666664, 1937.2182666666668, 1937.2187666666664, 1937.2188666666664, 1937.2194333333337, 1937.2199666666668, 1937.2209666666668, 1937.2227333333333, 1937.2236, 1937.2238, 1937.2243, 1937.2244, 1937.224866666667, 1937.2259, 1937.2260666666664, 1937.2260666666664, 1937.2260666666664, 1937.2261, 1937.2264, 1937.2271, 1937.2272333333333, 1937.2276]","[95, 190, 157, 35, 95, 61, 187, 157, 190, 95, 0, 61, 155, 157, 95, 190, 109, 223, 95, 110, 99, 187, 35, 190, 95, 157, 187, 139, 95, 190, 95, 97, 157, 61, 190, 99, 223, 95, 110, 0, 12, 61, 222]"
2730.5816,2730.608,2730.614,2730.6096,3.881622314453125,0.0324,"[2730.583166666667, 2730.583866666667, 2730.5843333333332, 2730.585, 2730.585866666667, 2730.5876, 2730.5879666666665, 2730.5881, 2730.5895666666665, 2730.5898333333334, 2730.590366666667, 2730.5905, 2730.591733333333, 2730.5936, 2730.5940666666665, 2730.5954333333334, 2730.5977666666668, 2730.5986666666668, 2730.598933333333, 2730.5990333333334, 2730.5996666666665, 2730.6004333333335, 2730.601, 2730.6011, 2730.6024333333335, 2730.6030333333333, 2730.607933333333, 2730.6084333333333, 2730.6092, 2730.6096, 2730.6100666666666, 2730.6106, 2730.6109666666666, 2730.6118, 2730.612866666667]","[155, 190, 219, 245, 205, 187, 97, 219, 61, 95, 177, 190, 109, 190, 205, 157, 187, 61, 0, 95, 245, 187, 190, 33, 74, 187, 97, 219, 190, 157, 155, 0, 117, 37, 0]"
2731.3292,2731.3596,2731.372,2731.3608,5.5941386222839355,0.0428,"[2731.3292, 2731.3297, 2731.3301333333334, 2731.330266666667, 2731.3303, 2731.3312333333333, 2731.3326666666667, 2731.3335666666667, 2731.3336, 2731.3341666666665, 2731.334533333333, 2731.3349333333335, 2731.3357666666666, 2731.3361333333332, 2731.3361666666665, 2731.3382, 2731.3388666666665, 2731.3395666666665, 2731.3395666666665, 2731.3400333333334, 2731.3409333333334, 2731.341733333333, 2731.3420333333333, 2731.343066666667, 2731.3434333333335, 2731.3437, 2731.3440666666665, 2731.3445, 2731.345566666667, 2731.3458, 2731.3475, 2731.347566666667, 2731.3484333333336, 2731.3488666666667, 2731.3492, 2731.350233333333, 2731.3503666666666, 2731.3506, 2731.3514, 2731.351833333333, 2731.3526666666667, 2731.3533333333335, 2731.3537666666666, 2731.355233333333, 2731.3586333333333, 2731.3589333333334, 2731.359066666667, 2731.3596333333335, 2731.3605333333335, 2731.3607, 2731.364866666667, 2731.3670666666667, 2731.368266666667, 2731.3684, 2731.369066666666, 2731.3691, 2731.3701333333333, 2731.3719, 2731.3719333333333]","[190, 155, 61, 157, 187, 177, 187, 232, 155, 190, 177, 204, 157, 0, 173, 0, 232, 188, 190, 95, 0, 173, 37, 0, 197, 35, 190, 37, 188, 0, 187, 204, 95, 61, 190, 35, 187, 157, 95, 232, 187, 204, 33, 190, 95, 173, 97, 232, 33, 190, 95, 190, 3, 12, 204, 157, 173, 33, 190]"
2768.7408,2768.7688,2768.7784,2768.7664,5.009148597717285,0.0376,"[2768.7408666666665, 2768.741433333333, 2768.7415, 2768.7415333333333, 2768.7419333333332, 2768.743, 2768.746766666666, 2768.747066666667, 2768.7482, 2768.748633333333, 2768.7487333333333, 2768.7520666666665, 2768.752266666667, 2768.7523666666666, 2768.7527666666665, 2768.754266666667, 2768.7546666666667, 2768.755866666667, 2768.7582, 2768.7582, 2768.758533333333, 2768.7590333333333, 2768.7597666666666, 2768.7599333333333, 2768.7600666666667, 2768.7624333333333, 2768.7664666666665, 2768.7667, 2768.7672666666667, 2768.7679333333335, 2768.7726666666667, 2768.7728666666667, 2768.773166666667, 2768.7737666666667, 2768.7743, 2768.7779]","[95, 190, 61, 155, 157, 58, 95, 190, 157, 61, 173, 190, 95, 187, 97, 49, 173, 95, 245, 173, 0, 204, 190, 95, 157, 33, 0, 97, 190, 173, 197, 190, 95, 157, 155, 33]"
2773.8688,2773.876,2773.8988,2773.8768,3.7749502658843994,0.03,"[2773.8707666666664, 2773.8712333333333, 2773.8714, 2773.8715333333334, 2773.8716, 2773.8725, 2773.874533333333, 2773.8758, 2773.8792, 2773.8795, 2773.8822333333333, 2773.884533333334, 2773.8848, 2773.887366666667, 2773.8919333333333, 2773.8924333333334, 2773.8928, 2773.8931, 2773.8932666666665, 2773.8933333333334, 2773.8983333333335]","[95, 190, 0, 33, 58, 193, 35, 95, 190, 97, 190, 0, 95, 190, 140, 95, 155, 33, 190, 157, 231]"
2774.596,2774.6064,2774.658,2774.6056,7.091290473937988,0.062,"[2774.5967666666666, 2774.5969, 2774.5971, 2774.5974666666666, 2774.5983666666666, 2774.598933333333, 2774.5995, 2774.600966666667, 2774.600966666667, 2774.6015666666667, 2774.6019, 2774.601933333334, 2774.602833333334, 2774.6032666666665, 2774.6035, 2774.6044666666667, 2774.6046666666666, 2774.6048, 2774.6053666666667, 2774.6054, 2774.6059333333333, 2774.606, 2774.6062, 2774.606366666667, 2774.6067666666668, 2774.607033333333, 2774.6071333333334, 2774.6073666666666, 2774.6073666666666, 2774.6079, 2774.6080333333334, 2774.6081, 2774.6087333333335, 2774.6113333333333, 2774.6114, 2774.6116666666667, 2774.613066666667, 2774.613966666667, 2774.6142, 2774.6143, 2774.6159333333335, 2774.6172333333334, 2774.6172333333334, 2774.617333333333, 2774.6174333333333, 2774.6184, 2774.6195333333335, 2774.6201666666666, 2774.6204666666667, 2774.6205333333332, 2774.6215666666667, 2774.6230333333333, 2774.6234, 2774.6243, 2774.6243666666664, 2774.6248, 2774.6252, 2774.6253, 2774.625433333333, 2774.627, 2774.6270666666665, 2774.6274333333336, 2774.627466666667, 2774.6276, 2774.6278333333335, 2774.6279666666665, 2774.628233333334, 2774.6293333333333, 2774.6299, 2774.629933333333, 2774.6306666666665, 2774.6321, 2774.6323333333335, 2774.6325666666667, 2774.632866666667, 2774.6334, 2774.6335, 2774.6337, 2774.634, 2774.6345, 2774.6349666666665, 2774.6352, 2774.6354, 2774.638066666667, 2774.6383666666666, 2774.6384, 2774.638933333333, 2774.641633333333, 2774.643866666667, 2774.644, 2774.6440666666667, 2774.6453, 2774.6465, 2774.6466333333333, 2774.6471333333334, 2774.6482333333333, 2774.6486, 2774.649266666667, 2774.650866666667, 2774.6516, 2774.6535, 2774.6536333333333, 2774.6555333333336, 2774.6557666666668, 2774.6558, 2774.6575333333335]","[190, 95, 74, 144, 187, 219, 109, 190, 222, 110, 95, 157, 12, 222, 210, 190, 12, 219, 97, 95, 0, 190, 197, 140, 117, 35, 12, 61, 155, 110, 95, 0, 35, 157, 12, 95, 190, 110, 61, 97, 0, 110, 190, 157, 35, 95, 35, 177, 245, 190, 35, 110, 0, 234, 187, 95, 157, 97, 190, 154, 110, 245, 0, 95, 61, 35, 187, 190, 35, 157, 95, 35, 234, 190, 197, 110, 95, 0, 61, 157, 187, 190, 95, 95, 190, 157, 61, 187, 35, 190, 187, 12, 157, 97, 155, 37, 187, 190, 187, 61, 187, 95, 187, 188, 192, 190]"
2775.0956,2775.1124,2775.144,2775.122,4.685615539550781,0.0484,"[2775.096433333333, 2775.0978666666665, 2775.0982, 2775.0996333333333, 2775.0997666666667, 2775.1015333333335, 2775.1043, 2775.104633333334, 2775.1062, 2775.1076, 2775.1084666666666, 2775.1119, 2775.1129666666666, 2775.1163333333334, 2775.116466666667, 2775.1189, 2775.1198666666664, 2775.1222666666667, 2775.1224, 2775.1228333333333, 2775.1230666666665, 2775.1234, 2775.129266666667, 2775.129966666667, 2775.1313666666665, 2775.1320333333333, 2775.1336, 2775.135366666667, 2775.1385666666665, 2775.1388333333334, 2775.1396, 2775.140033333333, 2775.1405, 2775.1439666666665]","[173, 95, 0, 97, 157, 190, 33, 97, 190, 0, 157, 187, 197, 190, 171, 95, 173, 155, 157, 61, 190, 193, 210, 190, 157, 61, 0, 155, 197, 190, 177, 210, 33, 190]"
2780.1544,2780.164,2780.1976,2780.1652,7.278128147125244,0.0432,"[2780.1547, 2780.1566333333335, 2780.1574, 2780.1604666666667, 2780.1606333333334, 2780.1608666666666, 2780.162, 2780.1628, 2780.1644666666666, 2780.1644666666666, 2780.1647333333335, 2780.1648666666665, 2780.1659666666665, 2780.1661, 2780.1662666666666, 2780.1667, 2780.1692333333335, 2780.1703333333335, 2780.170433333333, 2780.1704666666665, 2780.1707333333334, 2780.172233333333, 2780.173133333333, 2780.1735, 2780.1756, 2780.1766666666667, 2780.1775666666667, 2780.1784, 2780.178966666667, 2780.179866666667, 2780.1801333333333, 2780.180666666666, 2780.1826333333333, 2780.1838333333335, 2780.184566666667, 2780.1868, 2780.1891, 2780.189833333334, 2780.1906, 2780.1908333333336, 2780.1966, 2780.1968666666667]","[110, 97, 35, 97, 193, 95, 234, 110, 49, 197, 95, 190, 33, 187, 157, 95, 33, 95, 190, 110, 97, 61, 157, 155, 110, 190, 0, 157, 155, 95, 190, 61, 12, 95, 97, 95, 117, 97, 190, 173, 187, 190]"
2780.3236,2780.3376,2780.3556,2780.3368,9.219340324401855,0.032,"[2780.3244666666665, 2780.3249333333333, 2780.3254666666667, 2780.325733333333, 2780.3259, 2780.3262666666665, 2780.3275, 2780.3278333333333, 2780.329833333333, 2780.330933333333, 2780.3317, 2780.3322, 2780.3326666666667, 2780.3340333333335, 2780.334533333333, 2780.3368, 2780.3384666666666, 2780.339233333333, 2780.3404333333333, 2780.3405333333335, 2780.3458333333333, 2780.3461666666667, 2780.3467333333333, 2780.3515666666667, 2780.3526666666667, 2780.3528, 2780.3537, 2780.354733333333]","[0, 95, 155, 33, 97, 190, 95, 173, 37, 155, 190, 157, 0, 190, 0, 155, 157, 0, 190, 97, 155, 61, 58, 190, 0, 155, 33, 97]"
2783.3036,2783.312,2783.3404,2783.3096,6.376470565795898,0.0368,"[2783.3038, 2783.3038333333334, 2783.3048, 2783.304866666667, 2783.3053, 2783.3095333333335, 2783.3097333333335, 2783.310166666666, 2783.3111, 2783.3125333333332, 2783.3126666666667, 2783.3134666666665, 2783.3144333333335, 2783.3149333333336, 2783.315433333333, 2783.3178333333335, 2783.3184666666666, 2783.3211666666666, 2783.3213, 2783.3218333333334, 2783.322866666667, 2783.323766666667, 2783.3243666666667, 2783.3269666666665, 2783.3288, 2783.329166666667, 2783.331966666666, 2783.334666666666, 2783.3391333333334]","[187, 157, 190, 61, 155, 0, 157, 190, 95, 12, 232, 37, 197, 190, 157, 177, 187, 187, 235, 157, 232, 190, 37, 95, 140, 0, 190, 177, 0]"
2784.504,2784.51,2784.5408,2784.508,3.888374567031861,0.0368,"[2784.5054666666665, 2784.5055, 2784.5088666666666, 2784.5089333333335, 2784.5095666666666, 2784.5112, 2784.512166666667, 2784.516, 2784.5163333333335, 2784.5164, 2784.5167, 2784.5197, 2784.524733333333, 2784.5248333333334, 2784.5255666666667, 2784.5258, 2784.526766666667, 2784.5316333333335, 2784.5324, 2784.5326, 2784.5327666666667, 2784.532833333333, 2784.5338333333334, 2784.5344333333333, 2784.5395, 2784.5406666666668]","[33, 190, 157, 74, 95, 190, 61, 245, 95, 157, 35, 33, 0, 157, 190, 219, 95, 35, 95, 97, 0, 190, 35, 58, 155, 190]"
2784.804,2784.8264,2784.8388,2784.8252,4.1608405113220215,0.0348,"[2784.8041333333335, 2784.804833333333, 2784.8053, 2784.8067333333333, 2784.8076666666666, 2784.8087333333333, 2784.8090666666667, 2784.8099666666667, 2784.8101333333334, 2784.8112333333333, 2784.812, 2784.8124, 2784.814533333333, 2784.8150333333333, 2784.8151666666668, 2784.8154666666665, 2784.8156, 2784.819433333333, 2784.8196, 2784.8207333333335, 2784.821733333333, 2784.821966666667, 2784.8223, 2784.8224333333333, 2784.8241, 2784.8254666666667, 2784.8266, 2784.8285666666666, 2784.8315, 2784.834, 2784.8343666666665, 2784.8364, 2784.8387666666667]","[35, 33, 157, 187, 95, 187, 190, 157, 155, 229, 95, 0, 190, 61, 0, 157, 155, 190, 229, 95, 193, 232, 190, 61, 197, 229, 190, 12, 97, 95, 0, 190, 95]"
2785.2216,2785.2328,2785.2544,2785.2352,5.038058757781982,0.0328,"[2785.2243, 2785.2253, 2785.225733333333, 2785.2257666666665, 2785.227766666667, 2785.2293666666665, 2785.229633333334, 2785.2321333333334, 2785.2327333333333, 2785.2328666666667, 2785.2335333333335, 2785.235833333333, 2785.2386, 2785.2390333333333, 2785.2390666666665, 2785.2428333333332, 2785.243066666667, 2785.2435333333333, 2785.2448, 2785.2457, 2785.245966666667, 2785.2480666666665, 2785.2491, 2785.2491, 2785.249533333333, 2785.2501666666667, 2785.2515, 2785.2534333333333]","[189, 197, 61, 97, 37, 190, 157, 95, 61, 197, 190, 157, 197, 190, 95, 157, 197, 0, 97, 117, 0, 0, 188, 192, 190, 95, 157, 117]"
2785.5684,2785.5784,2785.598,2785.5792,8.359196662902832,0.0296,"[2785.5727666666667, 2785.5729666666666, 2785.573, 2785.5761666666667, 2785.579133333333, 2785.5806666666667, 2785.5806666666667, 2785.5811, 2785.583833333333, 2785.5845, 2785.587266666667, 2785.5887, 2785.591, 2785.5936, 2785.5941333333335, 2785.5961, 2785.5963]","[190, 157, 0, 190, 0, 155, 97, 157, 190, 97, 95, 157, 190, 0, 173, 190, 0]"
2785.6872,2785.6956,2785.7164,2785.6968,5.431759834289551,0.0292,"[2785.6873, 2785.6876333333335, 2785.6882333333333, 2785.6883333333335, 2785.6913, 2785.6921, 2785.6937, 2785.6938, 2785.6941666666667, 2785.6967666666665, 2785.697933333334, 2785.6994666666665, 2785.7011333333335, 2785.7015666666666, 2785.702333333333, 2785.7038, 2785.7051333333334, 2785.7067666666667, 2785.707, 2785.7078, 2785.7085, 2785.7089, 2785.7099333333335, 2785.7125333333333, 2785.7127666666665, 2785.7137333333335, 2785.7138333333332, 2785.7145333333333, 2785.7147333333332, 2785.715966666666]","[157, 187, 190, 95, 95, 157, 61, 190, 95, 155, 189, 190, 187, 235, 95, 190, 189, 0, 97, 35, 95, 0, 157, 197, 190, 95, 193, 157, 189, 173]"
2806.2452,2806.2776,2806.3068,2806.278,4.694363594055176,0.0616,"[2806.2465666666667, 2806.2476, 2806.2489, 2806.2489666666665, 2806.2491, 2806.249566666667, 2806.2496333333333, 2806.2532666666666, 2806.2534333333333, 2806.2535333333335, 2806.2546333333335, 2806.2548666666667, 2806.2553666666668, 2806.2562, 2806.2574666666665, 2806.257666666667, 2806.2581, 2806.2581333333333, 2806.2593666666667, 2806.2599, 2806.2600333333335, 2806.262333333333, 2806.2651666666666, 2806.2669, 2806.2699, 2806.270266666667, 2806.272266666667, 2806.2726333333335, 2806.274266666667, 2806.2777, 2806.2783666666664, 2806.2787333333335, 2806.2789666666667, 2806.2797666666665, 2806.2801, 2806.2808333333332, 2806.281233333333, 2806.281933333333, 2806.2825, 2806.2829666666667, 2806.283, 2806.2835666666665, 2806.2847, 2806.2854, 2806.2860333333333, 2806.2861333333335, 2806.2863666666667, 2806.2884, 2806.2901666666667, 2806.2906333333335, 2806.2925, 2806.2929, 2806.2935666666667, 2806.2953333333335, 2806.2957, 2806.2957, 2806.2968, 2806.2971666666667, 2806.2975666666666, 2806.2997, 2806.300366666667, 2806.3005333333335, 2806.3006666666665, 2806.3008666666665, 2806.3015666666665, 2806.3018333333334, 2806.3022666666666, 2806.3031666666666, 2806.3040333333333, 2806.3041, 2806.304666666667, 2806.3051, 2806.305566666667, 2806.3058666666666, 2806.306566666666]","[110, 234, 110, 155, 61, 177, 157, 190, 97, 0, 95, 173, 110, 35, 95, 157, 35, 234, 187, 41, 84, 95, 190, 157, 197, 190, 155, 0, 190, 187, 157, 110, 155, 187, 95, 97, 197, 190, 177, 110, 95, 157, 155, 234, 95, 110, 245, 190, 155, 157, 110, 97, 197, 110, 190, 109, 61, 187, 97, 235, 157, 110, 197, 190, 219, 0, 155, 61, 97, 0, 117, 35, 190, 157, 155]"
2811.5988,2811.6052,2811.6264,2811.6068,3.9797699451446538,0.0276,"[2811.5999, 2811.5999666666667, 2811.600733333333, 2811.6009, 2811.6009, 2811.6016, 2811.6017333333334, 2811.6037666666666, 2811.6043, 2811.6043666666665, 2811.604533333333, 2811.606, 2811.6095333333333, 2811.6103333333335, 2811.6134333333334, 2811.614433333333, 2811.6179333333334, 2811.6185666666665, 2811.6189, 2811.6192666666666, 2811.6194333333333, 2811.6194666666665, 2811.6198]","[149, 190, 95, 37, 155, 157, 0, 33, 0, 190, 95, 149, 177, 190, 232, 190, 61, 12, 97, 190, 95, 193, 157]"
2821.9804,2821.9872,2822.0012,2821.9852,4.3920817375183105,0.0208,"[2821.9805666666666, 2821.981366666667, 2821.9814666666666, 2821.9831, 2821.983133333333, 2821.9835, 2821.986033333333, 2821.9872333333333, 2821.9878, 2821.988066666667, 2821.9889, 2821.991233333333, 2821.992366666667, 2821.9924, 2821.9933666666666, 2821.994166666667, 2821.9944333333333, 2821.9961, 2821.9984666666664, 2821.9989666666665, 2821.9989666666665]","[157, 97, 35, 0, 190, 114, 114, 197, 190, 0, 61, 35, 190, 114, 61, 0, 95, 173, 190, 243, 95]"
2822.0732,2822.0864,2822.096,2822.0868,6.685657501220703,0.0228,"[2822.0744666666665, 2822.075633333334, 2822.0813333333335, 2822.0826333333334, 2822.0834333333332, 2822.0866666666666, 2822.087666666667, 2822.0884, 2822.0893333333333, 2822.0894333333335, 2822.091266666667, 2822.0913333333333, 2822.0917666666664, 2822.0918333333334, 2822.0933333333332, 2822.0942]","[97, 190, 177, 17, 190, 177, 97, 155, 190, 95, 177, 154, 97, 173, 190, 157]"
2822.5788,2822.5872,2822.618,2822.6144,4.562882423400879,0.0392,"[2822.5794, 2822.5826, 2822.5834666666665, 2822.5866666666666, 2822.587666666667, 2822.5901, 2822.5906333333332, 2822.5908, 2822.5916, 2822.595533333333, 2822.595766666667, 2822.598266666667, 2822.598333333334, 2822.599333333333, 2822.6013666666668, 2822.6019, 2822.6022, 2822.6032333333333, 2822.6037666666666, 2822.6076333333335, 2822.607666666667, 2822.6078333333335, 2822.613533333333, 2822.613533333333, 2822.615466666666, 2822.6155, 2822.6172]","[187, 190, 197, 190, 95, 157, 95, 190, 187, 190, 97, 173, 0, 155, 197, 173, 95, 190, 97, 190, 154, 0, 190, 95, 187, 61, 190]"
2823.0732,2823.0824,2823.0984,2823.0784,3.7828128337860103,0.0252,"[2823.0769333333333, 2823.079166666667, 2823.079366666667, 2823.0813333333335, 2823.0849333333335, 2823.0855333333334, 2823.0866666666666, 2823.086766666667, 2823.0869666666667, 2823.0873, 2823.0929333333333, 2823.0930333333336, 2823.0930333333336, 2823.0950666666668, 2823.0981333333334]","[97, 157, 0, 49, 0, 95, 190, 157, 0, 197, 155, 190, 97, 95, 197]"
