Start,Peak,Stop,Trough,Max_Envelope_Amp,Duration_ms,Event Times,Event Cluster IDs,Unique Event Cluster IDs,Sorted Event Cluster IDs
395.9528,395.9676,395.9796,395.9664,7.640599727630615,0.0268,"[395.95636666666667, 395.9578666666667, 395.961, 395.96136666666666, 395.9619666666667, 395.9621333333333, 395.96226666666666, 395.96256666666665, 395.96653333333336, 395.9673666666667, 395.9682666666667, 395.9696666666667, 395.9699, 395.97046666666665, 395.9763, 395.9775, 395.97766666666666]","[60, 199, 228, 63, 196, 67, 199, 85, 222, 199, 16, 60, 67, 199, 199, 85, 67]","[60, 199, 228, 63, 196, 67, 85, 222, 16]","[16, 60, 63, 67, 85, 196, 199, 222, 228]"
396.452,396.4728,396.49,396.4692,7.283451557159424,0.038,"[396.4521, 396.4537, 396.4540333333333, 396.45576666666665, 396.4569333333333, 396.4572333333333, 396.45933333333335, 396.45986666666664, 396.46006666666665, 396.4604, 396.4608, 396.4619666666667, 396.4639333333334, 396.4642333333333, 396.46436666666665, 396.4655666666667, 396.4663, 396.4667, 396.4675, 396.4686, 396.4695, 396.4705666666667, 396.47063333333335, 396.4707, 396.4748666666667, 396.4752, 396.47703333333334, 396.47723333333334, 396.4780333333333, 396.47833333333335, 396.48, 396.4814666666667, 396.4825, 396.4827, 396.48386666666664, 396.4851, 396.4867, 396.48676666666665, 396.4889333333333, 396.48903333333334, 396.4898666666666]","[67, 60, 85, 190, 67, 60, 16, 67, 85, 237, 60, 212, 67, 16, 190, 85, 60, 226, 138, 85, 67, 85, 60, 170, 85, 86, 212, 60, 63, 67, 85, 86, 60, 196, 67, 233, 60, 85, 86, 67, 63]","[67, 60, 85, 190, 16, 237, 212, 226, 138, 170, 86, 63, 196, 233]","[16, 60, 63, 67, 85, 86, 138, 170, 190, 196, 212, 226, 233, 237]"
397.8444,397.8552,397.8704,397.858,9.787484169006348,0.026,"[397.8448, 397.8451666666666, 397.84543333333335, 397.8464333333333, 397.84673333333336, 397.84836666666666, 397.8491333333333, 397.85023333333334, 397.8503666666667, 397.852, 397.85266666666666, 397.8541, 397.8543, 397.8547, 397.8562, 397.8573666666667, 397.85746666666665, 397.858, 397.8581, 397.8588, 397.8600666666667, 397.86286666666666, 397.8667, 397.8673333333333, 397.869]","[67, 60, 85, 63, 66, 67, 85, 94, 98, 63, 60, 85, 120, 67, 170, 7, 16, 196, 63, 85, 60, 120, 85, 170, 63]","[67, 60, 85, 63, 66, 94, 98, 120, 170, 7, 16, 196]","[7, 16, 60, 63, 66, 67, 85, 94, 98, 120, 170, 196]"
398.26,398.2728,398.282,398.2716,8.641111373901367,0.022,"[398.2607, 398.26166666666666, 398.2631666666667, 398.2631666666667, 398.2649666666667, 398.2656, 398.2658666666667, 398.266, 398.2662666666667, 398.2669, 398.2673, 398.26863333333336, 398.2695, 398.27113333333335, 398.2715333333333, 398.2715666666667, 398.2719666666667, 398.2726666666667, 398.2746666666667, 398.2755666666667, 398.27613333333335, 398.27683333333334, 398.2769, 398.2776666666667, 398.2794666666667, 398.2796666666667, 398.2798, 398.2798666666667, 398.2801, 398.28026666666665]","[16, 67, 85, 60, 67, 228, 170, 195, 98, 16, 60, 85, 67, 16, 195, 196, 7, 63, 67, 85, 67, 16, 7, 63, 233, 16, 67, 85, 190, 60]","[16, 67, 85, 60, 228, 170, 195, 98, 196, 7, 63, 233, 190]","[7, 16, 60, 63, 67, 85, 98, 170, 190, 195, 196, 228, 233]"
398.9188,398.93,398.9668,398.9288,5.265129089355469,0.048,"[398.9195, 398.9201, 398.9223666666667, 398.9234666666667, 398.9252333333333, 398.92566666666664, 398.9270666666667, 398.92833333333334, 398.9295666666667, 398.9324, 398.9327666666667, 398.93483333333336, 398.93676666666664, 398.93696666666665, 398.93823333333336, 398.93856666666665, 398.94263333333333, 398.9442333333334, 398.9444, 398.9449, 398.9454333333333, 398.9461333333333, 398.94643333333335, 398.94733333333335, 398.9476666666667, 398.94843333333336, 398.9497, 398.95073333333335, 398.9514, 398.9526333333333, 398.9529666666666, 398.95306666666664, 398.9547666666666, 398.9548, 398.9549, 398.9551666666667, 398.9552, 398.9572333333333, 398.9578, 398.9603333333333, 398.96143333333333, 398.9628666666667, 398.9639, 398.96403333333336, 398.96526666666665, 398.9654, 398.9658333333333]","[140, 67, 16, 85, 170, 67, 85, 60, 63, 85, 67, 172, 63, 60, 85, 67, 67, 85, 94, 173, 16, 233, 216, 67, 226, 103, 116, 85, 226, 67, 16, 216, 116, 60, 85, 172, 67, 94, 16, 222, 85, 116, 16, 94, 67, 66, 60]","[140, 67, 16, 85, 170, 60, 63, 172, 94, 173, 233, 216, 226, 103, 116, 222, 66]","[16, 60, 63, 66, 67, 85, 94, 103, 116, 140, 170, 172, 173, 216, 222, 226, 233]"
401.8584,401.8804,401.8892,401.8628,3.0854082107543945,0.0308,"[401.85943333333336, 401.86, 401.8601, 401.8613, 401.8617, 401.8639666666666, 401.86566666666664, 401.8658, 401.86583333333334, 401.8659, 401.86606666666665, 401.8666, 401.8666333333333, 401.8682333333333, 401.87053333333336, 401.8711, 401.8718333333333, 401.8720333333333, 401.87216666666666, 401.87233333333336, 401.87693333333334, 401.8783666666667, 401.8786333333333, 401.88343333333336, 401.8838, 401.8859]","[60, 7, 85, 16, 67, 173, 85, 67, 94, 236, 16, 196, 7, 60, 85, 7, 173, 67, 60, 16, 85, 60, 67, 85, 67, 60]","[60, 7, 85, 16, 67, 173, 94, 236, 196]","[7, 16, 60, 67, 85, 94, 173, 196, 236]"
403.92,403.9272,403.9572,403.9248,4.480749130249023,0.0372,"[403.9200666666667, 403.9202666666667, 403.9215, 403.9233, 403.9238, 403.9247, 403.9254, 403.9263, 403.9268666666667, 403.9270333333333, 403.9286, 403.9289, 403.92943333333335, 403.9300333333333, 403.93036666666666, 403.9309, 403.93196666666665, 403.9320333333333, 403.9326, 403.93283333333335, 403.9347, 403.9347, 403.9366, 403.93696666666665, 403.9379, 403.93856666666665, 403.9386666666667, 403.93873333333335, 403.93896666666666, 403.93913333333336, 403.9393333333333, 403.93943333333334, 403.93986666666666, 403.94123333333334, 403.9414, 403.9419, 403.9423, 403.94466666666665, 403.9447333333333, 403.94533333333334, 403.94556666666665, 403.94576666666666, 403.9461666666666, 403.9472, 403.94843333333336, 403.94873333333334, 403.9488, 403.9488333333333, 403.94893333333334, 403.9494, 403.95056666666665, 403.95163333333335, 403.9526333333333, 403.954, 403.9547666666666, 403.9556333333333, 403.9560333333333]","[16, 67, 170, 85, 228, 16, 60, 67, 85, 212, 190, 98, 85, 16, 63, 60, 67, 196, 190, 85, 216, 16, 85, 236, 212, 233, 60, 16, 173, 67, 63, 94, 233, 85, 216, 224, 196, 60, 16, 85, 67, 190, 63, 16, 67, 60, 236, 216, 196, 190, 196, 228, 60, 85, 67, 16, 85]","[16, 67, 170, 85, 228, 60, 212, 190, 98, 63, 196, 216, 236, 233, 173, 94, 224]","[16, 60, 63, 67, 85, 94, 98, 170, 173, 190, 196, 212, 216, 224, 228, 233, 236]"
415.5936,415.604,415.628,415.6064,5.357034683227539,0.0344,"[415.59366666666665, 415.5938, 415.59403333333336, 415.5944, 415.59476666666666, 415.5955666666667, 415.5998333333333, 415.6009333333334, 415.60383333333334, 415.60656666666665, 415.6077666666667, 415.6080333333333, 415.60946666666666, 415.61083333333335, 415.6129333333334, 415.6154, 415.6202666666667, 415.6206333333334, 415.6217, 415.6234666666667]","[227, 7, 16, 236, 67, 226, 7, 85, 60, 85, 16, 233, 94, 60, 67, 85, 85, 170, 67, 63]","[227, 7, 16, 236, 67, 226, 85, 60, 233, 94, 170, 63]","[7, 16, 60, 63, 67, 85, 94, 170, 226, 227, 233, 236]"
447.6188,447.6532,447.6612,447.6552,4.580515384674072,0.0424,"[447.6195666666667, 447.6199, 447.6211666666667, 447.62153333333333, 447.6235, 447.6236, 447.62463333333335, 447.6249666666667, 447.62846666666667, 447.62853333333334, 447.62893333333335, 447.6297333333333, 447.6338666666667, 447.6353, 447.6358666666667, 447.636, 447.6361333333333, 447.63963333333334, 447.6457, 447.6460333333333, 447.64613333333335, 447.6474666666667, 447.6485666666667, 447.65006666666665, 447.6512666666667, 447.6524333333333, 447.6544333333333, 447.6557, 447.65596666666664, 447.6564, 447.6573, 447.6589333333333, 447.6593, 447.6610333333333, 447.66116666666665]","[67, 85, 63, 16, 67, 85, 220, 60, 67, 220, 85, 16, 67, 220, 16, 60, 85, 63, 67, 85, 16, 236, 63, 16, 60, 85, 67, 16, 63, 233, 66, 60, 16, 85, 94]","[67, 85, 63, 16, 220, 60, 236, 233, 66, 94]","[16, 60, 63, 66, 67, 85, 94, 220, 233, 236]"
460.1812,460.2236,460.2696,460.2248,7.816101551055908,0.0884,"[460.18153333333333, 460.1834333333333, 460.1834666666667, 460.1838333333333, 460.1845, 460.18573333333336, 460.1893333333333, 460.19036666666665, 460.192, 460.19326666666666, 460.1942, 460.19486666666666, 460.1952, 460.196, 460.1992333333333, 460.2010333333333, 460.2015666666667, 460.2033, 460.2042666666667, 460.2069333333333, 460.2078, 460.2087333333333, 460.2090666666667, 460.21066666666667, 460.2112666666667, 460.2121333333333, 460.2125, 460.2126, 460.2128, 460.2149, 460.21546666666666, 460.2171, 460.2176, 460.2182, 460.2192666666666, 460.2196333333333, 460.2206, 460.2225666666667, 460.2231, 460.2244333333333, 460.22473333333335, 460.22476666666665, 460.2253, 460.22633333333334, 460.22763333333336, 460.2283, 460.2298333333333, 460.2298333333333, 460.2307666666667, 460.2308, 460.2332, 460.2333, 460.23336666666665, 460.23356666666666, 460.2337, 460.2383, 460.23946666666666, 460.23973333333333, 460.23993333333334, 460.2425666666667, 460.24306666666666, 460.2431, 460.24553333333336, 460.2461333333333, 460.2465, 460.24673333333334, 460.24696666666665, 460.2497666666667, 460.2506666666667, 460.25073333333336, 460.2508, 460.25103333333334, 460.2552666666666, 460.2564, 460.25716666666665, 460.2583333333333, 460.2588, 460.2601, 460.2606666666667, 460.2608333333333, 460.2624333333333, 460.2635666666667, 460.26376666666664, 460.2648, 460.26526666666666, 460.26556666666664, 460.26596666666666, 460.26663333333335, 460.2689]","[140, 227, 85, 63, 67, 16, 85, 227, 196, 16, 227, 60, 67, 60, 60, 227, 67, 85, 200, 227, 67, 60, 16, 227, 85, 67, 200, 16, 230, 60, 85, 200, 16, 227, 67, 85, 60, 110, 227, 16, 85, 67, 196, 16, 227, 60, 103, 85, 63, 67, 16, 85, 110, 60, 94, 196, 16, 60, 85, 103, 60, 212, 85, 227, 67, 103, 16, 227, 85, 67, 60, 16, 85, 67, 16, 138, 60, 85, 67, 16, 191, 85, 233, 67, 78, 7, 196, 223, 212]","[140, 227, 85, 63, 67, 16, 196, 60, 200, 230, 110, 103, 94, 212, 138, 191, 233, 78, 7, 223]","[7, 16, 60, 63, 67, 78, 85, 94, 103, 110, 138, 140, 191, 196, 200, 212, 223, 227, 230, 233]"
460.4052,460.4472,460.4564,460.4444,7.147718906402588,0.0512,"[460.40613333333334, 460.4066, 460.4069333333333, 460.40936666666664, 460.41113333333334, 460.41116666666665, 460.4112666666667, 460.4128333333333, 460.4149, 460.4152, 460.4155333333333, 460.4157666666667, 460.4164666666667, 460.4168, 460.4177666666667, 460.4206, 460.42126666666667, 460.4225, 460.4227, 460.42293333333333, 460.42316666666665, 460.4232333333333, 460.4234666666667, 460.4251, 460.4262, 460.4275, 460.42783333333335, 460.4279666666667, 460.42833333333334, 460.43056666666666, 460.43086666666665, 460.4311333333333, 460.4313333333333, 460.43236666666667, 460.43236666666667, 460.4327, 460.43466666666666, 460.4347666666667, 460.4375666666666, 460.4384333333333, 460.4391, 460.43916666666667, 460.44033333333334, 460.4408, 460.4408333333334, 460.4408666666667, 460.4409, 460.4424333333333, 460.4438666666667, 460.4442666666667, 460.4444, 460.4452, 460.446, 460.4461, 460.4463666666667, 460.4470666666667, 460.44846666666666, 460.44866666666667, 460.44983333333334, 460.45303333333334, 460.4535, 460.4537, 460.45453333333336]","[85, 60, 67, 85, 60, 63, 190, 85, 94, 67, 60, 85, 63, 16, 190, 85, 67, 216, 63, 233, 60, 67, 16, 85, 190, 67, 60, 196, 16, 138, 94, 60, 67, 16, 196, 85, 67, 60, 227, 67, 85, 16, 63, 67, 94, 65, 196, 190, 236, 227, 63, 67, 60, 220, 85, 16, 94, 67, 190, 85, 16, 196, 60]","[85, 60, 67, 63, 190, 94, 16, 216, 233, 196, 138, 227, 65, 236, 220]","[16, 60, 63, 65, 67, 85, 94, 138, 190, 196, 216, 220, 227, 233, 236]"
460.5116,460.516,460.5408,460.5176,3.121037483215332,0.0292,"[460.5120333333333, 460.51213333333334, 460.5128, 460.5129, 460.5133, 460.51413333333335, 460.5154333333333, 460.5167333333333, 460.51736666666665, 460.5181, 460.5183, 460.5186, 460.52113333333335, 460.5226333333333, 460.5231333333333, 460.5232, 460.5232, 460.5233666666667, 460.5241, 460.52433333333335, 460.52436666666665, 460.5246, 460.5246333333333, 460.52506666666665, 460.5251333333333, 460.5253666666667, 460.5255, 460.52706666666666, 460.5283333333333, 460.5292, 460.5294, 460.5299, 460.53186666666664, 460.5323, 460.53316666666666, 460.53343333333333, 460.5351333333333, 460.5357666666667, 460.5359, 460.5373666666667, 460.5375333333334, 460.53886666666665, 460.5391333333333, 460.53993333333335, 460.54, 460.54063333333335]","[63, 196, 230, 224, 67, 85, 16, 67, 230, 216, 85, 224, 67, 233, 110, 85, 224, 103, 67, 16, 196, 94, 63, 196, 233, 60, 85, 16, 224, 67, 226, 85, 60, 67, 196, 16, 63, 195, 60, 85, 67, 191, 195, 66, 85, 60]","[63, 196, 230, 224, 67, 85, 16, 216, 233, 110, 103, 94, 60, 226, 195, 191, 66]","[16, 60, 63, 66, 67, 85, 94, 103, 110, 191, 195, 196, 216, 224, 226, 230, 233]"
461.6172,461.65,461.6576,461.6512,4.494009971618652,0.0404,"[461.6177666666667, 461.61813333333333, 461.61923333333334, 461.61993333333334, 461.6220333333333, 461.62233333333336, 461.62373333333335, 461.6252666666667, 461.62693333333334, 461.6272333333333, 461.62763333333334, 461.6279333333333, 461.62923333333333, 461.62963333333335, 461.63033333333334, 461.63093333333336, 461.63143333333335, 461.6329333333333, 461.6340333333333, 461.63446666666664, 461.6354666666667, 461.6362, 461.63666666666666, 461.6385333333333, 461.63913333333335, 461.64003333333335, 461.64053333333334, 461.64053333333334, 461.6424333333333, 461.64276666666666, 461.6428666666667, 461.643, 461.6432, 461.6435333333333, 461.64383333333336, 461.6454, 461.64543333333336, 461.64633333333336, 461.6466, 461.6485333333333, 461.6489, 461.651, 461.6514333333334, 461.6519333333333, 461.65256666666664, 461.6526666666667, 461.6562]","[16, 85, 236, 67, 60, 236, 196, 94, 67, 85, 237, 16, 63, 196, 94, 67, 233, 236, 60, 67, 16, 236, 237, 85, 236, 63, 67, 196, 85, 66, 94, 65, 67, 216, 236, 63, 170, 196, 236, 67, 85, 216, 236, 237, 216, 120, 16]","[16, 85, 236, 67, 60, 196, 94, 237, 63, 233, 66, 65, 216, 170, 120]","[16, 60, 63, 65, 66, 67, 85, 94, 120, 170, 196, 216, 233, 236, 237]"
461.9728,461.984,462.0088,461.9864,6.995054244995117,0.036,"[461.97293333333334, 461.9791666666667, 461.9801, 461.98153333333335, 461.9830666666667, 461.98563333333334, 461.9859666666667, 461.98606666666666, 461.98653333333334, 461.98763333333335, 461.99016666666665, 461.9920666666667, 461.9938, 461.99396666666667, 461.99403333333333, 461.99466666666666, 461.9947666666667, 461.9963, 461.997, 461.99743333333333, 461.9975666666666, 461.9981, 461.99916666666667, 461.99923333333334, 462.00306666666665, 462.0031333333333, 462.0031333333333, 462.0040666666667, 462.0056333333333, 462.0058666666667]","[85, 196, 63, 85, 60, 63, 196, 85, 67, 16, 60, 85, 67, 65, 196, 196, 16, 78, 63, 233, 85, 67, 196, 78, 16, 63, 78, 60, 85, 78]","[85, 196, 63, 60, 67, 16, 65, 78, 233]","[16, 60, 63, 65, 67, 78, 85, 196, 233]"
463.896,463.906,463.9164,463.908,5.892794609069824,0.0204,"[463.89723333333336, 463.8983666666667, 463.90026666666665, 463.9005, 463.9005, 463.90066666666667, 463.9018, 463.90183333333334, 463.9029, 463.9029, 463.90323333333333, 463.90743333333336, 463.9077, 463.90776666666665, 463.9086, 463.9102, 463.91153333333335, 463.91433333333333, 463.9143666666667, 463.9147, 463.91473333333334]","[196, 60, 196, 103, 85, 67, 138, 16, 60, 63, 196, 63, 85, 222, 67, 60, 172, 72, 235, 196, 85]","[196, 60, 103, 85, 67, 138, 16, 63, 222, 172, 72, 235]","[16, 60, 63, 67, 72, 85, 103, 138, 172, 196, 222, 235]"
468.1452,468.1656,468.1876,468.1664,10.440479278564451,0.0424,"[468.1454, 468.14543333333336, 468.1456, 468.1456, 468.1456666666666, 468.1471666666667, 468.14916666666664, 468.1494, 468.14973333333336, 468.14976666666666, 468.15, 468.1505666666667, 468.151, 468.153, 468.1530333333333, 468.1539, 468.15403333333336, 468.1560666666667, 468.1566666666667, 468.1572, 468.1577, 468.15776666666665, 468.158, 468.1598666666667, 468.15993333333336, 468.16023333333334, 468.1605333333333, 468.16183333333333, 468.16206666666665, 468.16386666666665, 468.1639, 468.1641333333333, 468.16433333333333, 468.16513333333336, 468.16603333333336, 468.16613333333333, 468.1668666666667, 468.1673, 468.16746666666666, 468.1687, 468.1689666666667, 468.1691333333333, 468.1698, 468.1703, 468.17066666666665, 468.1707666666667, 468.1736666666667, 468.1743333333333, 468.1744, 468.1748666666667, 468.17516666666666, 468.1763666666667, 468.1768333333333, 468.18053333333336, 468.1807666666666, 468.1811, 468.1814, 468.1820333333333, 468.1822666666667, 468.18536666666665, 468.1865333333334, 468.1868, 468.187, 468.1874]","[222, 63, 200, 16, 60, 85, 16, 196, 191, 67, 85, 222, 60, 222, 7, 67, 85, 63, 72, 85, 16, 67, 60, 103, 222, 85, 196, 63, 200, 16, 85, 67, 222, 237, 199, 98, 222, 60, 191, 85, 67, 16, 215, 199, 60, 85, 222, 138, 67, 60, 199, 85, 196, 237, 85, 67, 16, 63, 60, 222, 138, 85, 67, 191]","[222, 63, 200, 16, 60, 85, 196, 191, 67, 7, 72, 103, 237, 199, 98, 215, 138]","[7, 16, 60, 63, 67, 72, 85, 98, 103, 138, 191, 196, 199, 200, 215, 222, 237]"
468.5532,468.5612,468.594,468.5624,3.238193988800049,0.0408,"[468.5532666666667, 468.55336666666665, 468.55353333333335, 468.5550666666667, 468.5552333333333, 468.55623333333335, 468.55713333333335, 468.5579, 468.5579666666667, 468.5588333333333, 468.5597333333333, 468.5597666666667, 468.5600666666666, 468.56193333333334, 468.56306666666666, 468.56333333333333, 468.5647333333333, 468.56483333333335, 468.5649666666667, 468.56646666666666, 468.5667666666667, 468.56733333333335, 468.571, 468.5717333333333, 468.5722333333333, 468.57273333333336, 468.5728, 468.5744, 468.5749666666667, 468.5755, 468.5763333333333, 468.577, 468.5799333333333, 468.58026666666666, 468.58093333333335, 468.5812, 468.5824, 468.58273333333335, 468.58636666666666, 468.5867, 468.5871, 468.58723333333336, 468.58726666666666, 468.5882, 468.5887333333333, 468.5891, 468.591, 468.5928]","[67, 224, 85, 60, 16, 67, 63, 85, 224, 60, 67, 170, 196, 16, 85, 63, 60, 226, 67, 16, 224, 85, 63, 224, 16, 67, 226, 85, 60, 110, 85, 67, 16, 85, 7, 226, 67, 63, 85, 63, 60, 63, 16, 67, 94, 233, 223, 67]","[67, 224, 85, 60, 16, 63, 170, 196, 226, 110, 7, 94, 233, 223]","[7, 16, 60, 63, 67, 85, 94, 110, 170, 196, 223, 224, 226, 233]"
469.7752,469.8212,469.8532,469.7936,5.139526844024658,0.078,"[469.7754, 469.7760666666667, 469.7760666666667, 469.7764333333334, 469.7769333333333, 469.77753333333334, 469.7778666666667, 469.77816666666666, 469.7819333333333, 469.78296666666665, 469.7831, 469.7835666666667, 469.78366666666665, 469.7879, 469.7884666666667, 469.7884666666667, 469.7887333333333, 469.7887666666667, 469.7888, 469.7904, 469.79043333333334, 469.7907333333333, 469.7916, 469.796, 469.79603333333336, 469.7965, 469.797, 469.7995, 469.7996, 469.7998333333333, 469.8009333333333, 469.8014666666666, 469.8019, 469.80313333333334, 469.80313333333334, 469.8045666666667, 469.8064, 469.80696666666665, 469.807, 469.8072, 469.8075, 469.8102, 469.81086666666664, 469.81303333333335, 469.8131, 469.81323333333336, 469.8142, 469.8181, 469.81966666666665, 469.8203, 469.82303333333334, 469.8239, 469.82506666666666, 469.82506666666666, 469.8251, 469.8262, 469.8283666666667, 469.8291, 469.8297333333333, 469.83003333333335, 469.83363333333335, 469.83383333333336, 469.83393333333333, 469.8348, 469.8398, 469.8398666666667, 469.8401666666667, 469.84043333333335, 469.84076666666664, 469.8409, 469.84113333333335, 469.8419666666667, 469.8459, 469.84616666666665, 469.84656666666666, 469.8471333333333, 469.8493]","[63, 72, 235, 16, 60, 173, 196, 67, 85, 222, 63, 67, 16, 85, 63, 16, 72, 235, 86, 67, 85, 237, 16, 60, 85, 67, 16, 196, 138, 85, 67, 16, 60, 86, 7, 16, 196, 72, 235, 85, 63, 67, 138, 94, 66, 85, 60, 16, 63, 60, 85, 172, 67, 16, 63, 170, 85, 16, 67, 98, 16, 85, 195, 60, 60, 86, 63, 85, 16, 173, 67, 233, 196, 85, 16, 60, 138]","[63, 72, 235, 16, 60, 173, 196, 67, 85, 222, 86, 237, 138, 7, 94, 66, 172, 170, 98, 195, 233]","[7, 16, 60, 63, 66, 67, 72, 85, 86, 94, 98, 138, 170, 172, 173, 195, 196, 222, 233, 235, 237]"
471.6216,471.6704,471.6772,471.6688,4.519584655761719,0.0556,"[471.622, 471.62423333333334, 471.6245, 471.6249333333334, 471.6250666666666, 471.6252333333333, 471.6256, 471.6270333333333, 471.6275, 471.62803333333335, 471.6290333333333, 471.62916666666666, 471.62943333333334, 471.6297333333333, 471.6322, 471.6322666666667, 471.6327, 471.6332, 471.63376666666665, 471.6342333333333, 471.6342666666667, 471.6357, 471.63683333333336, 471.6369333333334, 471.638, 471.6383333333333, 471.6384, 471.6394666666667, 471.6402, 471.64023333333336, 471.6403666666667, 471.6406666666667, 471.6422, 471.64276666666666, 471.6428666666667, 471.6451, 471.64543333333336, 471.6456, 471.6458, 471.6462333333333, 471.64643333333333, 471.6465, 471.6466, 471.6476666666667, 471.64823333333334, 471.6508, 471.65203333333335, 471.6524, 471.65256666666664, 471.65406666666667, 471.6560333333333, 471.65633333333335, 471.6568, 471.6569333333333, 471.6571333333333, 471.65746666666666, 471.659, 471.6627, 471.6630666666667, 471.6645, 471.6646333333333, 471.66853333333336, 471.66886666666664, 471.6695, 471.6695, 471.6702333333334, 471.67246666666665, 471.67296666666664, 471.67336666666665, 471.6734666666667, 471.6743666666667, 471.6745333333334, 471.6761333333333]","[85, 16, 224, 63, 60, 67, 85, 191, 216, 85, 16, 230, 67, 60, 216, 67, 85, 16, 235, 7, 224, 191, 60, 67, 85, 191, 140, 236, 85, 94, 216, 67, 16, 60, 63, 85, 66, 216, 67, 236, 236, 191, 85, 16, 67, 63, 85, 16, 196, 67, 236, 60, 67, 172, 85, 16, 170, 196, 85, 16, 60, 85, 196, 67, 60, 63, 98, 85, 67, 138, 196, 60, 85]","[85, 16, 224, 63, 60, 67, 191, 216, 230, 235, 7, 140, 236, 94, 66, 196, 172, 170, 98, 138]","[7, 16, 60, 63, 66, 67, 85, 94, 98, 138, 140, 170, 172, 191, 196, 216, 224, 230, 235, 236]"
520.3208,520.332,520.3576,520.3408,4.7099714279174805,0.0368,"[520.3208333333333, 520.3220333333334, 520.3243, 520.3249, 520.3267, 520.3282, 520.3283666666666, 520.3285, 520.3294333333333, 520.3300666666667, 520.3306666666666, 520.3323, 520.3343666666667, 520.3344, 520.3351, 520.3375333333333, 520.3377666666667, 520.3389333333333, 520.3389333333333, 520.3400666666666, 520.3403666666667, 520.3418, 520.3423333333334, 520.3432, 520.3434333333333, 520.3436333333333, 520.3455666666666, 520.3462, 520.3473333333334, 520.3477666666666, 520.3481, 520.3502333333333, 520.3502333333333, 520.3520333333333, 520.3521666666667, 520.3531, 520.3539666666667, 520.3559333333334, 520.3565333333333]","[16, 196, 67, 60, 222, 85, 67, 196, 16, 60, 85, 222, 67, 85, 63, 85, 60, 67, 196, 222, 85, 63, 60, 85, 67, 196, 222, 216, 60, 85, 67, 16, 63, 228, 67, 60, 85, 16, 67]","[16, 196, 67, 60, 222, 85, 63, 216, 228]","[16, 60, 63, 67, 85, 196, 216, 222, 228]"
526.6876,526.7104,526.7168,526.7128,4.446682929992676,0.0292,"[526.6881333333333, 526.6893666666666, 526.6894333333333, 526.6920333333334, 526.6925333333334, 526.6929333333334, 526.6938, 526.6940666666667, 526.6942666666666, 526.6960333333334, 526.6965, 526.6966666666667, 526.7001333333334, 526.7006666666666, 526.7008, 526.7010333333334, 526.7012, 526.7020333333334, 526.7025333333333, 526.7032, 526.704, 526.7041666666667, 526.7044666666667, 526.7057, 526.7062, 526.7062333333333, 526.7064, 526.7065333333334, 526.7065666666666, 526.7081333333333, 526.7082, 526.7097, 526.7097666666666, 526.7120666666667, 526.7126333333333, 526.7129, 526.7132333333333, 526.7134, 526.7151, 526.7151]","[67, 60, 16, 110, 67, 85, 16, 72, 86, 85, 60, 67, 196, 216, 85, 195, 63, 235, 67, 60, 110, 65, 16, 236, 86, 67, 233, 60, 196, 63, 85, 67, 16, 16, 63, 196, 60, 85, 170, 223]","[67, 60, 16, 110, 85, 72, 86, 196, 216, 195, 63, 235, 65, 236, 233, 170, 223]","[16, 60, 63, 65, 67, 72, 85, 86, 110, 170, 195, 196, 216, 223, 233, 235, 236]"
527.9224,527.9336,527.9616,527.9576,4.1116814613342285,0.0392,"[527.9225333333334, 527.9230666666666, 527.9239333333334, 527.9282, 527.9286333333333, 527.9287333333333, 527.9291666666667, 527.9323666666667, 527.9333333333333, 527.9340666666667, 527.9350666666667, 527.9352, 527.9378333333333, 527.9392, 527.9406, 527.9411, 527.9419, 527.9424333333334, 527.9444333333333, 527.9458, 527.9465, 527.9487666666666, 527.951, 527.9518666666667, 527.9523666666666, 527.9528, 527.9561, 527.9564, 527.9583666666666, 527.9590333333333, 527.9593, 527.9602]","[16, 60, 67, 16, 196, 85, 67, 60, 85, 16, 63, 67, 212, 85, 16, 60, 67, 196, 85, 16, 60, 85, 16, 67, 85, 60, 16, 67, 63, 196, 60, 85]","[16, 60, 67, 196, 85, 63, 212]","[16, 60, 63, 67, 85, 196, 212]"
528.4932,528.5052,528.5148,528.504,5.499293804168701,0.0216,"[528.4937, 528.4955, 528.4986, 528.4990666666666, 528.5006666666667, 528.5008, 528.5010666666667, 528.5040666666666, 528.5052333333333, 528.5055, 528.5056333333333, 528.5069, 528.5101, 528.5101, 528.5104, 528.5106666666667, 528.5120333333333, 528.5125, 528.5138333333333, 528.5139333333333, 528.5146333333333]","[60, 172, 85, 67, 60, 98, 172, 85, 67, 196, 16, 60, 16, 63, 85, 196, 67, 196, 98, 85, 67]","[60, 172, 85, 67, 98, 196, 16, 63]","[16, 60, 63, 67, 85, 98, 172, 196]"
528.8068,528.8196,528.8412,528.8204,7.918887615203857,0.0344,"[528.8099333333333, 528.8101, 528.8106333333334, 528.8108333333333, 528.8109333333333, 528.8140666666667, 528.8147, 528.815, 528.8155333333333, 528.8157666666667, 528.8158666666667, 528.8161, 528.8180666666667, 528.8202333333334, 528.8203, 528.8205, 528.8210333333334, 528.8214333333333, 528.8221, 528.8226333333333, 528.8236666666667, 528.8244333333333, 528.8256333333334, 528.8259333333333, 528.8264, 528.8272, 528.8277333333333, 528.8281, 528.8302333333334, 528.8312, 528.8317, 528.8318, 528.8335333333333, 528.8337333333334, 528.8341333333333, 528.8343666666667, 528.8352333333333, 528.8371, 528.838, 528.8393]","[236, 67, 85, 222, 7, 16, 60, 224, 85, 63, 7, 67, 16, 227, 85, 67, 60, 170, 16, 67, 85, 196, 16, 226, 85, 98, 67, 60, 173, 196, 85, 67, 16, 60, 85, 67, 226, 226, 196, 16]","[236, 67, 85, 222, 7, 16, 60, 224, 63, 227, 170, 196, 226, 98, 173]","[7, 16, 60, 63, 67, 85, 98, 170, 173, 196, 222, 224, 226, 227, 236]"
531.3932,531.4024,531.4244,531.4032,3.713269472122192,0.0312,"[531.3944, 531.3947333333333, 531.3949, 531.395, 531.396, 531.3964666666667, 531.3976666666666, 531.3987, 531.3988666666667, 531.4010666666667, 531.4023333333333, 531.4025333333333, 531.4025666666666, 531.4027, 531.403, 531.4032666666667, 531.4042333333333, 531.4044, 531.4044666666666, 531.4046, 531.4083333333333, 531.4099666666667, 531.4102, 531.4102666666666, 531.4107333333334, 531.4111, 531.4112666666666, 531.4115333333333, 531.4154666666667, 531.4155666666667, 531.4166333333334, 531.4182333333333, 531.4203666666667, 531.4222333333333, 531.4237]","[85, 60, 228, 67, 196, 60, 195, 67, 85, 65, 16, 60, 212, 85, 66, 195, 94, 67, 196, 215, 85, 226, 60, 173, 67, 16, 94, 85, 16, 222, 85, 67, 65, 212, 222]","[85, 60, 228, 67, 196, 195, 65, 16, 212, 66, 94, 215, 226, 173, 222]","[16, 60, 65, 66, 67, 85, 94, 173, 195, 196, 212, 215, 222, 226, 228]"
531.5968,531.6144,531.624,531.6032,4.229678153991699,0.0272,"[531.5975666666667, 531.598, 531.5981, 531.5986333333333, 531.5987333333334, 531.5990666666667, 531.5997333333333, 531.6005, 531.6013, 531.6025666666667, 531.6035333333333, 531.6037666666666, 531.6047666666667, 531.6056666666667, 531.6057666666667, 531.606, 531.6065, 531.6068, 531.6079666666667, 531.6116666666667, 531.6119, 531.6134666666667, 531.6138, 531.6147, 531.6150333333334, 531.6155666666667, 531.6157, 531.6158, 531.6165, 531.6171333333333, 531.6184333333333, 531.6190333333333, 531.6193333333333]","[212, 85, 16, 216, 60, 63, 226, 67, 85, 16, 60, 227, 85, 67, 78, 98, 60, 63, 85, 85, 226, 196, 86, 236, 67, 237, 85, 233, 16, 63, 222, 85, 190]","[212, 85, 16, 216, 60, 63, 226, 67, 227, 78, 98, 196, 86, 236, 237, 233, 222, 190]","[16, 60, 63, 67, 78, 85, 86, 98, 190, 196, 212, 216, 222, 226, 227, 233, 236, 237]"
532.2984,532.3036,532.334,532.3028,3.5629379749298096,0.0356,"[532.2990333333333, 532.3024333333333, 532.3036666666667, 532.3042666666666, 532.3052, 532.3079666666666, 532.3086333333333, 532.3088333333334, 532.3094666666667, 532.3098, 532.3104, 532.3109, 532.3111, 532.3135666666667, 532.3144, 532.3146333333333, 532.3150333333333, 532.3152333333334, 532.3161, 532.3167666666667, 532.3176333333333, 532.3189333333333, 532.3192333333334, 532.3195666666667, 532.3210666666666, 532.3217, 532.3224666666666, 532.3230333333333, 532.3234333333334, 532.3241666666667, 532.3253, 532.3282, 532.3290333333333, 532.3316, 532.3319666666666, 532.3321333333333, 532.3323666666666, 532.3328666666666]","[60, 67, 16, 60, 85, 67, 212, 85, 196, 16, 189, 233, 63, 16, 67, 85, 196, 227, 16, 190, 233, 85, 103, 196, 212, 67, 60, 85, 16, 67, 103, 85, 16, 60, 85, 233, 67, 94]","[60, 67, 16, 85, 212, 196, 189, 233, 63, 227, 190, 103, 94]","[16, 60, 63, 67, 85, 94, 103, 189, 190, 196, 212, 227, 233]"
532.4196,532.4416,532.4508,532.4428,4.019996166229248,0.0312,"[532.4197666666666, 532.4204333333333, 532.4213666666667, 532.4219, 532.4219666666667, 532.4224, 532.4234333333334, 532.424, 532.4246, 532.4247666666666, 532.4256666666666, 532.4266666666666, 532.4284, 532.4304, 532.4305333333333, 532.4315, 532.4327333333333, 532.4340666666667, 532.4352666666666, 532.4381, 532.4391333333333, 532.4394666666667, 532.4395333333333, 532.4400666666667, 532.4423, 532.444, 532.4452666666666, 532.4458333333333, 532.4469333333333, 532.4476333333333, 532.4476666666667, 532.4499666666667]","[60, 98, 16, 85, 63, 67, 140, 60, 85, 16, 67, 60, 60, 67, 63, 16, 85, 196, 222, 196, 60, 67, 16, 220, 67, 196, 227, 16, 196, 67, 60, 16]","[60, 98, 16, 85, 63, 67, 140, 196, 222, 220, 227]","[16, 60, 63, 67, 85, 98, 140, 196, 220, 222, 227]"
534.0432,534.0804,534.0856,534.082,3.891716718673706,0.0424,"[534.0445666666667, 534.0447333333333, 534.0473, 534.0476, 534.0482666666667, 534.0483, 534.0490666666667, 534.0512333333334, 534.0545, 534.0557666666666, 534.0582, 534.0587333333333, 534.0594666666667, 534.0595, 534.0596666666667, 534.0597333333334, 534.0598, 534.0598333333334, 534.0609, 534.0621, 534.0633333333334, 534.0644666666667, 534.0666666666667, 534.0682666666667, 534.0683666666666, 534.0688333333334, 534.0699666666667, 534.0742, 534.0744333333333, 534.0774333333334, 534.0781333333333, 534.0783666666666, 534.0786, 534.0794666666667, 534.0795666666667, 534.0798333333333, 534.0820333333334, 534.0826, 534.0827]","[216, 85, 226, 60, 79, 189, 67, 85, 60, 98, 85, 67, 16, 63, 233, 226, 94, 191, 67, 60, 7, 216, 85, 116, 230, 60, 7, 16, 85, 67, 63, 94, 216, 233, 85, 170, 196, 7, 63]","[216, 85, 226, 60, 79, 189, 67, 98, 16, 63, 233, 94, 191, 7, 116, 230, 170, 196]","[7, 16, 60, 63, 67, 79, 85, 94, 98, 116, 170, 189, 191, 196, 216, 226, 230, 233]"
535.9404,535.956,535.964,535.9604,4.941743850708008,0.0236,"[535.9405, 535.9407333333334, 535.9445, 535.9451, 535.9465333333334, 535.9472666666667, 535.9488, 535.9499, 535.9521666666667, 535.9533, 535.9551, 535.956, 535.9582333333333, 535.9587333333334, 535.9589, 535.9592333333334, 535.9606666666666, 535.9614333333334, 535.9616666666667, 535.9624]","[85, 60, 67, 98, 85, 16, 60, 67, 85, 16, 67, 16, 60, 86, 85, 67, 16, 63, 196, 60]","[85, 60, 67, 98, 16, 86, 63, 196]","[16, 60, 63, 67, 85, 86, 98, 196]"
537.964,537.9864,537.996,537.9708,3.891414642333984,0.032,"[537.9651666666666, 537.9661, 537.9670333333333, 537.9679666666667, 537.9687, 537.9713333333333, 537.9715, 537.9721, 537.9726, 537.9733, 537.9741666666666, 537.9765666666667, 537.9769666666666, 537.977, 537.9770333333333, 537.9778333333334, 537.9779, 537.9825, 537.9835, 537.9836333333334, 537.9838333333333, 537.9839, 537.9848, 537.9880333333333, 537.9880666666667, 537.9893666666667, 537.9901, 537.9916333333333, 537.9917, 537.9918, 537.9920666666667, 537.9921333333333, 537.9932333333334, 537.9941666666666, 537.9947333333333]","[196, 67, 85, 212, 170, 216, 16, 60, 85, 237, 67, 236, 16, 85, 67, 172, 63, 138, 60, 16, 67, 216, 85, 85, 16, 98, 216, 87, 191, 85, 237, 67, 66, 60, 65]","[196, 67, 85, 212, 170, 216, 16, 60, 237, 236, 172, 63, 138, 98, 87, 191, 66, 65]","[16, 60, 63, 65, 66, 67, 85, 87, 98, 138, 170, 172, 191, 196, 212, 216, 236, 237]"
540.5732,540.5836,540.5984,540.5856,9.435924530029297,0.0252,"[540.5744, 540.5744333333333, 540.5751666666666, 540.5766333333333, 540.5766666666667, 540.5778, 540.5784, 540.5785666666667, 540.5788666666666, 540.5805, 540.5819666666666, 540.5828333333334, 540.5840333333333, 540.5844666666667, 540.5849666666667, 540.5867, 540.5868666666667, 540.5885, 540.5887666666666, 540.5896, 540.5906, 540.5936333333333, 540.5949, 540.5976]","[72, 195, 60, 85, 67, 196, 60, 237, 85, 63, 67, 60, 85, 67, 16, 78, 85, 7, 98, 78, 60, 138, 85, 60]","[72, 195, 60, 85, 67, 196, 237, 63, 16, 78, 7, 98, 138]","[7, 16, 60, 63, 67, 72, 78, 85, 98, 138, 195, 196, 237]"
541.2812,541.3012,541.3084,541.3024,3.530273199081421,0.0272,"[541.2845333333333, 541.2845333333333, 541.2850333333333, 541.2867666666667, 541.2886, 541.2894666666666, 541.2923666666667, 541.2934333333334, 541.2935, 541.2952666666666, 541.297, 541.2971666666666, 541.2972333333333, 541.2972333333333, 541.3026, 541.3051666666667, 541.3055333333333, 541.3057]","[216, 196, 237, 85, 67, 222, 237, 87, 191, 67, 196, 87, 191, 85, 67, 212, 85, 60]","[216, 196, 237, 85, 67, 222, 87, 191, 212, 60]","[60, 67, 85, 87, 191, 196, 212, 216, 222, 237]"
541.9232,541.9832,541.996,541.9836,7.500068664550781,0.0728,"[541.9233666666667, 541.9237, 541.9238666666666, 541.9245333333333, 541.9276, 541.9277333333333, 541.9304666666667, 541.9314666666667, 541.9319, 541.9327333333333, 541.9327666666667, 541.9359666666667, 541.936, 541.9362666666667, 541.9380666666667, 541.9403333333333, 541.9409333333333, 541.9411666666666, 541.9422666666667, 541.9439666666667, 541.9449666666667, 541.9479333333334, 541.9488666666666, 541.9504666666667, 541.9512666666667, 541.9553666666667, 541.9554, 541.9555666666666, 541.9562666666667, 541.9567666666667, 541.9575, 541.9594666666667, 541.9621333333333, 541.9622, 541.9625, 541.9635666666667, 541.9636666666667, 541.9641333333333, 541.9645333333333, 541.9646, 541.9647666666667, 541.9647666666667, 541.9651333333334, 541.9652333333333, 541.9660333333334, 541.9669666666666, 541.9675333333333, 541.9678666666666, 541.9688, 541.9689666666667, 541.9703666666667, 541.9713, 541.9722333333333, 541.9730333333333, 541.9731333333333, 541.9746666666666, 541.9765, 541.9768666666666, 541.9777333333334, 541.9825666666667, 541.9827, 541.9828333333334, 541.9831333333333, 541.9840333333333, 541.9850333333334, 541.9874666666667, 541.9881333333333, 541.9884333333333, 541.9885333333333, 541.9885666666667, 541.9924333333333, 541.9925, 541.9931, 541.9932, 541.9955333333334, 541.9957]","[63, 85, 67, 60, 67, 98, 16, 85, 67, 72, 235, 85, 16, 72, 60, 226, 85, 67, 16, 60, 85, 138, 67, 16, 85, 196, 67, 63, 16, 60, 85, 67, 85, 67, 60, 170, 16, 63, 85, 60, 66, 233, 94, 67, 196, 138, 16, 196, 67, 63, 85, 67, 16, 60, 85, 67, 170, 196, 16, 212, 16, 67, 85, 60, 223, 67, 16, 138, 170, 85, 60, 67, 16, 85, 67, 16]","[63, 85, 67, 60, 98, 16, 72, 235, 226, 138, 196, 170, 66, 233, 94, 212, 223]","[16, 60, 63, 66, 67, 72, 85, 94, 98, 138, 170, 196, 212, 223, 226, 233, 235]"
542.0548,542.0884,542.096,542.086,5.0986762046813965,0.0412,"[542.0554333333333, 542.0558333333333, 542.0575333333334, 542.0578, 542.0620666666666, 542.0621666666667, 542.0626666666667, 542.0638, 542.0647333333334, 542.066, 542.0685, 542.0692666666666, 542.0698333333333, 542.0702, 542.0702333333334, 542.0741333333333, 542.0752, 542.0763, 542.0763333333333, 542.0767666666667, 542.0795, 542.08, 542.0807, 542.0819, 542.0825666666667, 542.0847666666666, 542.0852666666667, 542.0863, 542.0863333333333, 542.0864333333334, 542.0866666666667, 542.0874333333334, 542.0883333333334, 542.0886666666667, 542.0907333333333, 542.0915666666667, 542.0929666666667, 542.0948333333333, 542.0951]","[67, 224, 85, 196, 85, 98, 67, 110, 85, 63, 85, 67, 226, 16, 60, 85, 67, 63, 16, 94, 85, 7, 60, 16, 67, 138, 85, 170, 63, 16, 94, 60, 67, 223, 85, 226, 63, 60, 16]","[67, 224, 85, 196, 98, 110, 63, 226, 16, 60, 94, 7, 138, 170, 223]","[7, 16, 60, 63, 67, 85, 94, 98, 110, 138, 170, 196, 223, 224, 226]"
542.5084,542.5224,542.5388,542.5192,7.391254425048828,0.0304,"[542.5085666666666, 542.5087333333333, 542.509, 542.5110666666667, 542.5123666666667, 542.514, 542.5141333333333, 542.5144666666666, 542.5146, 542.5152333333333, 542.5162333333334, 542.5171, 542.5173666666667, 542.5194, 542.5195, 542.5211, 542.5211333333333, 542.5225333333333, 542.5232333333333, 542.5236, 542.5239666666666, 542.5240333333334, 542.5288333333333, 542.5297, 542.5302333333333, 542.5326666666666, 542.5331, 542.5336666666667, 542.5348, 542.5386333333333]","[196, 85, 67, 195, 85, 67, 16, 196, 63, 226, 222, 85, 67, 16, 63, 60, 85, 67, 16, 222, 85, 170, 67, 85, 16, 226, 212, 85, 67, 196]","[196, 85, 67, 195, 16, 63, 226, 222, 60, 170, 212]","[16, 60, 63, 67, 85, 170, 195, 196, 212, 222, 226]"
542.8608,542.8708,542.9052,542.8716,6.902615547180176,0.0444,"[542.8611, 542.8628, 542.8642666666667, 542.8651333333333, 542.8658, 542.8661, 542.8664666666666, 542.8667333333333, 542.8669, 542.8679333333333, 542.8680333333333, 542.8687333333334, 542.8688333333333, 542.8693, 542.8721333333333, 542.8721666666667, 542.8734666666667, 542.8743333333333, 542.8775666666667, 542.8777333333334, 542.8778666666667, 542.8793, 542.8797333333333, 542.8823, 542.883, 542.8836666666666, 542.8837666666667, 542.884, 542.8848666666667, 542.8852666666667, 542.8853333333333, 542.8858666666666, 542.8860666666667, 542.8861333333333, 542.8862666666666, 542.8896333333333, 542.8898666666666, 542.8909, 542.8915, 542.8925, 542.8930333333333, 542.8966, 542.8970333333333, 542.8976666666666, 542.8988333333333, 542.8996, 542.9008666666666, 542.9010333333333, 542.9017666666666, 542.9021666666666, 542.9029333333333, 542.9039, 542.9045666666667]","[67, 85, 16, 237, 67, 85, 140, 222, 60, 220, 98, 237, 85, 67, 63, 222, 67, 85, 222, 67, 60, 63, 85, 237, 196, 85, 98, 212, 16, 60, 237, 67, 85, 196, 63, 173, 63, 85, 67, 60, 94, 67, 85, 222, 196, 138, 85, 67, 63, 60, 16, 222, 85]","[67, 85, 16, 237, 140, 222, 60, 220, 98, 63, 196, 212, 173, 94, 138]","[16, 60, 63, 67, 85, 94, 98, 138, 140, 173, 196, 212, 220, 222, 237]"
544.164,544.1736,544.2068,544.1992,6.156082630157471,0.0428,"[544.1650666666667, 544.1657333333334, 544.1681333333333, 544.17, 544.1705666666667, 544.1715, 544.1722, 544.1760666666667, 544.1774666666666, 544.1781333333333, 544.1782, 544.1845333333333, 544.1854333333333, 544.1857, 544.1858333333333, 544.1858333333333, 544.1865, 544.1891666666667, 544.1922333333333, 544.1925666666667, 544.1926333333333, 544.1949666666667, 544.1954333333333, 544.1965, 544.1983, 544.2002333333334, 544.2006666666666, 544.2023666666666, 544.2053666666667, 544.2056333333334, 544.2061333333334, 544.2064666666666]","[60, 85, 67, 60, 67, 16, 85, 212, 60, 85, 67, 195, 67, 60, 85, 233, 16, 7, 67, 85, 228, 60, 16, 85, 98, 196, 226, 67, 16, 63, 60, 85]","[60, 85, 67, 16, 212, 195, 233, 7, 228, 98, 196, 226, 63]","[7, 16, 60, 63, 67, 85, 98, 195, 196, 212, 226, 228, 233]"
544.738,544.7472,544.7772,544.7476,6.749104976654053,0.0392,"[544.738, 544.7409, 544.7409666666666, 544.7419333333333, 544.7419666666667, 544.7423333333334, 544.7425666666667, 544.7427666666666, 544.7449666666666, 544.7450666666666, 544.7454333333334, 544.747, 544.7482, 544.7487666666667, 544.749, 544.7491, 544.7500333333334, 544.7562666666666, 544.7567333333334, 544.7567666666666, 544.7575666666667, 544.7607333333333, 544.7613333333334, 544.7616666666667, 544.7621, 544.7621666666666, 544.7641333333333, 544.767, 544.7682666666667, 544.7684666666667, 544.7702666666667, 544.7731333333334, 544.7734, 544.7736666666667, 544.7736666666667, 544.7742666666667, 544.7743333333333, 544.7763333333334]","[222, 85, 222, 67, 212, 237, 98, 60, 67, 16, 237, 172, 60, 85, 16, 196, 67, 16, 85, 196, 60, 67, 16, 94, 196, 200, 60, 67, 85, 60, 226, 237, 94, 16, 63, 60, 85, 67]","[222, 85, 67, 212, 237, 98, 60, 16, 172, 196, 94, 200, 226, 63]","[16, 60, 63, 67, 85, 94, 98, 172, 196, 200, 212, 222, 226, 237]"
3132.5624,3132.5792,3132.5868,3132.58,4.357213973999023,0.0244,"[3132.566, 3132.5675666666666, 3132.5697, 3132.5698666666667, 3132.5727, 3132.5736333333334, 3132.5736666666667, 3132.573833333334, 3132.5745666666667, 3132.5772666666667, 3132.58, 3132.5811, 3132.5812, 3132.582933333333, 3132.5835333333334, 3132.584, 3132.5848666666666, 3132.5856]","[85, 16, 67, 212, 85, 216, 190, 63, 60, 67, 63, 223, 85, 196, 226, 67, 60, 85]","[85, 16, 67, 212, 216, 190, 63, 60, 223, 196, 226]","[16, 60, 63, 67, 85, 190, 196, 212, 216, 223, 226]"
3132.6916,3132.7008,3132.712,3132.7012,3.695976972579956,0.0204,"[3132.6921, 3132.6925666666666, 3132.693366666667, 3132.6946666666668, 3132.6948666666667, 3132.695233333334, 3132.6962, 3132.6966666666667, 3132.6984666666667, 3132.6989, 3132.6990333333333, 3132.6995333333334, 3132.7019333333333, 3132.7036333333335, 3132.7042, 3132.706833333333, 3132.7074333333335, 3132.709, 3132.709533333333, 3132.710866666667]","[85, 196, 16, 63, 85, 60, 16, 67, 67, 85, 16, 60, 63, 60, 16, 85, 67, 16, 60, 63]","[85, 196, 16, 63, 60, 67]","[16, 60, 63, 67, 85, 196]"
3136.3936,3136.4152,3136.4208,3136.4128,3.429246664047241,0.0272,"[3136.3937666666666, 3136.3942666666667, 3136.3953333333334, 3136.3957333333333, 3136.3978666666667, 3136.3984, 3136.4013333333332, 3136.4024666666664, 3136.4037333333335, 3136.4038333333333, 3136.4058, 3136.406233333333, 3136.407366666667, 3136.4077, 3136.4086666666667, 3136.4094333333333, 3136.4114666666665, 3136.4115666666667, 3136.4119666666666, 3136.4121, 3136.4121666666665, 3136.412633333334, 3136.4136, 3136.4138, 3136.4194333333335, 3136.4194666666667, 3136.4199, 3136.4203666666667]","[85, 67, 60, 16, 85, 98, 67, 16, 85, 60, 67, 16, 215, 85, 67, 60, 16, 63, 67, 196, 85, 233, 228, 212, 16, 170, 85, 196]","[85, 67, 60, 16, 98, 215, 63, 196, 233, 228, 212, 170]","[16, 60, 63, 67, 85, 98, 170, 196, 212, 215, 228, 233]"
3137.9168,3137.9276,3137.9392,3137.926,6.090145111083984,0.0224,"[3137.9171666666666, 3137.9178666666667, 3137.918166666667, 3137.9183333333335, 3137.9193, 3137.919766666667, 3137.9207666666666, 3137.921766666667, 3137.9225333333334, 3137.925333333333, 3137.9263333333333, 3137.927, 3137.927066666666, 3137.9272666666666, 3137.9279333333334, 3137.9283333333333, 3137.9307, 3137.9319, 3137.933233333333, 3137.9338666666667, 3137.934566666667, 3137.935166666666, 3137.9354, 3137.9356, 3137.9382333333333]","[196, 16, 85, 227, 67, 63, 60, 85, 67, 16, 196, 67, 226, 85, 60, 233, 16, 67, 78, 16, 85, 63, 78, 60, 78]","[196, 16, 85, 227, 67, 63, 60, 226, 233, 78]","[16, 60, 63, 67, 78, 85, 196, 226, 227, 233]"
3138.6108,3138.6552,3138.6616,3138.6148,3.1518588066101074,0.0508,"[3138.6109333333334, 3138.612666666667, 3138.6142, 3138.6147333333333, 3138.6148, 3138.6159333333335, 3138.6161, 3138.616366666666, 3138.6179333333334, 3138.618966666667, 3138.6193, 3138.6205, 3138.6205333333332, 3138.6223666666665, 3138.6231333333335, 3138.6232, 3138.624466666666, 3138.6246333333333, 3138.6251333333335, 3138.6273666666666, 3138.6294333333335, 3138.6294666666668, 3138.6296333333335, 3138.6299, 3138.6306666666665, 3138.6308, 3138.6312, 3138.6314, 3138.631533333333, 3138.631766666667, 3138.6323333333335, 3138.6325, 3138.6325, 3138.6335, 3138.6342, 3138.6347666666666, 3138.6348, 3138.6352333333334, 3138.6357333333335, 3138.6357666666668, 3138.6371, 3138.637366666667, 3138.6374, 3138.6383, 3138.6394666666665, 3138.6401333333333, 3138.6402, 3138.6412666666665, 3138.6428666666666, 3138.644366666667, 3138.6446333333333, 3138.646333333333, 3138.6469666666667, 3138.647033333333, 3138.647066666667, 3138.6489333333334, 3138.6495, 3138.6499, 3138.650166666667, 3138.6522333333332, 3138.6534, 3138.6543333333334, 3138.6547333333333, 3138.6567, 3138.6567, 3138.6588333333334, 3138.6590666666666, 3138.6593333333335, 3138.6593666666668, 3138.6603666666665, 3138.6603666666665, 3138.660833333334]","[233, 16, 67, 223, 60, 16, 98, 63, 85, 65, 16, 94, 60, 16, 233, 191, 85, 16, 60, 191, 112, 111, 85, 191, 16, 60, 196, 233, 67, 65, 63, 111, 112, 223, 85, 196, 60, 16, 111, 112, 191, 233, 85, 67, 191, 16, 196, 230, 16, 85, 60, 191, 67, 112, 111, 191, 16, 85, 233, 103, 60, 85, 16, 111, 112, 67, 170, 16, 196, 60, 233, 85]","[233, 16, 67, 223, 60, 98, 63, 85, 65, 94, 191, 112, 111, 196, 230, 103, 170]","[16, 60, 63, 65, 67, 85, 94, 98, 103, 111, 112, 170, 191, 196, 223, 230, 233]"
3140.3572,3140.3732,3140.38,3140.3752,4.3648457527160645,0.0228,"[3140.3576333333335, 3140.3576333333335, 3140.3600333333334, 3140.3609666666666, 3140.3611666666666, 3140.3622, 3140.363766666667, 3140.366233333333, 3140.3665, 3140.3666, 3140.3676666666665, 3140.3677333333335, 3140.3683, 3140.3687333333332, 3140.3688666666667, 3140.3688666666667, 3140.3689, 3140.3714666666665, 3140.3715, 3140.372, 3140.3722333333335, 3140.3753333333334, 3140.3776333333335, 3140.3792]","[154, 173, 67, 227, 85, 216, 60, 67, 228, 170, 212, 60, 216, 67, 85, 16, 63, 60, 173, 85, 227, 63, 60, 85]","[154, 173, 67, 227, 85, 216, 60, 228, 170, 212, 16, 63]","[16, 60, 63, 67, 85, 154, 170, 173, 212, 216, 227, 228]"
3147.378,3147.4288,3147.4568,3147.4304,4.1648125648498535,0.0788,"[3147.38, 3147.3813666666665, 3147.3829, 3147.3835, 3147.3836, 3147.3837, 3147.3838333333333, 3147.387166666667, 3147.3886333333335, 3147.3888333333334, 3147.3893333333335, 3147.3911333333335, 3147.393433333333, 3147.394333333333, 3147.3952, 3147.3964666666666, 3147.3969666666667, 3147.397, 3147.397166666666, 3147.3973, 3147.3975, 3147.400633333333, 3147.4022333333332, 3147.403, 3147.4030666666667, 3147.4030666666667, 3147.4036333333333, 3147.404, 3147.4044, 3147.4086, 3147.4093666666668, 3147.4094666666665, 3147.4095, 3147.4103666666665, 3147.4110333333333, 3147.4131666666667, 3147.413233333333, 3147.413233333333, 3147.4141666666665, 3147.414433333334, 3147.4179, 3147.417933333333, 3147.418, 3147.418033333334, 3147.4187666666667, 3147.4222666666665, 3147.4228, 3147.4244, 3147.4247666666665, 3147.425166666667, 3147.4274, 3147.429633333333, 3147.4303333333332, 3147.4303666666665, 3147.4318, 3147.4333, 3147.4336, 3147.434366666667, 3147.4358, 3147.4374, 3147.4391666666666, 3147.439533333333, 3147.440733333334, 3147.4409666666666, 3147.4416666666666, 3147.4429333333333, 3147.443366666667, 3147.4464, 3147.447166666667, 3147.4476, 3147.4513333333334, 3147.452366666667, 3147.453266666667, 3147.4544, 3147.455466666667, 3147.456, 3147.4560333333334]","[190, 85, 16, 67, 60, 94, 63, 67, 173, 16, 85, 60, 16, 67, 85, 67, 196, 16, 7, 94, 60, 67, 196, 7, 85, 67, 60, 16, 236, 7, 63, 67, 190, 66, 16, 94, 85, 60, 67, 16, 196, 16, 67, 85, 63, 60, 86, 67, 85, 16, 60, 233, 63, 16, 196, 60, 85, 67, 16, 222, 60, 190, 85, 16, 67, 94, 63, 222, 190, 85, 222, 85, 16, 67, 233, 222, 190]","[190, 85, 16, 67, 60, 94, 63, 173, 196, 7, 236, 66, 86, 233, 222]","[7, 16, 60, 63, 66, 67, 85, 86, 94, 173, 190, 196, 222, 233, 236]"
3148.3008,3148.3196,3148.3284,3148.318,7.436769008636475,0.0276,"[3148.3015666666665, 3148.3044333333332, 3148.3049666666666, 3148.305566666667, 3148.3062, 3148.3078333333333, 3148.3079333333335, 3148.3085333333333, 3148.3106666666667, 3148.3118, 3148.3121333333333, 3148.3126333333335, 3148.313166666667, 3148.3138, 3148.3152666666665, 3148.3160333333335, 3148.3166666666666, 3148.3171, 3148.3182666666667, 3148.3191666666667, 3148.3208, 3148.322633333333, 3148.3235, 3148.3245, 3148.3249, 3148.325733333333, 3148.3259, 3148.3259333333335, 3148.327333333333, 3148.328266666667]","[60, 67, 85, 222, 196, 67, 60, 85, 16, 196, 222, 85, 67, 60, 16, 85, 237, 65, 67, 60, 85, 138, 67, 98, 63, 16, 228, 237, 60, 85]","[60, 67, 85, 222, 196, 16, 237, 65, 138, 98, 63, 228]","[16, 60, 63, 65, 67, 85, 98, 138, 196, 222, 228, 237]"
3150.6024,3150.628,3150.64,3150.6276,10.65136432647705,0.0376,"[3150.6032666666665, 3150.6037666666666, 3150.604333333333, 3150.6055, 3150.6067333333335, 3150.607266666667, 3150.607266666667, 3150.6074, 3150.6104, 3150.6112, 3150.611533333333, 3150.6115666666665, 3150.6118, 3150.614466666667, 3150.6147333333333, 3150.6153, 3150.615333333333, 3150.616366666666, 3150.6165333333333, 3150.6168333333335, 3150.6174666666666, 3150.6174666666666, 3150.6178666666665, 3150.6189, 3150.6195666666667, 3150.6219333333333, 3150.6223666666665, 3150.622533333333, 3150.6227, 3150.6229333333335, 3150.6231333333335, 3150.6232666666665, 3150.624466666666, 3150.624566666667, 3150.6248666666665, 3150.6271666666667, 3150.627233333333, 3150.6276333333335, 3150.6277, 3150.6283, 3150.6298666666667, 3150.6314666666667, 3150.6323666666667, 3150.633566666667, 3150.6347, 3150.6354666666666, 3150.6369, 3150.6392666666666, 3150.6397666666667]","[78, 222, 67, 78, 16, 85, 67, 60, 60, 85, 78, 222, 16, 85, 190, 67, 60, 60, 236, 16, 222, 191, 196, 16, 85, 67, 63, 85, 237, 60, 222, 195, 67, 200, 85, 237, 16, 222, 63, 60, 85, 67, 237, 16, 222, 85, 16, 67, 85]","[78, 222, 67, 16, 85, 60, 190, 236, 191, 196, 63, 237, 195, 200]","[16, 60, 63, 67, 78, 85, 190, 191, 195, 196, 200, 222, 236, 237]"
3151.4076,3151.4256,3151.444,3151.4284,4.46284294128418,0.0364,"[3151.4076666666665, 3151.4078666666665, 3151.4086333333335, 3151.4097, 3151.4108, 3151.4112333333333, 3151.411866666667, 3151.4121333333333, 3151.4123, 3151.4126, 3151.4132, 3151.4137, 3151.4137333333333, 3151.4138333333335, 3151.417, 3151.417033333333, 3151.4171, 3151.4181, 3151.4185, 3151.419933333333, 3151.4205333333334, 3151.4221, 3151.423, 3151.423333333333, 3151.423533333333, 3151.4239, 3151.424433333333, 3151.424466666667, 3151.4253, 3151.4267, 3151.4268, 3151.4281333333333, 3151.4300333333335, 3151.430066666667, 3151.4302, 3151.4306, 3151.4309333333335, 3151.4311333333335, 3151.4335, 3151.4335333333333, 3151.4337, 3151.4347333333335, 3151.4349666666667, 3151.4363, 3151.4363333333336, 3151.4365666666667, 3151.4376666666667, 3151.4383, 3151.4387333333334, 3151.4392333333335, 3151.4394, 3151.4396666666667, 3151.4399, 3151.4411, 3151.441566666667, 3151.442433333333, 3151.4430333333335]","[233, 223, 94, 78, 72, 60, 67, 63, 60, 78, 170, 16, 237, 85, 237, 60, 222, 67, 85, 173, 16, 85, 237, 67, 60, 63, 60, 212, 237, 140, 85, 67, 63, 16, 60, 67, 237, 85, 67, 60, 85, 222, 63, 16, 67, 85, 237, 191, 85, 233, 60, 16, 67, 85, 226, 63, 67]","[233, 223, 94, 78, 72, 60, 67, 63, 170, 16, 237, 85, 222, 173, 212, 140, 191, 226]","[16, 60, 63, 67, 72, 78, 85, 94, 140, 170, 173, 191, 212, 222, 223, 226, 233, 237]"
3153.4568,3153.4956,3153.5004,3153.496,3.9009389877319336,0.0436,"[3153.458666666667, 3153.4590333333335, 3153.459766666667, 3153.4603, 3153.463166666667, 3153.4643666666666, 3153.4648666666667, 3153.4663, 3153.4663333333333, 3153.466866666666, 3153.4672333333333, 3153.4694, 3153.4696, 3153.4737333333333, 3153.4738, 3153.4741, 3153.475, 3153.475133333334, 3153.4759, 3153.475966666667, 3153.4761, 3153.4763333333335, 3153.4782333333333, 3153.4782666666665, 3153.4803333333334, 3153.4803333333334, 3153.4845, 3153.4854, 3153.4857666666667, 3153.4903, 3153.4905, 3153.4920333333334, 3153.495066666667, 3153.495266666667, 3153.4955, 3153.495966666667, 3153.4962333333333]","[60, 140, 224, 85, 154, 67, 196, 112, 111, 60, 16, 67, 138, 86, 193, 94, 16, 85, 86, 193, 63, 60, 67, 94, 16, 63, 94, 67, 60, 233, 16, 94, 16, 85, 67, 63, 94]","[60, 140, 224, 85, 154, 67, 196, 112, 111, 16, 138, 86, 193, 94, 63, 233]","[16, 60, 63, 67, 85, 86, 94, 111, 112, 138, 140, 154, 193, 196, 224, 233]"
3155.4928,3155.504,3155.5176,3155.5032,5.562780857086182,0.0248,"[3155.4944666666665, 3155.496, 3155.4963666666667, 3155.4974666666667, 3155.4978666666666, 3155.4987666666666, 3155.4988333333336, 3155.5009666666665, 3155.5032, 3155.503366666667, 3155.5057, 3155.5058, 3155.505933333334, 3155.5071333333335, 3155.5084666666667, 3155.5094, 3155.5132, 3155.514166666667, 3155.5149666666666, 3155.5153666666665, 3155.516666666667, 3155.5173]","[212, 67, 85, 63, 16, 60, 190, 85, 67, 16, 85, 16, 190, 67, 60, 190, 85, 60, 94, 67, 78, 16]","[212, 67, 85, 63, 16, 60, 190, 94, 78]","[16, 60, 63, 67, 78, 85, 94, 190, 212]"
3371.6064,3371.614,3371.6472,3371.6252,4.4528489112854,0.0408,"[3371.6071666666667, 3371.609033333333, 3371.611, 3371.6129, 3371.6136333333334, 3371.6157333333335, 3371.6160666666665, 3371.6176, 3371.618233333333, 3371.619133333333, 3371.6204333333335, 3371.6207666666664, 3371.621633333333, 3371.6243666666664, 3371.6259333333333, 3371.6265, 3371.6269333333335, 3371.6277666666665, 3371.6318, 3371.6323333333335, 3371.6324, 3371.6325333333334, 3371.632666666667, 3371.6334666666667, 3371.6352666666667, 3371.6354, 3371.6372, 3371.639133333333, 3371.6394333333333, 3371.6423, 3371.6426333333334, 3371.6430666666665, 3371.6434, 3371.644333333333, 3371.6465]","[60, 85, 67, 60, 85, 67, 16, 60, 85, 196, 67, 60, 85, 67, 103, 60, 85, 228, 85, 86, 190, 67, 16, 60, 85, 233, 60, 86, 85, 60, 67, 85, 233, 66, 63]","[60, 85, 67, 16, 196, 103, 228, 86, 190, 233, 66, 63]","[16, 60, 63, 66, 67, 85, 86, 103, 190, 196, 228, 233]"
3372.4768,3372.4892,3372.5252,3372.4972,6.075344562530518,0.0484,"[3372.479, 3372.4803, 3372.4809666666665, 3372.4809666666665, 3372.4813, 3372.4823666666666, 3372.4832333333334, 3372.4837666666667, 3372.4837666666667, 3372.4839666666667, 3372.4844333333335, 3372.4855333333335, 3372.487166666667, 3372.4881666666665, 3372.488966666667, 3372.489566666666, 3372.4902, 3372.4922, 3372.4924333333333, 3372.4928666666665, 3372.4934, 3372.493466666667, 3372.4939, 3372.493933333333, 3372.4942, 3372.494833333333, 3372.494966666666, 3372.495866666666, 3372.4962333333333, 3372.4971333333333, 3372.4979333333335, 3372.4983666666667, 3372.499333333333, 3372.5, 3372.5016, 3372.5029, 3372.5034333333333, 3372.5041666666666, 3372.5042, 3372.504933333333, 3372.5057666666667, 3372.5061666666666, 3372.5081333333333, 3372.509, 3372.509233333333, 3372.5092666666665, 3372.5097333333333, 3372.5100333333335, 3372.5104, 3372.5109666666667, 3372.5119, 3372.5125333333335, 3372.5127333333335, 3372.5158333333334, 3372.5163, 3372.517966666667, 3372.5202, 3372.521133333333, 3372.523, 3372.5230333333334, 3372.5235333333335]","[222, 63, 67, 60, 85, 16, 222, 85, 67, 199, 222, 60, 67, 85, 60, 78, 222, 85, 216, 67, 65, 16, 202, 199, 78, 67, 85, 222, 78, 85, 16, 78, 138, 222, 199, 222, 190, 67, 85, 60, 16, 212, 216, 195, 110, 190, 222, 199, 85, 67, 60, 16, 78, 196, 85, 67, 60, 78, 196, 67, 138]","[222, 63, 67, 60, 85, 16, 199, 78, 216, 65, 202, 138, 190, 212, 195, 110, 196]","[16, 60, 63, 65, 67, 78, 85, 110, 138, 190, 195, 196, 199, 202, 212, 216, 222]"
3378.446,3378.4548,3378.47,3378.456,4.319357872009277,0.024,"[3378.4465666666665, 3378.446733333333, 3378.4476, 3378.449666666667, 3378.4501333333333, 3378.450333333333, 3378.4522, 3378.452333333333, 3378.4529, 3378.4537, 3378.4562666666666, 3378.4565, 3378.458666666667, 3378.458833333333, 3378.4612666666667, 3378.4629333333332, 3378.4634666666666, 3378.4664333333335, 3378.4690666666665, 3378.4693]","[67, 237, 98, 16, 85, 67, 94, 237, 120, 60, 16, 216, 138, 67, 237, 94, 85, 63, 65, 60]","[67, 237, 98, 16, 85, 94, 120, 60, 216, 138, 63, 65]","[16, 60, 63, 65, 67, 85, 94, 98, 120, 138, 216, 237]"
3378.5944,3378.6168,3378.6244,3378.6004,4.150710582733154,0.03,"[3378.594666666667, 3378.5961333333335, 3378.5963333333334, 3378.5969, 3378.597133333333, 3378.5973, 3378.598466666667, 3378.6006666666667, 3378.6007666666665, 3378.600966666667, 3378.6012333333333, 3378.6017, 3378.604733333333, 3378.6049666666668, 3378.6057333333333, 3378.6058666666668, 3378.6069666666667, 3378.607, 3378.6070666666665, 3378.607266666667, 3378.6076, 3378.609733333333, 3378.6105666666667, 3378.611033333333, 3378.6142333333332, 3378.6143666666667, 3378.6143666666667, 3378.6145, 3378.6149, 3378.6167666666665, 3378.6169333333332, 3378.618, 3378.618233333333, 3378.6183, 3378.6202, 3378.6205333333332, 3378.6219333333333, 3378.6242]","[190, 196, 16, 67, 66, 85, 60, 16, 85, 67, 60, 138, 85, 60, 196, 103, 196, 72, 235, 16, 67, 190, 16, 60, 85, 235, 72, 67, 196, 16, 60, 67, 85, 94, 66, 60, 16, 85]","[190, 196, 16, 67, 66, 85, 60, 138, 103, 72, 235, 94]","[16, 60, 66, 67, 72, 85, 94, 103, 138, 190, 196, 235]"
3378.768,3378.7736,3378.792,3378.7728,3.0918967723846436,0.024,"[3378.7680666666665, 3378.7695, 3378.7716666666665, 3378.7725666666665, 3378.772933333333, 3378.774, 3378.7742, 3378.7750666666666, 3378.7779666666665, 3378.7792, 3378.7793333333334, 3378.779366666666, 3378.7805333333336, 3378.7814333333336, 3378.7825666666668, 3378.7826333333333, 3378.783033333333, 3378.783933333333, 3378.7842333333333, 3378.7843666666668, 3378.7865333333334, 3378.787533333333, 3378.789133333333, 3378.7891666666665, 3378.7901666666667, 3378.7908666666667, 3378.7909]","[16, 67, 85, 16, 233, 196, 212, 60, 85, 220, 78, 196, 67, 191, 60, 220, 85, 78, 16, 226, 85, 78, 63, 67, 60, 196, 78]","[16, 67, 85, 233, 196, 212, 60, 220, 78, 191, 226, 63]","[16, 60, 63, 67, 78, 85, 191, 196, 212, 220, 226, 233]"
3378.88,3378.904,3378.9324,3378.9008,12.592005729675291,0.0524,"[3378.8802666666666, 3378.8807333333334, 3378.8830666666668, 3378.8831666666665, 3378.8836, 3378.8839333333335, 3378.884, 3378.8852333333334, 3378.8859, 3378.886033333333, 3378.8864, 3378.8865666666666, 3378.8876333333333, 3378.8885666666665, 3378.8885666666665, 3378.8891, 3378.8896, 3378.890033333333, 3378.8903, 3378.890933333333, 3378.8919, 3378.8923666666665, 3378.8927, 3378.8936, 3378.893866666667, 3378.8946, 3378.895666666667, 3378.8959666666665, 3378.8968666666665, 3378.897166666666, 3378.8978, 3378.8985, 3378.8985333333335, 3378.9007, 3378.900766666666, 3378.900833333333, 3378.9023, 3378.9036333333333, 3378.9057, 3378.906933333333, 3378.907, 3378.9070666666667, 3378.9093, 3378.9094, 3378.9097666666667, 3378.9105666666665, 3378.9113333333335, 3378.9113333333335, 3378.911666666667, 3378.915466666667, 3378.915466666667, 3378.9159666666665, 3378.9162666666666, 3378.9163, 3378.9173333333333, 3378.918833333333, 3378.921566666667, 3378.921733333333, 3378.9220333333333, 3378.9228, 3378.9251, 3378.9268, 3378.927166666667, 3378.9283333333333, 3378.9290333333333, 3378.9302666666667]","[67, 60, 85, 226, 7, 67, 63, 223, 60, 16, 85, 67, 86, 222, 94, 78, 223, 60, 196, 85, 16, 67, 233, 98, 196, 222, 63, 86, 16, 85, 67, 94, 190, 226, 85, 63, 67, 60, 222, 85, 67, 16, 67, 60, 222, 98, 85, 16, 94, 67, 233, 94, 16, 63, 60, 223, 60, 85, 190, 16, 172, 172, 85, 170, 67, 16]","[67, 60, 85, 226, 7, 63, 223, 16, 86, 222, 94, 78, 196, 233, 98, 190, 172, 170]","[7, 16, 60, 63, 67, 78, 85, 86, 94, 98, 170, 172, 190, 196, 222, 223, 226, 233]"
3379.9148,3379.922,3379.9352,3379.9204,3.7758424282073975,0.0204,"[3379.9149, 3379.9154, 3379.9154, 3379.9155, 3379.9193666666665, 3379.9198, 3379.9208, 3379.9209666666666, 3379.9213666666665, 3379.9218666666666, 3379.924366666666, 3379.9248333333335, 3379.926966666667, 3379.927366666667, 3379.9279333333334, 3379.9290666666666, 3379.9297, 3379.9308, 3379.9308333333333, 3379.9328333333333, 3379.9335333333333, 3379.934, 3379.9342333333334, 3379.9346333333333, 3379.935]","[67, 85, 16, 7, 222, 60, 63, 85, 16, 67, 85, 222, 67, 60, 85, 60, 72, 67, 138, 85, 195, 196, 16, 60, 67]","[67, 85, 16, 7, 222, 60, 63, 72, 138, 195, 196]","[7, 16, 60, 63, 67, 72, 85, 138, 195, 196, 222]"
3380.0172,3380.0556,3380.0744,3380.0532,9.030795097351074,0.0572,"[3380.0180666666665, 3380.0183, 3380.0183666666667, 3380.0196333333333, 3380.0203333333334, 3380.0203333333334, 3380.020366666666, 3380.0206, 3380.0208333333335, 3380.021166666667, 3380.023066666666, 3380.0235666666667, 3380.023966666666, 3380.0241333333333, 3380.0250666666666, 3380.0253, 3380.026733333333, 3380.0273666666667, 3380.0295666666666, 3380.0299666666665, 3380.0326666666665, 3380.0329, 3380.0336333333335, 3380.0336333333335, 3380.033733333333, 3380.0343666666668, 3380.035066666667, 3380.036, 3380.036, 3380.0362, 3380.0367, 3380.036866666667, 3380.0372333333335, 3380.038533333334, 3380.039533333333, 3380.0410666666667, 3380.0425333333333, 3380.0465, 3380.0473666666667, 3380.047866666667, 3380.0486666666666, 3380.0488666666665, 3380.0500666666667, 3380.0502333333334, 3380.0507333333335, 3380.0518, 3380.052366666667, 3380.0532333333335, 3380.053733333333, 3380.053966666667, 3380.0543333333335, 3380.0544, 3380.054633333333, 3380.054666666667, 3380.0554666666667, 3380.0559333333335, 3380.0584, 3380.059566666667, 3380.0596, 3380.060933333333, 3380.0612333333333, 3380.0624666666668, 3380.0625666666665, 3380.0632666666666, 3380.0639, 3380.0642333333335, 3380.0670333333333, 3380.0673333333334, 3380.068433333334, 3380.0693, 3380.0694]","[7, 85, 60, 63, 189, 79, 94, 67, 16, 85, 60, 67, 222, 85, 63, 16, 67, 60, 85, 67, 85, 60, 222, 233, 67, 196, 138, 67, 16, 85, 60, 94, 212, 222, 196, 60, 85, 67, 85, 60, 16, 172, 85, 67, 94, 60, 16, 196, 196, 226, 98, 63, 60, 85, 170, 67, 60, 16, 85, 67, 196, 60, 233, 85, 67, 78, 60, 16, 67, 60, 63]","[7, 85, 60, 63, 189, 79, 94, 67, 16, 222, 233, 196, 138, 212, 172, 226, 98, 170, 78]","[7, 16, 60, 63, 67, 78, 79, 85, 94, 98, 138, 170, 172, 189, 196, 212, 222, 226, 233]"
3381.764,3381.784,3381.8196,3381.7836,6.8440728187561035,0.0556,"[3381.7665333333334, 3381.766866666667, 3381.767533333333, 3381.7677, 3381.7678333333333, 3381.7680666666665, 3381.768866666667, 3381.7698, 3381.7698333333333, 3381.7715, 3381.772933333333, 3381.772966666667, 3381.7733, 3381.7742333333335, 3381.7747, 3381.776733333333, 3381.7768666666666, 3381.7775333333334, 3381.777566666666, 3381.7786666666666, 3381.7791, 3381.779366666666, 3381.7795666666666, 3381.7795666666666, 3381.7811333333334, 3381.781233333333, 3381.7843333333335, 3381.785766666667, 3381.7873, 3381.7876666666666, 3381.789533333333, 3381.7899333333335, 3381.7901, 3381.790266666667, 3381.7907, 3381.791, 3381.7914, 3381.7914333333333, 3381.7923333333333, 3381.7931, 3381.7931, 3381.7952666666665, 3381.7956, 3381.7973, 3381.7982666666667, 3381.7984666666666, 3381.7994, 3381.8017333333332, 3381.8040333333333, 3381.8041333333335, 3381.8087, 3381.8089666666665, 3381.8098333333332, 3381.8105, 3381.8126666666667, 3381.8145, 3381.8149, 3381.8152333333333, 3381.815433333333, 3381.816, 3381.818566666667, 3381.8189, 3381.819466666667]","[196, 60, 16, 191, 85, 67, 94, 191, 60, 67, 85, 67, 60, 233, 236, 60, 85, 173, 191, 16, 227, 60, 85, 67, 94, 196, 67, 85, 60, 94, 190, 16, 110, 60, 85, 67, 196, 66, 190, 16, 60, 85, 67, 60, 94, 85, 190, 67, 138, 16, 85, 196, 222, 16, 212, 85, 235, 16, 60, 63, 85, 67, 16]","[196, 60, 16, 191, 85, 67, 94, 233, 236, 173, 227, 190, 110, 66, 138, 222, 212, 235, 63]","[16, 60, 63, 66, 67, 85, 94, 110, 138, 173, 190, 191, 196, 212, 222, 227, 233, 235, 236]"
3383.8408,3383.8484,3383.862,3383.8472,4.21956729888916,0.0212,"[3383.841866666666, 3383.8429666666666, 3383.8431, 3383.8432333333335, 3383.844, 3383.8444666666664, 3383.8461333333335, 3383.8462666666665, 3383.8463, 3383.8467666666666, 3383.8469, 3383.8479333333335, 3383.8479333333335, 3383.8483, 3383.848466666667, 3383.8493, 3383.8495666666668, 3383.851033333334, 3383.851833333333, 3383.8521333333333, 3383.8523, 3383.852733333333, 3383.8541333333333, 3383.8553333333334, 3383.8561666666665, 3383.8566, 3383.8574, 3383.8600333333334, 3383.8607, 3383.8609666666666, 3383.8609666666666, 3383.8615666666665, 3383.8619]","[67, 85, 236, 7, 16, 60, 85, 67, 222, 63, 172, 16, 196, 94, 7, 67, 85, 86, 85, 222, 16, 233, 67, 195, 60, 85, 67, 16, 67, 85, 94, 63, 60]","[67, 85, 236, 7, 16, 60, 222, 63, 172, 196, 94, 86, 233, 195]","[7, 16, 60, 63, 67, 85, 86, 94, 172, 195, 196, 222, 233, 236]"
3385.2808,3385.3112,3385.3172,3385.3116,3.778954267501831,0.0364,"[3385.2819666666664, 3385.2828, 3385.2834666666668, 3385.283933333333, 3385.2844666666665, 3385.2866, 3385.2876666666666, 3385.2878, 3385.2891666666665, 3385.2899333333335, 3385.2899666666667, 3385.291, 3385.2911, 3385.2912, 3385.2917, 3385.2923, 3385.2933333333335, 3385.293633333333, 3385.293633333333, 3385.293866666667, 3385.294, 3385.2944666666667, 3385.2951, 3385.2970666666665, 3385.2977333333333, 3385.2979666666665, 3385.298333333333, 3385.2984333333334, 3385.299433333333, 3385.2995666666666, 3385.299666666667, 3385.2999333333332, 3385.3015333333333, 3385.3029333333334, 3385.3032, 3385.3041333333335, 3385.3047, 3385.3056, 3385.3059333333335, 3385.3071666666665, 3385.3072333333334, 3385.3073, 3385.308466666667, 3385.3090666666667, 3385.311166666667, 3385.3113, 3385.311366666667, 3385.3118666666664, 3385.3150333333333, 3385.3151, 3385.3172]","[222, 85, 60, 67, 16, 85, 67, 60, 85, 154, 16, 60, 67, 227, 224, 233, 85, 67, 222, 16, 196, 60, 63, 60, 226, 67, 85, 16, 216, 67, 233, 85, 60, 16, 226, 196, 226, 215, 67, 60, 226, 85, 16, 67, 138, 63, 94, 60, 86, 193, 67]","[222, 85, 60, 67, 16, 154, 227, 224, 233, 196, 63, 226, 216, 215, 138, 94, 86, 193]","[16, 60, 63, 67, 85, 86, 94, 138, 154, 193, 196, 215, 216, 222, 224, 226, 227, 233]"
3385.6784,3385.688,3385.7144,3385.69,6.660966396331787,0.036,"[3385.6784666666667, 3385.6789, 3385.6790333333333, 3385.679166666667, 3385.6794333333332, 3385.6799333333333, 3385.6810666666665, 3385.6821666666665, 3385.6821666666665, 3385.6838666666667, 3385.685166666666, 3385.6856666666667, 3385.6865333333335, 3385.6872, 3385.6875333333332, 3385.6878666666667, 3385.688033333334, 3385.688033333334, 3385.6895666666665, 3385.6899333333336, 3385.6904, 3385.6907666666666, 3385.691533333333, 3385.6929666666665, 3385.693366666667, 3385.6935, 3385.6943666666666, 3385.6955, 3385.6972, 3385.698066666667, 3385.698066666667, 3385.6981333333333, 3385.698733333333, 3385.6990666666666, 3385.6994666666665, 3385.7030666666665, 3385.7031, 3385.7036333333335, 3385.7038666666667, 3385.7044, 3385.7048666666665, 3385.7068, 3385.7090333333335, 3385.7103, 3385.710666666667, 3385.7107333333333, 3385.7128666666667, 3385.713133333333]","[60, 110, 236, 16, 67, 191, 63, 67, 60, 196, 67, 85, 236, 236, 190, 85, 67, 16, 233, 16, 196, 63, 216, 60, 236, 67, 85, 236, 67, 236, 16, 228, 60, 63, 236, 191, 224, 85, 67, 60, 16, 67, 216, 60, 85, 173, 173, 236]","[60, 110, 236, 16, 67, 191, 63, 196, 85, 190, 233, 216, 228, 224, 173]","[16, 60, 63, 67, 85, 110, 173, 190, 191, 196, 216, 224, 228, 233, 236]"
3385.8944,3385.9468,3385.9564,3385.924,5.22749662399292,0.062,"[3385.894566666667, 3385.8947333333335, 3385.8955333333333, 3385.8962333333334, 3385.8985666666667, 3385.899766666667, 3385.8999, 3385.9014, 3385.9033, 3385.903466666666, 3385.9043333333334, 3385.9044, 3385.9057333333335, 3385.9067, 3385.9086666666667, 3385.9106, 3385.912, 3385.913466666667, 3385.917066666667, 3385.9189666666666, 3385.9191666666666, 3385.919933333333, 3385.9201, 3385.9205, 3385.9217, 3385.921766666667, 3385.9221666666667, 3385.9225666666666, 3385.9229333333333, 3385.9236, 3385.9249, 3385.925166666667, 3385.925166666667, 3385.9255333333335, 3385.9290666666666, 3385.9292333333333, 3385.930733333333, 3385.9328666666665, 3385.9329666666667, 3385.9335666666666, 3385.9347333333335, 3385.9353333333333, 3385.9383, 3385.9385, 3385.938933333334, 3385.939066666667, 3385.9396666666667, 3385.9398666666666, 3385.9412666666667, 3385.941766666667, 3385.9446, 3385.944933333333, 3385.9457, 3385.9474, 3385.9475333333335, 3385.9483666666665, 3385.9483666666665, 3385.951666666667, 3385.9535, 3385.9538, 3385.954133333333, 3385.9542333333334, 3385.9547333333335, 3385.955166666666, 3385.9563]","[196, 60, 216, 85, 16, 85, 60, 190, 196, 216, 190, 16, 60, 67, 94, 67, 196, 190, 85, 16, 67, 140, 60, 94, 233, 85, 67, 227, 16, 63, 190, 7, 233, 60, 60, 94, 236, 16, 85, 67, 60, 190, 94, 85, 67, 216, 63, 190, 16, 60, 85, 216, 66, 63, 67, 85, 60, 16, 196, 85, 196, 190, 67, 220, 60]","[196, 60, 216, 85, 16, 190, 67, 94, 140, 233, 227, 63, 7, 236, 66, 220]","[7, 16, 60, 63, 66, 67, 85, 94, 140, 190, 196, 216, 220, 227, 233, 236]"
3387.0624,3387.0788,3387.0852,3387.0668,3.258902072906494,0.0228,"[3387.0633666666668, 3387.0652333333333, 3387.0652666666665, 3387.065733333334, 3387.0666666666666, 3387.0671666666667, 3387.0678, 3387.0698, 3387.0718, 3387.072133333333, 3387.0722666666666, 3387.0749666666666, 3387.075566666667, 3387.075966666667, 3387.0763333333334, 3387.080266666667, 3387.0810333333334, 3387.0813, 3387.0819333333334, 3387.0824333333335, 3387.0825333333332, 3387.0830333333333, 3387.083633333333]","[85, 191, 98, 223, 60, 67, 216, 85, 60, 16, 67, 67, 191, 63, 85, 110, 60, 195, 67, 196, 110, 85, 191]","[85, 191, 98, 223, 60, 67, 216, 16, 63, 110, 195, 196]","[16, 60, 63, 67, 85, 98, 110, 191, 195, 196, 216, 223]"
3391.842,3391.8512,3391.8712,3391.8488,5.6647844314575195,0.0292,"[3391.8429, 3391.8451333333333, 3391.8455, 3391.8459666666668, 3391.8463666666667, 3391.8474, 3391.8483, 3391.8503666666666, 3391.8505666666665, 3391.8515333333335, 3391.8532, 3391.8536, 3391.8539, 3391.8563, 3391.8565, 3391.8598333333334, 3391.8604333333333, 3391.8611333333333, 3391.862666666667, 3391.863066666667, 3391.8632666666667, 3391.864, 3391.864633333333, 3391.8647666666666, 3391.866266666667, 3391.8672333333334, 3391.8705333333332]","[85, 173, 67, 16, 60, 85, 216, 191, 60, 67, 85, 138, 67, 63, 60, 60, 191, 67, 85, 191, 196, 16, 60, 67, 85, 191, 67]","[85, 173, 67, 16, 60, 216, 191, 138, 63, 196]","[16, 60, 63, 67, 85, 138, 173, 191, 196, 216]"
3392.6468,3392.6596,3392.6764,3392.6592,11.929983139038086,0.0296,"[3392.6486666666665, 3392.6495, 3392.6512666666667, 3392.6523333333334, 3392.6535, 3392.6539666666667, 3392.6546333333335, 3392.6550666666667, 3392.6554333333333, 3392.656466666667, 3392.6573, 3392.658066666667, 3392.6596, 3392.6597333333334, 3392.6610333333333, 3392.661866666667, 3392.6622333333335, 3392.662766666667, 3392.6631, 3392.6668, 3392.667066666667, 3392.667266666667, 3392.6674, 3392.6676333333335, 3392.6678666666667, 3392.6681, 3392.6692, 3392.6700333333333, 3392.6719, 3392.672466666667, 3392.6739, 3392.6748, 3392.6756]","[67, 85, 67, 220, 63, 85, 16, 67, 60, 94, 85, 67, 216, 226, 60, 16, 85, 67, 98, 85, 60, 16, 63, 233, 94, 220, 67, 16, 60, 195, 63, 85, 16]","[67, 85, 220, 63, 16, 60, 94, 216, 226, 98, 233, 195]","[16, 60, 63, 67, 85, 94, 98, 195, 216, 220, 226, 233]"
3393.1668,3393.1788,3393.188,3393.178,8.132844924926758,0.0212,"[3393.1676, 3393.167733333333, 3393.1680666666666, 3393.168833333333, 3393.1693333333333, 3393.171566666667, 3393.171966666667, 3393.1720333333333, 3393.1725333333334, 3393.1728, 3393.173566666667, 3393.174, 3393.1747, 3393.1761, 3393.1768333333334, 3393.1805, 3393.1806, 3393.1835666666666, 3393.1837666666665, 3393.1840666666667, 3393.1846, 3393.185033333333, 3393.1856333333335, 3393.187266666667]","[67, 16, 138, 223, 60, 85, 67, 16, 63, 212, 224, 60, 85, 67, 227, 67, 85, 85, 222, 60, 16, 224, 67, 85]","[67, 16, 138, 223, 60, 85, 63, 212, 224, 227, 222]","[16, 60, 63, 67, 85, 138, 212, 222, 223, 224, 227]"
3393.6888,3393.708,3393.7172,3393.7084,4.632823944091797,0.0284,"[3393.692433333333, 3393.6928, 3393.6932, 3393.6962, 3393.6963333333333, 3393.6987, 3393.698733333333, 3393.701, 3393.7028, 3393.7069, 3393.7075666666665, 3393.708633333333, 3393.708833333333, 3393.711, 3393.7138, 3393.715, 3393.715366666667, 3393.7161, 3393.7168333333334]","[67, 60, 85, 212, 16, 85, 67, 67, 16, 60, 67, 63, 16, 170, 173, 67, 85, 196, 16]","[67, 60, 85, 212, 16, 63, 170, 173, 196]","[16, 60, 63, 67, 85, 170, 173, 196, 212]"
3394.3176,3394.3564,3394.3812,3394.356,5.8705830574035645,0.0636,"[3394.3200333333334, 3394.3204, 3394.3219, 3394.3245666666667, 3394.324666666667, 3394.3252666666667, 3394.325333333333, 3394.3255, 3394.3283666666666, 3394.3290666666667, 3394.3307666666665, 3394.331366666667, 3394.3316666666665, 3394.3317666666667, 3394.331866666667, 3394.3335, 3394.3336, 3394.3375333333333, 3394.3387, 3394.3396, 3394.340133333333, 3394.3404666666665, 3394.3412333333335, 3394.3415666666665, 3394.3416333333334, 3394.3426, 3394.3433333333332, 3394.343733333333, 3394.343966666667, 3394.3445666666667, 3394.3447, 3394.3449333333333, 3394.3454, 3394.3468333333335, 3394.3468666666668, 3394.3472, 3394.3497666666667, 3394.3498666666665, 3394.3506666666667, 3394.351, 3394.3519666666666, 3394.3523666666665, 3394.3533333333335, 3394.353433333333, 3394.3542666666667, 3394.3551, 3394.355233333333, 3394.3552666666665, 3394.3558333333335, 3394.3568, 3394.357666666667, 3394.358333333333, 3394.3598333333334, 3394.3598666666667, 3394.3613333333333, 3394.3616, 3394.3618, 3394.3621333333335, 3394.3621333333335, 3394.3622, 3394.3633, 3394.3639333333335, 3394.3661666666667, 3394.3662, 3394.367366666667, 3394.3679333333334, 3394.368033333333, 3394.368066666667, 3394.3684, 3394.3692333333333, 3394.3694666666665, 3394.3696666666665, 3394.3698666666664, 3394.37, 3394.3706666666667, 3394.3710333333333, 3394.3711333333335, 3394.371633333333, 3394.3721666666665, 3394.3732, 3394.373433333333, 3394.3751666666667, 3394.3762, 3394.377, 3394.3773, 3394.3775333333333, 3394.3777666666665, 3394.3793, 3394.3795]","[85, 67, 222, 16, 85, 67, 138, 60, 196, 222, 60, 67, 85, 200, 66, 16, 86, 85, 86, 67, 16, 222, 78, 63, 196, 85, 67, 60, 86, 16, 78, 222, 85, 60, 222, 78, 190, 85, 67, 16, 222, 138, 67, 85, 16, 191, 196, 63, 60, 16, 196, 222, 67, 85, 191, 85, 16, 60, 67, 63, 233, 16, 60, 63, 237, 67, 196, 85, 216, 16, 233, 85, 65, 67, 60, 16, 63, 78, 222, 216, 216, 196, 85, 67, 237, 16, 60, 223, 140]","[85, 67, 222, 16, 138, 60, 196, 200, 66, 86, 78, 63, 190, 191, 233, 237, 216, 65, 223, 140]","[16, 60, 63, 65, 66, 67, 78, 85, 86, 138, 140, 190, 191, 196, 200, 216, 222, 223, 233, 237]"
3402.5624,3402.5948,3402.6044,3402.5928,6.765749931335449,0.042,"[3402.5636666666664, 3402.5637333333334, 3402.5639, 3402.564733333333, 3402.568133333333, 3402.5698333333335, 3402.5704666666666, 3402.5705666666668, 3402.5707666666667, 3402.571033333333, 3402.5712, 3402.571266666667, 3402.5715333333333, 3402.5720666666666, 3402.577, 3402.5771666666665, 3402.577766666667, 3402.581, 3402.5810333333334, 3402.5817, 3402.5817666666667, 3402.5818, 3402.5819, 3402.5828333333334, 3402.5830666666666, 3402.5832, 3402.5877666666665, 3402.5885333333335, 3402.5886333333333, 3402.5889333333334, 3402.5913, 3402.5914, 3402.5926, 3402.5929666666666, 3402.5938, 3402.5939333333336, 3402.5940333333333, 3402.5947666666666, 3402.598466666667, 3402.6013666666668, 3402.6014333333333, 3402.6017, 3402.602066666667, 3402.6031333333335]","[16, 85, 67, 60, 110, 85, 196, 16, 196, 173, 233, 67, 60, 85, 16, 60, 67, 85, 60, 63, 16, 72, 235, 94, 196, 67, 60, 16, 85, 7, 110, 67, 60, 63, 67, 16, 85, 233, 110, 63, 16, 85, 66, 60]","[16, 85, 67, 60, 110, 196, 173, 233, 63, 72, 235, 94, 7, 66]","[7, 16, 60, 63, 66, 67, 72, 85, 94, 110, 173, 196, 233, 235]"
3402.6856,3402.712,3402.756,3402.7116,3.925714254379273,0.0704,"[3402.689, 3402.689066666667, 3402.6896, 3402.6917, 3402.6926333333336, 3402.6948, 3402.6959666666667, 3402.696933333333, 3402.6975333333335, 3402.7021666666665, 3402.7057666666665, 3402.7062, 3402.7083, 3402.7112333333334, 3402.711333333333, 3402.7115, 3402.7119666666667, 3402.712266666667, 3402.7123333333334, 3402.712466666667, 3402.7130333333334, 3402.717866666667, 3402.7190666666665, 3402.7201, 3402.7212, 3402.7239666666665, 3402.724833333333, 3402.7257, 3402.727033333333, 3402.727933333333, 3402.7285666666667, 3402.7325666666666, 3402.7343, 3402.7362, 3402.736733333333, 3402.7411, 3402.7419, 3402.742, 3402.742333333333, 3402.7451333333333, 3402.7458333333334, 3402.7501, 3402.750233333333, 3402.750433333333, 3402.7508333333335, 3402.7536, 3402.7550666666666, 3402.7556, 3402.7556666666665]","[222, 85, 67, 16, 60, 190, 85, 67, 222, 60, 191, 16, 67, 94, 16, 85, 222, 67, 196, 63, 190, 67, 85, 60, 190, 63, 60, 67, 16, 63, 85, 67, 63, 85, 60, 233, 196, 67, 236, 16, 67, 16, 85, 233, 67, 7, 85, 63, 94]","[222, 85, 67, 16, 60, 190, 191, 94, 196, 63, 233, 236, 7]","[7, 16, 60, 63, 67, 85, 94, 190, 191, 196, 222, 233, 236]"
3403.6684,3403.7104,3403.7228,3403.6888,5.16118860244751,0.0544,"[3403.669933333333, 3403.6707, 3403.6708, 3403.6732333333334, 3403.6734, 3403.673766666667, 3403.6756, 3403.6763, 3403.6766666666667, 3403.6767333333332, 3403.6791333333335, 3403.6810333333333, 3403.6811, 3403.6812333333332, 3403.6820333333335, 3403.6832666666664, 3403.6839, 3403.685033333333, 3403.6865333333335, 3403.6866, 3403.6869, 3403.687933333333, 3403.6881333333336, 3403.6887333333334, 3403.6891666666666, 3403.6895666666665, 3403.690666666667, 3403.6907666666666, 3403.692233333333, 3403.693, 3403.693, 3403.6941, 3403.694233333333, 3403.6951, 3403.6961666666666, 3403.6966, 3403.6966, 3403.6973666666668, 3403.7009333333335, 3403.7010666666665, 3403.7027333333335, 3403.7035, 3403.7046666666665, 3403.705033333333, 3403.7071333333333, 3403.7073333333333, 3403.7099333333335, 3403.71, 3403.710633333333, 3403.7110666666667, 3403.7112, 3403.7135333333335, 3403.7158666666664, 3403.7161333333333, 3403.7163, 3403.7167666666664, 3403.7173666666667, 3403.7185, 3403.7223]","[60, 85, 67, 138, 195, 16, 191, 85, 110, 67, 94, 195, 60, 196, 196, 85, 16, 224, 94, 60, 67, 195, 110, 16, 85, 63, 72, 67, 110, 85, 65, 94, 60, 72, 191, 67, 16, 85, 110, 60, 191, 85, 16, 67, 60, 85, 67, 85, 195, 63, 16, 85, 212, 16, 63, 67, 220, 85, 220]","[60, 85, 67, 138, 195, 16, 191, 110, 94, 196, 224, 63, 72, 65, 212, 220]","[16, 60, 63, 65, 67, 72, 85, 94, 110, 138, 191, 195, 196, 212, 220, 224]"
3405.7464,3405.7544,3405.7796,3405.7552,4.15512752532959,0.0332,"[3405.7464333333332, 3405.7471666666665, 3405.7483333333334, 3405.7491, 3405.7493, 3405.7505, 3405.7509666666665, 3405.7509666666665, 3405.751366666667, 3405.7523666666666, 3405.7524333333336, 3405.7542333333336, 3405.7546, 3405.7547, 3405.7557333333334, 3405.7577, 3405.7580333333335, 3405.758533333333, 3405.758733333333, 3405.7591666666667, 3405.759466666667, 3405.7595666666666, 3405.7610666666665, 3405.7612, 3405.7612, 3405.761433333333, 3405.7615, 3405.7617333333333, 3405.7617666666665, 3405.762233333334, 3405.765266666667, 3405.7654666666667, 3405.765533333333, 3405.7655666666665, 3405.765766666667, 3405.7658333333334, 3405.765933333333, 3405.765933333333, 3405.767566666667, 3405.767666666666, 3405.7682, 3405.7696333333333, 3405.7697, 3405.7698, 3405.770666666667, 3405.7708, 3405.7709666666665, 3405.7763, 3405.777, 3405.7777333333333, 3405.7782666666667, 3405.7795666666666]","[16, 233, 67, 85, 222, 196, 63, 60, 196, 67, 85, 85, 67, 16, 222, 236, 85, 67, 226, 237, 66, 16, 63, 196, 16, 85, 233, 236, 67, 216, 16, 60, 63, 196, 196, 195, 236, 222, 67, 85, 236, 16, 85, 67, 60, 98, 237, 60, 16, 85, 67, 63]","[16, 233, 67, 85, 222, 196, 63, 60, 236, 226, 237, 66, 216, 195, 98]","[16, 60, 63, 66, 67, 85, 98, 195, 196, 216, 222, 226, 233, 236, 237]"
3406.0272,3406.0456,3406.0524,3406.0456,4.774813175201416,0.0252,"[3406.0287333333335, 3406.0288333333333, 3406.0304, 3406.0304333333333, 3406.0316, 3406.0317, 3406.0320333333334, 3406.0334333333335, 3406.0339, 3406.0342666666666, 3406.0356, 3406.0367666666666, 3406.0368, 3406.036866666667, 3406.0380666666665, 3406.0382, 3406.0389333333333, 3406.0390333333335, 3406.039333333333, 3406.0405, 3406.0405333333333, 3406.0415, 3406.042, 3406.042066666667, 3406.0426666666667, 3406.0430666666666, 3406.044833333334, 3406.0450333333333, 3406.046, 3406.0472666666665, 3406.0473333333334, 3406.0475, 3406.049, 3406.049366666666, 3406.0498, 3406.0511333333334, 3406.0518, 3406.051933333333]","[85, 60, 200, 236, 85, 94, 67, 60, 63, 189, 60, 85, 190, 67, 16, 216, 85, 63, 236, 67, 16, 85, 94, 60, 220, 190, 216, 85, 67, 94, 63, 60, 16, 236, 190, 85, 67, 196]","[85, 60, 200, 236, 94, 67, 63, 189, 190, 16, 216, 220, 196]","[16, 60, 63, 67, 85, 94, 189, 190, 196, 200, 216, 220, 236]"
3406.89,3406.898,3406.922,3406.8964,5.7846503257751465,0.032,"[3406.8908666666666, 3406.8917, 3406.892966666667, 3406.895233333333, 3406.8965, 3406.896566666667, 3406.8969, 3406.8972, 3406.8976, 3406.8977666666665, 3406.898066666666, 3406.9036666666666, 3406.903766666667, 3406.9039666666667, 3406.9045333333333, 3406.9048, 3406.9048666666667, 3406.9055, 3406.9079, 3406.9089, 3406.9099, 3406.9109333333336, 3406.911666666667, 3406.9117, 3406.9119, 3406.9122666666667, 3406.9141666666665, 3406.9168, 3406.9172, 3406.9176666666667, 3406.9187, 3406.9192, 3406.921533333333]","[67, 16, 60, 85, 86, 193, 67, 16, 103, 196, 60, 86, 193, 196, 67, 85, 60, 94, 60, 63, 196, 67, 85, 60, 94, 16, 196, 103, 60, 85, 67, 16, 63]","[67, 16, 60, 85, 86, 193, 103, 196, 94, 63]","[16, 60, 63, 67, 85, 86, 94, 103, 193, 196]"
3407.8864,3407.9144,3407.9336,3407.9148,5.246175765991211,0.0472,"[3407.8865666666666, 3407.8894333333333, 3407.891166666667, 3407.8913333333335, 3407.892666666666, 3407.8962, 3407.8962333333334, 3407.8973666666666, 3407.8975666666665, 3407.898066666666, 3407.9006, 3407.9007, 3407.9017, 3407.9040666666665, 3407.9052333333334, 3407.9053, 3407.9054, 3407.9068333333335, 3407.9077666666667, 3407.909, 3407.9100333333336, 3407.9104666666667, 3407.9130333333333, 3407.9131, 3407.9136, 3407.9146333333333, 3407.9151333333334, 3407.9153666666666, 3407.9155333333333, 3407.9155333333333, 3407.9174666666668, 3407.9179, 3407.9184333333333, 3407.9185666666667, 3407.918833333333, 3407.9194666666667, 3407.919766666667, 3407.9203666666667, 3407.9209666666666, 3407.9210333333335, 3407.921533333333, 3407.921566666667, 3407.9229333333333, 3407.9239, 3407.9239333333335, 3407.9241, 3407.924233333333, 3407.9259, 3407.926266666667, 3407.926466666667, 3407.9271, 3407.9272, 3407.9274333333333, 3407.9279, 3407.9281, 3407.9282, 3407.9290333333333, 3407.9310666666665, 3407.9331]","[16, 60, 85, 66, 16, 215, 85, 60, 67, 85, 63, 16, 85, 67, 16, 7, 85, 60, 85, 226, 67, 224, 85, 98, 7, 72, 67, 60, 16, 196, 63, 67, 85, 16, 94, 196, 60, 226, 233, 63, 67, 140, 196, 173, 224, 85, 60, 16, 7, 67, 226, 60, 63, 85, 224, 16, 196, 222, 222]","[16, 60, 85, 66, 215, 67, 63, 7, 226, 224, 98, 72, 196, 94, 233, 140, 173, 222]","[7, 16, 60, 63, 66, 67, 72, 85, 94, 98, 140, 173, 196, 215, 222, 224, 226, 233]"
3410.6812,3410.714,3410.726,3410.7052,4.134060859680176,0.0448,"[3410.6813, 3410.6821333333332, 3410.6827333333335, 3410.683366666666, 3410.6834, 3410.6866, 3410.6869, 3410.687266666667, 3410.6883333333335, 3410.6886666666664, 3410.6917333333336, 3410.6924, 3410.6926, 3410.693366666667, 3410.6961666666666, 3410.696266666667, 3410.696933333333, 3410.6991333333335, 3410.7000333333335, 3410.7008, 3410.7018333333335, 3410.7024333333334, 3410.703666666667, 3410.7045, 3410.7046333333333, 3410.705066666667, 3410.705166666666, 3410.7056, 3410.7058666666667, 3410.7091, 3410.7091666666665, 3410.7094333333334, 3410.7110333333335, 3410.7116, 3410.712, 3410.7141, 3410.7171, 3410.7193, 3410.7199, 3410.7209, 3410.723333333334, 3410.7251, 3410.7254333333335]","[196, 170, 85, 173, 190, 190, 212, 85, 60, 67, 85, 60, 222, 67, 170, 16, 85, 67, 85, 170, 60, 67, 212, 85, 60, 63, 222, 60, 67, 103, 60, 85, 67, 16, 85, 60, 16, 7, 85, 60, 67, 212, 85]","[196, 170, 85, 173, 190, 212, 60, 67, 222, 16, 63, 103, 7]","[7, 16, 60, 63, 67, 85, 103, 170, 173, 190, 196, 212, 222]"
3412.3592,3412.3864,3412.394,3412.3848,3.0413358211517334,0.0348,"[3412.359266666667, 3412.3595666666665, 3412.3611333333333, 3412.3616666666667, 3412.3633, 3412.3633333333332, 3412.3633666666665, 3412.364433333333, 3412.364566666666, 3412.3649, 3412.3650666666667, 3412.3668666666667, 3412.3671, 3412.3678333333332, 3412.3684, 3412.369, 3412.3694666666665, 3412.3694666666665, 3412.3697333333334, 3412.3699333333334, 3412.370033333333, 3412.3702333333335, 3412.3704333333335, 3412.3709, 3412.3713666666667, 3412.3725, 3412.3729, 3412.3737333333333, 3412.3737666666666, 3412.3744, 3412.375666666667, 3412.376, 3412.3765333333336, 3412.376566666667, 3412.3778333333335, 3412.3785, 3412.3789666666667, 3412.3795333333333, 3412.3797666666665, 3412.3798, 3412.3798, 3412.382866666667, 3412.383333333333, 3412.383733333333, 3412.3854666666666, 3412.3857, 3412.386233333333, 3412.3864, 3412.3865666666666, 3412.3877666666667, 3412.390066666667, 3412.3930666666665, 3412.3933333333334]","[196, 191, 85, 195, 216, 195, 224, 60, 196, 16, 67, 195, 85, 67, 224, 103, 191, 196, 85, 67, 196, 236, 63, 60, 16, 103, 85, 140, 60, 217, 191, 67, 85, 224, 16, 67, 233, 224, 138, 85, 60, 67, 220, 85, 196, 85, 224, 63, 67, 16, 60, 67, 224]","[196, 191, 85, 195, 216, 224, 60, 16, 67, 103, 236, 63, 140, 217, 233, 138, 220]","[16, 60, 63, 67, 85, 103, 138, 140, 191, 195, 196, 216, 217, 220, 224, 233, 236]"
3412.9256,3412.9364,3412.962,3412.9376,6.941771507263184,0.0364,"[3412.9266, 3412.9266666666667, 3412.9267333333332, 3412.927366666667, 3412.9284666666667, 3412.9305, 3412.9313666666667, 3412.9323, 3412.932533333333, 3412.9329, 3412.9347666666667, 3412.9376333333335, 3412.937933333333, 3412.9391, 3412.9393666666665, 3412.9429666666665, 3412.943366666667, 3412.9456333333333, 3412.946233333333, 3412.9463333333333, 3412.9466, 3412.9472, 3412.9473333333335, 3412.9475, 3412.9484666666667, 3412.9509333333335, 3412.9546666666665, 3412.955066666667, 3412.9559, 3412.9562, 3412.9568, 3412.957066666667, 3412.9579, 3412.9591333333333, 3412.959733333333, 3412.9611]","[85, 16, 63, 60, 85, 222, 16, 60, 67, 85, 138, 72, 226, 67, 85, 228, 85, 63, 67, 98, 85, 196, 16, 63, 60, 138, 222, 63, 85, 67, 16, 196, 60, 67, 85, 16]","[85, 16, 63, 60, 222, 67, 138, 72, 226, 228, 98, 196]","[16, 60, 63, 67, 72, 85, 98, 138, 196, 222, 226, 228]"
3414.2024,3414.2232,3414.2352,3414.2104,4.507707118988037,0.0328,"[3414.2031666666667, 3414.2037, 3414.204133333333, 3414.204166666667, 3414.205166666666, 3414.2053, 3414.2065333333335, 3414.2068, 3414.2074333333335, 3414.2085333333334, 3414.2092333333335, 3414.2103, 3414.211333333333, 3414.211533333333, 3414.2119, 3414.214933333333, 3414.215, 3414.2152666666666, 3414.2153333333335, 3414.2154666666665, 3414.2156666666665, 3414.2157, 3414.2159333333334, 3414.2161666666666, 3414.2164666666667, 3414.2167, 3414.2170333333333, 3414.2170666666666, 3414.2171333333335, 3414.2177333333334, 3414.2181, 3414.2181333333333, 3414.2186333333334, 3414.2190333333333, 3414.2191, 3414.219733333334, 3414.2210333333333, 3414.2229, 3414.223266666667, 3414.2257, 3414.2264, 3414.226633333333, 3414.2268, 3414.227066666667, 3414.2271, 3414.2292666666667, 3414.2308, 3414.2308333333335, 3414.2318666666665, 3414.2319333333335, 3414.232033333333, 3414.2338, 3414.2338, 3414.233833333333, 3414.2339333333334, 3414.2350333333334, 3414.235133333333, 3414.2352]","[85, 191, 111, 112, 60, 16, 191, 67, 85, 60, 16, 85, 67, 226, 60, 60, 85, 191, 67, 215, 112, 111, 16, 173, 196, 233, 235, 60, 67, 65, 85, 16, 94, 140, 98, 215, 60, 67, 85, 16, 63, 233, 60, 85, 67, 67, 226, 196, 86, 193, 16, 112, 65, 111, 67, 16, 60, 233]","[85, 191, 111, 112, 60, 16, 67, 226, 215, 173, 196, 233, 235, 65, 94, 140, 98, 63, 86, 193]","[16, 60, 63, 65, 67, 85, 86, 94, 98, 111, 112, 140, 173, 191, 193, 196, 215, 226, 233, 235]"
3414.386,3414.3996,3414.416,3414.4016,8.786576271057129,0.03,"[3414.3894333333333, 3414.3903333333333, 3414.3908, 3414.3908333333334, 3414.3908666666666, 3414.3910666666666, 3414.3911333333335, 3414.3921, 3414.3957, 3414.3958, 3414.3967666666667, 3414.3969666666667, 3414.397466666667, 3414.3975333333333, 3414.3976333333335, 3414.3979, 3414.4002666666665, 3414.4026, 3414.4036, 3414.4043333333334, 3414.4045, 3414.4045666666666, 3414.4102666666668, 3414.4119666666666, 3414.4120666666668, 3414.4124666666667, 3414.4124666666667, 3414.4133333333334, 3414.4155333333333]","[60, 196, 16, 85, 222, 86, 193, 67, 170, 222, 85, 63, 67, 86, 193, 16, 222, 63, 16, 85, 67, 60, 223, 86, 193, 16, 98, 67, 85]","[60, 196, 16, 85, 222, 86, 193, 67, 170, 63, 223, 98]","[16, 60, 63, 67, 85, 86, 98, 170, 193, 196, 222, 223]"
3414.712,3414.7248,3414.7328,3414.7264,4.807697296142578,0.0208,"[3414.7120333333332, 3414.714166666666, 3414.7159, 3414.716, 3414.7165333333332, 3414.7166333333334, 3414.716966666667, 3414.7187, 3414.720333333333, 3414.7207, 3414.721, 3414.7221666666665, 3414.7225, 3414.7245, 3414.7254666666668, 3414.7273, 3414.7278666666666, 3414.7294333333334, 3414.7309333333333, 3414.732233333333, 3414.732433333333]","[60, 7, 196, 60, 85, 67, 16, 78, 196, 67, 85, 60, 98, 140, 85, 63, 16, 60, 85, 67, 196]","[60, 7, 196, 85, 67, 16, 78, 98, 140, 63]","[7, 16, 60, 63, 67, 78, 85, 98, 140, 196]"
3415.6308,3415.646,3415.6632,3415.6456,5.301563262939453,0.0324,"[3415.6313333333333, 3415.6320666666666, 3415.633333333333, 3415.6342, 3415.6345666666666, 3415.6347333333333, 3415.6367333333333, 3415.6377333333335, 3415.6381, 3415.6384, 3415.6406666666667, 3415.640933333333, 3415.6422666666667, 3415.645666666667, 3415.6462, 3415.646366666667, 3415.6469333333334, 3415.648966666666, 3415.6492333333335, 3415.6528333333335, 3415.6545, 3415.6548666666667, 3415.6556666666665, 3415.656, 3415.6563, 3415.6568333333335, 3415.659933333334, 3415.6606333333334, 3415.6613, 3415.6624333333334]","[67, 16, 116, 60, 216, 85, 226, 196, 67, 85, 16, 60, 116, 67, 63, 60, 85, 226, 138, 63, 67, 85, 170, 60, 233, 16, 67, 85, 16, 94]","[67, 16, 116, 60, 216, 85, 226, 196, 63, 138, 170, 233, 94]","[16, 60, 63, 67, 85, 94, 116, 138, 170, 196, 216, 226, 233]"
3415.8032,3415.824,3415.8348,3415.8292,8.086928367614746,0.0316,"[3415.8032333333335, 3415.8056, 3415.8060666666665, 3415.8061666666667, 3415.8074, 3415.8090333333334, 3415.8099, 3415.8103333333333, 3415.8105666666665, 3415.8106666666667, 3415.8119333333334, 3415.8121, 3415.8124666666668, 3415.8134666666665, 3415.8141, 3415.8143, 3415.814533333333, 3415.8148666666666, 3415.8168333333333, 3415.8169666666668, 3415.8171666666667, 3415.8173666666667, 3415.8193, 3415.821733333333, 3415.8234, 3415.8236, 3415.8244, 3415.8244666666665, 3415.8251666666665, 3415.8271666666665, 3415.828933333333, 3415.8292, 3415.830066666667, 3415.8316333333332, 3415.832033333333, 3415.832766666667, 3415.8333666666667, 3415.8334, 3415.8334333333332, 3415.8341, 3415.8341, 3415.8344666666667]","[85, 60, 67, 226, 85, 67, 103, 16, 233, 196, 223, 60, 67, 85, 63, 66, 103, 195, 67, 60, 16, 85, 67, 85, 195, 196, 60, 85, 67, 67, 63, 85, 16, 103, 226, 98, 60, 67, 170, 16, 223, 85]","[85, 60, 67, 226, 103, 16, 233, 196, 223, 63, 66, 195, 98, 170]","[16, 60, 63, 66, 67, 85, 98, 103, 170, 195, 196, 223, 226, 233]"
3418.1272,3418.1344,3418.1572,3418.1356,3.873691082000733,0.03,"[3418.127933333333, 3418.129133333334, 3418.1303666666668, 3418.1307666666667, 3418.1313666666665, 3418.1318666666666, 3418.1349, 3418.1349666666665, 3418.1350333333335, 3418.1358666666665, 3418.1373, 3418.1394333333333, 3418.139633333333, 3418.1413666666667, 3418.1415333333334, 3418.1421666666665, 3418.1422, 3418.1437333333333, 3418.1448333333333, 3418.1454, 3418.1501, 3418.1505, 3418.1513333333332, 3418.152633333333]","[85, 236, 16, 85, 67, 60, 87, 191, 67, 85, 67, 60, 85, 236, 237, 16, 67, 196, 60, 85, 85, 67, 16, 60]","[85, 236, 16, 67, 60, 87, 191, 237, 196]","[16, 60, 67, 85, 87, 191, 196, 236, 237]"
3420.0088,3420.0168,3420.0388,3420.0144,5.367990970611572,0.03,"[3420.009533333334, 3420.0109, 3420.0109333333335, 3420.011033333333, 3420.011433333333, 3420.011466666667, 3420.0136333333335, 3420.0142, 3420.0147, 3420.0153333333333, 3420.0154666666667, 3420.016166666667, 3420.0173, 3420.0175, 3420.0180666666665, 3420.0184, 3420.018466666667, 3420.0188333333335, 3420.0191, 3420.0191333333332, 3420.019333333333, 3420.0197333333335, 3420.0198, 3420.020666666667, 3420.0209666666665, 3420.0219333333334, 3420.022066666667, 3420.0225333333333, 3420.0226666666667, 3420.0243, 3420.024933333333, 3420.0252, 3420.0297333333333, 3420.0299, 3420.030366666667, 3420.0305, 3420.0317666666665, 3420.0320333333334, 3420.035733333333, 3420.0359, 3420.036866666667, 3420.0369, 3420.0381666666667]","[16, 222, 63, 85, 190, 67, 60, 222, 85, 16, 196, 67, 85, 190, 60, 196, 140, 233, 63, 94, 103, 222, 67, 60, 16, 85, 67, 226, 7, 60, 110, 85, 63, 85, 67, 222, 16, 60, 78, 86, 60, 85, 78]","[16, 222, 63, 85, 190, 67, 60, 196, 140, 233, 94, 103, 226, 7, 110, 78, 86]","[7, 16, 60, 63, 67, 78, 85, 86, 94, 103, 110, 140, 190, 196, 222, 226, 233]"
3423.04,3423.0868,3423.1008,3423.0892,6.782388687133789,0.0608,"[3423.0425333333333, 3423.0434333333333, 3423.0453666666667, 3423.046066666667, 3423.0464, 3423.047433333333, 3423.0480666666667, 3423.0484666666666, 3423.0495, 3423.0497, 3423.0527333333334, 3423.053933333333, 3423.0549, 3423.055, 3423.0553666666665, 3423.0562333333332, 3423.057766666667, 3423.0598666666665, 3423.0599, 3423.061066666666, 3423.061133333333, 3423.0616, 3423.0633666666668, 3423.0633666666668, 3423.0636, 3423.0637, 3423.0639, 3423.0666, 3423.0673, 3423.0688, 3423.069433333333, 3423.0695333333333, 3423.0716666666667, 3423.072033333334, 3423.0736, 3423.0750333333335, 3423.0772, 3423.0773, 3423.077333333333, 3423.0776666666666, 3423.0797, 3423.0799666666667, 3423.0806333333335, 3423.0807, 3423.081133333333, 3423.0826666666667, 3423.0833, 3423.083633333333, 3423.0862, 3423.0870333333332, 3423.0898333333334, 3423.090833333333, 3423.0945, 3423.0966, 3423.098933333333, 3423.100233333333]","[16, 60, 63, 110, 67, 16, 85, 226, 60, 67, 16, 85, 60, 67, 224, 138, 85, 196, 16, 85, 67, 66, 85, 224, 63, 60, 16, 67, 85, 67, 85, 94, 16, 60, 85, 236, 85, 67, 16, 196, 60, 85, 227, 16, 67, 196, 215, 60, 16, 67, 60, 67, 60, 16, 60, 196]","[16, 60, 63, 110, 67, 85, 226, 224, 138, 196, 66, 94, 236, 227, 215]","[16, 60, 63, 66, 67, 85, 94, 110, 138, 196, 215, 224, 226, 227, 236]"
3426.1036,3426.1196,3426.144,3426.1156,8.892054557800293,0.0404,"[3426.103833333333, 3426.1050666666665, 3426.1057333333333, 3426.1059666666665, 3426.106433333334, 3426.1065, 3426.1086333333333, 3426.1098333333334, 3426.1105666666667, 3426.1109333333334, 3426.1124, 3426.1147, 3426.115333333333, 3426.1169, 3426.117, 3426.1195, 3426.1216, 3426.121766666666, 3426.1224333333334, 3426.1232, 3426.1234, 3426.124566666667, 3426.1263, 3426.1266666666666, 3426.1276333333335, 3426.1277, 3426.128166666667, 3426.1298666666667, 3426.1298666666667, 3426.1302, 3426.1302, 3426.1302333333333, 3426.130633333333, 3426.131966666667, 3426.1325666666667, 3426.1327, 3426.1351666666665, 3426.1357333333335, 3426.1358666666665, 3426.1366333333335, 3426.1374333333333, 3426.1379333333334, 3426.138466666667, 3426.1395, 3426.1396, 3426.1417333333334, 3426.1422666666667, 3426.143633333333]","[7, 63, 222, 67, 85, 16, 67, 7, 222, 85, 190, 190, 67, 7, 85, 67, 85, 16, 60, 196, 67, 86, 16, 63, 85, 67, 60, 85, 63, 94, 67, 233, 16, 86, 223, 60, 67, 86, 16, 170, 85, 233, 94, 60, 86, 85, 16, 233]","[7, 63, 222, 67, 85, 16, 190, 60, 196, 86, 94, 233, 223, 170]","[7, 16, 60, 63, 67, 85, 86, 94, 170, 190, 196, 222, 223, 233]"
3426.7936,3426.808,3426.826,3426.8072,9.12053108215332,0.0324,"[3426.793633333333, 3426.7949, 3426.7972666666665, 3426.8007, 3426.8026666666665, 3426.8034666666667, 3426.8062, 3426.8063333333334, 3426.8070333333335, 3426.808, 3426.808233333333, 3426.8086, 3426.8095, 3426.810233333333, 3426.8115666666667, 3426.813166666667, 3426.813166666667, 3426.8160666666668, 3426.8161333333333, 3426.8162333333335, 3426.817, 3426.8170333333333, 3426.819266666667, 3426.8201, 3426.8212, 3426.823733333333, 3426.823833333334, 3426.8245333333334, 3426.8254333333334, 3426.8257, 3426.8258666666666]","[60, 85, 67, 103, 60, 85, 85, 94, 200, 16, 63, 65, 60, 85, 138, 85, 67, 60, 63, 16, 94, 98, 60, 85, 67, 16, 60, 200, 85, 227, 226]","[60, 85, 67, 103, 94, 200, 16, 63, 65, 138, 98, 227, 226]","[16, 60, 63, 65, 67, 85, 94, 98, 103, 138, 200, 226, 227]"
3427.9844,3428.0128,3428.0184,3427.9876,3.3827362060546875,0.034,"[3427.9848333333334, 3427.9849, 3427.9870333333333, 3427.9870333333333, 3427.9874666666665, 3427.9888, 3427.990533333333, 3427.9909333333335, 3427.991233333333, 3427.9920333333334, 3427.9936666666667, 3427.9937666666665, 3427.9941, 3427.9943, 3427.9964333333332, 3427.998433333333, 3427.9989333333333, 3428.0009, 3428.0015333333336, 3428.0017, 3428.0017333333335, 3428.0023666666666, 3428.0025, 3428.0034, 3428.0048333333334, 3428.005166666667, 3428.006033333333, 3428.0068666666666, 3428.0072666666665, 3428.0081, 3428.0089666666668, 3428.009, 3428.0090666666665, 3428.009466666667, 3428.0097, 3428.0098666666668, 3428.0106333333333, 3428.0114, 3428.011433333333, 3428.0118, 3428.0118333333335, 3428.0142333333333, 3428.0147, 3428.015266666667, 3428.0163, 3428.016833333333, 3428.0169333333333]","[85, 67, 67, 16, 16, 85, 60, 16, 67, 85, 16, 67, 196, 85, 60, 67, 85, 67, 85, 233, 60, 220, 16, 237, 60, 196, 63, 85, 237, 60, 16, 222, 67, 222, 85, 226, 63, 60, 67, 16, 196, 67, 222, 196, 16, 237, 85]","[85, 67, 16, 60, 196, 233, 220, 237, 63, 222, 226]","[16, 60, 63, 67, 85, 196, 220, 222, 226, 233, 237]"
3428.9808,3429.0272,3429.034,3429.0296,5.223750114440918,0.0532,"[3428.982433333333, 3428.9856, 3428.9856666666665, 3428.9859, 3428.9863666666665, 3428.9873, 3428.987866666667, 3428.9891, 3428.9897333333333, 3428.9908333333333, 3428.9910333333332, 3428.9912, 3428.991266666667, 3428.9917666666665, 3428.9922, 3428.9925, 3428.993933333333, 3428.993933333333, 3428.9944666666665, 3428.9962666666665, 3428.9965666666667, 3428.997, 3428.9971666666665, 3428.9973666666665, 3428.9978666666666, 3428.999566666667, 3429.0000666666665, 3429.0008666666668, 3429.0012666666667, 3429.001566666667, 3429.0016333333333, 3429.0021333333334, 3429.0027, 3429.002933333333, 3429.0036333333333, 3429.0038666666665, 3429.0045666666665, 3429.0047, 3429.0064666666667, 3429.007, 3429.0074666666665, 3429.007866666667, 3429.0081, 3429.0088, 3429.0090333333333, 3429.010433333334, 3429.0106666666666, 3429.0107333333335, 3429.0110666666665, 3429.013033333333, 3429.0134333333335, 3429.0134333333335, 3429.0136333333335, 3429.0138, 3429.0145666666667, 3429.0149333333334, 3429.0153, 3429.0167666666666, 3429.0178, 3429.0187, 3429.0199666666667, 3429.0201333333334, 3429.020433333333, 3429.020666666667, 3429.0223, 3429.0262333333335, 3429.026533333333, 3429.0268, 3429.0272333333332, 3429.0279333333333, 3429.028566666667, 3429.0286666666666, 3429.0296, 3429.032, 3429.0322666666666]","[85, 60, 224, 67, 16, 190, 85, 60, 67, 85, 72, 195, 216, 16, 60, 224, 85, 67, 230, 195, 16, 224, 85, 67, 60, 233, 65, 60, 236, 85, 170, 67, 16, 63, 200, 85, 60, 67, 230, 224, 85, 67, 196, 16, 60, 85, 110, 67, 236, 196, 67, 60, 16, 63, 233, 85, 67, 216, 223, 67, 67, 16, 85, 63, 60, 236, 67, 85, 60, 67, 233, 16, 223, 63, 223]","[85, 60, 224, 67, 16, 190, 72, 195, 216, 230, 233, 65, 236, 170, 63, 200, 196, 110, 223]","[16, 60, 63, 65, 67, 72, 85, 110, 170, 190, 195, 196, 200, 216, 223, 224, 230, 233, 236]"
3431.9384,3431.9608,3431.9936,3431.9636,15.420090675354004,0.0552,"[3431.9394666666667, 3431.9395666666665, 3431.9400333333333, 3431.9401666666668, 3431.941333333333, 3431.9416, 3431.9429, 3431.9429666666665, 3431.9439, 3431.9443666666666, 3431.9446333333335, 3431.9455, 3431.9456, 3431.9459666666667, 3431.9467, 3431.9481666666666, 3431.9482333333335, 3431.948766666667, 3431.948833333334, 3431.9493666666667, 3431.950633333334, 3431.9509333333335, 3431.9513333333334, 3431.9522, 3431.9531, 3431.954133333333, 3431.9547333333335, 3431.9560333333334, 3431.9567, 3431.9583333333335, 3431.958633333333, 3431.9593333333332, 3431.9599, 3431.9602, 3431.9603666666667, 3431.960566666666, 3431.9609, 3431.9611666666665, 3431.9612333333334, 3431.9625666666666, 3431.9635, 3431.9640666666664, 3431.9648, 3431.9649666666664, 3431.9653333333335, 3431.965366666667, 3431.9656, 3431.9657666666667, 3431.9699, 3431.9702333333335, 3431.9703666666665, 3431.9706, 3431.9708666666666, 3431.9714, 3431.9719666666665, 3431.9731, 3431.973233333333, 3431.973333333334, 3431.9763666666668, 3431.9774333333335, 3431.9780666666666, 3431.9810666666667, 3431.9836666666665, 3431.984033333333, 3431.984066666667, 3431.9875666666667, 3431.9882, 3431.9883333333332, 3431.9883666666665, 3431.992333333333]","[85, 67, 138, 60, 67, 85, 16, 60, 216, 67, 196, 63, 85, 103, 60, 85, 7, 67, 224, 63, 63, 85, 16, 60, 67, 85, 16, 63, 170, 85, 60, 67, 227, 16, 85, 233, 66, 94, 63, 224, 196, 7, 60, 63, 227, 196, 85, 16, 85, 16, 67, 227, 63, 94, 233, 224, 196, 60, 60, 85, 67, 16, 170, 94, 196, 85, 67, 190, 16, 60]","[85, 67, 138, 60, 16, 216, 196, 63, 103, 7, 224, 170, 227, 233, 66, 94, 190]","[7, 16, 60, 63, 66, 67, 85, 94, 103, 138, 170, 190, 196, 216, 224, 227, 233]"
3432.584,3432.6088,3432.6672,3432.596,6.0233988761901855,0.0832,"[3432.5865, 3432.5867, 3432.5875333333333, 3432.5879, 3432.5895, 3432.589933333333, 3432.5905, 3432.5905333333335, 3432.591733333333, 3432.5925333333334, 3432.592833333333, 3432.593733333333, 3432.5956666666666, 3432.5958, 3432.596533333334, 3432.5981, 3432.5985, 3432.5987, 3432.6011, 3432.6015333333335, 3432.6037666666666, 3432.6039, 3432.6040666666668, 3432.6041, 3432.6046, 3432.6058666666668, 3432.6060666666667, 3432.6080666666667, 3432.6088666666665, 3432.6093333333333, 3432.6096333333335, 3432.6100666666666, 3432.6107333333334, 3432.6114666666667, 3432.6116, 3432.6120666666666, 3432.6125666666667, 3432.6125666666667, 3432.612666666667, 3432.6132666666667, 3432.614633333333, 3432.615333333333, 3432.6167666666665, 3432.6206666666667, 3432.6221333333333, 3432.6222333333335, 3432.6223666666665, 3432.6262333333334, 3432.6264666666666, 3432.6266333333333, 3432.628, 3432.6282666666666, 3432.6292333333336, 3432.6294333333335, 3432.6325333333334, 3432.632833333333, 3432.6354, 3432.639166666667, 3432.6401, 3432.6406, 3432.6406, 3432.6410666666666, 3432.6413666666667, 3432.641633333333, 3432.6419666666666, 3432.643, 3432.6437666666666, 3432.6448, 3432.6450666666665, 3432.646266666666, 3432.647033333333, 3432.6473, 3432.6493, 3432.6509333333333, 3432.6515, 3432.651533333333, 3432.6520666666665, 3432.6521, 3432.6522333333332, 3432.654, 3432.6541, 3432.6542, 3432.6545666666666, 3432.6546333333335, 3432.6552, 3432.6563666666666, 3432.6573333333336, 3432.6577666666667, 3432.6581, 3432.6583666666666, 3432.6587, 3432.659833333333, 3432.6604, 3432.6613333333335, 3432.6627, 3432.6629666666668, 3432.663533333334, 3432.665, 3432.665033333333, 3432.6657]","[16, 85, 60, 78, 196, 67, 72, 16, 190, 85, 60, 67, 67, 16, 85, 94, 67, 60, 85, 16, 67, 196, 72, 235, 60, 173, 85, 67, 16, 7, 196, 85, 236, 67, 16, 172, 85, 60, 94, 16, 67, 195, 60, 67, 60, 85, 16, 67, 60, 85, 16, 66, 94, 196, 7, 60, 67, 94, 67, 85, 16, 63, 216, 60, 233, 195, 85, 94, 67, 196, 195, 60, 85, 110, 190, 191, 67, 66, 16, 190, 191, 85, 63, 110, 60, 191, 195, 85, 94, 233, 16, 191, 67, 212, 60, 85, 16, 110, 94, 173]","[16, 85, 60, 78, 196, 67, 72, 190, 94, 235, 173, 7, 236, 172, 195, 66, 63, 216, 233, 110, 191, 212]","[7, 16, 60, 63, 66, 67, 72, 78, 85, 94, 110, 172, 173, 190, 191, 195, 196, 212, 216, 233, 235, 236]"
3434.2284,3434.2404,3434.2588,3434.238,6.306836128234863,0.0304,"[3434.2292, 3434.2292666666667, 3434.2298333333333, 3434.2303333333334, 3434.2303333333334, 3434.2304, 3434.230466666667, 3434.230666666667, 3434.2318, 3434.2328666666667, 3434.2341333333334, 3434.2343, 3434.2361, 3434.2364333333335, 3434.2370666666666, 3434.2373333333335, 3434.237766666666, 3434.2383, 3434.2388333333333, 3434.239, 3434.2392333333332, 3434.2395, 3434.2402333333334, 3434.2408, 3434.2409, 3434.2413333333334, 3434.2420666666667, 3434.2435, 3434.2437333333332, 3434.2444, 3434.2444333333333, 3434.2445666666667, 3434.2446333333332, 3434.2465333333334, 3434.247533333333, 3434.247533333333, 3434.2495, 3434.252266666667, 3434.252466666667, 3434.2547, 3434.2562333333335]","[67, 170, 172, 111, 112, 60, 190, 85, 67, 85, 16, 60, 235, 85, 226, 191, 16, 67, 215, 98, 85, 63, 138, 60, 67, 16, 85, 67, 85, 196, 60, 16, 63, 85, 60, 224, 63, 60, 85, 16, 85]","[67, 170, 172, 111, 112, 60, 190, 85, 16, 235, 226, 191, 215, 98, 63, 138, 196, 224]","[16, 60, 63, 67, 85, 98, 111, 112, 138, 170, 172, 190, 191, 196, 215, 224, 226, 235]"
3434.9056,3434.9152,3434.9308,3434.918,4.622713565826416,0.0252,"[3434.9062, 3434.907133333333, 3434.9084, 3434.9088666666667, 3434.9106333333334, 3434.9107, 3434.9115666666667, 3434.9118, 3434.9120333333335, 3434.9121, 3434.9123, 3434.9126, 3434.9142666666667, 3434.9167, 3434.9169, 3434.917933333333, 3434.918, 3434.9184666666665, 3434.919066666667, 3434.9197, 3434.9198, 3434.9205333333334, 3434.921066666667, 3434.9216, 3434.9224, 3434.922433333333, 3434.9231666666665, 3434.9240666666665, 3434.9243, 3434.9243333333334, 3434.9257, 3434.9259666666667, 3434.926166666666, 3434.9265, 3434.9272666666666, 3434.928266666667, 3434.9288, 3434.9292, 3434.9304333333334, 3434.930733333333]","[67, 60, 236, 85, 191, 67, 16, 63, 85, 67, 60, 233, 94, 67, 190, 60, 63, 216, 85, 16, 212, 67, 195, 191, 60, 172, 94, 196, 191, 16, 85, 67, 60, 60, 170, 172, 85, 190, 16, 67]","[67, 60, 236, 85, 191, 16, 63, 233, 94, 190, 216, 212, 195, 172, 196, 170]","[16, 60, 63, 67, 85, 94, 170, 172, 190, 191, 195, 196, 212, 216, 233, 236]"
3435.5904,3435.6056,3435.6248,3435.6192,6.1617536544799805,0.0344,"[3435.5904666666665, 3435.591966666667, 3435.5925, 3435.5927333333334, 3435.5951, 3435.595333333333, 3435.5954, 3435.5956666666666, 3435.596533333334, 3435.597, 3435.600033333333, 3435.600266666667, 3435.6014, 3435.6049666666668, 3435.605233333333, 3435.606433333334, 3435.6068, 3435.6085333333335, 3435.609233333333, 3435.6111666666666, 3435.6113, 3435.6123666666667, 3435.6123666666667, 3435.6133333333332, 3435.6135, 3435.6148, 3435.6157333333335, 3435.6157333333335, 3435.6167333333333, 3435.617366666667, 3435.6178333333332, 3435.6199, 3435.6212, 3435.622766666667, 3435.6233333333334]","[16, 233, 196, 7, 16, 85, 170, 67, 60, 7, 67, 85, 60, 85, 67, 63, 60, 16, 85, 67, 196, 16, 98, 60, 85, 94, 67, 66, 60, 190, 16, 7, 63, 60, 85]","[16, 233, 196, 7, 85, 170, 67, 60, 63, 98, 94, 66, 190]","[7, 16, 60, 63, 66, 67, 85, 94, 98, 170, 190, 196, 233]"
3435.8992,3435.9096,3435.9264,3435.9124,5.12671422958374,0.0272,"[3435.8992, 3435.8994, 3435.8994, 3435.899866666666, 3435.899933333333, 3435.900633333333, 3435.9011, 3435.9038, 3435.904433333333, 3435.904466666667, 3435.9052333333334, 3435.9056, 3435.9062, 3435.906466666667, 3435.9065333333333, 3435.907166666667, 3435.9084333333335, 3435.9085666666665, 3435.909166666667, 3435.909633333333, 3435.9109, 3435.9129, 3435.913633333333, 3435.9141, 3435.914433333334, 3435.9147, 3435.9154, 3435.9173666666666, 3435.919933333333, 3435.921533333333, 3435.921766666667]","[60, 85, 16, 63, 67, 65, 196, 216, 112, 111, 85, 191, 16, 67, 196, 60, 16, 191, 94, 85, 72, 60, 16, 67, 233, 191, 170, 191, 85, 16, 63]","[60, 85, 16, 63, 67, 65, 196, 216, 112, 111, 191, 94, 72, 233, 170]","[16, 60, 63, 65, 67, 72, 85, 94, 111, 112, 170, 191, 196, 216, 233]"
3436.5076,3436.5412,3436.55,3436.5408,5.230356216430664,0.0424,"[3436.5090666666665, 3436.509666666667, 3436.5098666666668, 3436.510566666667, 3436.5125666666668, 3436.5128666666665, 3436.5133, 3436.5134, 3436.5138, 3436.5144333333333, 3436.517066666667, 3436.5174666666667, 3436.518866666667, 3436.5192333333334, 3436.5192666666667, 3436.5209666666665, 3436.5218, 3436.5223666666666, 3436.5235666666667, 3436.524033333333, 3436.5252666666665, 3436.525866666667, 3436.5263666666665, 3436.5270666666665, 3436.5279333333333, 3436.528, 3436.5280333333335, 3436.5282, 3436.5283666666664, 3436.5286666666666, 3436.529366666666, 3436.5297666666665, 3436.5298, 3436.5342333333333, 3436.5351333333333, 3436.5353333333333, 3436.5378666666666, 3436.5379333333335, 3436.5409666666665, 3436.541333333333, 3436.5423, 3436.544066666667, 3436.5471333333335, 3436.5490666666665, 3436.5490666666665]","[16, 66, 63, 67, 60, 85, 67, 16, 233, 94, 67, 16, 236, 85, 60, 67, 7, 16, 85, 94, 67, 60, 16, 85, 7, 72, 235, 63, 86, 66, 67, 85, 16, 85, 67, 60, 67, 16, 16, 63, 60, 67, 85, 235, 72]","[16, 66, 63, 67, 60, 85, 233, 94, 236, 7, 72, 235, 86]","[7, 16, 60, 63, 66, 67, 72, 85, 86, 94, 233, 235, 236]"
3439.97,3439.9788,3440.0076,3439.9908,4.8814697265625,0.0376,"[3439.9703666666665, 3439.9719333333333, 3439.9725, 3439.975066666667, 3439.9763666666668, 3439.9764666666665, 3439.9771333333333, 3439.9812333333334, 3439.982, 3439.9837333333335, 3439.9861666666666, 3439.9866, 3439.9873666666667, 3439.988, 3439.989566666666, 3439.9903, 3439.9910333333332, 3439.991666666667, 3439.991666666667, 3439.9920333333334, 3439.993033333333, 3439.9947, 3439.9960666666666, 3439.9982666666665, 3440.001566666667, 3440.005033333334, 3440.0051, 3440.005933333334, 3440.0063666666665]","[85, 60, 85, 67, 63, 16, 60, 85, 67, 16, 67, 85, 16, 60, 226, 94, 67, 16, 223, 63, 85, 16, 60, 226, 16, 173, 85, 63, 196]","[85, 60, 67, 63, 16, 226, 94, 223, 173, 196]","[16, 60, 63, 67, 85, 94, 173, 196, 223, 226]"
3440.8776,3440.884,3440.8996,3440.8968,3.4714152812957764,0.022,"[3440.8782, 3440.8788666666665, 3440.8800666666666, 3440.8811, 3440.8812666666668, 3440.8818666666666, 3440.8822333333333, 3440.8823, 3440.8842, 3440.8858, 3440.886333333334, 3440.887, 3440.887233333334, 3440.8885, 3440.8891, 3440.8892666666666, 3440.8901333333333, 3440.8921333333333, 3440.8934, 3440.893566666666, 3440.895, 3440.896166666667, 3440.896566666667, 3440.8972, 3440.8981, 3440.8984]","[16, 190, 196, 60, 94, 85, 67, 233, 16, 67, 94, 172, 233, 85, 16, 60, 236, 170, 67, 16, 94, 60, 16, 196, 85, 16]","[16, 190, 196, 60, 94, 85, 67, 233, 172, 236, 170]","[16, 60, 67, 85, 94, 170, 172, 190, 196, 233, 236]"
3442.2748,3442.2848,3442.2976,3442.2876,3.645772218704224,0.0228,"[3442.2750333333333, 3442.2762666666667, 3442.2764333333334, 3442.276966666667, 3442.280566666667, 3442.2824666666666, 3442.2826, 3442.284033333334, 3442.2862666666665, 3442.2866, 3442.2866, 3442.2876, 3442.2883666666667, 3442.2890666666667, 3442.289366666667, 3442.2899333333335, 3442.290333333334, 3442.290466666667, 3442.2936, 3442.2936, 3442.2956, 3442.295633333333, 3442.2962333333335, 3442.2962333333335, 3442.2970666666665, 3442.297233333333]","[85, 191, 60, 67, 67, 60, 85, 16, 85, 67, 190, 226, 195, 173, 60, 85, 216, 67, 85, 16, 60, 63, 236, 67, 226, 16]","[85, 191, 60, 67, 16, 190, 226, 195, 173, 216, 63, 236]","[16, 60, 63, 67, 85, 173, 190, 191, 195, 216, 226, 236]"
3443.1072,3443.1144,3443.128,3443.1152,3.45245099067688,0.0208,"[3443.108, 3443.1106, 3443.1136333333334, 3443.113666666666, 3443.1142333333332, 3443.1149333333333, 3443.1155, 3443.116, 3443.1185, 3443.1186666666667, 3443.1188666666667, 3443.121766666666, 3443.1219333333333, 3443.1244333333334, 3443.1252, 3443.1264666666666, 3443.1266666666666]","[60, 85, 85, 67, 60, 16, 94, 196, 110, 60, 85, 85, 67, 63, 60, 196, 85]","[60, 85, 67, 16, 94, 196, 110, 63]","[16, 60, 63, 67, 85, 94, 110, 196]"
3444.8308,3444.8612,3444.8908,3444.86,5.198649883270264,0.06,"[3444.8312, 3444.8312333333333, 3444.8339333333333, 3444.834733333333, 3444.8349333333335, 3444.8366333333333, 3444.836766666667, 3444.8369, 3444.837366666666, 3444.8394333333335, 3444.842166666667, 3444.8426, 3444.8435, 3444.8437, 3444.8440333333333, 3444.8461, 3444.8471, 3444.848, 3444.8482, 3444.8484, 3444.849166666667, 3444.8495666666668, 3444.850066666667, 3444.8505, 3444.8549333333335, 3444.8558, 3444.8559333333333, 3444.8559666666665, 3444.8574, 3444.8588666666665, 3444.8598333333334, 3444.859966666667, 3444.8605333333335, 3444.861066666667, 3444.8633333333332, 3444.8637, 3444.8643333333334, 3444.8663, 3444.8664, 3444.8676666666665, 3444.868933333333, 3444.8691, 3444.8722666666667, 3444.8731333333335, 3444.8733666666667, 3444.876133333333, 3444.8762333333334, 3444.8778666666667, 3444.8804666666665, 3444.8836666666666, 3444.8848666666668, 3444.8861, 3444.8906666666667]","[16, 67, 67, 224, 222, 60, 85, 16, 67, 60, 235, 67, 196, 16, 85, 67, 16, 196, 66, 85, 233, 67, 224, 60, 16, 67, 85, 60, 196, 94, 222, 63, 67, 196, 85, 60, 67, 86, 193, 222, 16, 60, 85, 94, 16, 63, 222, 60, 67, 60, 16, 85, 16]","[16, 67, 224, 222, 60, 85, 235, 196, 66, 233, 94, 63, 86, 193]","[16, 60, 63, 66, 67, 85, 86, 94, 193, 196, 222, 224, 233, 235]"
3445.7336,3445.772,3445.7836,3445.7724,6.457803726196289,0.05,"[3445.7345, 3445.7349, 3445.735166666667, 3445.7379666666666, 3445.7383333333332, 3445.7386333333334, 3445.7398333333335, 3445.741266666667, 3445.7415333333333, 3445.7425, 3445.7434, 3445.7434333333335, 3445.745266666667, 3445.745933333333, 3445.7466, 3445.747966666667, 3445.7499, 3445.7502, 3445.7502666666664, 3445.7505, 3445.7508333333335, 3445.7529, 3445.7534, 3445.7539333333334, 3445.7543, 3445.7545, 3445.755033333334, 3445.7563666666665, 3445.7571333333335, 3445.7572333333333, 3445.758, 3445.758566666667, 3445.7588333333333, 3445.7589, 3445.7592666666665, 3445.7602333333334, 3445.7610666666665, 3445.7613, 3445.7615333333333, 3445.7626666666665, 3445.7628, 3445.7631, 3445.7633333333333, 3445.7633333333333, 3445.7637, 3445.7673, 3445.7673, 3445.7675, 3445.7679, 3445.767966666667, 3445.7680333333333, 3445.7688333333335, 3445.769333333333, 3445.7701, 3445.770466666667, 3445.7719666666667, 3445.772066666667, 3445.7724333333335, 3445.773, 3445.7732333333333, 3445.7734333333333, 3445.7747, 3445.7747, 3445.7758, 3445.7766333333334, 3445.7772333333332, 3445.777866666667, 3445.7781333333332, 3445.7783, 3445.781, 3445.781233333333, 3445.781266666667, 3445.782, 3445.7833]","[67, 233, 237, 63, 85, 60, 67, 237, 85, 67, 196, 60, 16, 67, 85, 60, 85, 236, 16, 103, 67, 63, 98, 67, 85, 236, 16, 215, 60, 67, 63, 16, 85, 236, 236, 60, 16, 85, 67, 63, 236, 67, 85, 16, 196, 103, 63, 196, 67, 236, 85, 60, 16, 67, 236, 63, 60, 67, 236, 16, 196, 85, 223, 98, 67, 236, 63, 16, 85, 16, 60, 67, 85, 63]","[67, 233, 237, 63, 85, 60, 196, 16, 236, 103, 98, 215, 223]","[16, 60, 63, 67, 85, 98, 103, 196, 215, 223, 233, 236, 237]"
3453.8164,3453.8388,3453.8472,3453.8396,7.0223870277404785,0.0308,"[3453.817233333333, 3453.8178, 3453.8191666666667, 3453.820166666667, 3453.8207, 3453.8213333333333, 3453.8215666666665, 3453.8236666666667, 3453.825566666667, 3453.825766666667, 3453.8261666666667, 3453.8285666666666, 3453.8299666666667, 3453.8308666666667, 3453.8332666666665, 3453.8345, 3453.8353333333334, 3453.8371666666667, 3453.837266666667, 3453.8409, 3453.8416333333334, 3453.842866666667]","[85, 16, 67, 191, 16, 60, 85, 67, 85, 16, 63, 60, 67, 85, 226, 60, 173, 85, 67, 196, 16, 60]","[85, 16, 67, 191, 60, 63, 226, 173, 196]","[16, 60, 63, 67, 85, 173, 191, 196, 226]"
3453.9384,3453.9496,3453.976,3453.9524,8.193942070007324,0.0376,"[3453.9411, 3453.9418333333333, 3453.9419666666668, 3453.9423666666667, 3453.942533333334, 3453.9479, 3453.9482, 3453.9492, 3453.9492, 3453.9499333333333, 3453.9504, 3453.952133333333, 3453.953266666667, 3453.9539666666665, 3453.9585666666667, 3453.9586, 3453.9607, 3453.960866666667, 3453.9609333333333, 3453.9623333333334, 3453.9626333333335, 3453.963, 3453.9637666666667, 3453.9684333333335, 3453.968533333333, 3453.9685666666664, 3453.968666666666, 3453.9691333333335, 3453.9693, 3453.9702666666667, 3453.9731666666667, 3453.9742]","[67, 63, 85, 196, 196, 196, 85, 111, 112, 140, 67, 222, 196, 60, 112, 111, 226, 16, 196, 63, 85, 60, 67, 85, 16, 86, 193, 67, 63, 60, 66, 16]","[67, 63, 85, 196, 111, 112, 140, 222, 60, 226, 16, 86, 193, 66]","[16, 60, 63, 66, 67, 85, 86, 111, 112, 140, 193, 196, 222, 226]"
3454.4368,3454.4464,3454.472,3454.44,4.136419773101807,0.0352,"[3454.437966666667, 3454.4385333333335, 3454.438833333333, 3454.4389666666666, 3454.441633333334, 3454.441633333334, 3454.4417333333336, 3454.4419333333335, 3454.4432333333334, 3454.443566666667, 3454.4441333333334, 3454.4449666666665, 3454.4457333333335, 3454.446066666667, 3454.4463, 3454.4463, 3454.4468666666667, 3454.4472333333333, 3454.4475666666667, 3454.448, 3454.4483, 3454.448766666667, 3454.4506, 3454.4506666666666, 3454.4511666666667, 3454.451466666667, 3454.4520666666667, 3454.452333333333, 3454.4526666666666, 3454.4549, 3454.4549333333334, 3454.455166666666, 3454.4555, 3454.456366666667, 3454.459533333333, 3454.459566666667, 3454.460466666667, 3454.4638333333332, 3454.4639333333334, 3454.4666, 3454.4670333333333, 3454.4671, 3454.4677, 3454.468733333333, 3454.4692, 3454.47, 3454.4708]","[16, 67, 60, 85, 16, 67, 60, 85, 7, 103, 230, 85, 60, 66, 222, 16, 67, 196, 85, 233, 230, 195, 67, 63, 16, 85, 60, 227, 227, 63, 103, 67, 60, 85, 60, 85, 67, 85, 67, 233, 196, 63, 223, 85, 16, 67, 60]","[16, 67, 60, 85, 7, 103, 230, 66, 222, 196, 233, 195, 63, 227, 223]","[7, 16, 60, 63, 66, 67, 85, 103, 195, 196, 222, 223, 227, 230, 233]"
3454.7644,3454.7736,3454.8208,3454.7768,3.3240549564361572,0.0564,"[3454.7646, 3454.7651, 3454.7655, 3454.7660333333333, 3454.7662666666665, 3454.7664666666665, 3454.7672333333335, 3454.7677, 3454.7696666666666, 3454.7697333333335, 3454.7699666666667, 3454.7701, 3454.7734, 3454.7736666666665, 3454.7755, 3454.776066666667, 3454.7766, 3454.7781, 3454.7783, 3454.7788, 3454.7789, 3454.7806666666665, 3454.7809666666667, 3454.7844666666665, 3454.7846, 3454.784933333334, 3454.7869666666666, 3454.7872, 3454.788633333333, 3454.7888, 3454.7894, 3454.7896666666666, 3454.7924333333335, 3454.7933333333335, 3454.796966666667, 3454.7987333333335, 3454.8006333333333, 3454.8035, 3454.803733333333, 3454.803766666667, 3454.8043, 3454.8052666666667, 3454.8058333333333, 3454.8069333333333, 3454.8087666666665, 3454.8090333333334, 3454.81, 3454.811, 3454.814733333333, 3454.8148666666666, 3454.8153333333335, 3454.8159666666666, 3454.816, 3454.8160666666668, 3454.8169, 3454.8177333333333]","[196, 16, 85, 60, 67, 233, 195, 94, 190, 196, 60, 63, 67, 85, 94, 16, 60, 67, 63, 196, 190, 60, 85, 67, 85, 16, 60, 190, 196, 85, 60, 67, 60, 67, 7, 16, 60, 85, 94, 67, 16, 196, 196, 60, 85, 16, 67, 7, 67, 16, 63, 85, 66, 60, 16, 94]","[196, 16, 85, 60, 67, 233, 195, 94, 190, 63, 7, 66]","[7, 16, 60, 63, 66, 67, 85, 94, 190, 195, 196, 233]"
3455.518,3455.5264,3455.5572,3455.5284,4.167704105377197,0.0392,"[3455.5212, 3455.5216, 3455.5228333333334, 3455.5237, 3455.5241, 3455.5241333333333, 3455.5242, 3455.5303, 3455.530333333333, 3455.530366666667, 3455.5311, 3455.531233333333, 3455.5322, 3455.535, 3455.5360333333333, 3455.5365, 3455.536666666667, 3455.5368, 3455.5371333333333, 3455.5392666666667, 3455.5452333333333, 3455.5472666666665, 3455.553866666666, 3455.5543, 3455.5549, 3455.5552666666667, 3455.5559333333335]","[85, 67, 63, 85, 16, 60, 67, 85, 63, 60, 16, 67, 94, 98, 67, 85, 63, 16, 196, 60, 16, 85, 60, 72, 94, 16, 67]","[85, 67, 63, 16, 60, 94, 98, 196, 72]","[16, 60, 63, 67, 72, 85, 94, 98, 196]"
3457.6512,3457.664,3457.6908,3457.6664,5.993792533874512,0.0396,"[3457.6514, 3457.6522, 3457.6543, 3457.655333333333, 3457.6557, 3457.6594333333333, 3457.6605, 3457.6612333333333, 3457.6628333333333, 3457.6629, 3457.6633333333334, 3457.664, 3457.6640666666667, 3457.6665, 3457.671733333333, 3457.6718, 3457.6720666666665, 3457.6722666666665, 3457.6725666666666, 3457.6741666666667, 3457.6776666666665, 3457.6779333333334, 3457.678066666667, 3457.6783, 3457.6788, 3457.6792333333333, 3457.6826666666666, 3457.6840333333334, 3457.6844666666666, 3457.6846666666665, 3457.6856666666667, 3457.6857, 3457.686, 3457.6877]","[85, 16, 196, 85, 67, 16, 85, 67, 63, 60, 85, 226, 173, 212, 85, 172, 67, 223, 60, 233, 67, 16, 60, 85, 196, 220, 85, 63, 196, 16, 212, 60, 85, 67]","[85, 16, 196, 67, 63, 60, 226, 173, 212, 172, 223, 233, 220]","[16, 60, 63, 67, 85, 172, 173, 196, 212, 220, 223, 226, 233]"
3459.7684,3459.8052,3459.8328,3459.8284,3.229749917984009,0.0644,"[3459.768433333333, 3459.768666666667, 3459.7689666666665, 3459.7699, 3459.7707666666665, 3459.7715333333335, 3459.7726666666667, 3459.7750666666666, 3459.7757, 3459.7760333333335, 3459.7764, 3459.780133333333, 3459.7802, 3459.7802333333334, 3459.781933333333, 3459.7828666666665, 3459.7843, 3459.784866666667, 3459.785066666667, 3459.7861, 3459.7876, 3459.7887333333333, 3459.7888666666668, 3459.789133333333, 3459.7898, 3459.7901, 3459.7908666666667, 3459.792, 3459.792133333334, 3459.7929, 3459.794, 3459.794533333333, 3459.797233333333, 3459.7973, 3459.797633333333, 3459.7988666666665, 3459.799266666667, 3459.7996, 3459.7998333333335, 3459.8008666666665, 3459.8022333333333, 3459.803, 3459.8034333333335, 3459.8065, 3459.8069666666665, 3459.8079, 3459.8079, 3459.808, 3459.8082666666664, 3459.808366666666, 3459.810166666666, 3459.8105333333333, 3459.811366666667, 3459.813866666667, 3459.814066666667, 3459.8152666666665, 3459.8153666666667, 3459.8157, 3459.8159666666666, 3459.8172, 3459.820833333333, 3459.8228, 3459.823533333333, 3459.8241, 3459.8270666666667, 3459.8288666666667, 3459.8290333333334, 3459.8297, 3459.831833333333]","[196, 60, 16, 85, 220, 67, 85, 16, 67, 85, 60, 16, 67, 85, 222, 98, 16, 67, 85, 66, 16, 67, 60, 94, 85, 233, 16, 138, 85, 60, 63, 67, 16, 85, 94, 63, 67, 63, 16, 222, 224, 63, 16, 94, 85, 63, 170, 16, 103, 63, 60, 85, 224, 72, 63, 233, 67, 85, 16, 224, 85, 16, 63, 60, 67, 16, 224, 196, 85]","[196, 60, 16, 85, 220, 67, 222, 98, 66, 94, 233, 138, 63, 224, 170, 103, 72]","[16, 60, 63, 66, 67, 72, 85, 94, 98, 103, 138, 170, 196, 220, 222, 224, 233]"
