Start,Peak,Stop,Trough,Max_Envelope_Amp,Duration_ms,Event Times,Event Cluster IDs
491.6564,491.6708,491.6784,491.6684,6.842095375061035,0.022,"[491.6599, 491.6612, 491.6612666666667, 491.6623333333333, 491.66266666666667, 491.6633, 491.66433333333333, 491.6671333333333, 491.6682666666667, 491.6693, 491.6693333333333, 491.6695, 491.6703, 491.6712, 491.67606666666666, 491.6761666666667, 491.67803333333336]","[80, 65, 16, 61, 56, 80, 116, 65, 80, 61, 16, 65, 87, 120, 80, 65, 16]"
501.9352,501.9448,501.9584,501.9476,3.670274019241333,0.0232,"[501.9354666666667, 501.9371, 501.9382, 501.93823333333336, 501.93943333333334, 501.94003333333336, 501.9402333333333, 501.9412, 501.9426, 501.94283333333334, 501.94303333333335, 501.94343333333336, 501.9448, 501.945, 501.9452, 501.9465, 501.94733333333335, 501.9477, 501.9479666666667, 501.9511, 501.95143333333334, 501.9553666666667, 501.9555, 501.9557, 501.95596666666665, 501.9562333333334, 501.9567666666667, 501.95683333333335, 501.9571666666667]","[143, 65, 16, 80, 56, 87, 65, 61, 16, 143, 56, 80, 65, 87, 64, 16, 56, 65, 61, 80, 66, 80, 65, 87, 64, 16, 61, 56, 65]"
502.6964,502.7136,502.7292,502.7124,6.689425945281982,0.0328,"[502.6965666666667, 502.6974666666667, 502.69936666666666, 502.7001, 502.70026666666666, 502.70033333333333, 502.70056666666665, 502.7017, 502.7069333333333, 502.7081333333333, 502.7082, 502.7088, 502.7119333333333, 502.7121333333333, 502.7125, 502.7126666666667, 502.7133, 502.7137666666667, 502.7142666666667, 502.7148, 502.7169666666667, 502.7169666666667, 502.7180666666667, 502.71843333333334, 502.7191666666667, 502.72046666666665, 502.7205, 502.7205666666667, 502.72336666666666, 502.72423333333336, 502.72473333333335, 502.7255333333333, 502.72586666666666, 502.7268]","[16, 65, 87, 116, 80, 16, 118, 56, 16, 80, 56, 65, 138, 65, 87, 61, 80, 16, 138, 56, 80, 65, 56, 116, 61, 16, 65, 80, 56, 16, 159, 56, 80, 61]"
502.798,502.8252,502.8412,502.8224,5.499062538146973,0.0432,"[502.7980333333333, 502.8009333333333, 502.80133333333333, 502.8034666666667, 502.8034666666667, 502.80553333333336, 502.8072666666667, 502.80733333333336, 502.8084333333333, 502.81036666666665, 502.8119, 502.8131, 502.8145666666667, 502.8162, 502.81713333333335, 502.8181, 502.8195, 502.82093333333336, 502.8211, 502.8224666666667, 502.82283333333334, 502.8244333333334, 502.8263333333333, 502.8274, 502.82756666666666, 502.82823333333334, 502.8301333333333, 502.8303, 502.8305, 502.8321333333334, 502.8361, 502.8364666666667, 502.8385666666667]","[80, 135, 65, 80, 16, 56, 16, 65, 80, 16, 80, 65, 56, 61, 65, 80, 16, 80, 65, 61, 16, 80, 65, 80, 16, 66, 16, 80, 87, 56, 80, 65, 16]"
504.0348,504.0508,504.0724,504.0524,13.250602722167969,0.0376,"[504.0353333333333, 504.0357666666667, 504.0369333333333, 504.0371, 504.0371333333333, 504.03836666666666, 504.0387666666667, 504.0401, 504.04016666666666, 504.0423, 504.0430666666667, 504.0437, 504.0443, 504.04546666666664, 504.04676666666666, 504.0488, 504.0491333333333, 504.04966666666667, 504.05013333333335, 504.0507, 504.0518333333333, 504.0522, 504.0525666666667, 504.05313333333334, 504.0534333333333, 504.0537, 504.05403333333334, 504.05443333333335, 504.0550333333333, 504.05743333333334, 504.0581, 504.0581666666667, 504.0583, 504.0595666666667, 504.05986666666666, 504.06, 504.0605, 504.0606, 504.0609333333333, 504.0643, 504.06463333333335, 504.0649333333334, 504.0652, 504.0661333333333, 504.06693333333334, 504.06856666666664, 504.0686, 504.06873333333334, 504.06966666666665, 504.07236666666665]","[141, 80, 56, 16, 65, 80, 119, 16, 65, 164, 80, 65, 171, 80, 56, 16, 80, 65, 138, 143, 65, 16, 80, 119, 61, 149, 56, 16, 80, 65, 164, 80, 16, 87, 80, 61, 65, 16, 56, 56, 16, 65, 80, 61, 56, 80, 87, 16, 65, 80]"
508.2436,508.256,508.2656,508.258,7.648205757141113,0.022,"[508.24443333333335, 508.24496666666664, 508.2452333333333, 508.2477, 508.24783333333335, 508.24803333333335, 508.2506, 508.2508, 508.2513333333333, 508.25306666666665, 508.2545, 508.25486666666666, 508.25516666666664, 508.2579, 508.258, 508.2590333333333, 508.25933333333336, 508.26003333333335, 508.26236666666665, 508.26323333333335, 508.26373333333333, 508.2639, 508.2640666666667, 508.26483333333334]","[56, 65, 80, 16, 65, 80, 65, 80, 16, 56, 65, 80, 16, 65, 61, 56, 80, 16, 80, 65, 120, 98, 16, 61]"
510.0368,510.0656,510.0724,510.0428,5.102509021759033,0.0356,"[510.03686666666664, 510.0378, 510.03813333333335, 510.0396666666667, 510.03993333333335, 510.04023333333333, 510.0427666666667, 510.0428666666666, 510.0437, 510.0437666666666, 510.0459333333333, 510.04656666666665, 510.047, 510.0491666666667, 510.0509, 510.05353333333335, 510.0537, 510.0537, 510.05446666666666, 510.05446666666666, 510.0569, 510.05736666666667, 510.0576, 510.0577666666667, 510.0583, 510.0585, 510.06036666666665, 510.0604666666667, 510.0611333333333, 510.0631333333333, 510.0642, 510.06596666666667, 510.0663, 510.0679666666667, 510.0697333333333, 510.0704333333333, 510.07146666666665]","[80, 56, 136, 16, 65, 80, 61, 80, 16, 65, 154, 80, 65, 56, 80, 80, 148, 65, 16, 171, 80, 136, 16, 65, 56, 135, 80, 16, 65, 56, 16, 80, 56, 159, 80, 65, 56]"
511.226,511.2628,511.2704,511.2628,6.846649646759033,0.0444,"[511.2274, 511.22766666666666, 511.2279, 511.23196666666666, 511.23203333333333, 511.2324, 511.2355333333333, 511.2361333333333, 511.2370666666667, 511.2373666666667, 511.2405, 511.24126666666666, 511.2425666666667, 511.2445666666667, 511.24496666666664, 511.24516666666665, 511.24586666666664, 511.24673333333334, 511.24733333333336, 511.2477333333333, 511.2513666666667, 511.2534333333333, 511.25416666666666, 511.2543333333333, 511.25516666666664, 511.2556333333333, 511.2578, 511.2579666666667, 511.2582, 511.25853333333333, 511.2597333333333, 511.2599, 511.2608333333333, 511.2611, 511.2615333333333, 511.2617, 511.26253333333335, 511.2642, 511.26526666666666, 511.2654666666666, 511.2672333333333, 511.26823333333334, 511.26936666666666]","[80, 56, 65, 98, 80, 65, 80, 118, 65, 56, 138, 98, 80, 16, 80, 65, 56, 16, 65, 138, 80, 119, 65, 149, 118, 80, 168, 16, 65, 164, 61, 80, 16, 65, 116, 80, 168, 16, 56, 80, 65, 168, 80]"
514.4712,514.484,514.5064,514.4804,7.0750651359558105,0.0352,"[514.4726333333333, 514.4731666666667, 514.4742, 514.4747, 514.4747, 514.4761333333333, 514.4783333333334, 514.4786666666666, 514.4788333333333, 514.4796333333334, 514.4798333333333, 514.4798666666667, 514.4834333333333, 514.4846, 514.4859, 514.4887333333334, 514.4887333333334, 514.49, 514.4901333333333, 514.4908666666666, 514.4917, 514.4920666666667, 514.4935666666667, 514.4938, 514.4938333333333, 514.4938666666667, 514.4954333333334, 514.4961333333333, 514.4964666666667, 514.4965, 514.4967666666666, 514.4981666666666, 514.4995, 514.5006666666667, 514.5009, 514.5009333333334, 514.5018333333334, 514.5023666666667, 514.5033666666667]","[87, 65, 16, 138, 118, 80, 120, 119, 65, 80, 16, 61, 16, 65, 80, 56, 65, 80, 16, 118, 65, 87, 61, 116, 16, 80, 119, 56, 65, 87, 80, 138, 61, 80, 65, 87, 16, 63, 56]"
514.9792,514.9972,515.006,514.9972,4.350775241851807,0.0268,"[514.9807666666667, 514.9811, 514.9836, 514.9837333333334, 514.9841333333334, 514.9878333333334, 514.9887333333334, 514.9896333333334, 514.9921333333333, 514.9931666666666, 514.9972, 514.9974333333333, 514.9975333333333, 514.9976333333333, 515.0001333333333, 515.0044, 515.0044333333333]","[80, 65, 80, 56, 65, 80, 56, 65, 80, 65, 80, 65, 16, 61, 80, 80, 65]"
516.4676,516.4832,516.4928,516.4828,8.157400131225586,0.0252,"[516.469, 516.4726666666667, 516.4734, 516.4766333333333, 516.4768333333334, 516.477, 516.4774666666667, 516.4775666666667, 516.4822666666666, 516.4825, 516.4834, 516.4843333333333, 516.4853333333333, 516.4854333333334, 516.4879, 516.4899666666666, 516.4901666666667, 516.4903333333333, 516.4912666666667, 516.4925333333333]","[65, 80, 65, 65, 16, 56, 80, 120, 80, 65, 16, 56, 65, 80, 56, 16, 80, 65, 116, 87]"
516.6552,516.6604,516.6756,516.6624,3.571785688400269,0.0204,"[516.6554333333333, 516.6555666666667, 516.6565, 516.6567, 516.6568333333333, 516.6581, 516.6602666666666, 516.6603333333334, 516.6608, 516.6628, 516.6632333333333, 516.6635, 516.6652, 516.6682666666667, 516.6707333333334, 516.6715333333333, 516.6717, 516.6736333333333, 516.674, 516.6745, 516.6745, 516.6755666666667]","[65, 16, 119, 61, 143, 56, 80, 65, 16, 61, 16, 65, 80, 80, 143, 65, 16, 56, 16, 61, 80, 98]"
518.4732,518.5012,518.5092,518.5044,5.195257663726807,0.036,"[518.4740666666667, 518.4752666666667, 518.4759333333334, 518.4762333333333, 518.4765333333334, 518.4790666666667, 518.4799, 518.4805666666666, 518.4807333333333, 518.4816333333333, 518.4823666666666, 518.4831333333333, 518.4833, 518.4853, 518.4868333333334, 518.4871, 518.4871666666667, 518.4890666666666, 518.4898666666667, 518.4908, 518.4938333333333, 518.4945333333334, 518.4951333333333, 518.4980333333333, 518.4985333333333, 518.4987666666667, 518.4991333333334, 518.5019333333333, 518.5030666666667, 518.5039333333333, 518.5055, 518.5064666666667, 518.5065666666667]","[136, 80, 16, 65, 56, 154, 80, 16, 65, 66, 80, 56, 138, 154, 65, 80, 16, 56, 66, 80, 56, 61, 80, 80, 16, 65, 56, 56, 138, 80, 16, 56, 80]"
520.2948,520.3144,520.3232,520.3136,5.758211612701416,0.0284,"[520.2951666666667, 520.2981, 520.2994, 520.2994333333334, 520.2995666666667, 520.2998666666666, 520.3001666666667, 520.3034333333334, 520.3043, 520.3045333333333, 520.3082666666667, 520.3085333333333, 520.3097, 520.3123, 520.3130666666667, 520.3134666666666, 520.3153, 520.3156, 520.3159, 520.3167666666667, 520.3174, 520.3189333333333, 520.3190333333333, 520.3195333333333, 520.3195666666667, 520.3206, 520.3209]","[80, 80, 16, 61, 56, 87, 80, 65, 16, 80, 65, 80, 61, 65, 87, 80, 16, 80, 65, 118, 87, 80, 16, 61, 56, 65, 80]"
521.4656,521.472,521.498,521.474,4.951956272125244,0.0324,"[521.4671333333333, 521.4686333333333, 521.4695666666667, 521.4699666666667, 521.4703, 521.4755666666666, 521.4762, 521.4775, 521.4781666666667, 521.4809333333334, 521.4812666666667, 521.4832333333334, 521.4852333333333, 521.4916, 521.4918, 521.4942, 521.4948333333333, 521.4954333333334, 521.4974666666667]","[16, 56, 80, 87, 16, 16, 65, 61, 56, 65, 16, 56, 80, 80, 16, 56, 171, 80, 65]"
521.8624,521.8724,521.8852,521.8756,5.729490756988525,0.0228,"[521.8624, 521.8631, 521.8640666666666, 521.8641333333334, 521.8645333333334, 521.8645333333334, 521.8647, 521.8649, 521.8651, 521.8679333333333, 521.8683333333333, 521.8684, 521.8686, 521.8701333333333, 521.8703666666667, 521.8737666666667, 521.8786666666666, 521.8786666666666, 521.8787333333333, 521.8790333333334, 521.8790666666666, 521.8820666666667, 521.8835333333334, 521.8840666666666, 521.8841666666667, 521.8848333333333]","[16, 61, 65, 80, 16, 56, 87, 98, 116, 80, 141, 16, 65, 154, 80, 80, 80, 164, 65, 56, 87, 80, 105, 65, 138, 16]"
522.2576,522.278,522.2816,522.2792,2.6210930347442627,0.024,"[522.2576333333334, 522.2607333333333, 522.2657333333333, 522.2685666666666, 522.2726333333334, 522.2734666666666, 522.2738, 522.2742, 522.2787333333333, 522.2796, 522.2806666666667]","[65, 80, 56, 65, 56, 65, 56, 80, 65, 80, 16]"
523.7692,523.7876,523.7988,523.7872,9.218403816223145,0.0296,"[523.7714666666667, 523.7718, 523.7718333333333, 523.7725666666666, 523.7732666666667, 523.7752333333333, 523.7765333333333, 523.7768333333333, 523.7769333333333, 523.7774666666667, 523.7775333333333, 523.7777, 523.7806, 523.7809333333333, 523.7823666666667, 523.7827666666667, 523.7828666666667, 523.7831333333334, 523.7839333333334, 523.7846333333333, 523.7872333333333, 523.7880333333334, 523.7888666666666, 523.7888666666666, 523.7898666666666, 523.7908666666667, 523.7917, 523.7934, 523.7934333333334, 523.7940333333333, 523.7945, 523.7946333333333, 523.7948, 523.795, 523.7954333333333, 523.7963, 523.7972666666667, 523.7987666666667]","[80, 56, 65, 61, 16, 120, 56, 61, 148, 80, 16, 65, 56, 80, 16, 65, 61, 148, 56, 118, 80, 65, 16, 56, 80, 65, 80, 171, 16, 61, 80, 65, 87, 56, 16, 119, 65, 16]"
525.3016,525.3252,525.3468,525.3204,5.691574573516846,0.0452,"[525.3018, 525.3018666666667, 525.3025666666666, 525.3070333333334, 525.3075333333334, 525.3079666666666, 525.3086333333333, 525.3096666666667, 525.3101333333333, 525.3108, 525.312, 525.3143333333334, 525.3149333333333, 525.3154333333333, 525.3161666666666, 525.3166666666667, 525.3169666666666, 525.3170666666666, 525.3173666666667, 525.3187, 525.3234, 525.3240333333333, 525.3249333333333, 525.3259666666667, 525.3262333333333, 525.3263333333333, 525.3312, 525.3321333333333, 525.3324333333334, 525.3329333333334, 525.3335333333333, 525.3337666666666, 525.3342, 525.3361, 525.3361666666667, 525.3376, 525.3379333333334, 525.3384, 525.3384333333333, 525.3389333333333, 525.3390333333333, 525.3397333333334, 525.34]","[16, 65, 138, 65, 80, 16, 61, 16, 65, 56, 119, 16, 80, 65, 56, 61, 16, 80, 66, 116, 65, 80, 65, 80, 61, 16, 16, 65, 80, 61, 56, 87, 16, 65, 80, 16, 105, 80, 98, 56, 65, 87, 61]"
526.7364,526.7556,526.762,526.754,3.071711778640747,0.0256,"[526.7373666666666, 526.739, 526.7428, 526.7446666666667, 526.745, 526.7450333333334, 526.7455666666667, 526.7472333333334, 526.7491666666666, 526.7497, 526.7519666666667, 526.752, 526.7532666666667, 526.7550666666667, 526.7553666666666, 526.7557333333333, 526.7588333333333, 526.7602666666667, 526.7608]","[56, 65, 65, 56, 159, 80, 98, 135, 65, 56, 98, 65, 80, 56, 65, 61, 80, 16, 56]"
526.9712,526.9948,527.01,526.9932,3.4419004917144775,0.0388,"[526.9716666666667, 526.9724333333334, 526.9733666666667, 526.9737666666666, 526.974, 526.9754, 526.9757333333333, 526.9759, 526.9760333333334, 526.9760666666666, 526.9771333333333, 526.9776666666667, 526.9785, 526.9785333333333, 526.9789333333333, 526.9799333333333, 526.9801, 526.9807333333333, 526.9807666666667, 526.9808, 526.9809, 526.9812, 526.9832333333334, 526.9836, 526.9843333333333, 526.9846, 526.985, 526.9854333333334, 526.9860666666667, 526.987, 526.9871666666667, 526.9875, 526.9901, 526.9921666666667, 526.9933, 526.9943333333333, 526.9947, 526.9948666666667, 526.9954, 526.9979666666667, 526.9980666666667, 526.9985333333333, 526.9987, 526.9997, 526.9999333333334, 527.0031333333334, 527.0033666666667, 527.0042666666667, 527.0065333333333, 527.0072333333334]","[171, 56, 154, 80, 65, 16, 65, 135, 80, 154, 61, 16, 154, 80, 168, 61, 56, 16, 141, 138, 80, 65, 16, 61, 56, 65, 154, 80, 61, 16, 56, 65, 80, 65, 116, 80, 61, 65, 16, 154, 16, 65, 56, 61, 56, 65, 16, 80, 116, 56]"
527.9428,527.9548,527.9648,527.9484,4.980269908905029,0.022,"[527.9431333333333, 527.9436333333333, 527.9439333333333, 527.9441333333333, 527.9479333333334, 527.9480333333333, 527.9481333333333, 527.9484, 527.9484, 527.9488333333334, 527.9496666666666, 527.9516333333333, 527.952, 527.9535333333333, 527.9562666666667, 527.9567, 527.9572, 527.9579666666667, 527.9631]","[65, 80, 16, 61, 65, 149, 80, 16, 56, 61, 171, 16, 80, 65, 149, 56, 16, 80, 80]"
528.7196,528.734,528.7404,528.7216,3.1898550987243652,0.0208,"[528.7205666666666, 528.7218333333333, 528.7226333333333, 528.7239333333333, 528.7264333333334, 528.7275666666667, 528.7279, 528.7300666666666, 528.7315666666667, 528.7326333333333, 528.7328333333334, 528.7342333333333, 528.7351333333334, 528.7365333333333, 528.7369, 528.7369333333334, 528.7385666666667, 528.7386333333334, 528.7391333333334, 528.7391666666666, 528.7395]","[56, 80, 16, 65, 16, 65, 80, 16, 65, 80, 16, 56, 65, 80, 61, 16, 80, 56, 65, 119, 16]"
537.1948,537.2168,537.2296,537.2176,8.893508911132812,0.0348,"[537.1948666666667, 537.1973333333333, 537.1973666666667, 537.1976, 537.1983333333334, 537.2013, 537.2018, 537.2021666666667, 537.2044, 537.2049666666667, 537.2053666666667, 537.2061333333334, 537.2061333333334, 537.2086666666667, 537.2087, 537.2095333333333, 537.2106666666666, 537.2117333333333, 537.2129666666667, 537.2132666666666, 537.2143333333333, 537.2151666666666, 537.2154333333333, 537.2160333333334, 537.2167333333333, 537.2174, 537.2174666666666, 537.2204, 537.2209, 537.2221333333333, 537.2230666666667, 537.2248, 537.2259333333334, 537.2284666666667, 537.2291, 537.2292333333334]","[16, 60, 80, 65, 56, 16, 65, 80, 16, 80, 65, 61, 56, 80, 65, 60, 65, 168, 56, 60, 80, 65, 16, 163, 61, 80, 56, 16, 65, 80, 16, 60, 56, 138, 16, 80]"
537.8452,537.8648,537.87,537.8648,3.617398738861084,0.0248,"[537.8454333333333, 537.8472666666667, 537.8484333333333, 537.8517333333333, 537.8519666666666, 537.8542, 537.8555333333334, 537.8560333333334, 537.8580666666667, 537.8582, 537.8603333333333, 537.8604, 537.8606, 537.8607, 537.8621333333333, 537.863, 537.8632, 537.8641666666666, 537.8644666666667, 537.8648, 537.8687, 537.8697666666667]","[116, 16, 56, 116, 65, 61, 16, 80, 65, 159, 61, 56, 16, 159, 116, 136, 119, 64, 61, 16, 65, 80]"
540.2956,540.3196,540.3328,540.3212,6.189333915710449,0.0372,"[540.2984333333334, 540.2990333333333, 540.2997, 540.3003333333334, 540.3006333333333, 540.3014, 540.3014, 540.3029333333334, 540.3030333333334, 540.3045666666667, 540.3065, 540.3071, 540.3071333333334, 540.3077, 540.3091666666667, 540.3093, 540.3096333333333, 540.3097333333334, 540.3104333333333, 540.3119333333333, 540.3123333333333, 540.3134, 540.3135, 540.3136333333333, 540.3138333333334, 540.3141666666667, 540.3143, 540.3144666666667, 540.3145, 540.3155, 540.3162333333333, 540.3170666666666, 540.3174, 540.3174666666666, 540.3177333333333, 540.3182333333333, 540.3188333333334, 540.319, 540.3191666666667, 540.3197, 540.3209666666667, 540.3222333333333, 540.3240333333333, 540.3246333333333, 540.326, 540.3263333333333, 540.3265333333334, 540.3270333333334, 540.3280666666667, 540.3287666666666, 540.3297333333334, 540.3303333333333]","[80, 65, 61, 149, 143, 80, 16, 65, 80, 16, 143, 80, 56, 65, 116, 164, 80, 16, 65, 171, 80, 143, 16, 141, 87, 63, 66, 138, 56, 65, 164, 56, 80, 65, 16, 138, 61, 143, 141, 80, 56, 143, 80, 56, 65, 80, 63, 16, 61, 80, 56, 105]"
541.2444,541.268,541.2772,541.2656,6.345919609069824,0.0328,"[541.2462, 541.2475666666667, 541.2514, 541.2523666666667, 541.2532666666667, 541.2539, 541.2549, 541.2576666666666, 541.2585333333334, 541.2589333333333, 541.2602333333333, 541.2604666666666, 541.2607, 541.2624333333333, 541.2648333333333, 541.2665, 541.2669333333333, 541.2673666666667, 541.2681333333334, 541.2689, 541.2710333333333, 541.2730333333334, 541.2733333333333, 541.2736666666667, 541.2746666666667, 541.2749, 541.2762333333334]","[80, 65, 16, 80, 65, 87, 56, 80, 56, 65, 16, 171, 80, 65, 80, 65, 56, 16, 87, 80, 164, 65, 16, 80, 56, 61, 120]"
541.6276,541.6544,541.658,541.6336,3.007408618927002,0.0304,"[541.6298666666667, 541.6315666666667, 541.6321, 541.6326, 541.6337, 541.6341, 541.6347333333333, 541.6349666666666, 541.6355, 541.6403333333334, 541.6404, 541.6411, 541.6415, 541.6415666666667, 541.6457666666666, 541.6478666666667, 541.6479666666667, 541.6487, 541.6491333333333, 541.6543333333333, 541.6546, 541.6579]","[80, 80, 16, 65, 61, 118, 56, 148, 80, 64, 65, 80, 16, 56, 16, 87, 80, 16, 64, 65, 80, 80]"
541.7544,541.7704,541.7916,541.7684,9.793315887451172,0.0372,"[541.7551666666667, 541.7571666666666, 541.7576666666666, 541.7598666666667, 541.7612333333333, 541.7615666666667, 541.7629666666667, 541.7635333333334, 541.7654333333334, 541.7659333333334, 541.7683, 541.7685, 541.7691333333333, 541.7693666666667, 541.7694666666666, 541.7702, 541.7716, 541.7720666666667, 541.7744, 541.7755666666667, 541.7759, 541.776, 541.7760333333333, 541.7774666666667, 541.7783333333333, 541.7784666666666, 541.7784666666666, 541.7797666666667, 541.7819333333333, 541.782, 541.7823, 541.7843333333333, 541.7849333333334, 541.7864333333333, 541.7874333333333, 541.7886333333333, 541.7892666666667, 541.7895, 541.7899, 541.7913]","[60, 80, 65, 56, 80, 65, 56, 65, 16, 80, 60, 56, 65, 61, 80, 16, 80, 56, 16, 65, 80, 140, 61, 16, 56, 60, 168, 56, 65, 80, 168, 16, 65, 61, 56, 80, 65, 16, 164, 60]"
545.0604,545.0944,545.1068,545.0976,11.385621070861816,0.0464,"[545.0613, 545.0618333333333, 545.0625666666666, 545.0626333333333, 545.0628, 545.0637666666667, 545.0668, 545.0670333333334, 545.0675333333334, 545.068, 545.0734666666667, 545.0746333333333, 545.0775, 545.0787666666666, 545.079, 545.0792, 545.0814333333333, 545.0842333333334, 545.0846666666666, 545.0849666666667, 545.0892333333334, 545.0893666666667, 545.0904666666667, 545.0906666666667, 545.0919333333334, 545.0921, 545.0956, 545.0958333333333, 545.0967666666667, 545.0969333333334, 545.0978, 545.0991, 545.0996333333334, 545.1029666666667, 545.1056666666667, 545.1057, 545.1058666666667, 545.1062]","[16, 65, 61, 56, 80, 159, 65, 16, 80, 61, 16, 80, 65, 116, 16, 80, 56, 65, 61, 80, 116, 16, 65, 80, 56, 16, 80, 65, 61, 159, 16, 56, 80, 16, 80, 16, 87, 61]"
545.3972,545.4096,545.4256,545.4172,6.069300651550293,0.0284,"[545.3974666666667, 545.3985666666666, 545.3993666666667, 545.3995, 545.4034, 545.4049333333334, 545.4056, 545.4091666666667, 545.4100333333333, 545.4105, 545.4130333333334, 545.4136, 545.4143, 545.4153333333334, 545.4172333333333, 545.4173333333333, 545.4177, 545.4177333333333, 545.4193, 545.4199333333333, 545.4216666666666, 545.4244333333334, 545.4247333333333]","[156, 80, 16, 56, 80, 65, 163, 56, 80, 16, 65, 16, 80, 56, 61, 163, 65, 80, 16, 56, 80, 163, 16]"
545.9312,545.9636,545.98,545.9624,12.411437034606934,0.0488,"[545.9323666666667, 545.9327666666667, 545.9328333333333, 545.9331, 545.9336666666667, 545.9374, 545.9380333333334, 545.9384, 545.9395666666667, 545.9399666666667, 545.9406, 545.9408666666667, 545.9429, 545.943, 545.9432, 545.9433, 545.9435333333333, 545.9441, 545.9446666666666, 545.9462, 545.9471333333333, 545.9483333333334, 545.9506, 545.9515, 545.9518, 545.9527666666667, 545.9563666666667, 545.9581, 545.9583666666666, 545.9606666666666, 545.9606666666666, 545.9618333333333, 545.9623333333333, 545.9628, 545.9638666666667, 545.9652666666667, 545.9663666666667, 545.9666, 545.9669333333334, 545.9687, 545.9688666666667, 545.9694666666667, 545.9701666666666, 545.9706, 545.9715333333334, 545.9716333333333, 545.9717, 545.9739333333333, 545.9767, 545.9770333333333, 545.9771, 545.9776, 545.9785, 545.9797666666667]","[61, 65, 138, 16, 87, 80, 65, 56, 116, 16, 87, 80, 164, 16, 61, 56, 61, 65, 80, 16, 119, 61, 80, 154, 65, 16, 61, 80, 56, 87, 65, 16, 80, 56, 61, 56, 119, 80, 65, 87, 16, 80, 65, 116, 56, 16, 61, 80, 65, 80, 16, 61, 56, 80]"
546.04,546.0448,546.0632,546.0428,3.0563063621520996,0.0232,"[546.0400333333333, 546.0423666666667, 546.0431333333333, 546.045, 546.0453333333334, 546.0479333333334, 546.0483333333333, 546.0494, 546.0512, 546.0515, 546.052, 546.0525666666666, 546.0558333333333, 546.0570333333334, 546.0586, 546.0587, 546.0591666666667, 546.0598, 546.0603666666667, 546.0628333333333]","[16, 140, 61, 16, 168, 65, 80, 61, 65, 16, 80, 56, 120, 65, 16, 80, 87, 65, 56, 80]"
546.9332,546.9648,546.9724,546.9624,6.278404235839844,0.0392,"[546.9332, 546.9348333333334, 546.9374333333334, 546.9378333333333, 546.9389333333334, 546.9393333333334, 546.9404333333333, 546.9420666666666, 546.9424666666666, 546.9434666666667, 546.9439, 546.9441666666667, 546.9445666666667, 546.9466333333334, 546.9481666666667, 546.9485, 546.9491, 546.9502, 546.9502666666667, 546.9508666666667, 546.9509333333333, 546.9512333333333, 546.9519333333334, 546.9524, 546.9535333333333, 546.9553666666667, 546.9564, 546.9579333333334, 546.958, 546.9582666666666, 546.9583333333334, 546.9583666666666, 546.9587, 546.9588333333334, 546.9623333333333, 546.9627, 546.9631666666667, 546.9639333333333, 546.9645333333333, 546.9651, 546.9661333333333, 546.9710666666666]","[65, 116, 80, 16, 56, 65, 80, 16, 148, 56, 61, 80, 65, 16, 65, 80, 56, 154, 148, 65, 80, 61, 16, 56, 80, 65, 80, 118, 16, 80, 65, 64, 156, 56, 80, 65, 61, 16, 56, 80, 16, 80]"
550.1688,550.1788,550.1944,550.1756,7.15543270111084,0.0256,"[550.1688333333333, 550.1710666666667, 550.1712666666666, 550.1713, 550.1720666666666, 550.175, 550.1753, 550.1754666666667, 550.1772, 550.1787, 550.1808666666667, 550.1842666666666, 550.1848333333334, 550.1862, 550.1869333333333, 550.1897666666666, 550.1898333333334, 550.1898666666667, 550.1937666666666]","[168, 80, 65, 56, 16, 118, 80, 168, 65, 80, 65, 56, 80, 65, 116, 16, 80, 56, 65]"
552.758,552.7692,552.7784,552.7648,5.510152339935303,0.0204,"[552.7583, 552.7593333333333, 552.7599, 552.7605, 552.7626, 552.7641666666667, 552.7659666666667, 552.7668333333334, 552.7673, 552.7683, 552.7696333333333, 552.7696666666667, 552.7698, 552.7699666666666, 552.7702333333333, 552.7723, 552.7727333333333, 552.7730666666666, 552.7733, 552.7780333333334, 552.7781, 552.7782]","[149, 61, 65, 80, 65, 80, 65, 56, 80, 16, 80, 64, 65, 61, 87, 16, 65, 80, 61, 66, 80, 65]"
557.3408,557.3564,557.368,557.3588,6.632567882537842,0.0272,"[557.3412, 557.3429, 557.3432666666666, 557.3451333333334, 557.3451333333334, 557.3457333333333, 557.3466, 557.3467333333333, 557.3477333333333, 557.3477666666666, 557.348, 557.3483333333334, 557.3485333333333, 557.3517666666667, 557.3542333333334, 557.3548, 557.3553, 557.3553666666667, 557.3558, 557.3568333333334, 557.3579, 557.3600666666666, 557.362, 557.3651666666667, 557.3659333333334, 557.3662333333333, 557.3667666666666, 557.3667666666666, 557.3672666666666, 557.368]","[80, 116, 16, 80, 65, 56, 120, 16, 65, 63, 80, 98, 61, 80, 138, 16, 65, 56, 61, 98, 80, 65, 80, 65, 16, 80, 87, 61, 98, 138]"
557.5468,557.5644,557.5816,557.5664,18.45715713500977,0.0348,"[557.5468666666667, 557.5489666666666, 557.5505666666667, 557.5508333333333, 557.5529, 557.5537333333333, 557.5542, 557.5544, 557.5550333333333, 557.5598666666667, 557.5599, 557.5612, 557.5613, 557.5614333333333, 557.5619, 557.5660333333333, 557.5669333333333, 557.5674333333334, 557.5702, 557.5716, 557.5722, 557.5722333333333, 557.5732333333333, 557.5743333333334, 557.5782333333333, 557.5815666666666]","[171, 56, 80, 65, 65, 120, 56, 61, 80, 16, 61, 56, 80, 65, 116, 80, 16, 65, 87, 80, 16, 64, 61, 149, 116, 65]"
559.4336,559.464,559.474,559.4632,5.547757625579834,0.0404,"[559.4342, 559.4342, 559.4353, 559.4358, 559.436, 559.4361, 559.4362333333333, 559.437, 559.4372, 559.4385666666667, 559.4389333333334, 559.4392, 559.4410666666666, 559.4417666666667, 559.4439333333333, 559.4441, 559.4456, 559.4458333333333, 559.4461, 559.4462, 559.4466, 559.4467333333333, 559.4477333333333, 559.4479666666666, 559.4499333333333, 559.4499666666667, 559.4504666666667, 559.4517, 559.4531333333333, 559.4546666666666, 559.4563666666667, 559.4565, 559.4569333333334, 559.457, 559.4572, 559.4576666666667, 559.4588333333334, 559.4590666666667, 559.4617666666667, 559.4618333333333, 559.4619, 559.4621333333333, 559.4635333333333, 559.4651333333334, 559.4667666666667, 559.4678, 559.4698333333333, 559.4711333333333, 559.4714, 559.4728666666666, 559.4733666666667]","[80, 65, 159, 56, 16, 61, 65, 80, 87, 148, 65, 16, 80, 65, 65, 80, 56, 16, 80, 61, 119, 87, 65, 171, 16, 80, 65, 118, 80, 16, 63, 65, 16, 61, 80, 87, 16, 119, 65, 16, 56, 80, 61, 16, 80, 65, 64, 80, 61, 16, 65]"
561.5448,561.5688,561.5844,561.5688,14.868419647216797,0.0396,"[561.5462, 561.5485, 561.5536, 561.5541, 561.5558333333333, 561.5565, 561.5574, 561.5599333333333, 561.5618, 561.5620666666666, 561.5634333333334, 561.5635666666667, 561.564, 561.5644, 561.5691333333333, 561.5696333333333, 561.5698, 561.5708, 561.5713, 561.5726, 561.5738, 561.5752, 561.5786333333333, 561.5793333333334, 561.5798666666667]","[65, 56, 65, 80, 61, 56, 65, 80, 65, 16, 120, 80, 61, 56, 135, 16, 61, 65, 80, 116, 80, 16, 80, 16, 56]"
561.6108,561.6244,561.634,561.6212,6.771183490753174,0.0232,"[561.6111666666667, 561.6121666666667, 561.6124666666667, 561.6131, 561.6149, 561.6150333333334, 561.6155, 561.6162, 561.6179666666667, 561.6182333333334, 561.6183666666667, 561.6186, 561.6229666666667, 561.6233666666667, 561.6243, 561.6252333333333, 561.6282666666667, 561.6293, 561.6297, 561.6301666666667, 561.6334333333333]","[16, 65, 140, 80, 61, 135, 56, 80, 116, 56, 16, 65, 56, 61, 65, 80, 16, 65, 80, 56, 159]"
562.2276,562.244,562.2616,562.2408,6.841486930847168,0.034,"[562.2278, 562.2283, 562.2283333333334, 562.2290333333333, 562.2292, 562.2327333333334, 562.2337666666666, 562.2343333333333, 562.2343666666667, 562.2349333333333, 562.2382, 562.2417, 562.2433, 562.2433333333333, 562.2433666666667, 562.2492333333333, 562.2501666666667, 562.2503333333333, 562.2506, 562.2547333333333, 562.2582666666667, 562.2586333333334, 562.2605333333333]","[56, 80, 65, 120, 16, 159, 80, 16, 56, 65, 80, 56, 65, 80, 16, 16, 56, 80, 65, 65, 56, 80, 16]"
562.4528,562.4656,562.492,562.4688,5.571212291717529,0.0392,"[562.4552666666667, 562.4559333333333, 562.4564333333333, 562.4572333333333, 562.4583, 562.4599666666667, 562.4605333333334, 562.4608, 562.4630333333333, 562.4640666666667, 562.4660333333334, 562.4681666666667, 562.4692333333334, 562.4693, 562.4699, 562.4707666666667, 562.4715, 562.4723, 562.4728666666666, 562.4740666666667, 562.4743333333333, 562.4752666666667, 562.4756, 562.4759, 562.4767333333333, 562.4784666666667, 562.4808, 562.4819, 562.4819666666667, 562.4820333333333, 562.4829333333333, 562.4835, 562.4835333333333, 562.4839, 562.4869, 562.4893, 562.4908333333333]","[16, 65, 80, 61, 116, 80, 65, 16, 61, 56, 65, 16, 80, 65, 56, 16, 118, 65, 105, 80, 141, 16, 65, 61, 56, 65, 87, 61, 80, 65, 16, 138, 141, 56, 65, 61, 80]"
562.9084,562.9164,562.9292,562.9172,4.488213062286377,0.0208,"[562.9089, 562.9119, 562.9124666666667, 562.9133666666667, 562.9148666666666, 562.9156666666667, 562.9170333333333, 562.9185, 562.9232333333333, 562.9253333333334, 562.9253666666667, 562.9258]","[56, 65, 16, 80, 87, 65, 16, 80, 56, 16, 65, 80]"
570.0224,570.0404,570.0548,570.0308,4.244883060455322,0.0324,"[570.0252, 570.0252333333333, 570.0262333333334, 570.0265, 570.0265333333333, 570.0272333333334, 570.0275666666666, 570.0277666666667, 570.0281333333334, 570.031, 570.0312666666666, 570.0312666666666, 570.0333, 570.0342666666667, 570.0348666666666, 570.0362333333334, 570.0384333333334, 570.0385666666666, 570.0415666666667, 570.0424666666667, 570.0432333333333, 570.0452666666666, 570.0461, 570.0465666666666, 570.0472333333333, 570.0478, 570.0506, 570.0507666666666, 570.0517666666667, 570.0524, 570.0527666666667, 570.0533]","[80, 16, 65, 61, 56, 118, 16, 119, 116, 16, 80, 56, 98, 65, 16, 80, 16, 61, 80, 56, 65, 61, 80, 16, 56, 65, 80, 65, 16, 138, 56, 80]"
572.1716,572.186,572.2088,572.1856,9.30013370513916,0.0372,"[572.1752, 572.1758333333333, 572.1765333333333, 572.1775333333334, 572.1805, 572.1809, 572.1829333333334, 572.1829333333334, 572.1835, 572.1849, 572.1858, 572.1861666666666, 572.1880333333334, 572.1883, 572.1886, 572.1903, 572.1911666666666, 572.1911666666666, 572.1918666666667, 572.1935333333333, 572.1943666666666, 572.1946333333333, 572.196, 572.1967666666667, 572.1969666666666, 572.1995333333333, 572.2005333333333, 572.2014333333333, 572.2015333333334, 572.2027666666667, 572.2028, 572.2029, 572.2038333333334, 572.2052333333334, 572.2056, 572.2061]","[87, 61, 105, 80, 87, 118, 159, 65, 16, 80, 87, 136, 136, 105, 135, 87, 61, 156, 118, 136, 16, 56, 105, 63, 61, 87, 105, 16, 159, 65, 61, 56, 135, 16, 105, 48]"
598.086,598.1136,598.1212,598.1112,7.931301593780518,0.0352,"[598.0871333333333, 598.0877666666667, 598.0880333333333, 598.0882333333333, 598.0901, 598.0908, 598.0911666666667, 598.0924, 598.0937333333334, 598.0938, 598.0945666666667, 598.0956333333334, 598.0981333333333, 598.0984333333333, 598.0986333333333, 598.0991333333334, 598.0991666666666, 598.1001, 598.1001333333334, 598.1012666666667, 598.1014, 598.1024333333334, 598.1026666666667, 598.1027, 598.1033666666667, 598.1037, 598.1038333333333, 598.1052333333333, 598.1059333333334, 598.1061, 598.1066333333333, 598.1073666666666, 598.108, 598.1093, 598.1096, 598.1096666666666, 598.1112666666667, 598.1114666666666, 598.1118333333334, 598.1133666666667, 598.1139, 598.1147666666667, 598.1153333333333, 598.1166333333333, 598.117, 598.1172, 598.1174333333333, 598.1180666666667, 598.1184666666667]","[65, 148, 80, 16, 56, 119, 116, 80, 65, 16, 156, 138, 80, 65, 138, 16, 56, 65, 80, 120, 56, 56, 65, 61, 16, 163, 80, 168, 56, 154, 80, 65, 61, 87, 149, 16, 65, 61, 80, 98, 16, 65, 80, 16, 65, 80, 61, 87, 119]"
598.2568,598.2668,598.286,598.2668,9.592865943908691,0.0292,"[598.2579, 598.2595, 598.2613333333334, 598.2618, 598.2639, 598.265, 598.2655666666667, 598.2678, 598.2698, 598.2755, 598.2766333333333, 598.2771666666666, 598.2778, 598.2778333333333, 598.2821666666666, 598.2842, 598.2851]","[80, 120, 16, 80, 64, 56, 65, 80, 65, 65, 61, 16, 116, 56, 80, 16, 64]"
599.4436,599.4528,599.4648,599.4516,8.721651077270508,0.0212,"[599.4438, 599.4464333333333, 599.4470666666666, 599.4475, 599.4499333333333, 599.4503666666667, 599.4526666666667, 599.4532333333333, 599.4538, 599.454, 599.4550333333333, 599.4573, 599.4587666666666, 599.4590666666667, 599.4592, 599.4611, 599.4617]","[80, 65, 16, 80, 65, 80, 16, 136, 80, 56, 136, 65, 56, 80, 16, 135, 80]"
600.1448,600.158,600.196,600.1596,8.82816219329834,0.0512,"[600.1466333333333, 600.1469666666667, 600.1476666666666, 600.1479, 600.1483333333333, 600.1494333333334, 600.153, 600.1533666666667, 600.1551333333333, 600.1553333333334, 600.1568666666667, 600.1583333333333, 600.1586333333333, 600.1591666666667, 600.1609333333333, 600.162, 600.1643, 600.1661, 600.1671, 600.1673666666667, 600.1677, 600.1687, 600.1695666666667, 600.1696666666667, 600.1697, 600.17, 600.1721, 600.1752333333334, 600.1753333333334, 600.1760666666667, 600.1762333333334, 600.1765333333333, 600.1786666666667, 600.1794666666667, 600.1801, 600.1805666666667, 600.1806, 600.1809333333333, 600.1815333333333, 600.1844, 600.1851333333333, 600.1851333333333, 600.1853333333333, 600.1865666666666, 600.1876666666667, 600.1877666666667, 600.1913666666667, 600.1915, 600.1919, 600.1924, 600.1935]","[80, 65, 56, 16, 61, 80, 116, 61, 65, 16, 80, 65, 16, 61, 80, 56, 16, 80, 65, 171, 87, 16, 80, 171, 56, 119, 16, 65, 80, 16, 56, 87, 80, 61, 65, 16, 87, 56, 80, 105, 80, 61, 87, 16, 80, 65, 80, 61, 16, 63, 65]"
600.3708,600.382,600.4008,600.3808,4.017077922821045,0.03,"[600.3714333333334, 600.3721, 600.3728666666667, 600.3737666666667, 600.3755, 600.3759666666666, 600.3760333333333, 600.3765, 600.3781333333334, 600.3782, 600.3812333333333, 600.3813333333334, 600.3819333333333, 600.3832333333334, 600.3841333333334, 600.3852666666667, 600.3858, 600.3858666666666, 600.3869333333333, 600.3894333333334, 600.3901666666667, 600.3905, 600.3910666666667, 600.3938333333333, 600.3938666666667, 600.3946666666667, 600.3951666666667]","[140, 80, 56, 65, 143, 80, 56, 16, 80, 65, 56, 143, 80, 65, 16, 80, 66, 65, 61, 116, 80, 65, 143, 61, 16, 80, 65]"
601.4008,601.4096,601.424,601.4092,6.185433387756348,0.0232,"[601.4028333333333, 601.4028666666667, 601.4032666666667, 601.4037, 601.4038666666667, 601.4055666666667, 601.4058, 601.4059333333333, 601.4060666666667, 601.4084333333333, 601.4099333333334, 601.4105, 601.411, 601.4111666666666, 601.4130666666666, 601.4139666666666, 601.4143333333334, 601.4157666666666, 601.4162333333334, 601.4164333333333, 601.4176333333334, 601.4183666666667, 601.4185666666667, 601.4190333333333, 601.4196, 601.4222666666667]","[119, 80, 16, 61, 65, 98, 136, 56, 63, 65, 61, 135, 16, 80, 63, 65, 56, 80, 98, 64, 16, 61, 65, 63, 56, 65]"
601.5344,601.5468,601.5744,601.5496,11.41723918914795,0.04,"[601.5353666666666, 601.537, 601.5378333333333, 601.538, 601.538, 601.5402, 601.5420666666666, 601.5433, 601.5463666666667, 601.5484666666666, 601.5501666666667, 601.5505, 601.5507666666666, 601.5517333333333, 601.5522333333333, 601.5536333333333, 601.5539333333334, 601.5581333333333, 601.5581666666667, 601.5590666666667, 601.5608333333333, 601.5618333333333, 601.5642333333333, 601.5645666666667, 601.5694666666667, 601.5723666666667, 601.5729, 601.5737, 601.5740666666667]","[159, 65, 80, 98, 56, 65, 80, 56, 65, 80, 61, 80, 138, 65, 16, 119, 56, 65, 135, 56, 80, 16, 116, 80, 56, 65, 16, 80, 136]"
607.4632,607.4728,607.4896,607.4708,8.149581909179688,0.0264,"[607.4649333333333, 607.4656, 607.4661, 607.4664666666666, 607.4687, 607.4696, 607.4715333333334, 607.4718666666666, 607.4733333333334, 607.4737666666666, 607.4741333333334, 607.4747333333333, 607.4787333333334, 607.4801666666667, 607.4824333333333, 607.4824666666667, 607.4825]","[16, 80, 87, 56, 148, 116, 80, 16, 65, 56, 98, 118, 80, 98, 98, 65, 80]"
608.792,608.8036,608.8128,608.8052,5.743024826049805,0.0208,"[608.7929333333333, 608.7959666666667, 608.7966, 608.7968333333333, 608.7972, 608.8006666666666, 608.8008666666667, 608.8014333333333, 608.8016333333334, 608.8020333333334, 608.8062333333334, 608.8064, 608.8065, 608.8084333333334, 608.8087, 608.8091, 608.8109333333333, 608.8112666666667, 608.8119333333333]","[61, 56, 80, 16, 65, 80, 61, 87, 16, 56, 16, 61, 80, 56, 65, 87, 65, 16, 148]"
610.6204,610.64,610.6548,610.6372,7.664798259735107,0.0344,"[610.6216, 610.6216666666667, 610.6216666666667, 610.6221666666667, 610.6245333333334, 610.6248666666667, 610.6250333333334, 610.6255333333334, 610.6262666666667, 610.6273333333334, 610.6275, 610.6275333333333, 610.629, 610.6296666666667, 610.6297666666667, 610.6301333333333, 610.6305666666667, 610.6320333333333, 610.6324333333333, 610.6329, 610.6330333333333, 610.6337333333333, 610.6343666666667, 610.6364, 610.6391666666667, 610.6394333333334, 610.6416, 610.6427333333334, 610.644, 610.6458666666666, 610.6504666666667, 610.6507333333333, 610.6518333333333, 610.6524, 610.6525, 610.6528333333333]","[56, 65, 16, 80, 120, 80, 16, 66, 56, 61, 154, 80, 56, 65, 148, 80, 16, 61, 65, 154, 116, 56, 80, 138, 80, 65, 16, 65, 80, 16, 65, 80, 56, 16, 136, 116]"
610.9,610.9052,610.9204,610.9052,3.300609827041626,0.0204,"[610.9011666666667, 610.9015, 610.9020666666667, 610.9037333333333, 610.9054333333333, 610.9063666666667, 610.9068333333333, 610.9071, 610.9087666666667, 610.9092666666667, 610.9095, 610.9123, 610.9125333333334, 610.9131, 610.9135333333334, 610.9139666666666, 610.9144, 610.9164]","[65, 56, 16, 80, 16, 61, 120, 56, 16, 80, 65, 143, 80, 61, 116, 65, 16, 56]"
614.1692,614.1772,614.1924,614.1748,5.677752494812012,0.0232,"[614.17, 614.1707333333334, 614.1733666666667, 614.1748333333334, 614.1751333333333, 614.1759333333333, 614.1761333333334, 614.1772666666667, 614.1808333333333, 614.1823, 614.1828333333333, 614.1834333333334, 614.1835666666667, 614.1876, 614.1885, 614.1886666666667]","[16, 80, 65, 16, 61, 80, 56, 156, 56, 16, 80, 61, 65, 65, 16, 80]"
614.5904,614.6032,614.6128,614.6072,5.968198776245117,0.0224,"[614.5938333333334, 614.5939333333333, 614.5940666666667, 614.5947, 614.5952, 614.5956, 614.5963666666667, 614.5975666666667, 614.5990333333333, 614.6022333333333, 614.6023666666666, 614.6026, 614.6028, 614.6050666666666, 614.6065666666667, 614.6069666666667, 614.6077333333334, 614.6079666666667, 614.6089333333333, 614.6123333333334, 614.6125333333333]","[65, 98, 163, 80, 56, 16, 98, 65, 80, 65, 56, 16, 80, 141, 65, 57, 61, 16, 141, 56, 65]"
614.6808,614.6876,614.706,614.6864,3.6585986614227295,0.0252,"[614.6809666666667, 614.6831333333333, 614.6855666666667, 614.6859333333333, 614.6860666666666, 614.6861333333334, 614.6904666666667, 614.6905, 614.6909, 614.6911333333334, 614.6928666666666, 614.6935666666667, 614.6938666666666, 614.6962333333333, 614.6966666666667, 614.6970333333334, 614.6975666666667, 614.6978333333333, 614.6987, 614.6992, 614.6999333333333, 614.701, 614.7016, 614.7048, 614.7052333333334, 614.7052333333334, 614.7055]","[80, 65, 80, 65, 87, 16, 87, 80, 16, 65, 119, 80, 56, 65, 80, 16, 61, 87, 56, 16, 138, 80, 65, 56, 80, 65, 16]"
614.802,614.816,614.8252,614.8176,4.582749366760254,0.0232,"[614.8026333333333, 614.8081, 614.8089, 614.8090666666667, 614.8108333333333, 614.8114666666667, 614.8141, 614.8144, 614.8148666666667, 614.8165666666666, 614.8179333333334, 614.8186666666667, 614.819, 614.8191, 614.8217333333333, 614.8223666666667, 614.8227, 614.8227]","[65, 80, 56, 65, 16, 80, 65, 80, 16, 65, 16, 61, 80, 65, 56, 16, 80, 65]"
617.3836,617.396,617.4128,617.3968,7.422417163848877,0.0292,"[617.3836333333334, 617.3842, 617.3849666666666, 617.3851666666667, 617.3852666666667, 617.3897, 617.3902333333333, 617.3920666666667, 617.3923, 617.3953, 617.3954, 617.3964333333333, 617.3979666666667, 617.3996333333333, 617.3999, 617.4007666666666, 617.4026333333334, 617.4031666666667, 617.4041333333333, 617.4054333333333, 617.4059666666667, 617.4062, 617.4066, 617.4089, 617.4128]","[65, 148, 56, 80, 16, 136, 80, 65, 135, 16, 80, 65, 56, 138, 80, 120, 65, 80, 16, 61, 65, 56, 16, 65, 56]"
620.0172,620.0236,620.0476,620.0224,4.116886138916016,0.0304,"[620.0179666666667, 620.018, 620.0196333333333, 620.0201, 620.0212666666666, 620.0219666666667, 620.0222666666666, 620.0225333333333, 620.0232666666667, 620.0245666666667, 620.0248, 620.0268, 620.0273333333333, 620.0283666666667, 620.0288333333333, 620.0295333333333, 620.0313666666667, 620.0325666666666, 620.0345333333333, 620.0346666666667, 620.0352666666666, 620.0361666666666, 620.0365, 620.0384666666666, 620.0395333333333, 620.0409, 620.0422333333333, 620.0423666666667, 620.0430333333334, 620.0431333333333, 620.0443, 620.0448666666666, 620.0451, 620.0468333333333, 620.0470333333334]","[57, 16, 138, 65, 80, 57, 16, 65, 116, 56, 80, 171, 57, 65, 80, 136, 65, 80, 57, 56, 171, 65, 80, 65, 57, 61, 65, 116, 80, 16, 171, 56, 65, 80, 16]"
620.146,620.1564,620.168,620.154,9.21350383758545,0.022,"[620.1478, 620.1479666666667, 620.1486666666667, 620.1488, 620.1494333333334, 620.1497333333333, 620.1527, 620.1547, 620.1564666666667, 620.1565333333333, 620.1586, 620.1594666666666, 620.1610333333333, 620.1613, 620.1619, 620.1647333333333, 620.165, 620.1662, 620.1663]","[65, 80, 61, 56, 16, 65, 80, 149, 65, 80, 154, 65, 80, 61, 138, 80, 65, 16, 148]"
621.6536,621.664,621.6792,621.6648,4.671567916870117,0.0256,"[621.6554, 621.6554666666667, 621.6562666666666, 621.6566666666666, 621.6577, 621.6588, 621.6597666666667, 621.6610333333333, 621.6610666666667, 621.6622666666667, 621.6629, 621.6630666666666, 621.6631333333333, 621.6649666666667, 621.6651666666667, 621.6652, 621.6654666666667, 621.6661, 621.6661666666666, 621.6682666666667, 621.6687, 621.6692333333333, 621.6695, 621.6703333333334, 621.6712333333334, 621.6721666666666, 621.6724, 621.6729333333334, 621.6732666666667, 621.6742333333333, 621.6757, 621.6765, 621.6771666666667, 621.6782333333333]","[56, 65, 80, 16, 65, 64, 80, 65, 56, 116, 80, 16, 65, 138, 65, 16, 80, 135, 61, 16, 56, 80, 65, 143, 16, 80, 65, 56, 16, 61, 65, 80, 119, 56]"
623.5684,623.578,623.5892,623.5756,5.491973876953125,0.0208,"[623.5686666666667, 623.5690333333333, 623.5712333333333, 623.572, 623.5724333333334, 623.5725333333334, 623.5737333333333, 623.5738, 623.5757333333333, 623.5757666666667, 623.5759, 623.5761666666667, 623.5764333333333, 623.5768333333333, 623.5778, 623.5782666666667, 623.5787333333334, 623.5788333333334, 623.5788333333334, 623.5807666666667, 623.5819333333334, 623.5827666666667, 623.5838666666667, 623.5865333333334, 623.587, 623.5876333333333, 623.589]","[136, 80, 65, 143, 80, 56, 16, 65, 80, 136, 65, 143, 16, 56, 63, 87, 120, 80, 65, 143, 16, 80, 66, 65, 80, 16, 80]"
623.6272,623.634,623.6604,623.6364,4.682709693908691,0.0332,"[623.6275333333333, 623.6298333333333, 623.6302666666667, 623.6303333333333, 623.6315666666667, 623.6319, 623.636, 623.6363, 623.6372666666666, 623.6376666666666, 623.6379666666667, 623.6387, 623.6394, 623.6404, 623.6419333333333, 623.6449666666666, 623.6469, 623.6471333333334, 623.6473666666667, 623.6488333333333, 623.6493, 623.6493666666667, 623.6521, 623.6524, 623.6550333333333, 623.6558, 623.6560333333333, 623.6566, 623.6567666666666, 623.6583, 623.6587666666667]","[80, 65, 16, 80, 56, 164, 16, 65, 80, 56, 61, 16, 65, 56, 16, 65, 63, 16, 56, 80, 65, 87, 65, 56, 80, 56, 65, 87, 80, 16, 61]"
623.7404,623.7556,623.7652,623.7532,3.686201572418213,0.0248,"[623.7413333333334, 623.7418666666666, 623.742, 623.7421, 623.7423333333334, 623.7423333333334, 623.7465, 623.7467666666666, 623.7470333333333, 623.7492333333333, 623.7531, 623.7533666666667, 623.7534666666667, 623.7535, 623.7565666666667, 623.7567333333334, 623.7571333333333, 623.7585, 623.7596666666667, 623.7617666666666]","[61, 56, 80, 119, 159, 16, 16, 135, 80, 87, 56, 61, 148, 80, 16, 65, 80, 87, 56, 61]"
624.0592,624.0668,624.0936,624.0876,4.009417533874512,0.0344,"[624.0597333333334, 624.0610666666666, 624.0611666666666, 624.0620666666666, 624.0621666666667, 624.0644333333333, 624.0653333333333, 624.0658333333333, 624.0671333333333, 624.0682666666667, 624.0689666666667, 624.0693666666666, 624.0699333333333, 624.0711333333334, 624.0716, 624.0749333333333, 624.0750333333333, 624.0755666666666, 624.0765666666666, 624.0769666666666, 624.0779, 624.0781666666667, 624.0785666666667, 624.0816, 624.0817666666667, 624.0836666666667, 624.0839, 624.084, 624.0841666666666, 624.0844333333333, 624.0855666666666, 624.089, 624.0895, 624.0908666666667, 624.0929666666667, 624.0933]","[56, 61, 56, 65, 80, 63, 56, 16, 80, 65, 138, 16, 80, 65, 138, 80, 65, 56, 16, 80, 65, 56, 87, 65, 16, 56, 80, 16, 66, 64, 61, 80, 16, 65, 80, 56]"
624.2252,624.2512,624.2784,624.2488,7.0399556159973145,0.0532,"[624.2275666666667, 624.2279, 624.2285, 624.2301, 624.2304666666666, 624.2309333333334, 624.2315, 624.2322666666666, 624.2333, 624.2343666666667, 624.2344666666667, 624.2348333333333, 624.2354666666666, 624.2358666666667, 624.2362, 624.2371666666667, 624.2387666666667, 624.2394666666667, 624.2395333333334, 624.2396666666667, 624.2412333333333, 624.2414, 624.2424666666667, 624.2426333333333, 624.2439666666667, 624.2459333333334, 624.2473333333334, 624.2475666666667, 624.2492333333333, 624.2494666666666, 624.2496, 624.2510666666667, 624.2513666666666, 624.2515333333333, 624.2523, 624.2529333333333, 624.2538333333333, 624.2543, 624.2545333333334, 624.2556666666667, 624.2559666666667, 624.2561333333333, 624.2568, 624.2578, 624.2578333333333, 624.2590666666666, 624.2610666666667, 624.2614333333333, 624.2618666666667, 624.2624333333333, 624.2627333333334, 624.2638, 624.2642333333333, 624.2657666666667, 624.2663333333334, 624.2677333333334, 624.2679333333333, 624.2754, 624.2777333333333, 624.278]","[16, 65, 80, 143, 61, 65, 80, 16, 56, 80, 65, 143, 61, 16, 105, 65, 80, 16, 65, 56, 143, 61, 65, 87, 80, 80, 143, 65, 80, 65, 16, 61, 87, 56, 65, 80, 16, 61, 98, 65, 80, 56, 16, 61, 149, 65, 154, 80, 65, 61, 16, 120, 80, 56, 65, 16, 80, 80, 56, 118]"
625.1884,625.2104,625.232,625.2128,5.320520877838135,0.0436,"[625.1899, 625.1904333333333, 625.1912666666667, 625.1930666666667, 625.1948, 625.1948666666667, 625.1966333333334, 625.1975666666667, 625.1978666666666, 625.1979666666666, 625.2011666666667, 625.2014, 625.2019666666666, 625.2024, 625.2024666666666, 625.2025, 625.205, 625.2065333333334, 625.2065666666666, 625.2067666666667, 625.2072333333333, 625.2088666666667, 625.2092, 625.2107333333333, 625.2118666666667, 625.2127333333333, 625.2133333333334, 625.2135, 625.2137666666666, 625.2146666666666, 625.2153, 625.2168333333333, 625.2183333333334, 625.2184333333333, 625.2187, 625.2192333333334, 625.2192666666666, 625.2198666666667, 625.2217, 625.2218, 625.2218, 625.2240666666667, 625.2247666666667, 625.2249, 625.2254333333333, 625.2259666666666, 625.2271, 625.2276666666667, 625.2293333333333, 625.2296, 625.2308, 625.2312]","[80, 65, 16, 80, 65, 16, 80, 119, 65, 16, 65, 16, 80, 171, 61, 56, 80, 65, 98, 16, 138, 56, 16, 119, 65, 80, 16, 65, 56, 61, 80, 16, 80, 138, 65, 168, 56, 16, 64, 80, 65, 61, 168, 80, 65, 56, 171, 80, 61, 16, 80, 56]"
626.4528,626.47,626.4996,626.4684,6.217203140258789,0.0468,"[626.4532666666667, 626.4537, 626.4549, 626.4549666666667, 626.4551666666666, 626.4567666666667, 626.4599666666667, 626.4600333333333, 626.4601, 626.4626333333333, 626.4631, 626.4636, 626.4646333333334, 626.4658666666667, 626.4692, 626.4704333333333, 626.4715, 626.4716, 626.4722666666667, 626.4764666666666, 626.4765333333334, 626.4769666666666, 626.4773666666666, 626.4776, 626.4778666666666, 626.4797666666667, 626.4818, 626.4821, 626.4832333333334, 626.4837666666666, 626.4868666666666, 626.4880666666667, 626.4895666666666, 626.4924, 626.4934, 626.4954666666666, 626.4955666666667, 626.4962666666667, 626.4973]","[80, 16, 105, 65, 61, 80, 80, 16, 65, 61, 80, 56, 16, 141, 61, 65, 80, 56, 16, 80, 61, 65, 118, 56, 16, 80, 65, 16, 80, 56, 65, 149, 56, 80, 56, 61, 16, 56, 80]"
626.5912,626.602,626.6148,626.5968,5.035674095153809,0.0236,"[626.5917666666667, 626.5918333333333, 626.5921333333333, 626.5955666666666, 626.5977666666666, 626.5981666666667, 626.5985, 626.5987, 626.6000666666666, 626.6022333333333, 626.6023, 626.6026666666667, 626.6032, 626.6044, 626.6058, 626.6078666666667, 626.6081, 626.6092, 626.6105333333334, 626.6107333333333, 626.6115, 626.6126, 626.6127666666666, 626.6137666666667, 626.6141333333334, 626.6142666666667]","[16, 65, 56, 80, 61, 16, 80, 65, 56, 98, 16, 65, 80, 98, 65, 80, 64, 56, 65, 80, 156, 16, 138, 56, 65, 80]"
636.4852,636.496,636.5188,636.4964,5.610846042633057,0.0336,"[636.4859, 636.4870333333333, 636.4877, 636.4898, 636.4901333333333, 636.4911333333333, 636.4914, 636.4920333333333, 636.4921666666667, 636.4928, 636.4941666666666, 636.4961666666667, 636.4964, 636.4978666666667, 636.4978666666667, 636.498, 636.4989666666667, 636.4994666666666, 636.4996, 636.4996333333333, 636.4996666666667, 636.5001666666667, 636.5002, 636.5005333333334, 636.5024, 636.5029333333333, 636.5035, 636.5055333333333, 636.5057333333333, 636.5065, 636.5069333333333, 636.5073666666667, 636.5080333333333, 636.5088666666667, 636.5089333333333, 636.5092333333333, 636.5097333333333, 636.5102333333333, 636.5104666666666, 636.5113666666666, 636.512, 636.5120666666667, 636.5143333333333, 636.5159, 636.5170333333333, 636.5173666666667, 636.5176, 636.5176, 636.5184333333333]","[164, 65, 138, 80, 164, 56, 16, 65, 80, 61, 80, 149, 56, 80, 98, 65, 141, 143, 56, 65, 16, 87, 80, 63, 80, 56, 141, 98, 143, 56, 80, 141, 16, 80, 138, 64, 65, 87, 120, 105, 16, 80, 56, 65, 16, 80, 63, 66, 87]"
636.8208,636.8472,636.864,636.8496,12.02152156829834,0.0432,"[636.8241, 636.8246, 636.8249666666667, 636.8273, 636.8282666666667, 636.8304666666667, 636.8316333333333, 636.8321666666667, 636.8324666666666, 636.8328666666666, 636.8345, 636.8365333333334, 636.8375333333333, 636.8386666666667, 636.8395666666667, 636.8396333333334, 636.8401333333334, 636.8416333333333, 636.8416666666667, 636.8424333333334, 636.8434666666667, 636.8444333333333, 636.8453333333333, 636.8455333333334, 636.8472, 636.8478, 636.8498333333333, 636.8505333333334, 636.8519333333334, 636.8533666666667, 636.8542333333334, 636.8544, 636.8549333333333, 636.8561333333333, 636.8575666666667, 636.8577, 636.8587, 636.8593, 636.8627, 636.8629666666667]","[80, 16, 56, 65, 80, 61, 65, 80, 16, 56, 136, 61, 120, 56, 80, 87, 65, 56, 64, 16, 61, 80, 65, 16, 87, 136, 80, 61, 16, 65, 87, 105, 120, 56, 80, 16, 64, 87, 16, 80]"
637.1124,637.1256,637.1336,637.1256,6.411300182342529,0.0212,"[637.1126333333333, 637.1158, 637.1188666666667, 637.1189333333333, 637.1201333333333, 637.1203, 637.1209666666666, 637.125, 637.1260666666667, 637.1265, 637.1269, 637.1274333333333, 637.1275666666667, 637.1284333333333]","[56, 80, 56, 65, 80, 16, 65, 80, 65, 119, 16, 64, 61, 56]"
637.3188,637.3312,637.3548,637.3512,5.135848045349121,0.036,"[637.3196333333333, 637.3217, 637.3220333333334, 637.3223666666667, 637.3234, 637.3235, 637.3236333333333, 637.3239, 637.3267333333333, 637.3268666666667, 637.3278666666666, 637.3290333333333, 637.3299333333333, 637.3302333333334, 637.3305666666666, 637.3308, 637.3319, 637.3330666666667, 637.3338, 637.3358, 637.3371, 637.3381333333333, 637.3381666666667, 637.3405, 637.3405666666666, 637.3415666666667, 637.3417333333333, 637.3425, 637.3446333333334, 637.3446666666666, 637.3447333333334, 637.3471, 637.3478, 637.3484666666667, 637.3485, 637.3507333333333, 637.351, 637.3510333333334, 637.3519, 637.3521666666667, 637.3541666666666]","[56, 80, 64, 136, 65, 119, 16, 80, 56, 65, 80, 135, 16, 143, 65, 80, 136, 65, 56, 80, 16, 143, 119, 56, 65, 16, 116, 135, 80, 16, 65, 61, 80, 56, 159, 65, 16, 80, 61, 56, 56]"
638.1688,638.1792,638.1912,638.1812,6.326390743255615,0.0224,"[638.1695, 638.1708666666667, 638.1715666666666, 638.1739333333334, 638.1742, 638.1742333333333, 638.1746, 638.1772666666667, 638.1775, 638.1793333333334, 638.1809, 638.1813333333333, 638.1816, 638.1819, 638.1835666666667, 638.1856333333334, 638.187, 638.1890666666667, 638.1905333333333, 638.1907333333334, 638.1909666666667]","[80, 65, 16, 80, 65, 56, 61, 56, 80, 65, 16, 118, 80, 61, 65, 80, 16, 61, 65, 16, 56]"
640.7856,640.8108,640.8236,640.8104,12.617106437683104,0.038,"[640.7871666666666, 640.7883, 640.7891333333333, 640.7899666666667, 640.7909666666667, 640.7929666666666, 640.7946, 640.7946, 640.7954, 640.7964, 640.7995333333333, 640.7999, 640.8, 640.8006666666666, 640.8009, 640.8023666666667, 640.8029333333334, 640.8038, 640.8047, 640.8055666666667, 640.807, 640.809, 640.8100666666667, 640.8101333333333, 640.8104, 640.8108333333333, 640.8126666666667, 640.8156333333334, 640.8162, 640.8175, 640.8177333333333, 640.8193333333334]","[138, 120, 159, 16, 80, 56, 80, 65, 171, 61, 65, 80, 16, 56, 61, 159, 87, 65, 80, 16, 56, 80, 16, 65, 61, 87, 64, 116, 56, 80, 159, 16]"
641.0888,641.096,641.1192,641.0944,4.828393936157227,0.0304,"[641.0917666666667, 641.0920333333333, 641.0942666666666, 641.0945333333333, 641.0947666666667, 641.0951666666666, 641.0953333333333, 641.099, 641.1008, 641.1015, 641.1018333333334, 641.1021666666667, 641.1047, 641.1050666666666, 641.1064333333334, 641.1064666666666, 641.1077666666666, 641.1086666666666, 641.1088333333333, 641.1098333333333, 641.1098666666667, 641.1114666666666, 641.1137333333334, 641.1138333333333]","[80, 65, 16, 80, 65, 61, 120, 80, 65, 87, 80, 16, 80, 65, 64, 16, 63, 56, 80, 16, 61, 65, 16, 80]"
642.0352,642.0472,642.0632,642.0444,11.40316104888916,0.028,"[642.0358666666667, 642.0379, 642.0383, 642.0389666666666, 642.0397, 642.0398666666666, 642.0409666666667, 642.041, 642.0419333333333, 642.0435666666667, 642.0444333333334, 642.0447666666666, 642.0453, 642.0458666666667, 642.0462, 642.0478666666667, 642.0511666666666, 642.0512, 642.0517, 642.0517, 642.0526333333333, 642.053, 642.0531666666667, 642.0546333333333, 642.0555, 642.0571, 642.0588333333334, 642.0589666666667, 642.0594333333333, 642.0598666666667, 642.0625666666666]","[56, 149, 136, 16, 65, 61, 56, 80, 98, 16, 61, 65, 80, 56, 87, 16, 80, 16, 61, 65, 87, 56, 119, 63, 80, 56, 16, 143, 118, 61, 56]"
644.9744,644.9848,644.996,644.988,6.33390474319458,0.0216,"[644.9746, 644.9746333333334, 644.9774333333334, 644.9790666666667, 644.9798333333333, 644.9816333333333, 644.9819, 644.9819333333334, 644.9823333333334, 644.9834333333333, 644.9836333333334, 644.9842333333333, 644.9843666666667, 644.9845666666666, 644.9854666666666, 644.9856, 644.9900333333334, 644.9903666666667, 644.9912333333333, 644.9922]","[148, 61, 56, 159, 80, 65, 16, 148, 80, 140, 61, 56, 87, 65, 80, 135, 118, 138, 65, 80]"
646.1236,646.1452,646.1548,646.142,4.914918899536133,0.0312,"[646.1239333333333, 646.1241, 646.1245, 646.1275, 646.1279666666667, 646.1285, 646.1289666666667, 646.1295, 646.1300333333334, 646.1303333333333, 646.1319, 646.1319333333333, 646.1322, 646.1356, 646.1358333333334, 646.1361333333333, 646.1365333333333, 646.1382333333333, 646.1389666666666, 646.1399, 646.1424, 646.1427666666667, 646.1441666666667, 646.1445, 646.1451333333333, 646.1453333333334, 646.1454666666667, 646.1467666666666, 646.1481333333334, 646.1504666666667, 646.1508333333334, 646.1526]","[138, 80, 56, 118, 65, 80, 149, 56, 61, 65, 80, 56, 16, 66, 116, 80, 16, 65, 80, 164, 80, 65, 61, 80, 156, 65, 16, 56, 80, 61, 120, 65]"
651.022,651.0324,651.0424,651.0292,3.148892641067505,0.0204,"[651.0222333333334, 651.0224666666667, 651.0265, 651.0270666666667, 651.0276666666666, 651.0297666666667, 651.0312333333334, 651.0394333333334, 651.0398333333334]","[56, 65, 65, 80, 87, 56, 65, 56, 80]"
717.5932,717.6056,717.6392,717.6084,6.669770240783691,0.046,"[717.5932333333334, 717.5949666666667, 717.5953, 717.5953666666667, 717.5971666666667, 717.5976333333333, 717.5977, 717.6007, 717.601, 717.6011666666667, 717.6028666666666, 717.6033666666667, 717.6037666666666, 717.6068333333334, 717.6069, 717.6071, 717.6076666666667, 717.6096, 717.6100333333334, 717.6105, 717.611, 717.6124, 717.6126, 717.6127333333334, 717.6136, 717.6162666666667, 717.6163666666666, 717.6168333333334, 717.6169666666667, 717.6177666666666, 717.6199, 717.6201, 717.6208333333333, 717.6209666666666, 717.6214333333334, 717.6219, 717.6232333333334, 717.6235333333333, 717.6237666666667, 717.6246, 717.6252333333333, 717.6274666666667, 717.6278666666667, 717.6287666666667, 717.63, 717.6301333333333, 717.6342, 717.6342333333333, 717.6343333333333, 717.6348, 717.6354666666666, 717.6365333333333, 717.6371]","[80, 61, 138, 16, 65, 136, 80, 56, 80, 65, 61, 65, 16, 80, 136, 56, 65, 61, 80, 56, 135, 80, 64, 16, 65, 80, 136, 16, 56, 65, 65, 80, 56, 16, 61, 143, 65, 136, 80, 56, 16, 80, 65, 16, 65, 80, 87, 80, 56, 65, 16, 65, 63]"
719.3812,719.3876,719.4088,719.3896,4.479131698608398,0.0276,"[719.3828, 719.3846, 719.3862666666666, 719.3885333333334, 719.3888, 719.3896, 719.3897666666667, 719.3897666666667, 719.3924, 719.3932333333333, 719.3959, 719.3962333333334, 719.3974333333333, 719.3988333333333, 719.3988333333333, 719.4009, 719.4023666666667, 719.4062, 719.4068, 719.407]","[65, 61, 56, 80, 16, 61, 57, 163, 65, 16, 80, 65, 56, 16, 87, 56, 65, 56, 65, 80]"
741.0388,741.0564,741.08,741.0552,5.728735446929932,0.0412,"[741.0419666666667, 741.0421, 741.0429333333333, 741.0429333333333, 741.0443, 741.0473666666667, 741.0490666666667, 741.0502333333334, 741.0511666666666, 741.0518333333333, 741.0563333333333, 741.0572333333333, 741.0577666666667, 741.0583666666666, 741.0600666666667, 741.0606, 741.0607333333334, 741.0610666666666, 741.0615666666666, 741.0638333333334, 741.0639666666667, 741.0658, 741.0680666666667, 741.0697, 741.0724666666666, 741.077, 741.0782, 741.0784666666667, 741.0798]","[65, 135, 80, 16, 56, 80, 16, 56, 65, 80, 61, 80, 56, 16, 65, 120, 56, 80, 16, 65, 64, 80, 56, 65, 16, 65, 16, 56, 65]"
751.6844,751.7084,751.716,751.706,6.893299102783203,0.0316,"[751.685, 751.6850333333333, 751.6870666666666, 751.6889, 751.6900666666667, 751.6922666666667, 751.6935666666667, 751.6947333333334, 751.6951333333334, 751.6953, 751.6955666666667, 751.6981, 751.6986666666667, 751.7004333333333, 751.7006666666666, 751.7015333333334, 751.7017, 751.7036, 751.7036666666667, 751.7061, 751.7064, 751.7067666666667, 751.7080666666667, 751.7095, 751.7103, 751.7107, 751.712, 751.7137, 751.7156]","[16, 148, 80, 56, 116, 80, 56, 65, 80, 61, 16, 80, 65, 16, 61, 80, 65, 16, 87, 148, 61, 56, 80, 65, 16, 80, 61, 56, 65]"
753.4684,753.4828,753.4956,753.4852,16.08625030517578,0.0272,"[753.4693, 753.4697333333334, 753.4701666666666, 753.4728333333334, 753.4728666666666, 753.4754333333333, 753.4756333333333, 753.4758333333333, 753.476, 753.4767666666667, 753.4771333333333, 753.4772333333333, 753.4789333333333, 753.4792666666667, 753.4794666666667, 753.4806, 753.4806333333333, 753.4808333333333, 753.4861, 753.4861666666667, 753.4864, 753.4867666666667, 753.4868, 753.4873333333334, 753.488, 753.4899333333333, 753.4902, 753.4915666666667, 753.4937, 753.4937333333334, 753.4937333333334, 753.4939333333333, 753.4939666666667, 753.4954]","[65, 80, 16, 56, 65, 56, 138, 80, 116, 105, 87, 16, 149, 61, 65, 80, 16, 56, 16, 61, 87, 80, 65, 64, 16, 120, 119, 80, 80, 65, 64, 61, 87, 56]"
754.7004,754.708,754.7288,754.7088,4.207476615905762,0.0284,"[754.7004333333333, 754.7007333333333, 754.701, 754.7013666666667, 754.7048333333333, 754.705, 754.7050666666667, 754.7058, 754.7089, 754.7094666666667, 754.7105, 754.7110333333334, 754.7131, 754.7139333333333, 754.7163666666667, 754.7168, 754.7197666666667, 754.7200666666666, 754.7203, 754.7224333333334, 754.7228, 754.7232, 754.7233333333334, 754.7257333333333, 754.7262666666667, 754.7288]","[159, 56, 16, 80, 65, 16, 80, 61, 80, 65, 138, 16, 65, 80, 65, 80, 80, 154, 65, 16, 56, 80, 65, 149, 61, 16]"
758.8136,758.8228,758.8356,758.82,6.789105415344238,0.022,"[758.8170666666666, 758.8181333333333, 758.8199666666667, 758.8203333333333, 758.8207333333334, 758.8207666666667, 758.8211, 758.8221333333333, 758.8222666666667, 758.8223666666667, 758.8269666666666, 758.8284666666667, 758.8287, 758.8298666666667, 758.8315333333334, 758.8318, 758.8339666666667, 758.8354]","[80, 65, 61, 16, 80, 116, 65, 87, 56, 64, 65, 80, 159, 16, 87, 65, 116, 61]"
760.9704,760.9804,760.9932,760.9804,7.14281702041626,0.0228,"[760.9742, 760.9752, 760.9755, 760.9759, 760.9762333333333, 760.9807333333333, 760.9821333333333, 760.9875666666667, 760.9887666666667, 760.9889666666667, 760.989, 760.9892, 760.9898666666667]","[65, 80, 61, 16, 56, 80, 65, 80, 16, 87, 65, 141, 56]"
762.7156,762.7244,762.7412,762.7232,5.486675262451172,0.0256,"[762.7162, 762.7165333333334, 762.7166333333333, 762.7187, 762.7189, 762.7191333333334, 762.7193, 762.7195333333333, 762.7208666666667, 762.7209, 762.7209333333333, 762.7218666666666, 762.7227333333333, 762.7256333333333, 762.7272, 762.7272666666667, 762.7289333333333, 762.7291, 762.7291666666666, 762.7319666666667, 762.7325, 762.7351, 762.7360666666667, 762.7361, 762.7361666666667, 762.7386666666666, 762.7387, 762.7390666666666, 762.7408333333333]","[65, 80, 56, 105, 80, 65, 16, 56, 64, 65, 80, 138, 16, 120, 80, 56, 65, 16, 80, 16, 56, 61, 16, 80, 65, 87, 138, 60, 80]"
762.9524,763.0324,763.0632,763.0344,17.480701446533203,0.1108,"[762.9562, 762.9577, 762.9577333333333, 762.9579333333334, 762.9585333333333, 762.9599666666667, 762.9611, 762.9634, 762.9636, 762.9685333333333, 762.9686, 762.9696333333334, 762.9697, 762.9708, 762.9712, 762.9718666666666, 762.9719333333334, 762.9723666666666, 762.9769666666666, 762.9777666666666, 762.9786, 762.979, 762.9794333333333, 762.9799, 762.9802, 762.9847333333333, 762.9871666666667, 762.9883, 762.9919333333333, 762.9922, 762.9928333333334, 762.9948, 762.9949666666666, 762.9968, 762.9974666666667, 763.0009666666666, 763.0015333333333, 763.0026, 763.0033, 763.0038666666667, 763.0040666666666, 763.0059, 763.0069333333333, 763.0075333333333, 763.0115333333333, 763.0115666666667, 763.0116333333333, 763.0150333333333, 763.0152666666667, 763.0153666666666, 763.0168333333334, 763.0168666666667, 763.0181333333334, 763.0205333333333, 763.0212666666666, 763.0217, 763.0221333333334, 763.0229333333333, 763.0236666666667, 763.0243666666667, 763.0246333333333, 763.0293666666666, 763.0293666666666, 763.0294333333334, 763.0298666666666, 763.0299333333334, 763.0330666666666, 763.0331, 763.0341666666667, 763.0348, 763.0359666666667, 763.0363, 763.0363666666667, 763.0367333333334, 763.0368, 763.0402333333334, 763.0405666666667, 763.0413333333333, 763.0415666666667, 763.0425, 763.0430666666666, 763.0433, 763.0459333333333, 763.046, 763.0465333333333, 763.0467, 763.0471, 763.0489, 763.0500333333333, 763.0503, 763.0514333333333, 763.0522, 763.0524333333333, 763.0527333333333, 763.0543666666666, 763.0551666666667, 763.056, 763.0577333333333, 763.0578, 763.0589333333334, 763.0603333333333, 763.0615666666666, 763.0629333333334]","[98, 80, 16, 116, 64, 65, 164, 16, 56, 164, 159, 116, 16, 80, 65, 159, 87, 16, 16, 80, 56, 65, 16, 164, 87, 56, 80, 141, 87, 16, 56, 80, 135, 16, 61, 56, 80, 65, 16, 61, 80, 65, 87, 80, 61, 65, 80, 16, 65, 56, 80, 87, 116, 65, 80, 56, 120, 87, 16, 80, 65, 80, 16, 65, 56, 61, 56, 80, 61, 65, 65, 80, 63, 16, 56, 61, 65, 16, 80, 56, 65, 148, 56, 65, 16, 80, 148, 63, 65, 80, 61, 56, 148, 16, 80, 56, 65, 16, 80, 138, 61, 65, 80]"
763.4676,763.4888,763.5092,763.5004,7.846782207489014,0.0416,"[763.4677333333333, 763.4677666666666, 763.469, 763.4702, 763.4705, 763.4726, 763.4731333333333, 763.4732, 763.4734333333333, 763.4739333333333, 763.4746666666666, 763.4747, 763.4754, 763.4770333333333, 763.4789, 763.4790333333333, 763.4811333333333, 763.4816333333333, 763.4820333333333, 763.4824, 763.4830666666667, 763.4831333333333, 763.4834333333333, 763.4836, 763.4840333333333, 763.4841333333334, 763.4845666666666, 763.4852, 763.4864, 763.4866333333333, 763.4890333333333, 763.4891666666666, 763.4908, 763.4909333333334, 763.4911, 763.4922, 763.4951, 763.4962666666667, 763.498, 763.4981, 763.4987, 763.4993666666667, 763.4995666666666, 763.5004, 763.5008, 763.5012, 763.5056, 763.5060666666667, 763.5071666666666, 763.5083, 763.5090333333334]","[80, 56, 61, 16, 80, 65, 156, 16, 80, 65, 87, 61, 56, 143, 65, 138, 56, 80, 65, 16, 63, 61, 105, 65, 87, 80, 16, 56, 65, 119, 118, 65, 80, 16, 138, 56, 16, 80, 56, 16, 65, 61, 80, 16, 143, 56, 56, 65, 118, 65, 16]"
767.7684,767.7864,767.8188,767.7856,6.690979480743408,0.0504,"[767.7705666666667, 767.7705666666667, 767.7707, 767.7716, 767.7722666666666, 767.773, 767.7740666666666, 767.7743, 767.7745333333334, 767.7751666666667, 767.7791, 767.7797, 767.7809333333333, 767.7811666666666, 767.7832666666667, 767.7845333333333, 767.7877, 767.788, 767.7897666666667, 767.7905666666667, 767.7907333333334, 767.7908666666667, 767.7915, 767.7928, 767.7931333333333, 767.7939666666666, 767.7940333333333, 767.7951333333333, 767.7966666666666, 767.7973666666667, 767.7977666666667, 767.7982666666667, 767.7987666666667, 767.7988, 767.8011333333334, 767.8037, 767.8037666666667, 767.8041666666667, 767.8046333333333, 767.8046333333333, 767.8056333333334, 767.8062666666667, 767.8063, 767.8066666666666, 767.8067, 767.8075, 767.8086333333333, 767.8088, 767.8099, 767.8104, 767.8106333333334, 767.8114, 767.8132666666667, 767.8135333333333, 767.8137666666667, 767.8146333333333, 767.8147666666666, 767.8152333333334, 767.8156, 767.8172, 767.8187, 767.8187, 767.8187666666666]","[80, 56, 65, 16, 138, 98, 65, 80, 56, 16, 80, 65, 56, 80, 65, 80, 80, 65, 56, 80, 16, 65, 149, 168, 65, 80, 16, 56, 65, 80, 16, 164, 56, 168, 80, 80, 16, 65, 149, 56, 168, 80, 16, 61, 65, 138, 80, 56, 164, 65, 16, 80, 56, 80, 65, 16, 61, 60, 80, 65, 61, 136, 56]"
767.992,768.0108,768.0312,768.014,7.520788669586182,0.0392,"[767.9928333333334, 767.9928333333334, 767.9950666666666, 767.9951, 767.9963666666666, 767.9969333333333, 767.9985, 767.9986666666666, 767.9995333333334, 767.9996, 767.9999666666666, 768.0002333333333, 768.0016, 768.0033, 768.0036333333334, 768.0040333333334, 768.0058333333334, 768.0071333333333, 768.0071333333333, 768.0084, 768.0097666666667, 768.0106, 768.0106333333333, 768.0112, 768.0119333333333, 768.0123666666667, 768.0138666666667, 768.0160666666667, 768.0161333333333, 768.0162333333334, 768.0166333333333, 768.0193333333333, 768.0210666666667, 768.0214, 768.0217333333334, 768.0220333333333, 768.0221666666666, 768.0230333333334, 768.0231666666666, 768.0244666666666, 768.0257666666666, 768.0268333333333, 768.027, 768.0311666666666]","[65, 64, 16, 80, 61, 56, 16, 80, 65, 87, 138, 159, 56, 16, 80, 65, 56, 80, 171, 16, 61, 65, 80, 16, 87, 65, 168, 16, 80, 56, 65, 116, 80, 168, 65, 171, 16, 64, 61, 119, 168, 16, 80, 80]"
771.3736,771.3804,771.3984,771.3784,4.435108184814453,0.0248,"[771.3740666666666, 771.3758666666666, 771.3764, 771.3767333333333, 771.3786333333334, 771.3788, 771.3795, 771.3815333333333, 771.3821666666666, 771.3824, 771.3835, 771.3840333333334, 771.3860333333333, 771.3869333333333, 771.3871666666666, 771.3874666666667, 771.3881, 771.3884, 771.3894333333334, 771.3899666666666, 771.39, 771.3916666666667, 771.3928333333333, 771.3928666666667, 771.3932333333333, 771.3933666666667, 771.3944666666666, 771.3950666666667, 771.3963666666667, 771.3978666666667]","[56, 65, 80, 16, 61, 65, 80, 56, 80, 65, 61, 16, 168, 80, 65, 56, 60, 16, 80, 65, 56, 168, 148, 16, 65, 80, 56, 138, 65, 168]"
772.0652,772.082,772.102,772.0796,12.133746147155762,0.0368,"[772.0657333333334, 772.0666, 772.0690333333333, 772.0691, 772.0736, 772.0742333333334, 772.0746, 772.0748, 772.0757, 772.0758666666667, 772.0773333333333, 772.0775, 772.0781666666667, 772.0796666666666, 772.0804666666667, 772.0808, 772.0813333333333, 772.0854666666667, 772.0924, 772.0925666666667, 772.0932666666666, 772.0937333333334, 772.0949333333333, 772.0956666666667, 772.0967, 772.0967333333333, 772.0996666666666, 772.1004, 772.1008666666667, 772.1015333333334, 772.1016333333333]","[149, 56, 65, 80, 56, 80, 16, 65, 56, 149, 65, 80, 16, 80, 61, 65, 164, 65, 80, 65, 61, 56, 116, 65, 16, 149, 56, 80, 65, 16, 61]"
772.4912,772.5016,772.5284,772.5016,7.077498912811279,0.0372,"[772.4933, 772.4942333333333, 772.4944666666667, 772.4946666666667, 772.4966666666667, 772.4967, 772.4977, 772.4985333333333, 772.502, 772.502, 772.5022666666666, 772.5030666666667, 772.5050666666667, 772.5051, 772.5052, 772.5074, 772.5079666666667, 772.5099666666666, 772.5103333333333, 772.5104666666666, 772.5125333333333, 772.5147, 772.5151, 772.5157333333333, 772.5161333333333, 772.5195, 772.5196666666667, 772.5210666666667, 772.5229, 772.5240666666666, 772.5241, 772.5247, 772.5252666666667, 772.5275666666666, 772.5279, 772.5279]","[65, 56, 16, 80, 65, 56, 16, 80, 60, 65, 56, 80, 64, 56, 65, 80, 16, 65, 80, 56, 65, 80, 16, 65, 56, 65, 80, 16, 80, 116, 65, 16, 60, 80, 61, 16]"
774.9008,774.9108,774.9232,774.9204,4.024969100952148,0.0224,"[774.9018333333333, 774.9023666666667, 774.9024666666667, 774.9029666666667, 774.9038, 774.9060666666667, 774.9064333333333, 774.9072, 774.9093666666666, 774.9094666666666, 774.9095, 774.9095666666667, 774.9100666666667, 774.9108333333334, 774.9121333333334, 774.9121666666666, 774.9139333333334, 774.9143, 774.9167666666667, 774.9173333333333, 774.9175666666666, 774.9179, 774.9192333333333, 774.9202333333334, 774.9206, 774.9210666666667, 774.9214, 774.9214666666667]","[61, 80, 16, 65, 56, 80, 16, 65, 56, 16, 143, 65, 87, 80, 61, 143, 65, 80, 56, 65, 116, 80, 16, 80, 61, 65, 56, 16]"
775.8864,775.8924,775.9068,775.8924,3.0431876182556152,0.0204,"[775.8869, 775.8873333333333, 775.8874333333333, 775.8877666666667, 775.8878333333333, 775.8880333333333, 775.8891666666667, 775.8893333333333, 775.8905333333333, 775.8920333333333, 775.8921, 775.8935, 775.8946, 775.8947666666667, 775.8959, 775.8963666666667, 775.8968666666667, 775.8976666666666, 775.8984666666666, 775.9, 775.9006, 775.9007333333333, 775.9014333333333, 775.9015, 775.9039333333334, 775.9040333333334, 775.906, 775.9067]","[61, 164, 65, 80, 64, 16, 87, 56, 80, 65, 16, 149, 56, 16, 80, 64, 65, 87, 171, 16, 61, 80, 64, 65, 149, 16, 141, 65]"
777.5604,777.6512,777.6736,777.6496,13.00150203704834,0.1132,"[777.5606, 777.5631, 777.5656666666666, 777.5658, 777.5662666666667, 777.5668, 777.5670333333334, 777.5672666666667, 777.5675, 777.5702333333334, 777.5708666666667, 777.5724333333334, 777.5725333333334, 777.5734333333334, 777.5759333333333, 777.5764666666666, 777.5768333333333, 777.5773666666666, 777.5778333333334, 777.5783333333334, 777.5784, 777.5784666666667, 777.5787333333334, 777.5790333333333, 777.5818666666667, 777.5819666666666, 777.5833666666666, 777.5843333333333, 777.5845666666667, 777.5853666666667, 777.5860333333334, 777.5885666666667, 777.5896666666666, 777.5898333333333, 777.5901333333334, 777.5907, 777.5934333333333, 777.5948666666667, 777.5971666666667, 777.5988666666667, 777.6039666666667, 777.6046666666666, 777.6061333333333, 777.6063666666666, 777.6094333333333, 777.6096666666666, 777.6127, 777.6133333333333, 777.6136, 777.614, 777.6164666666666, 777.6176, 777.6180666666667, 777.6182333333334, 777.6188666666667, 777.619, 777.6203333333333, 777.6216666666667, 777.6261, 777.6262666666667, 777.6264333333334, 777.6264666666667, 777.6267333333333, 777.6269, 777.6292333333333, 777.6303333333333, 777.6305333333333, 777.6311, 777.6327333333334, 777.6339, 777.6351333333333, 777.6353666666666, 777.6363333333334, 777.6379333333333, 777.6387, 777.6392666666667, 777.6393, 777.6395666666666, 777.6400333333333, 777.6405333333333, 777.6447666666667, 777.6460333333333, 777.6462666666666, 777.6462666666666, 777.6484666666666, 777.6487, 777.6493666666667, 777.6501333333333, 777.6503333333334, 777.6530666666666, 777.6531333333334, 777.6532333333333, 777.6536, 777.6539666666666, 777.6548333333334, 777.6548666666666, 777.6552333333333, 777.6569666666667, 777.657, 777.6575333333334, 777.6581, 777.6586666666667, 777.6609666666667, 777.6611666666666, 777.6614333333333, 777.6622666666667, 777.6637333333333, 777.6640333333334, 777.6650333333333, 777.6650666666667, 777.6695, 777.6701333333333, 777.6706666666666, 777.672, 777.6721333333334, 777.6722666666667]","[56, 141, 164, 65, 61, 56, 87, 16, 80, 118, 141, 80, 64, 61, 80, 65, 16, 98, 164, 80, 64, 87, 56, 61, 141, 16, 80, 65, 56, 154, 80, 164, 61, 80, 16, 56, 65, 16, 56, 87, 56, 80, 16, 65, 61, 87, 80, 56, 65, 16, 87, 16, 105, 65, 56, 80, 65, 80, 65, 138, 80, 16, 164, 63, 65, 80, 16, 56, 65, 56, 80, 61, 65, 116, 80, 16, 56, 148, 61, 65, 65, 16, 80, 56, 65, 61, 80, 148, 16, 80, 16, 98, 56, 98, 61, 80, 65, 56, 16, 148, 61, 80, 16, 56, 65, 80, 61, 16, 56, 120, 80, 65, 16, 80, 61, 87]"
779.598,779.61,779.6236,779.612,3.617739677429199,0.0256,"[779.5992, 779.6006333333333, 779.6023, 779.6036333333333, 779.6043666666667, 779.6047, 779.6048333333333, 779.6063666666666, 779.6084666666667, 779.6086333333334, 779.6087, 779.6117, 779.6132333333334, 779.6135333333333, 779.6165666666667, 779.6195333333334, 779.6210333333333, 779.6225666666667]","[61, 80, 65, 16, 56, 159, 80, 136, 80, 65, 56, 80, 61, 56, 135, 16, 61, 56]"
779.95,779.9628,779.98,779.9672,5.980062007904053,0.03,"[779.9507333333333, 779.9511, 779.9555666666666, 779.9559, 779.9575666666667, 779.9583333333334, 779.9587, 779.9601666666666, 779.9609, 779.9625666666667, 779.9638666666667, 779.9651333333334, 779.9668333333333, 779.9675, 779.9678333333334, 779.9691, 779.9711666666667, 779.9739666666667, 779.9741, 779.9751333333334]","[80, 138, 65, 80, 138, 65, 118, 16, 80, 65, 56, 80, 16, 80, 65, 118, 116, 56, 16, 138]"
786.9984,787.0416,787.0536,787.0396,10.401219367980955,0.0552,"[787.0001333333333, 787.0006, 787.0006, 787.0008, 787.0009, 787.0022666666666, 787.0026, 787.0045333333334, 787.0055, 787.0058333333334, 787.0061666666667, 787.0071333333333, 787.0077666666666, 787.0081333333334, 787.0085, 787.0108, 787.0112, 787.0114, 787.0115666666667, 787.0119, 787.0131666666666, 787.0141666666667, 787.0153, 787.0158333333334, 787.0158666666666, 787.0169333333333, 787.0172, 787.0174666666667, 787.0184666666667, 787.0187666666667, 787.0189333333333, 787.0191666666667, 787.0194, 787.0208, 787.0217666666666, 787.0218, 787.0223, 787.0226666666666, 787.0238333333333, 787.0239, 787.0245333333334, 787.0247666666667, 787.0266, 787.0266, 787.0272333333334, 787.0283, 787.0286, 787.0290333333334, 787.0296, 787.0304666666667, 787.0309, 787.0330333333334, 787.0352, 787.0353333333334, 787.0383666666667, 787.0387666666667, 787.0395333333333, 787.0395666666667, 787.0413, 787.0413333333333, 787.0422666666667, 787.0430666666666, 787.0441, 787.0443333333334, 787.0446666666667, 787.0479333333334, 787.0488333333333]","[61, 64, 98, 16, 65, 80, 56, 65, 80, 16, 65, 135, 56, 80, 65, 80, 138, 16, 65, 56, 80, 16, 65, 80, 56, 98, 141, 65, 136, 16, 80, 105, 61, 65, 56, 80, 65, 16, 138, 61, 64, 16, 80, 65, 116, 56, 16, 80, 61, 65, 16, 16, 80, 56, 171, 65, 136, 61, 65, 80, 116, 16, 61, 135, 80, 56, 16]"
787.1496,787.1696,787.176,787.1672,3.1629064083099365,0.0264,"[787.1500666666667, 787.1510333333333, 787.1511333333333, 787.1512666666666, 787.1514, 787.1515666666667, 787.1522, 787.1547666666667, 787.1551666666667, 787.1554333333333, 787.1557666666666, 787.1558666666666, 787.1558666666666, 787.1584, 787.1588666666667, 787.1601333333333, 787.1625666666666, 787.1628, 787.1633666666667, 787.1646, 787.1647, 787.1663, 787.1677, 787.1683333333333, 787.1705333333333, 787.1724, 787.1725, 787.1726, 787.1739666666666, 787.1746666666667, 787.1753666666667, 787.1755666666667, 787.1757333333334]","[61, 16, 80, 66, 56, 65, 87, 16, 80, 65, 61, 64, 56, 159, 80, 56, 65, 16, 135, 80, 56, 65, 80, 16, 56, 16, 80, 65, 105, 61, 16, 80, 56]"
788.7004,788.71,788.736,788.7304,6.538571357727051,0.0356,"[788.7019, 788.7021, 788.7035, 788.7045666666667, 788.7046333333333, 788.7077666666667, 788.7081666666667, 788.7090666666667, 788.7098666666667, 788.7124333333334, 788.7125, 788.713, 788.7141666666666, 788.7155666666666, 788.7159666666666, 788.7168333333333, 788.7168333333333, 788.7207666666667, 788.7209666666666, 788.721, 788.7232666666666, 788.7261333333333, 788.7262333333333, 788.7266, 788.7269, 788.7276, 788.7282333333334, 788.7291, 788.7305, 788.7329, 788.7332666666666, 788.7337666666666, 788.7342, 788.7342333333333, 788.7342666666667]","[65, 56, 80, 16, 56, 16, 65, 80, 56, 65, 80, 135, 116, 16, 159, 80, 56, 80, 16, 65, 56, 61, 80, 65, 56, 87, 64, 138, 80, 105, 56, 116, 159, 65, 16]"
791.0296,791.0464,791.0576,791.0496,10.071276664733888,0.028,"[791.0303, 791.0303333333334, 791.0309666666667, 791.0311333333333, 791.0324, 791.0328666666667, 791.0341, 791.0345, 791.0353666666666, 791.0354, 791.0355, 791.0363666666667, 791.0372333333333, 791.0373666666667, 791.0388333333333, 791.0391666666667, 791.0397666666667, 791.0403, 791.0423333333333, 791.0429333333333, 791.0431666666667, 791.0446333333333, 791.0448666666666, 791.0450333333333, 791.0454, 791.0456, 791.0464, 791.0493, 791.0502, 791.0509, 791.0524, 791.0544, 791.0573666666667]","[164, 80, 61, 16, 138, 80, 98, 56, 80, 66, 16, 149, 61, 141, 16, 80, 65, 87, 135, 64, 164, 80, 141, 61, 65, 98, 87, 65, 80, 16, 56, 80, 56]"
792.3036,792.3172,792.3296,792.3172,11.695822715759276,0.026,"[792.3046333333333, 792.305, 792.3064333333333, 792.3065333333333, 792.3094, 792.311, 792.3110666666666, 792.3114, 792.3115333333334, 792.3149666666667, 792.3166666666667, 792.3176, 792.3178666666666, 792.3179333333334, 792.3225666666667, 792.3233333333334, 792.3243333333334, 792.3266, 792.3278666666666]","[65, 56, 80, 16, 65, 135, 61, 56, 16, 80, 65, 87, 61, 16, 120, 56, 56, 80, 63]"
796.672,796.688,796.694,796.6852,5.090983867645264,0.022,"[796.6738333333333, 796.6740333333333, 796.6741, 796.6742333333333, 796.675, 796.6756333333333, 796.6758666666667, 796.6778, 796.6787, 796.6801, 796.6815666666666, 796.6820666666666, 796.6829333333334, 796.6831, 796.6856, 796.6861, 796.6869666666666, 796.6885, 796.689, 796.6913333333333, 796.6917666666667, 796.6926666666667, 796.6939666666667]","[80, 138, 149, 65, 16, 56, 61, 80, 65, 61, 149, 65, 61, 16, 80, 163, 61, 16, 87, 80, 120, 56, 65]"
799.7132,799.7428,799.7544,799.7496,3.5786561965942383,0.0412,"[799.7152666666667, 799.7159666666666, 799.7176, 799.7193666666667, 799.7194666666667, 799.7197666666667, 799.7205666666666, 799.7210666666666, 799.7214333333334, 799.7242666666667, 799.7243666666667, 799.7243666666667, 799.7249333333333, 799.7269333333334, 799.7276, 799.7283333333334, 799.7285666666667, 799.7295, 799.7295666666666, 799.7297, 799.7304333333333, 799.7309333333334, 799.7317, 799.733, 799.7333666666667, 799.7346333333334, 799.7350333333334, 799.7350666666666, 799.7362333333333, 799.7379666666667, 799.7389666666667, 799.7393666666667, 799.7396, 799.7404666666666, 799.7405, 799.7406, 799.7412666666667, 799.7417, 799.7428, 799.7430333333333, 799.7431333333334, 799.7447333333333, 799.7450333333334, 799.7451666666667, 799.7452, 799.7460666666667, 799.7475333333333, 799.7480333333333, 799.7483333333333, 799.7487, 799.7498, 799.7511, 799.7514333333334, 799.7537666666667, 799.7538333333333]","[65, 80, 57, 80, 65, 159, 16, 56, 65, 65, 57, 135, 56, 80, 16, 65, 80, 56, 171, 61, 65, 80, 16, 56, 65, 141, 80, 57, 65, 80, 65, 171, 56, 87, 16, 80, 65, 61, 159, 57, 171, 80, 56, 57, 60, 65, 171, 138, 16, 80, 65, 56, 61, 135, 80]"
799.9112,799.9256,799.936,799.926,4.261301517486572,0.0248,"[799.9128, 799.9137666666667, 799.9141333333333, 799.9144333333334, 799.9170333333333, 799.9173, 799.9197333333333, 799.9201333333333, 799.9203, 799.9216666666666, 799.9227, 799.9339333333334, 799.9343]","[80, 56, 116, 65, 120, 80, 16, 61, 56, 80, 65, 65, 16]"
800.134,800.1432,800.1576,800.1432,6.538922309875488,0.0236,"[800.1341333333334, 800.1341333333334, 800.1346, 800.1353, 800.1353333333333, 800.1379333333333, 800.1383333333333, 800.1390333333334, 800.1434, 800.1436666666667, 800.1442333333333, 800.1445333333334, 800.1451333333333, 800.1471, 800.1483333333333, 800.1526666666666, 800.1527666666667, 800.154, 800.1544666666666, 800.1554333333333, 800.1556333333333]","[56, 63, 135, 16, 65, 80, 65, 87, 80, 65, 135, 61, 56, 80, 16, 159, 16, 65, 135, 56, 87]"
805.73,805.766,805.7728,805.7632,5.195817470550537,0.0428,"[805.7306, 805.7312333333333, 805.7317, 805.7337, 805.7343333333333, 805.7352, 805.7356333333333, 805.7359, 805.7360333333334, 805.7362666666667, 805.7369333333334, 805.7376333333333, 805.7384666666667, 805.7411333333333, 805.7414333333334, 805.7419666666667, 805.7422666666666, 805.7423333333334, 805.7435, 805.7445333333334, 805.745, 805.7452666666667, 805.7453, 805.7464333333334, 805.7474666666667, 805.7477666666666, 805.7485, 805.7488666666667, 805.7493333333333, 805.7508333333334, 805.7515, 805.7515666666667, 805.7517333333333, 805.7532, 805.7541666666667, 805.7542333333333, 805.7545666666666, 805.755, 805.7551, 805.7561333333333, 805.7568333333334, 805.7594, 805.7596333333333, 805.7601666666667, 805.7603, 805.7621333333333, 805.7631666666666, 805.764, 805.7651666666667, 805.7653, 805.7677, 805.7682666666667, 805.7682666666667]","[16, 56, 143, 80, 56, 120, 65, 87, 16, 143, 80, 65, 119, 80, 16, 143, 65, 87, 56, 16, 80, 64, 65, 118, 105, 80, 65, 16, 56, 65, 118, 80, 16, 65, 16, 80, 61, 63, 65, 105, 80, 65, 80, 16, 56, 80, 65, 56, 61, 87, 80, 66, 63]"
808.3676,808.3764,808.3928,808.3752,6.269380569458008,0.0252,"[808.3684666666667, 808.3684666666667, 808.3693666666667, 808.3703666666667, 808.3710666666667, 808.3723333333334, 808.3726333333333, 808.3762, 808.3765333333333, 808.3768333333334, 808.3771, 808.3803333333333, 808.3805333333333, 808.3814, 808.3817333333334, 808.3821666666666, 808.3823, 808.3841333333334, 808.3852, 808.3873, 808.3919]","[80, 65, 16, 56, 65, 98, 80, 65, 80, 16, 171, 140, 80, 65, 16, 98, 56, 80, 65, 80, 56]"
809.524,809.5332,809.55,809.5356,6.8465189933776855,0.026,"[809.5261666666667, 809.5281, 809.5294333333334, 809.5306666666667, 809.5306666666667, 809.5307666666666, 809.5310333333333, 809.5311666666666, 809.5346333333333, 809.5350333333333, 809.5357, 809.5366, 809.537, 809.5370333333333, 809.5374, 809.5380666666666, 809.5402, 809.5408333333334, 809.5412333333334, 809.5426666666667, 809.5434333333334, 809.5443333333334, 809.545, 809.5458666666667, 809.5464666666667, 809.5481333333333, 809.5493, 809.5493333333334, 809.55]","[65, 80, 135, 80, 16, 56, 65, 61, 80, 164, 56, 65, 61, 80, 16, 87, 56, 65, 136, 98, 80, 61, 65, 80, 63, 65, 66, 135, 80]"
810.6796,810.6948,810.7116,810.6932,7.999569416046143,0.032,"[810.6801666666667, 810.6802, 810.6807333333334, 810.6808, 810.6829333333334, 810.6831666666667, 810.6833, 810.6833666666666, 810.6848, 810.6855333333333, 810.6855333333333, 810.6860666666666, 810.6878666666667, 810.6887333333333, 810.6888333333334, 810.6892, 810.6907333333334, 810.6912333333333, 810.6914666666667, 810.6929333333334, 810.6930333333333, 810.6932666666667, 810.6937333333333, 810.6941666666667, 810.6953666666667, 810.6956333333334, 810.6969333333333, 810.6974, 810.6980333333333, 810.6995, 810.6995333333333, 810.7005, 810.7009666666667, 810.7020666666666, 810.7025666666667, 810.7036333333333, 810.7061, 810.7061666666667, 810.7063333333333, 810.7090333333333, 810.7093, 810.7113]","[98, 56, 16, 80, 141, 80, 64, 65, 16, 80, 63, 56, 141, 80, 65, 16, 56, 141, 80, 65, 80, 64, 16, 61, 56, 80, 65, 98, 80, 16, 141, 61, 56, 65, 80, 56, 116, 65, 80, 61, 16, 80]"
811.0184,811.0292,811.0396,811.03,7.774660587310791,0.0212,"[811.0203333333334, 811.0207, 811.0218666666667, 811.0228, 811.0237666666667, 811.0259, 811.0263333333334, 811.0266333333333, 811.0272, 811.0275333333333, 811.0282666666667, 811.0284, 811.0303, 811.0314666666667, 811.0324333333333, 811.0341, 811.0342333333333, 811.0366333333334, 811.0382333333333, 811.0387]","[65, 16, 80, 65, 87, 80, 65, 16, 87, 63, 56, 80, 16, 138, 56, 16, 80, 65, 16, 61]"
811.2572,811.2632,811.2844,811.2632,4.360396862030029,0.0272,"[811.2574, 811.2583, 811.2593666666667, 811.2601666666667, 811.2609, 811.2621333333333, 811.2630666666666, 811.2631, 811.2634666666667, 811.2646, 811.2658333333334, 811.2658666666666, 811.2681666666666, 811.2686666666667, 811.2705333333333, 811.2735, 811.2739666666666, 811.2743, 811.275, 811.2750666666667, 811.2754666666667, 811.2760666666667, 811.2785, 811.2790333333334, 811.2791333333333, 811.2795666666667, 811.2806, 811.2822]","[116, 56, 80, 16, 65, 80, 87, 61, 16, 56, 80, 65, 65, 105, 105, 65, 16, 80, 63, 65, 56, 16, 140, 16, 56, 61, 65, 80]"
812.1288,812.1428,812.1512,812.1328,4.169515609741211,0.0224,"[812.1296666666667, 812.1303333333333, 812.1303666666666, 812.1335, 812.1343333333333, 812.1348333333333, 812.1386, 812.1399666666666, 812.1427333333334, 812.1432, 812.1434, 812.1443333333333, 812.1445333333334, 812.1478666666667, 812.1481666666666, 812.1483, 812.1486666666667, 812.15]","[56, 16, 141, 80, 61, 65, 80, 65, 56, 116, 65, 171, 80, 65, 16, 80, 61, 64]"
815.0908,815.1012,815.1128,815.1012,12.27613925933838,0.022,"[815.0915333333334, 815.0917, 815.0922, 815.0945, 815.0952, 815.0962666666667, 815.0964333333334, 815.0968, 815.0977333333333, 815.0979333333333, 815.0996, 815.0996333333334, 815.0998, 815.1003, 815.1013333333333, 815.1015333333334, 815.1015666666667, 815.1021, 815.1024333333334, 815.1070666666667, 815.1071, 815.1075333333333, 815.1082, 815.1086666666666, 815.1088333333333, 815.1089, 815.1091666666666, 815.1110333333334]","[65, 56, 80, 16, 148, 65, 80, 16, 56, 116, 80, 65, 171, 16, 61, 105, 87, 16, 56, 65, 80, 16, 63, 87, 138, 64, 61, 16]"
816.4544,816.468,816.478,816.4672,8.948862075805664,0.0236,"[816.4546, 816.4569, 816.4582333333333, 816.4608333333333, 816.4617, 816.462, 816.4620666666667, 816.4644666666667, 816.4661, 816.4667333333333, 816.4668666666666, 816.4673, 816.4678666666666, 816.4682333333334, 816.4694, 816.4712333333333, 816.4758333333333, 816.4762666666667, 816.4779]","[80, 16, 65, 80, 65, 64, 16, 65, 80, 149, 16, 65, 119, 61, 16, 80, 80, 65, 16]"
816.5472,816.5536,816.5864,816.572,4.405984401702881,0.0392,"[816.5486666666667, 816.5505, 816.5512, 816.5528666666667, 816.5546, 816.5556666666666, 816.556, 816.5573333333333, 816.5578666666667, 816.5586, 816.5588666666666, 816.5595, 816.562, 816.5621666666667, 816.5625333333334, 816.5627, 816.5641, 816.5646666666667, 816.5648, 816.5661, 816.5669666666666, 816.5678666666666, 816.5686333333333, 816.5690666666667, 816.5698, 816.5715666666666, 816.5730333333333, 816.5739666666667, 816.5741333333333, 816.5791, 816.5801333333334, 816.5803666666667, 816.5812, 816.5824666666666, 816.5842, 816.5855666666666]","[80, 148, 80, 65, 16, 65, 80, 61, 56, 65, 80, 120, 80, 61, 65, 16, 116, 87, 56, 149, 16, 61, 98, 80, 65, 56, 16, 80, 65, 65, 80, 16, 56, 65, 16, 61]"
816.6564,816.674,816.6836,816.6764,7.877963066101074,0.0272,"[816.6570333333333, 816.6575, 816.6588333333333, 816.6604, 816.6611333333333, 816.6621666666666, 816.6633, 816.6636, 816.6649666666667, 816.6652, 816.6655, 816.6689333333334, 816.6691333333333, 816.6703333333334, 816.6707333333334, 816.6722666666667, 816.6742, 816.6752, 816.6755666666667, 816.6766, 816.6768333333333, 816.6783333333333, 816.6792333333333, 816.6794333333333, 816.6806, 816.6812666666667, 816.682]","[80, 143, 16, 80, 120, 143, 65, 16, 56, 80, 61, 80, 65, 143, 16, 80, 65, 16, 87, 143, 80, 138, 65, 143, 80, 98, 16]"
818.6324,818.648,818.656,818.65,5.49757194519043,0.0236,"[818.6325, 818.6344333333333, 818.6362333333333, 818.6393333333333, 818.6431, 818.6439666666666, 818.6445333333334, 818.6467, 818.6478333333333, 818.6479333333333, 818.6491333333333, 818.6507666666666, 818.6518666666667, 818.6536333333333, 818.6544]","[163, 65, 80, 66, 80, 61, 138, 163, 80, 98, 16, 56, 65, 116, 16]"
818.9112,818.926,818.9384,818.93,7.202101230621338,0.0272,"[818.9114333333333, 818.9114666666667, 818.9125, 818.9135333333334, 818.917, 818.9171666666666, 818.9172333333333, 818.9187333333333, 818.9192333333333, 818.9196, 818.9203333333334, 818.9248666666666, 818.9270333333334, 818.9290333333333, 818.9299, 818.9301, 818.9306666666666, 818.9309333333333, 818.9351, 818.9366333333334, 818.9368, 818.9372333333333]","[56, 87, 65, 119, 65, 149, 56, 80, 16, 116, 63, 65, 16, 61, 149, 80, 138, 16, 149, 80, 65, 16]"
819.0828,819.0916,819.11,819.0936,4.417553424835205,0.0272,"[819.0835, 819.0835, 819.0837666666666, 819.0847666666666, 819.0849333333333, 819.0868666666667, 819.0884, 819.0886666666667, 819.0895333333333, 819.0897, 819.0897333333334, 819.0901333333334, 819.0915333333334, 819.0922, 819.0925, 819.0928333333334, 819.0929666666667, 819.0930333333333, 819.0937, 819.0938, 819.094, 819.0942666666666, 819.0944333333333, 819.095, 819.0961, 819.0977, 819.0977, 819.0982333333334, 819.0985666666667, 819.0988666666667, 819.099, 819.1005333333334, 819.1011333333333, 819.1024, 819.1057333333333, 819.1057666666667, 819.1059666666666, 819.1075, 819.1081, 819.1082666666666]","[80, 65, 16, 56, 61, 80, 16, 98, 65, 80, 56, 118, 105, 80, 65, 16, 61, 116, 63, 119, 80, 87, 56, 16, 65, 80, 138, 56, 65, 61, 16, 80, 16, 56, 16, 80, 65, 87, 80, 16]"
820.6964,820.7216,820.7288,820.7212,6.394970417022705,0.0324,"[820.6971666666667, 820.6988333333334, 820.6993, 820.7008333333333, 820.7012333333333, 820.7031333333333, 820.7036666666667, 820.7040666666667, 820.7046, 820.7053, 820.7055333333333, 820.706, 820.7070333333334, 820.7075666666667, 820.7093, 820.7104333333333, 820.7105333333334, 820.7109333333333, 820.7109333333333, 820.7142666666666, 820.7146, 820.7148666666667, 820.7154666666667, 820.7157666666667, 820.7162666666667, 820.7167666666667, 820.7172666666667, 820.7174, 820.7178333333334, 820.7193333333333, 820.7194, 820.7197, 820.7203333333333, 820.7206, 820.7226333333333, 820.7234, 820.7239666666667, 820.7250666666666, 820.7259333333334, 820.7267666666667, 820.7268, 820.7272, 820.7276]","[168, 16, 65, 80, 56, 65, 80, 16, 61, 56, 105, 168, 80, 66, 149, 80, 61, 65, 16, 80, 168, 16, 138, 65, 56, 80, 65, 63, 16, 65, 80, 56, 16, 60, 61, 16, 80, 65, 80, 65, 16, 168, 63]"
826.672,826.704,826.722,826.7028,7.058413028717041,0.05,"[826.6730333333334, 826.6759, 826.6774666666666, 826.6782333333333, 826.6783666666666, 826.6831666666667, 826.6832, 826.6835, 826.6855666666667, 826.6871, 826.6875333333334, 826.6885666666667, 826.6891, 826.6914333333333, 826.6914666666667, 826.6935666666667, 826.6939333333333, 826.6943, 826.6947, 826.6960666666666, 826.6971, 826.6973333333333, 826.6975, 826.6975666666667, 826.6980333333333, 826.6980666666667, 826.6993333333334, 826.6999333333333, 826.7, 826.7014666666666, 826.7016666666667, 826.7019, 826.7020333333334, 826.7020666666666, 826.7021, 826.7037666666666, 826.7043, 826.7045333333333, 826.7060333333334, 826.7064333333333, 826.7072666666667, 826.7079, 826.7080666666667, 826.7084333333333, 826.7091666666666, 826.7101, 826.7110666666666, 826.7113, 826.7134333333333, 826.7142666666666, 826.7145333333333, 826.7164333333334, 826.7166, 826.7171666666667, 826.718, 826.7190666666667, 826.7197]","[65, 61, 56, 80, 65, 80, 65, 56, 16, 56, 65, 80, 61, 80, 65, 16, 56, 80, 65, 143, 138, 154, 80, 65, 16, 64, 80, 65, 16, 61, 63, 65, 80, 120, 56, 143, 56, 16, 65, 80, 65, 16, 80, 56, 61, 120, 80, 56, 16, 80, 65, 16, 80, 65, 61, 80, 16]"
827.2668,827.2816,827.3,827.2832,5.217034339904785,0.0332,"[827.2674, 827.2690666666666, 827.2701666666667, 827.2728666666667, 827.2730333333334, 827.2734333333333, 827.2739333333334, 827.2745, 827.2754666666667, 827.2768333333333, 827.2769333333333, 827.279, 827.2791333333333, 827.2811333333333, 827.2811666666666, 827.2827666666667, 827.2828333333333, 827.2837, 827.2838, 827.2842666666667, 827.2844666666666, 827.2878, 827.2882666666667, 827.2892666666667, 827.2909333333333, 827.2909333333333, 827.2915, 827.2925, 827.2931, 827.2939, 827.2948333333334, 827.2956333333333, 827.2971333333334, 827.2981666666667, 827.2990666666667]","[65, 80, 65, 65, 57, 80, 16, 119, 65, 61, 80, 56, 116, 16, 80, 65, 61, 80, 57, 56, 65, 80, 56, 116, 80, 16, 65, 87, 63, 16, 63, 80, 56, 16, 65]"
827.424,827.4372,827.4476,827.4368,9.718284606933594,0.0236,"[827.4259333333333, 827.426, 827.4263, 827.4295333333333, 827.4297, 827.4300666666667, 827.4302666666666, 827.4315666666666, 827.4329, 827.4348, 827.435, 827.4368666666667, 827.4371, 827.4373, 827.4375666666666, 827.4384, 827.4405666666667, 827.4408333333333, 827.4423666666667, 827.4433, 827.4444666666667, 827.4450333333333, 827.4450333333333, 827.4457666666667, 827.4475333333334]","[16, 80, 61, 56, 80, 65, 16, 61, 56, 80, 65, 61, 56, 80, 16, 65, 80, 56, 138, 118, 119, 56, 138, 80, 16]"
829.9452,829.964,829.9684,829.9652,3.133866786956787,0.0232,"[829.9457, 829.9461, 829.9465, 829.9475666666667, 829.9485666666667, 829.9488666666666, 829.9492666666666, 829.9503666666667, 829.9505, 829.9505666666666, 829.9518666666667, 829.9521333333333, 829.9523333333333, 829.9524, 829.9543333333334, 829.9549333333333, 829.9551666666666, 829.9554666666667, 829.9562333333333, 829.9573333333333, 829.9576, 829.9576333333333, 829.9594333333333, 829.9597333333334, 829.9599666666667, 829.9611666666667, 829.9615333333334, 829.9618666666667, 829.9624, 829.9641333333333, 829.9654666666667, 829.9662666666667]","[61, 16, 80, 116, 80, 56, 149, 61, 65, 135, 16, 56, 80, 66, 65, 80, 16, 56, 65, 80, 56, 163, 66, 80, 149, 61, 80, 65, 56, 138, 141, 80]"
830.6368,830.6428,830.6676,830.6444,4.023856163024902,0.0308,"[830.6385666666666, 830.6394666666666, 830.6394666666666, 830.6396333333333, 830.6407333333333, 830.6439, 830.6464666666667, 830.6467666666666, 830.6471333333334, 830.6483, 830.6494333333334, 830.6508333333334, 830.6525, 830.6528666666667, 830.6556, 830.6608, 830.6608, 830.6612, 830.6616666666666, 830.6618, 830.6619, 830.6664666666667, 830.667, 830.6675]","[116, 149, 56, 16, 80, 80, 65, 56, 60, 56, 118, 80, 65, 61, 80, 60, 16, 80, 87, 56, 61, 65, 16, 61]"
833.2492,833.2552,833.2708,833.266,3.7407870292663574,0.0216,"[833.2494333333333, 833.2511666666667, 833.2512333333333, 833.2526, 833.2533666666667, 833.2549333333334, 833.255, 833.2553, 833.2573333333333, 833.2579666666667, 833.2585666666666, 833.2587333333333, 833.2589333333333, 833.2605, 833.2614, 833.2629, 833.2634666666667, 833.2655, 833.2663333333334, 833.267, 833.2674333333333, 833.2698333333333]","[80, 141, 159, 16, 135, 65, 80, 16, 149, 56, 61, 119, 65, 64, 135, 16, 63, 164, 61, 80, 64, 65]"
835.674,835.6868,835.6968,835.6852,13.473275184631348,0.0228,"[835.6741333333333, 835.6760333333333, 835.6765333333333, 835.6766666666666, 835.6787666666667, 835.6810666666667, 835.6814, 835.6818666666667, 835.6827333333333, 835.684, 835.6844, 835.6859666666667, 835.686, 835.6864333333333, 835.6867, 835.6904333333333, 835.6918333333333, 835.692, 835.6924666666666, 835.6925333333334, 835.6935666666667]","[87, 16, 65, 80, 56, 65, 80, 56, 16, 65, 80, 56, 120, 16, 61, 80, 168, 65, 16, 56, 116]"
837.0232,837.034,837.0452,837.036,9.82460117340088,0.022,"[837.0235333333334, 837.0236333333334, 837.0244333333334, 837.0250666666667, 837.026, 837.0268333333333, 837.0269333333333, 837.0275, 837.0279666666667, 837.0287333333333, 837.0292333333333, 837.0295333333333, 837.0300666666667, 837.0320666666667, 837.0320666666667, 837.0322666666667, 837.034, 837.0349, 837.0349666666667, 837.0350666666667, 837.0371333333334, 837.038, 837.0381333333333, 837.0392333333333, 837.0393, 837.0419333333333, 837.0421]","[119, 16, 154, 65, 80, 116, 56, 16, 65, 80, 56, 65, 16, 80, 56, 65, 154, 16, 65, 80, 80, 16, 65, 116, 80, 16, 80]"
837.1848,837.1944,837.206,837.1964,3.9009742736816406,0.0212,"[837.1854333333333, 837.1863, 837.1904, 837.1907, 837.1922333333333, 837.1929333333334, 837.1932, 837.1939333333333, 837.1982666666667, 837.1985666666667, 837.2004, 837.2010333333334]","[65, 16, 65, 80, 56, 16, 80, 65, 61, 16, 65, 80]"
837.9764,837.9848,837.9992,837.9832,5.211888790130615,0.0228,"[837.9773333333334, 837.9779333333333, 837.9783, 837.9785, 837.9789, 837.9790666666667, 837.9792, 837.9797333333333, 837.9797666666667, 837.9804666666666, 837.9827, 837.9838666666667, 837.9839333333333, 837.984, 837.9846666666666, 837.9854333333334, 837.9864, 837.9885, 837.9894, 837.9903333333333, 837.9922666666666, 837.9933333333333, 837.9936, 837.9948, 837.9959, 837.9975333333333]","[80, 66, 65, 98, 61, 80, 16, 105, 64, 87, 80, 61, 141, 65, 56, 16, 80, 149, 80, 65, 56, 63, 65, 119, 80, 56]"
843.6836,843.6948,843.708,843.696,13.35823917388916,0.0244,"[843.6855333333333, 843.6862333333333, 843.6875666666666, 843.6893666666666, 843.6909666666667, 843.6912, 843.6914666666667, 843.692, 843.6941333333333, 843.6949, 843.6956333333334, 843.6969, 843.6971666666667, 843.6973666666667, 843.6982, 843.6993333333334, 843.7003333333333, 843.7009666666667, 843.7014666666666, 843.7016, 843.7021, 843.7038333333334, 843.7043333333334, 843.7043333333334, 843.7056666666666, 843.7065]","[65, 80, 16, 65, 61, 80, 56, 16, 80, 65, 16, 149, 80, 116, 65, 63, 80, 65, 135, 16, 61, 80, 65, 135, 16, 80]"
844.9944,845.0016,845.0192,845.0024,5.220258712768555,0.0248,"[844.9951333333333, 844.9965333333333, 844.9970333333333, 844.9979, 844.9982666666667, 845.0002333333333, 845.0004666666666, 845.0017333333333, 845.0030666666667, 845.0037333333333, 845.0048333333333, 845.0072666666666, 845.0075, 845.0077333333334, 845.0122666666666, 845.0158666666666, 845.0162666666666, 845.0165666666667, 845.0176666666666, 845.0181666666666]","[65, 119, 16, 56, 80, 65, 16, 80, 16, 56, 80, 56, 80, 65, 80, 80, 65, 16, 56, 80]"
845.1832,845.196,845.206,845.1932,5.658152103424072,0.0228,"[845.1841666666667, 845.1843, 845.1844, 845.1888, 845.1888333333334, 845.1897666666666, 845.1926666666667, 845.1933666666666, 845.1944333333333, 845.1946333333333, 845.1959666666667, 845.1968, 845.2014333333333, 845.2015333333334, 845.2025, 845.2043]","[80, 16, 65, 80, 16, 65, 80, 16, 56, 65, 80, 118, 80, 61, 65, 60]"
847.87,847.8824,847.8972,847.884,14.352984428405762,0.0272,"[847.8713, 847.8713333333334, 847.8721, 847.8729, 847.8732666666667, 847.8738333333333, 847.8752333333333, 847.8758, 847.8761666666667, 847.8765333333333, 847.8767, 847.8776, 847.8796333333333, 847.8804, 847.8807666666667, 847.881, 847.8814, 847.8816666666667, 847.8825333333333, 847.8826333333334, 847.8828666666667, 847.8829, 847.8834, 847.8837, 847.8862666666666, 847.8871666666666, 847.8877666666667, 847.8888, 847.8898, 847.8905666666667, 847.8912333333334, 847.8914333333333, 847.8916, 847.8928666666667, 847.8931, 847.8951, 847.8967666666666]","[135, 80, 16, 65, 80, 135, 16, 143, 65, 119, 80, 56, 143, 65, 87, 80, 171, 56, 65, 16, 64, 80, 61, 56, 119, 80, 66, 16, 80, 87, 143, 16, 65, 56, 80, 98, 65]"
849.0432,849.0716,849.0836,849.0632,4.762421607971191,0.0404,"[849.045, 849.0455, 849.0472333333333, 849.0481, 849.0482666666667, 849.0488333333333, 849.0498666666666, 849.0504, 849.0521666666667, 849.0526333333333, 849.0527666666667, 849.0542666666666, 849.0545, 849.0548666666666, 849.0554, 849.0558333333333, 849.0582666666667, 849.0588, 849.0589666666667, 849.0595666666667, 849.0606333333334, 849.0631666666667, 849.0635333333333, 849.0639333333334, 849.0645333333333, 849.0648333333334, 849.0659333333333, 849.0668, 849.0668666666667, 849.0674333333334, 849.0692333333334, 849.0693333333334, 849.0698, 849.0698666666667, 849.0703, 849.0703333333333, 849.0706333333334, 849.0737, 849.0742, 849.0742666666666, 849.0746, 849.0773666666666, 849.0775, 849.0783666666666, 849.0788, 849.0792, 849.081, 849.0812333333333, 849.0813666666667]","[80, 56, 16, 65, 61, 80, 16, 56, 65, 16, 80, 56, 61, 16, 65, 80, 65, 80, 154, 16, 65, 61, 16, 65, 80, 154, 56, 65, 80, 16, 63, 80, 61, 56, 16, 154, 65, 80, 154, 65, 16, 16, 56, 65, 80, 116, 16, 80, 120]"
849.2328,849.2444,849.2572,849.24,10.83774471282959,0.0244,"[849.2347333333333, 849.2358, 849.2359666666666, 849.2363, 849.2409333333334, 849.2429333333333, 849.2443666666667, 849.2472666666666, 849.2478666666667, 849.2484, 849.2488333333333, 849.2492333333333, 849.2509666666666, 849.2560666666667]","[80, 65, 56, 16, 56, 80, 65, 16, 61, 56, 80, 65, 116, 66]"
850.2988,850.316,850.3244,850.3152,6.042276382446289,0.0256,"[850.3011, 850.3012333333334, 850.3014, 850.3019, 850.3036, 850.3050666666667, 850.3051, 850.3054333333333, 850.3055666666667, 850.3067333333333, 850.3072, 850.3073, 850.3073, 850.3104, 850.3111, 850.3114333333333, 850.3117333333333, 850.3120666666666, 850.3124666666666, 850.3142666666666, 850.3150333333333, 850.3153, 850.3191666666667, 850.3194666666667, 850.3231, 850.3240666666667]","[80, 65, 16, 61, 56, 65, 116, 80, 16, 64, 56, 80, 65, 16, 61, 119, 80, 65, 56, 105, 56, 80, 65, 16, 61, 138]"
852.8024,852.8136,852.8308,852.8148,7.908872127532959,0.0284,"[852.8062666666667, 852.8063666666667, 852.8069, 852.8086, 852.8087666666667, 852.8089333333334, 852.8095333333333, 852.8104666666667, 852.8123666666667, 852.8124666666666, 852.8164666666667, 852.8165, 852.8181666666667, 852.8192, 852.8196666666666, 852.8204666666667, 852.8222666666667, 852.8230666666667, 852.8232666666667, 852.8236, 852.8248666666667, 852.8284666666667, 852.8287333333334, 852.8293, 852.8293333333334]","[80, 119, 65, 16, 98, 56, 80, 65, 80, 87, 65, 80, 116, 56, 65, 80, 148, 80, 65, 16, 61, 80, 16, 61, 65]"
854.6548,854.6664,854.6908,854.666,11.466751098632812,0.036,"[854.6553666666666, 854.6560333333333, 854.6571, 854.6574, 854.6585, 854.6610666666667, 854.6612, 854.6618333333333, 854.6643333333334, 854.6652666666666, 854.6657333333334, 854.6668666666667, 854.6688333333333, 854.6726333333334, 854.6732666666667, 854.6766666666666, 854.6770666666666, 854.6776333333333, 854.6794333333333, 854.6809666666667, 854.6809666666667, 854.6821666666667, 854.6826666666667, 854.6836, 854.6854666666667, 854.6878666666667, 854.6896, 854.6901333333333, 854.6908]","[65, 16, 159, 98, 65, 80, 56, 65, 80, 16, 65, 135, 80, 80, 65, 159, 65, 80, 135, 16, 65, 80, 61, 56, 159, 80, 64, 56, 159]"
856.2656,856.2904,856.3044,856.2884,11.524667739868164,0.0388,"[856.2672666666666, 856.2673, 856.2688333333333, 856.2697, 856.2701333333333, 856.2713333333334, 856.2728666666667, 856.2733, 856.2742666666667, 856.2744666666666, 856.2758666666666, 856.2775, 856.2778333333333, 856.2778666666667, 856.2782333333333, 856.2792666666667, 856.2797333333333, 856.2807, 856.2819666666667, 856.2820333333333, 856.2826666666666, 856.2828, 856.2833333333333, 856.2833333333333, 856.2855333333333, 856.2861333333333, 856.2861666666666, 856.2866, 856.2867, 856.2872666666667, 856.2874333333333, 856.2892666666667, 856.2894666666666, 856.2896, 856.2897333333333, 856.2907666666666, 856.2935333333334, 856.2951666666667, 856.2961, 856.2961333333334, 856.2964666666667, 856.2965666666666, 856.2969, 856.2974333333333, 856.3023, 856.3032, 856.3033666666666, 856.3036333333333]","[65, 80, 16, 61, 65, 80, 56, 65, 80, 16, 87, 65, 80, 16, 61, 56, 80, 16, 56, 116, 65, 80, 61, 149, 16, 65, 80, 87, 56, 105, 64, 61, 65, 56, 80, 16, 80, 65, 61, 80, 63, 16, 56, 138, 80, 87, 16, 61]"
857.164,857.1796,857.1876,857.1788,4.613188743591309,0.0236,"[857.1641666666667, 857.1666666666666, 857.1680666666666, 857.1699, 857.1708, 857.1718666666667, 857.1732666666667, 857.1752333333334, 857.1760666666667, 857.1769, 857.1788333333334, 857.1796333333333, 857.1805666666667, 857.1808666666667, 857.1860666666666, 857.1863666666667, 857.1870666666666, 857.1871666666667]","[56, 65, 80, 16, 56, 80, 65, 56, 16, 80, 65, 61, 56, 16, 65, 64, 116, 16]"
858.2604,858.2928,858.2992,858.2916,5.679211616516113,0.0388,"[858.2606, 858.2611, 858.2632666666667, 858.2635333333334, 858.2652666666667, 858.2655666666667, 858.2658, 858.2669, 858.2683333333333, 858.2695333333334, 858.2708666666666, 858.2710666666667, 858.2726, 858.2729666666667, 858.275, 858.2751, 858.276, 858.2775, 858.2788, 858.2791333333333, 858.2795666666667, 858.2798, 858.2829, 858.2836, 858.2837, 858.2843, 858.2856333333333, 858.2859333333333, 858.2873666666667, 858.2875, 858.2881666666667, 858.2898, 858.2920666666666, 858.2930333333334, 858.2945666666667]","[56, 65, 80, 65, 98, 56, 80, 65, 80, 16, 80, 65, 105, 65, 98, 61, 80, 65, 80, 64, 65, 56, 80, 16, 98, 65, 87, 80, 61, 16, 56, 65, 61, 56, 116]"
858.366,858.3732,858.396,858.3748,2.7332353591918945,0.03,"[858.3661, 858.3670666666667, 858.3689666666667, 858.3724, 858.3763333333334, 858.3783, 858.3784, 858.3799666666666, 858.3818, 858.3831666666666, 858.3835333333334, 858.3838666666667, 858.3851666666667, 858.3859, 858.3879333333333, 858.3890333333334, 858.3909333333334, 858.3933, 858.3934, 858.3936333333334, 858.3938, 858.3945666666667, 858.3959333333333]","[65, 80, 56, 80, 16, 80, 87, 65, 105, 16, 61, 65, 56, 87, 16, 80, 16, 80, 87, 64, 56, 65, 61]"
858.4164,858.4348,858.4468,858.4336,7.945303916931152,0.0304,"[858.4168666666667, 858.4173333333333, 858.4181, 858.4215333333333, 858.4223, 858.4230333333334, 858.4241333333333, 858.4267, 858.4267666666667, 858.4272, 858.4272333333333, 858.429, 858.4298666666666, 858.4304666666667, 858.4322, 858.433, 858.4330666666667, 858.4348333333334, 858.4348666666667, 858.4373, 858.4373333333333, 858.4387, 858.4387666666667, 858.4401333333333, 858.4405333333333, 858.4407666666667, 858.4412333333333, 858.4413, 858.4418333333333, 858.4422666666667, 858.443, 858.4444, 858.4444, 858.4445, 858.4450666666667]","[56, 65, 80, 16, 80, 65, 56, 61, 136, 80, 65, 16, 80, 65, 80, 16, 66, 65, 61, 65, 16, 80, 138, 116, 65, 56, 16, 87, 80, 105, 61, 16, 64, 56, 65]"
859.3776,859.388,859.414,859.3852,12.139389991760254,0.0364,"[859.3785333333333, 859.3792333333333, 859.3809, 859.3819, 859.3819666666667, 859.3838, 859.3852333333333, 859.3853, 859.3854666666666, 859.3860333333333, 859.3872, 859.3884666666667, 859.3886, 859.39, 859.3920666666667, 859.3923, 859.3930666666666, 859.3931, 859.3936333333334, 859.3965666666667, 859.3973333333333, 859.3974666666667, 859.3993666666667, 859.3994333333334, 859.4004333333334, 859.4013, 859.402, 859.4039666666666, 859.4045666666667, 859.4052666666666, 859.4053, 859.4057, 859.4076666666666, 859.4093333333333, 859.4094, 859.4108, 859.4108666666667]","[65, 16, 80, 65, 16, 80, 16, 56, 61, 65, 80, 16, 118, 65, 80, 16, 159, 61, 65, 56, 80, 65, 16, 80, 61, 65, 164, 61, 65, 56, 16, 80, 168, 65, 61, 80, 16]"
860.198,860.2088,860.2232,860.206,5.476075649261475,0.0252,"[860.1987333333333, 860.1991333333333, 860.2005333333333, 860.2010333333334, 860.2016666666667, 860.2026666666667, 860.2038666666666, 860.2063666666667, 860.2076, 860.2076666666667, 860.2084333333333, 860.2105666666666, 860.2111, 860.2118333333333, 860.2136, 860.2143333333333, 860.2143666666667, 860.2144666666667, 860.2148666666667, 860.2189333333333, 860.2198, 860.2225]","[136, 56, 116, 136, 80, 16, 65, 80, 65, 56, 16, 65, 80, 116, 61, 16, 65, 56, 80, 65, 16, 56]"
864.1532,864.1624,864.1828,864.1612,7.748020648956299,0.0296,"[864.1534333333333, 864.1559, 864.1562666666666, 864.1566, 864.1595, 864.1604, 864.1618666666667, 864.1624, 864.1627, 864.1633333333333, 864.1680333333334, 864.1714666666667, 864.1722333333333, 864.1722333333333, 864.1737, 864.1795]","[135, 65, 80, 56, 80, 65, 16, 116, 80, 56, 80, 65, 80, 56, 65, 56]"
867.1212,867.144,867.1564,867.1328,8.405146598815918,0.0352,"[867.1214666666667, 867.1234333333333, 867.1236666666666, 867.1243, 867.1251666666667, 867.1264333333334, 867.1282, 867.1286333333334, 867.1289666666667, 867.1300666666667, 867.1303333333333, 867.132, 867.1338, 867.1338666666667, 867.1348333333333, 867.1351, 867.1352333333333, 867.1361333333333, 867.1390666666666, 867.1423666666667, 867.1427, 867.1432333333333, 867.1443, 867.1449666666666, 867.1467, 867.1469, 867.1490666666666, 867.1525, 867.1540666666667, 867.1551333333333]","[16, 80, 56, 65, 16, 80, 16, 65, 138, 80, 141, 143, 65, 80, 116, 16, 56, 80, 143, 149, 56, 80, 16, 65, 80, 141, 118, 56, 164, 80]"
867.218,867.2348,867.242,867.2356,5.709151744842529,0.024,"[867.2186, 867.2188333333334, 867.2197, 867.2208333333333, 867.2211333333333, 867.2213333333333, 867.2221333333333, 867.2223, 867.2237666666666, 867.2251666666667, 867.2253333333333, 867.2256333333333, 867.2256666666667, 867.2276666666667, 867.2284333333333, 867.2299, 867.2303333333333, 867.2304333333333, 867.2342, 867.2344333333333, 867.2367, 867.2378666666667, 867.2380666666667, 867.2391333333334]","[149, 80, 16, 65, 61, 80, 168, 56, 16, 80, 65, 56, 138, 140, 65, 16, 80, 65, 56, 65, 61, 16, 56, 65]"
867.518,867.5292,867.5524,867.5284,3.8879432678222656,0.0344,"[867.5196, 867.5243, 867.5243666666667, 867.5244666666666, 867.5293333333333, 867.53, 867.5304333333333, 867.5305666666667, 867.5358666666667, 867.5368333333333, 867.5389, 867.5396333333333, 867.5397, 867.5438, 867.545, 867.5451666666667, 867.5469, 867.5473333333333, 867.5495666666667, 867.5510666666667, 867.5513333333333, 867.5524]","[16, 80, 65, 56, 61, 16, 65, 80, 80, 16, 80, 56, 16, 80, 16, 65, 56, 80, 16, 56, 65, 16]"
867.748,867.7736,867.7848,867.7776,5.443419456481934,0.0368,"[867.7486666666666, 867.7499, 867.7520333333333, 867.7520666666667, 867.7526333333333, 867.7528666666667, 867.7539333333333, 867.7547, 867.7562333333333, 867.7577, 867.7581333333334, 867.7582, 867.7595333333334, 867.7608, 867.7626333333334, 867.7636, 867.7644, 867.7652, 867.7657666666667, 867.7658333333334, 867.7668333333334, 867.7672, 867.7717, 867.7719333333333, 867.773, 867.7741666666667, 867.7756, 867.7756333333333, 867.7759333333333, 867.7761, 867.7764666666667, 867.7777666666667, 867.7779333333333, 867.7799666666666, 867.7821, 867.7823333333333, 867.7826, 867.7827, 867.783, 867.7840666666667, 867.7843333333333, 867.7844, 867.7844333333334]","[80, 65, 56, 61, 80, 65, 16, 65, 61, 56, 164, 80, 16, 56, 80, 149, 65, 80, 16, 56, 87, 65, 16, 80, 65, 16, 65, 87, 119, 80, 56, 16, 164, 116, 16, 65, 64, 80, 87, 63, 16, 65, 61]"
868.8736,868.8924,868.9048,868.8892,11.086405754089355,0.0312,"[868.8754333333334, 868.8772666666666, 868.8778333333333, 868.878, 868.8782, 868.8817333333334, 868.8818, 868.8819, 868.8849666666666, 868.8851333333333, 868.8857, 868.8859666666667, 868.8866333333333, 868.8875666666667, 868.8901, 868.8917333333334, 868.8925, 868.8927333333334, 868.8936333333334, 868.8937333333333, 868.8939333333333, 868.8941, 868.8947333333333, 868.8950333333333, 868.8956, 868.8957333333333, 868.8966, 868.9003, 868.9004333333334, 868.9004333333334, 868.9013, 868.902, 868.9021666666666, 868.9027, 868.9036333333333, 868.9047]","[80, 56, 16, 65, 80, 80, 65, 56, 80, 65, 16, 98, 56, 80, 164, 80, 65, 16, 56, 64, 66, 171, 168, 87, 80, 61, 149, 168, 171, 65, 80, 16, 61, 65, 56, 138]"
871.7076,871.7144,871.7276,871.7172,4.799074172973633,0.02,"[871.7099, 871.7115, 871.7121333333333, 871.7125333333333, 871.7128333333334, 871.7147, 871.7150333333333, 871.7153333333333, 871.7225666666667, 871.7227666666666, 871.7231666666667, 871.7252333333333, 871.7263, 871.7271666666667]","[138, 80, 56, 65, 16, 87, 105, 80, 63, 64, 56, 65, 16, 61]"
871.8952,871.906,871.918,871.9068,5.3192267417907715,0.0228,"[871.8956333333333, 871.8998, 871.9003333333334, 871.9014333333333, 871.9014666666667, 871.9021666666666, 871.9046666666667, 871.9069, 871.9070666666667, 871.9088, 871.9112333333334, 871.9127333333333, 871.9144333333334, 871.9145666666667, 871.9161]","[80, 65, 16, 80, 56, 61, 16, 80, 65, 16, 80, 56, 80, 16, 61]"
872.3288,872.3356,872.354,872.3388,4.337744235992432,0.0252,"[872.3293, 872.3299666666667, 872.3312666666667, 872.3316333333333, 872.3335333333333, 872.3343666666667, 872.3343666666667, 872.3344, 872.3388333333334, 872.3392666666666, 872.3395666666667, 872.3414, 872.3419, 872.3421333333333, 872.3429, 872.3446666666666, 872.3447, 872.3457333333333, 872.3459, 872.3466666666667, 872.3488, 872.3492666666667, 872.3501, 872.3507, 872.3514666666666, 872.3521333333333, 872.3529333333333, 872.3529333333333, 872.3532]","[16, 138, 80, 65, 56, 61, 16, 80, 80, 120, 61, 80, 65, 16, 56, 80, 98, 16, 61, 65, 56, 80, 87, 16, 80, 65, 16, 56, 61]"
873.3888,873.3996,873.4188,873.4004,10.5140962600708,0.03,"[873.3889, 873.3897666666667, 873.3898666666666, 873.3908, 873.3942, 873.3944666666666, 873.3951333333333, 873.3957, 873.3963333333334, 873.3982, 873.3992, 873.4020666666667, 873.4035666666666, 873.4074, 873.4092, 873.4096333333333, 873.41, 873.4129, 873.4141666666667, 873.4144333333334, 873.4148333333334, 873.4153666666666, 873.4159333333333]","[16, 80, 120, 149, 65, 80, 61, 56, 80, 65, 80, 116, 65, 61, 16, 80, 65, 16, 56, 80, 65, 61, 16]"
875.5272,875.5328,875.55,875.5312,3.070387601852417,0.0228,"[875.5274333333333, 875.5292333333333, 875.5295666666667, 875.5318333333333, 875.5322333333334, 875.5329333333333, 875.5337, 875.5338666666667, 875.5349333333334, 875.5371, 875.5379, 875.5383666666667, 875.5396, 875.5399666666667, 875.5439, 875.5456, 875.5470666666666, 875.5471666666666, 875.5472, 875.5474, 875.5482333333333, 875.5494333333334]","[65, 80, 64, 56, 61, 143, 65, 80, 105, 116, 16, 143, 80, 65, 80, 65, 16, 87, 56, 80, 119, 65]"
876.9844,876.9996,877.0136,877.002,8.763374328613281,0.0292,"[876.9844333333333, 876.9865666666667, 876.9870333333333, 876.9894333333333, 876.9897333333333, 876.9897666666667, 876.9924666666667, 876.9925, 876.9931666666666, 876.9944666666667, 876.9950666666666, 876.9967666666666, 876.9983, 876.9984333333333, 877.0008, 877.0009666666666, 877.0016, 877.0028, 877.0028666666667, 877.0029, 877.003, 877.0040333333334, 877.0046, 877.0052666666667, 877.0059666666667, 877.0068, 877.0075666666667, 877.0085666666666, 877.0107333333333, 877.0125666666667, 877.0131, 877.0136]","[80, 65, 56, 80, 16, 65, 80, 138, 16, 65, 56, 138, 16, 80, 65, 159, 80, 65, 56, 16, 159, 80, 136, 65, 135, 16, 136, 80, 61, 65, 80, 16]"
877.3024,877.3176,877.3276,877.3192,8.272930145263672,0.0252,"[877.3027666666667, 877.3027666666667, 877.3039666666666, 877.3053333333334, 877.3056333333334, 877.3059333333333, 877.3076333333333, 877.3078666666667, 877.3086, 877.3095666666667, 877.3101, 877.3101666666666, 877.3129, 877.3129666666666, 877.3135333333333, 877.3152333333334, 877.3154333333333, 877.3154333333333, 877.3165333333334, 877.3186, 877.3197333333334, 877.3221, 877.3240666666667, 877.3241333333333, 877.3251]","[154, 80, 16, 56, 65, 80, 80, 65, 16, 61, 136, 80, 65, 80, 16, 65, 80, 56, 16, 116, 80, 65, 16, 56, 65]"
879.0832,879.106,879.1168,879.1088,6.581157207489014,0.0336,"[879.0835, 879.0835333333333, 879.0835666666667, 879.0851666666666, 879.0857333333333, 879.0859666666666, 879.0876333333333, 879.0897, 879.0911333333333, 879.0915, 879.0922666666667, 879.0932666666666, 879.0933, 879.0958, 879.0962666666667, 879.0974, 879.098, 879.0987333333334, 879.1009, 879.1014333333334, 879.1015666666667, 879.1019333333334, 879.1034666666667, 879.1039, 879.1045666666666, 879.1059, 879.1073, 879.1085333333333, 879.1088333333333, 879.1101666666667, 879.1103, 879.1132333333334, 879.1147, 879.1149333333333, 879.1159666666666, 879.1163666666666]","[80, 16, 105, 119, 56, 61, 116, 16, 80, 65, 61, 80, 16, 119, 65, 61, 80, 56, 118, 80, 16, 65, 61, 80, 16, 56, 65, 80, 16, 61, 118, 65, 56, 168, 16, 98]"
879.2964,879.3236,879.3488,879.3228,16.38623046875,0.0524,"[879.2967333333333, 879.2970333333334, 879.2971333333334, 879.2972333333333, 879.299, 879.3013333333333, 879.3016666666666, 879.3029333333334, 879.3035, 879.3036666666667, 879.3050333333333, 879.3051, 879.3069, 879.3074333333333, 879.3102666666666, 879.3105, 879.3109333333333, 879.3118, 879.3137666666667, 879.3152, 879.3153666666667, 879.3160666666666, 879.3176666666667, 879.3188666666666, 879.3192666666666, 879.3199, 879.3217, 879.3235, 879.3242333333334, 879.3262666666667, 879.3291, 879.3344, 879.3353, 879.3369333333334, 879.3370333333334, 879.3372333333333, 879.3376333333333, 879.3421333333333, 879.3433666666666, 879.3436666666666, 879.3451, 879.3452, 879.3454333333333, 879.3470666666667, 879.3474666666667, 879.3478333333334, 879.3482, 879.3482333333334]","[80, 61, 16, 60, 56, 80, 65, 16, 61, 56, 65, 87, 56, 80, 168, 65, 80, 163, 168, 61, 163, 56, 168, 80, 16, 65, 87, 60, 56, 80, 65, 16, 171, 16, 65, 80, 87, 16, 116, 56, 16, 80, 65, 16, 61, 87, 56, 80]"
882.6832,882.6924,882.7124,882.6912,5.283559799194336,0.0292,"[882.6867, 882.6875666666666, 882.6885333333333, 882.6898333333334, 882.6912, 882.6943666666666, 882.695, 882.6953, 882.6993666666667, 882.6996, 882.7014333333333, 882.7026666666667, 882.7041666666667, 882.7065, 882.7074666666666, 882.7085333333333, 882.7094666666667, 882.7113333333333, 882.7116, 882.7121666666667]","[65, 116, 56, 80, 65, 56, 80, 65, 16, 80, 56, 65, 98, 80, 61, 65, 56, 87, 80, 65]"
883.0912,883.0988,883.12,883.1012,4.537863731384277,0.0288,"[883.0915, 883.093, 883.0947333333334, 883.0958, 883.0962, 883.0963666666667, 883.0966333333333, 883.0982666666666, 883.0996666666666, 883.1008666666667, 883.1017, 883.103, 883.1038666666667, 883.1041, 883.1047333333333, 883.1048333333333, 883.1054333333333, 883.1078333333334, 883.1082333333334, 883.1082666666666, 883.1084, 883.1085333333333, 883.1101, 883.1103, 883.1136333333334, 883.1136333333334, 883.1150333333334, 883.1158, 883.1161333333333, 883.1177, 883.1180666666667, 883.1193333333333]","[16, 80, 16, 61, 80, 65, 56, 65, 80, 16, 56, 65, 16, 80, 56, 61, 65, 80, 56, 135, 65, 16, 80, 16, 80, 65, 56, 80, 65, 154, 56, 80]"
883.3752,883.3984,883.4068,883.3956,5.481250762939453,0.0316,"[883.3754666666666, 883.3763, 883.3767666666666, 883.3769, 883.3802, 883.3805333333333, 883.383, 883.3838333333333, 883.3842, 883.3865666666667, 883.3871, 883.3883, 883.3885, 883.3885666666666, 883.3888333333333, 883.389, 883.3917333333334, 883.3921333333333, 883.3923333333333, 883.3923333333333, 883.3929333333333, 883.3948666666666, 883.3951, 883.3972666666666, 883.3974333333333, 883.3982666666667, 883.3983666666667, 883.3990666666666, 883.4044333333334, 883.405, 883.4063666666667]","[80, 16, 65, 56, 80, 16, 56, 65, 80, 116, 16, 56, 65, 61, 80, 119, 164, 16, 65, 56, 80, 16, 65, 61, 80, 16, 65, 56, 61, 16, 56]"
885.062,885.0796,885.0864,885.0816,5.201967716217041,0.0244,"[885.0629, 885.0634333333334, 885.0635666666667, 885.0637, 885.0643666666666, 885.0658666666667, 885.0661333333334, 885.0662, 885.0665, 885.0674666666666, 885.0678333333333, 885.0684, 885.0704333333333, 885.071, 885.0715333333334, 885.0717666666667, 885.0723333333333, 885.0757666666667, 885.0758, 885.0758333333333, 885.0762, 885.0765666666666, 885.0769, 885.0784666666667, 885.0788333333334, 885.0789333333333, 885.0800666666667, 885.0831333333333, 885.0844, 885.0846333333334, 885.0846333333334, 885.0848333333333]","[80, 98, 16, 65, 80, 61, 16, 65, 118, 64, 80, 16, 116, 98, 80, 16, 65, 80, 65, 171, 61, 16, 148, 56, 16, 80, 65, 61, 56, 80, 65, 16]"
886.0104,886.0252,886.032,886.026,3.603349924087525,0.0216,"[886.0128, 886.0159333333334, 886.0165, 886.0217666666666, 886.0246, 886.0270333333333, 886.0311666666666]","[149, 65, 159, 116, 80, 65, 65]"
886.148,886.1624,886.1896,886.1624,12.533455848693848,0.0416,"[886.1481333333334, 886.1514, 886.1521, 886.1568666666667, 886.1574333333333, 886.1577666666667, 886.1578666666667, 886.1582666666667, 886.1602666666666, 886.1611, 886.1625666666666, 886.1631, 886.1635333333334, 886.1641, 886.1644333333334, 886.1666, 886.1667666666667, 886.1673666666667, 886.1684333333334, 886.1688333333333, 886.1695333333333, 886.1705, 886.1707, 886.1709, 886.1710333333333, 886.1718666666667, 886.1725666666666, 886.1743, 886.1751333333333, 886.1780333333334, 886.1788, 886.1788333333334, 886.179, 886.1793, 886.1804666666667, 886.1829666666666, 886.1833333333333, 886.1844666666667, 886.1856, 886.1858, 886.1858666666667, 886.1866333333334, 886.1869, 886.1882666666667]","[16, 56, 80, 138, 168, 80, 56, 65, 64, 80, 138, 65, 16, 61, 56, 80, 84, 65, 80, 16, 65, 57, 80, 87, 64, 64, 16, 65, 80, 65, 16, 138, 80, 61, 56, 80, 135, 61, 135, 16, 65, 138, 56, 135]"
887.8864,887.9032,887.9144,887.9032,5.237705707550049,0.028,"[887.8871666666666, 887.8877666666667, 887.8883666666667, 887.8888666666667, 887.889, 887.8893, 887.8913333333334, 887.8914, 887.892, 887.8922333333334, 887.8930333333333, 887.8941333333333, 887.8943333333333, 887.8966333333333, 887.897, 887.8982333333333, 887.8987333333333, 887.8992333333333, 887.9002333333333, 887.9033, 887.9041333333333, 887.9044, 887.9049, 887.9111333333333, 887.9123]","[60, 16, 56, 65, 80, 61, 16, 65, 60, 80, 56, 80, 65, 16, 80, 60, 16, 65, 80, 16, 65, 80, 56, 80, 61]"
888.5056,888.5272,888.5508,888.5256,11.041086196899414,0.0452,"[888.5074, 888.5084666666667, 888.5100666666667, 888.5106333333333, 888.5122666666666, 888.5135333333334, 888.5153666666666, 888.5169666666667, 888.5175666666667, 888.5191, 888.5205333333333, 888.5216, 888.5254666666667, 888.5267, 888.5268, 888.5269333333333, 888.5269666666667, 888.5281, 888.5281666666667, 888.5301666666667, 888.5334, 888.5334333333333, 888.5339333333334, 888.5348333333334, 888.5349, 888.5349666666667, 888.5356, 888.5364666666667, 888.5370333333333, 888.5377333333333, 888.5395, 888.5406, 888.5419333333333, 888.5424333333333, 888.5442666666667, 888.5446333333333, 888.5467666666667, 888.5479, 888.5503333333334]","[16, 80, 138, 65, 16, 56, 16, 65, 80, 138, 16, 56, 65, 61, 64, 80, 16, 65, 87, 116, 16, 65, 119, 56, 138, 61, 80, 116, 118, 65, 16, 105, 80, 16, 87, 56, 16, 80, 61]"
888.9856,888.9924,889.0196,888.9904,3.9721908569335938,0.034,"[888.9875, 888.9876333333333, 888.9878666666667, 888.9887, 888.9893666666667, 888.994, 888.9979333333333, 888.9981333333334, 888.9991333333334, 889.0015, 889.0030666666667, 889.0038666666667, 889.0048, 889.0076, 889.008, 889.0083666666667, 889.0109333333334, 889.0117333333334, 889.0124666666667, 889.0151333333333, 889.0154666666666, 889.0174666666667, 889.0180666666666, 889.0182666666667, 889.0193]","[56, 61, 80, 16, 65, 16, 56, 65, 16, 80, 61, 16, 56, 80, 65, 16, 80, 16, 56, 65, 80, 61, 16, 80, 56]"
889.7304,889.7492,889.7676,889.7516,7.545932292938232,0.0372,"[889.7316333333333, 889.7324333333333, 889.7344333333333, 889.7346, 889.7349666666667, 889.7386, 889.7397, 889.7401, 889.7421, 889.7432, 889.7439333333333, 889.7443666666667, 889.7459, 889.7476333333333, 889.7478, 889.7486, 889.7493, 889.7526, 889.7533666666667, 889.7534666666667, 889.7542333333333, 889.7552, 889.7565, 889.7595, 889.7602, 889.7621666666666, 889.7662666666666, 889.767, 889.7670666666667]","[80, 56, 16, 65, 80, 80, 56, 65, 80, 16, 65, 80, 56, 138, 16, 116, 80, 80, 66, 64, 16, 65, 80, 16, 61, 80, 116, 16, 80]"
894.2176,894.2532,894.2596,894.2548,3.5807716846466064,0.042,"[894.2186333333333, 894.2200333333334, 894.2206666666667, 894.2216666666667, 894.2217, 894.2225, 894.2234333333333, 894.2236333333333, 894.2245, 894.2263666666666, 894.2264333333334, 894.2266333333333, 894.2275666666667, 894.2287333333334, 894.2291333333334, 894.2337, 894.236, 894.2364, 894.2396, 894.2397333333333, 894.2402333333333, 894.2405, 894.2416, 894.2426333333333, 894.2431333333334, 894.2481, 894.2493333333333, 894.2497, 894.2497333333333, 894.2499666666666, 894.2501666666667, 894.2518, 894.2526, 894.2547333333333, 894.2554333333334, 894.2557, 894.2568333333334, 894.2579666666667, 894.2584666666667, 894.2596]","[65, 138, 56, 65, 80, 61, 116, 16, 65, 80, 61, 138, 56, 65, 80, 65, 16, 80, 65, 171, 80, 16, 56, 80, 16, 116, 80, 61, 65, 16, 56, 80, 87, 61, 16, 65, 56, 98, 80, 16]"
895.018,895.0412,895.0528,895.0404,7.6524658203125,0.0348,"[895.0203333333334, 895.0220666666667, 895.0220666666667, 895.0236, 895.0237666666667, 895.0272666666667, 895.0274, 895.0284666666666, 895.029, 895.0299, 895.0323, 895.0327666666667, 895.0333, 895.0333333333333, 895.0337, 895.0351, 895.0365666666667, 895.0374666666667, 895.0375, 895.0381666666667, 895.0385, 895.0402, 895.0402333333334, 895.0406, 895.0412666666666, 895.0421, 895.0426333333334, 895.0436, 895.0438666666666, 895.0444333333334, 895.0445, 895.0465333333333, 895.0468666666667, 895.0471333333334, 895.0473666666667, 895.048, 895.0500666666667, 895.0505666666667]","[65, 80, 16, 56, 65, 80, 16, 65, 56, 80, 65, 16, 80, 56, 61, 65, 163, 80, 16, 56, 65, 138, 16, 80, 140, 56, 138, 154, 66, 16, 80, 61, 154, 56, 16, 80, 65, 56]"
900.8332,900.8572,900.876,900.8548,6.715774059295654,0.0428,"[900.8339333333332, 900.8368, 900.8373333333332, 900.8390333333332, 900.841, 900.8414, 900.8442333333334, 900.8454333333332, 900.8472333333332, 900.8481333333332, 900.8486, 900.8496, 900.8497333333332, 900.8504, 900.8506, 900.853, 900.8531666666668, 900.8535, 900.8550333333334, 900.8564, 900.8572666666666, 900.8574, 900.8583666666668, 900.8608333333332, 900.8631666666666, 900.8645666666666, 900.8673333333334, 900.8699666666666, 900.8709333333334, 900.8716333333332, 900.8731333333334, 900.8733333333332, 900.8755]","[80, 56, 16, 65, 80, 56, 65, 80, 16, 118, 56, 80, 64, 65, 120, 118, 80, 65, 16, 56, 118, 65, 80, 118, 16, 118, 16, 65, 149, 80, 61, 56, 80]"
907.3696,907.396,907.4028,907.394,4.285732269287109,0.0332,"[907.371, 907.372, 907.3721666666668, 907.3725333333332, 907.373, 907.3743666666668, 907.3760333333332, 907.3768333333334, 907.3771666666668, 907.3788, 907.3793666666668, 907.3807, 907.3811666666668, 907.3835, 907.3839333333332, 907.3853333333332, 907.3856333333332, 907.3873, 907.3877666666668, 907.3882333333332, 907.3898, 907.3900666666668, 907.3900666666668, 907.3924666666668, 907.3926, 907.3927, 907.3933, 907.3934333333332, 907.3942, 907.3951, 907.3952, 907.3964, 907.3991, 907.3992, 907.4003333333334, 907.4012, 907.4019333333332, 907.4022]","[56, 80, 65, 138, 16, 116, 143, 16, 80, 138, 56, 65, 80, 143, 80, 56, 16, 65, 80, 143, 16, 80, 65, 65, 80, 119, 16, 61, 63, 149, 143, 16, 65, 80, 16, 80, 56, 61]"
908.8948,908.9172,908.938,908.9152,5.468903064727783,0.0432,"[908.895, 908.8956, 908.8961666666668, 908.8965, 908.9001666666668, 908.9015333333332, 908.9018666666668, 908.9020333333332, 908.9020666666668, 908.9022333333334, 908.9048333333334, 908.9056333333332, 908.9059333333332, 908.9064, 908.908, 908.9092666666668, 908.9101, 908.9101333333332, 908.9102333333332, 908.911, 908.9110666666668, 908.9118333333332, 908.9142333333332, 908.9144333333334, 908.9153, 908.9154333333332, 908.9159666666668, 908.9159666666668, 908.916, 908.9163666666668, 908.9181, 908.9202, 908.9214, 908.9215, 908.9216333333334, 908.9233, 908.9240666666668, 908.9259666666668, 908.9264333333332, 908.9266, 908.9292333333332, 908.9296, 908.9364666666668, 908.9373333333332, 908.9373666666668]","[80, 56, 16, 65, 163, 65, 61, 80, 16, 56, 149, 65, 16, 56, 80, 65, 16, 149, 138, 56, 80, 65, 80, 65, 61, 56, 80, 149, 16, 63, 65, 163, 65, 61, 16, 80, 16, 61, 65, 80, 16, 65, 16, 61, 116]"
910.146,910.1716,910.1944,910.1696,8.6614990234375,0.0484,"[910.1472666666666, 910.1483666666668, 910.1499666666666, 910.1501, 910.1507666666666, 910.1508666666666, 910.1539, 910.154, 910.1547666666668, 910.1563333333334, 910.1572333333334, 910.1579333333332, 910.1602666666666, 910.1603, 910.1617, 910.1625, 910.1637666666668, 910.1657, 910.1657666666666, 910.1657666666666, 910.1663, 910.1666333333334, 910.1691333333332, 910.1695333333332, 910.1700666666668, 910.1705333333332, 910.1712, 910.1718666666668, 910.1727666666668, 910.1745666666668, 910.1751333333332, 910.1752666666666, 910.1758333333332, 910.1763, 910.1780333333334, 910.1784, 910.1799666666668, 910.1812666666668, 910.1827666666668, 910.1828, 910.1829666666666, 910.1838, 910.1840333333332, 910.1843333333334, 910.1848666666668, 910.1854333333332, 910.1867333333332, 910.1879666666666, 910.1881666666668, 910.1882666666668, 910.1888666666666, 910.1889, 910.1890666666668, 910.1900666666668, 910.1906666666666, 910.191, 910.1929333333334, 910.1940333333332, 910.1940333333332]","[56, 148, 16, 65, 80, 56, 65, 80, 16, 171, 65, 80, 16, 56, 65, 80, 65, 80, 148, 61, 16, 65, 80, 16, 65, 61, 56, 80, 116, 16, 56, 61, 65, 80, 16, 138, 56, 80, 65, 154, 164, 16, 61, 80, 118, 56, 65, 149, 98, 56, 80, 61, 154, 16, 65, 80, 16, 61, 65]"
912.5636,912.5844,912.5992,912.5848,12.281865119934082,0.0356,"[912.5665, 912.5668666666668, 912.5672333333332, 912.5684, 912.5687666666666, 912.5722333333332, 912.5725, 912.5726666666668, 912.5761, 912.5773333333332, 912.5774666666666, 912.5786333333332, 912.5790666666668, 912.5802333333334, 912.5803, 912.5839666666668, 912.5842333333334, 912.5851666666666, 912.5865333333334, 912.5869666666666, 912.5879333333334, 912.5896, 912.5927, 912.5939, 912.5973666666666, 912.5976333333332]","[80, 56, 16, 65, 80, 80, 65, 56, 16, 56, 98, 80, 65, 16, 56, 80, 16, 61, 65, 80, 56, 65, 16, 61, 56, 87]"
913.6452,913.6872,913.696,913.6868,5.669103145599365,0.0508,"[913.6463666666668, 913.6467, 913.6467333333334, 913.6493333333332, 913.6499666666666, 913.6502333333332, 913.6509666666668, 913.6532333333332, 913.6540666666668, 913.6543, 913.6543333333332, 913.6554, 913.6557666666666, 913.6566, 913.6572, 913.6578333333332, 913.6588, 913.659, 913.6618, 913.6628666666668, 913.6637, 913.665, 913.6650666666668, 913.6655666666668, 913.6656, 913.6673, 913.6682, 913.6682666666668, 913.6724, 913.6728, 913.6735333333334, 913.6760666666668, 913.6762333333334, 913.6763, 913.6772, 913.679, 913.6815666666666, 913.6819, 913.6821333333334, 913.6834333333334, 913.6838333333334, 913.6856666666666, 913.6863, 913.687, 913.6872666666668, 913.6877666666668, 913.6884, 913.6912, 913.6930333333332, 913.6932333333332, 913.6935, 913.6939, 913.6940666666668, 913.6944, 913.6955]","[56, 80, 87, 65, 120, 16, 61, 16, 64, 65, 80, 56, 63, 16, 138, 87, 80, 16, 56, 65, 138, 61, 16, 87, 80, 64, 65, 56, 61, 80, 65, 16, 63, 80, 65, 16, 80, 65, 16, 148, 56, 80, 65, 16, 61, 148, 80, 65, 56, 61, 148, 65, 80, 159, 56]"
914.36,914.3704,914.3832,914.3704,4.566265106201172,0.0232,"[914.3602, 914.3606, 914.3606666666668, 914.3648, 914.3652, 914.3659, 914.3661, 914.3663666666666, 914.3682666666666, 914.369, 914.3690333333332, 914.3698, 914.3701333333332, 914.3708333333332, 914.3719333333332, 914.3720333333332, 914.3722333333334, 914.3729666666668, 914.3733, 914.3752666666668, 914.3753333333332, 914.3776, 914.3778666666668, 914.3813666666666, 914.3815, 914.3824666666668, 914.3828333333332, 914.3830333333332]","[56, 65, 87, 16, 105, 119, 56, 80, 65, 116, 80, 16, 63, 61, 56, 105, 80, 65, 87, 80, 16, 65, 56, 87, 80, 56, 171, 16]"
916.4024,916.434,916.448,916.4352,6.145302772521973,0.0456,"[916.4026333333334, 916.4047, 916.4064333333332, 916.4069, 916.4082666666668, 916.4091666666668, 916.4093, 916.4142666666668, 916.4148, 916.4152, 916.4170333333332, 916.4189333333334, 916.421, 916.4210333333332, 916.4210666666668, 916.4220666666666, 916.4225333333334, 916.4270666666666, 916.4276333333332, 916.4289333333334, 916.4298, 916.4326, 916.4328, 916.4334, 916.4359666666668, 916.4363666666668, 916.4364, 916.4379666666666, 916.4381666666668, 916.4382333333332, 916.4387666666668, 916.442, 916.4428, 916.4429, 916.4446666666666, 916.4448, 916.4462666666668, 916.4464666666668]","[80, 65, 16, 116, 61, 80, 65, 16, 65, 80, 56, 65, 80, 16, 141, 65, 61, 16, 65, 80, 56, 65, 16, 80, 138, 61, 65, 56, 16, 80, 87, 141, 65, 16, 61, 56, 87, 65]"
917.0128,917.0408,917.0632,917.0392,8.271971702575684,0.0504,"[917.0157, 917.0168666666668, 917.0186666666668, 917.0195666666668, 917.0211333333332, 917.0212, 917.0223, 917.0238, 917.0243666666668, 917.0258, 917.0269, 917.0284666666666, 917.0293333333332, 917.0299666666666, 917.0311, 917.0315333333332, 917.0315666666668, 917.0322, 917.0325333333334, 917.0339333333334, 917.0346333333332, 917.0346666666668, 917.0350666666668, 917.0350666666668, 917.0354666666668, 917.0396333333332, 917.0399, 917.0401, 917.0420333333332, 917.0441, 917.0441333333332, 917.0443666666666, 917.0464666666668, 917.0476, 917.0481, 917.0515, 917.0520666666666, 917.0530333333334, 917.0554666666668, 917.0558333333332, 917.0562333333334, 917.0572333333332, 917.0574333333332, 917.0588666666666, 917.0603333333332, 917.0618666666668, 917.0623666666668, 917.0628333333332, 917.0631333333332]","[65, 80, 65, 56, 80, 65, 16, 65, 80, 16, 65, 80, 65, 61, 16, 56, 80, 65, 98, 64, 80, 16, 116, 65, 63, 80, 65, 164, 80, 65, 16, 61, 143, 56, 168, 65, 80, 16, 61, 65, 56, 80, 98, 120, 16, 65, 116, 80, 56]"
920.2508,920.2732,920.2932,920.2724,5.055643081665039,0.0424,"[920.2519333333332, 920.2525666666668, 920.2530333333332, 920.2535333333332, 920.2584333333332, 920.2597333333332, 920.2597333333332, 920.2656333333332, 920.2659333333334, 920.2680333333332, 920.2714, 920.273, 920.2732666666668, 920.2732666666668, 920.2736333333334, 920.2737333333332, 920.2741666666668, 920.2750666666668, 920.2794666666666, 920.2801, 920.2836333333332, 920.2853666666666, 920.2886333333332, 920.2886666666668, 920.2893]","[120, 16, 65, 80, 80, 65, 16, 80, 56, 16, 168, 116, 61, 16, 80, 65, 87, 56, 80, 16, 16, 65, 16, 61, 80]"
922.1028,922.1124,922.1288,922.1116,5.7047529220581055,0.026,"[922.1051666666668, 922.1052333333332, 922.1083, 922.1085333333332, 922.1088, 922.1089666666668, 922.1121666666668, 922.1125333333332, 922.1137, 922.1147, 922.1153, 922.1208333333332, 922.1217333333332, 922.1229333333332, 922.1238, 922.1240666666666, 922.1273666666668]","[80, 65, 56, 87, 64, 65, 61, 80, 16, 65, 56, 65, 80, 56, 65, 16, 56]"
922.5428,922.5564,922.5636,922.5588,3.5532448291778564,0.0208,"[922.5428, 922.5453, 922.5456, 922.5459666666668, 922.546, 922.5502666666666, 922.5517333333332, 922.5523, 922.5527333333332, 922.5533333333332, 922.5539333333334, 922.5539333333334, 922.5569666666668, 922.5589333333334, 922.5603, 922.5607, 922.5631, 922.5633333333334]","[56, 80, 61, 65, 16, 80, 65, 16, 61, 56, 80, 138, 65, 80, 16, 120, 65, 135]"
924.1312,924.1408,924.1524,924.1412,4.77313756942749,0.0212,"[924.1316666666668, 924.1317, 924.1334, 924.1340333333334, 924.1344, 924.1350333333334, 924.1365, 924.1375, 924.1387, 924.1407, 924.1407666666668, 924.1415333333332, 924.1426333333334, 924.1430666666666, 924.1431666666666, 924.1440666666666, 924.1442, 924.1451666666668, 924.1461, 924.1476333333334, 924.1485, 924.1488, 924.1503333333334, 924.1510666666668]","[56, 80, 65, 149, 98, 16, 56, 80, 141, 156, 80, 65, 61, 16, 80, 138, 56, 65, 164, 119, 61, 80, 16, 65]"
926.3572,926.364,926.3816,926.3652,4.118805885314941,0.0244,"[926.3574, 926.3611, 926.3612, 926.3645, 926.3654666666666, 926.3671, 926.3692666666668, 926.3705666666668, 926.3715333333332, 926.3742666666668, 926.3758, 926.3769666666668, 926.3774, 926.3784333333332]","[80, 65, 80, 60, 80, 16, 80, 65, 140, 60, 16, 65, 80, 56]"
930.0644,930.0788,930.0896,930.0828,5.41469144821167,0.0252,"[930.0649666666668, 930.0656333333334, 930.0666333333334, 930.0687333333332, 930.0710666666666, 930.0711666666666, 930.0713666666668, 930.0731, 930.0740333333332, 930.0751666666666, 930.0757, 930.0764, 930.0769, 930.0769, 930.0776333333332, 930.0805333333332, 930.0807, 930.0818333333332, 930.0831666666668, 930.0847, 930.0855666666666, 930.0867666666668, 930.0886, 930.0887]","[16, 80, 65, 61, 66, 16, 80, 16, 98, 80, 65, 56, 61, 16, 80, 16, 65, 80, 56, 16, 65, 80, 16, 56]"
930.5124,930.5476,930.5584,930.5512,7.1513495445251465,0.046,"[930.5126666666666, 930.5134666666668, 930.5136, 930.5137333333332, 930.5162333333334, 930.5170666666668, 930.5173333333332, 930.5175, 930.5180333333332, 930.5185, 930.5191333333332, 930.5217333333334, 930.5223333333332, 930.5240666666666, 930.5292666666668, 930.5302666666666, 930.5311333333332, 930.5321333333334, 930.5340666666668, 930.5378666666668, 930.5386333333332, 930.5387, 930.5420666666666, 930.5428, 930.5438, 930.5461333333334, 930.5475666666666, 930.5484666666666, 930.5508333333332, 930.5529333333334, 930.5532666666668, 930.5554]","[98, 80, 56, 16, 64, 116, 80, 61, 65, 16, 98, 98, 80, 87, 98, 16, 80, 56, 138, 98, 80, 120, 87, 16, 98, 56, 118, 80, 65, 61, 16, 80]"
931.8656,931.8756,931.8872,931.8764,9.453523635864258,0.0216,"[931.8661666666668, 931.8662, 931.8662, 931.8684333333332, 931.8684666666668, 931.8689, 931.8697, 931.8701666666668, 931.871, 931.8741666666666, 931.8746, 931.8759, 931.8759333333334, 931.8771, 931.8775333333332, 931.8781666666666, 931.8808, 931.8852333333332, 931.8852333333332, 931.8867333333334, 931.8871666666666]","[16, 80, 65, 98, 56, 80, 148, 16, 61, 65, 80, 138, 56, 80, 65, 61, 80, 80, 16, 56, 65]"
938.9576,938.97,938.9832,938.974,8.422046661376953,0.0256,"[938.9584, 938.9589333333332, 938.9612666666668, 938.9613666666668, 938.9614333333334, 938.9623333333332, 938.9634666666668, 938.9658, 938.9660666666666, 938.9683, 938.9686333333332, 938.9702333333332, 938.9725, 938.9727333333332, 938.9744666666668, 938.9746, 938.9746, 938.9746333333334, 938.9747666666668, 938.9771, 938.9774666666668, 938.9779666666668, 938.9792333333334, 938.9793333333332, 938.9831]","[80, 171, 16, 98, 65, 56, 80, 60, 65, 80, 16, 56, 65, 60, 16, 61, 120, 80, 164, 164, 65, 16, 56, 60, 60]"
940.9696,940.9956,941.0168,940.9936,18.098230361938477,0.0472,"[940.9698, 940.9724333333334, 940.9732666666666, 940.9734666666668, 940.9762, 940.9771333333332, 940.9778666666666, 940.9812, 940.9815666666668, 940.9816, 940.9816666666668, 940.9826, 940.9841333333334, 940.9843333333332, 940.9846333333334, 940.9868333333334, 940.9888666666668, 940.9894, 940.9905666666668, 940.9907333333332, 940.9910333333332, 940.9925666666668, 940.9937, 940.9944, 940.9944, 940.9953666666668, 940.9954666666666, 940.9973333333334, 940.9994, 941.0003, 941.0010666666668, 941.0027333333334, 941.0029, 941.0039333333332, 941.006, 941.006, 941.0066, 941.0068333333334, 941.0073333333332]","[16, 56, 80, 65, 16, 65, 80, 65, 98, 80, 56, 61, 80, 65, 56, 80, 65, 56, 80, 16, 154, 65, 56, 154, 16, 80, 65, 80, 56, 61, 65, 16, 56, 80, 64, 65, 87, 16, 61]"
941.28,941.296,941.3128,941.2972,7.638422012329102,0.0328,"[941.2805333333332, 941.2807, 941.2832, 941.285, 941.2858, 941.2864666666668, 941.2867666666668, 941.2877333333332, 941.2899, 941.2901666666668, 941.2907666666666, 941.2911666666666, 941.2916666666666, 941.2927333333332, 941.2932333333332, 941.2933, 941.2933333333332, 941.294, 941.2951666666668, 941.2969, 941.2977666666668, 941.2981333333332, 941.2992333333332, 941.301, 941.3018333333332, 941.3022, 941.3031333333332, 941.3035666666668, 941.3039333333334, 941.3047, 941.3048, 941.305, 941.3058333333332, 941.3062333333334, 941.3063333333332, 941.3105]","[80, 16, 65, 80, 56, 16, 65, 64, 80, 16, 138, 87, 65, 56, 80, 63, 61, 16, 65, 87, 16, 65, 61, 80, 65, 16, 56, 64, 65, 80, 61, 16, 87, 56, 138, 16]"
941.6552,941.666,941.6976,941.6648,10.27576732635498,0.0424,"[941.6575, 941.6581, 941.6583666666668, 941.6584, 941.6606333333332, 941.6610333333332, 941.664, 941.6649666666668, 941.6653, 941.6662333333334, 941.6665333333332, 941.6667333333334, 941.6714333333332, 941.6716, 941.6716, 941.6718, 941.6721666666666, 941.6728333333332, 941.6747, 941.6756, 941.6758, 941.6769666666668, 941.6788666666666, 941.6802, 941.6802666666666, 941.6803666666668, 941.6807666666666, 941.6833666666666, 941.6858, 941.6872333333332, 941.6881, 941.6897, 941.6902, 941.6910333333332, 941.6919, 941.6963, 941.6968666666668]","[80, 16, 56, 65, 80, 16, 60, 56, 61, 80, 65, 16, 80, 65, 61, 60, 16, 120, 80, 65, 60, 56, 164, 61, 16, 80, 65, 56, 168, 80, 16, 65, 56, 16, 80, 61, 80]"
943.4796,943.5116,943.5208,943.5116,4.736473083496094,0.0412,"[943.4807666666668, 943.4811333333332, 943.4817666666668, 943.4840666666666, 943.4848333333332, 943.4849, 943.4849666666668, 943.4868333333334, 943.4876333333332, 943.4879333333332, 943.4881333333332, 943.4892666666668, 943.4895, 943.4906, 943.4916666666668, 943.4949333333332, 943.4951333333332, 943.4967, 943.4968666666666, 943.4977333333334, 943.4981333333334, 943.4982666666668, 943.5001666666668, 943.5013666666666, 943.5018333333334, 943.5021333333332, 943.5024, 943.5037333333332, 943.5056666666668, 943.5056666666668, 943.5063666666666, 943.5064333333332, 943.5093666666668, 943.5095, 943.5096666666668, 943.5112, 943.5123666666668, 943.5125, 943.5132333333332, 943.5139333333332, 943.5148, 943.5157, 943.5180333333332, 943.5198333333332]","[80, 65, 56, 61, 148, 65, 80, 116, 56, 80, 171, 16, 65, 148, 56, 118, 80, 171, 65, 56, 80, 16, 65, 80, 16, 56, 148, 120, 80, 65, 56, 16, 80, 65, 135, 16, 80, 120, 148, 16, 61, 56, 65, 16]"
944.484,944.504,944.5144,944.502,6.5346527099609375,0.0304,"[944.4855, 944.4856666666668, 944.4867333333332, 944.4867666666668, 944.4899333333332, 944.4902333333332, 944.4908666666666, 944.4954333333334, 944.4964666666668, 944.4972333333334, 944.4977666666666, 944.4980666666668, 944.4981333333334, 944.4997, 944.5012666666668, 944.5016, 944.5018, 944.5021666666668, 944.5022333333334, 944.5035666666666, 944.5038666666668, 944.5048333333332, 944.5062333333332, 944.5085, 944.5091, 944.5096333333332, 944.51, 944.5117333333334, 944.5122333333334]","[65, 80, 16, 87, 116, 56, 65, 80, 56, 65, 87, 16, 105, 80, 159, 65, 16, 56, 87, 159, 61, 80, 159, 80, 136, 16, 65, 80, 56]"
944.7688,944.7848,944.7908,944.786,3.6767427921295166,0.022,"[944.7705666666668, 944.7712666666666, 944.7714, 944.7716666666666, 944.7717333333334, 944.7726, 944.7746333333332, 944.7766, 944.7774333333332, 944.7782, 944.7790666666668, 944.7791333333332, 944.7795666666668, 944.7800666666668, 944.7801666666668, 944.7814666666668, 944.782, 944.784, 944.7869333333332, 944.7877, 944.7890666666668, 944.7891, 944.7894, 944.7894, 944.7896, 944.7896333333332, 944.7897666666668]","[116, 138, 65, 16, 56, 80, 16, 56, 16, 65, 61, 105, 80, 16, 87, 65, 16, 56, 16, 61, 16, 65, 80, 63, 87, 56, 171]"
944.9916,945.0012,945.018,944.9976,5.376828193664551,0.0264,"[944.9924666666668, 944.9930666666668, 944.9937333333334, 944.9967, 944.9982333333334, 945.0, 945.0022, 945.0026333333332, 945.0031, 945.0033333333332, 945.0037666666668, 945.0042666666668, 945.0048666666668, 945.0054666666666, 945.0074, 945.0081333333334, 945.0094666666666, 945.0116, 945.0121666666666, 945.0128666666668, 945.0131, 945.0149333333334, 945.0152666666668, 945.0154666666666, 945.0157, 945.0171, 945.0175333333332, 945.018]","[16, 56, 87, 105, 65, 56, 80, 120, 16, 65, 135, 143, 56, 61, 65, 80, 16, 143, 65, 80, 61, 56, 16, 119, 65, 80, 143, 61]"
947.0528,947.0624,947.0872,947.0628,10.975870132446287,0.0344,"[947.0532, 947.0534666666666, 947.0536, 947.0550333333332, 947.0555, 947.0575, 947.0576333333332, 947.0577, 947.0585, 947.0586, 947.0597, 947.0602333333334, 947.0607666666668, 947.0623333333332, 947.0637, 947.0639666666668, 947.0645333333332, 947.0673333333332, 947.0688666666666, 947.0691333333332, 947.0699333333332, 947.0723, 947.0733, 947.0738333333334, 947.0755333333332, 947.0762, 947.0767, 947.0770666666666, 947.0781333333332, 947.082, 947.0824333333334, 947.0846666666666]","[56, 61, 80, 65, 16, 56, 80, 171, 65, 16, 80, 65, 56, 143, 80, 56, 16, 65, 80, 65, 16, 16, 56, 80, 65, 16, 136, 56, 80, 56, 80, 116]"
947.6232,947.632,947.6464,947.6328,4.709867000579834,0.0232,"[947.6248, 947.6253666666668, 947.6263666666666, 947.6303, 947.6303333333332, 947.6322666666666, 947.6339666666668, 947.6344666666666, 947.6363666666666, 947.6369, 947.6381333333334, 947.6426666666666, 947.6451666666668]","[80, 65, 56, 80, 65, 65, 61, 56, 80, 65, 16, 56, 80]"
947.8928,947.9024,947.958,947.9028,6.849380016326904,0.0652,"[947.8943333333332, 947.8945, 947.8961333333332, 947.8976666666666, 947.8977666666668, 947.899, 947.8995333333334, 947.9005666666668, 947.9029, 947.9040666666668, 947.9052666666666, 947.9066666666666, 947.9071666666666, 947.9074666666668, 947.9077, 947.9108333333334, 947.9121666666666, 947.9155, 947.9155333333332, 947.9164333333332, 947.9167, 947.9184, 947.9185666666668, 947.9200333333332, 947.9202666666666, 947.922, 947.9245333333332, 947.925, 947.9252, 947.9259666666668, 947.9263666666668, 947.9275666666666, 947.9280333333334, 947.9280666666668, 947.9281666666668, 947.9295666666668, 947.9312666666668, 947.9321333333334, 947.9322, 947.9325, 947.9326666666668, 947.933, 947.9338666666666, 947.9362333333332, 947.9382, 947.94, 947.9414666666668, 947.9425, 947.9426666666668, 947.9434666666668, 947.9438666666666, 947.9446333333332, 947.9458666666668, 947.9461, 947.9461333333334, 947.9477666666668, 947.9479666666666, 947.9483, 947.9483333333334, 947.9488333333334, 947.9511, 947.9558, 947.9558666666668, 947.9567]","[65, 80, 135, 16, 56, 80, 65, 138, 16, 80, 65, 56, 16, 80, 136, 65, 80, 105, 16, 87, 65, 80, 61, 16, 65, 56, 65, 80, 56, 61, 16, 65, 61, 119, 87, 56, 135, 16, 140, 61, 65, 80, 87, 56, 65, 61, 136, 56, 65, 63, 105, 16, 120, 87, 80, 65, 61, 16, 56, 138, 65, 80, 61, 16]"
948.7976,948.8132,948.822,948.8148,5.538021087646484,0.0244,"[948.7980666666666, 948.7986333333332, 948.7996, 948.8001333333332, 948.8002333333334, 948.8018666666668, 948.8027333333332, 948.8033666666666, 948.8036666666668, 948.8045333333332, 948.8048666666666, 948.8074333333332, 948.8086666666668, 948.8093, 948.8094, 948.8097333333334, 948.8100333333332, 948.8119, 948.8121666666668, 948.8122, 948.8125, 948.813, 948.8135, 948.8148, 948.8156333333334, 948.8158666666668, 948.8159, 948.8169, 948.8181, 948.8192666666666, 948.8208666666668, 948.8217]","[138, 171, 56, 65, 80, 16, 61, 80, 98, 56, 65, 164, 80, 141, 65, 16, 61, 119, 16, 56, 87, 80, 141, 164, 65, 16, 61, 80, 56, 65, 80, 16]"
951.9276,951.9796,952.0048,951.9788,7.405298709869385,0.0772,"[951.9307333333334, 951.9312666666668, 951.9333, 951.9350333333332, 951.9356, 951.9357666666668, 951.9365333333334, 951.9366333333334, 951.9386, 951.9393, 951.9395333333332, 951.9401, 951.9402333333334, 951.9411333333334, 951.9423333333332, 951.9424, 951.9432, 951.9452666666666, 951.9467333333332, 951.9468, 951.9468, 951.9472333333332, 951.9480333333332, 951.9482333333332, 951.9494666666668, 951.9506, 951.9508666666668, 951.9537333333334, 951.9539333333332, 951.9545, 951.9546, 951.9560333333334, 951.9560666666666, 951.9579, 951.9581666666668, 951.9599333333332, 951.9599333333332, 951.9609, 951.9609666666666, 951.9610333333334, 951.9614666666666, 951.9640333333332, 951.9648666666668, 951.9659333333332, 951.967, 951.9671, 951.9673666666666, 951.9705, 951.972, 951.9722666666668, 951.9725, 951.9733333333334, 951.9737, 951.9737, 951.9745, 951.9746333333334, 951.9763, 951.9763, 951.9777333333334, 951.9778333333334, 951.9779, 951.9786666666666, 951.9787, 951.9796, 951.9805666666666, 951.9823333333334, 951.9833, 951.9834333333332, 951.9848, 951.9856666666668, 951.9857, 951.9862666666668, 951.9863666666666, 951.9876666666668, 951.9886666666666, 951.9898666666668, 951.9917666666666, 951.9918333333334, 951.9921333333332, 951.9924666666668, 951.9934, 951.9937, 951.9952333333332, 951.9955333333334, 951.9974666666668, 951.9975666666668, 951.9995, 952.0, 952.0006333333332, 952.0009333333334, 952.0011666666668, 952.0033333333332]","[80, 65, 16, 61, 80, 56, 16, 65, 116, 118, 61, 80, 65, 56, 80, 16, 65, 80, 61, 16, 120, 65, 143, 80, 16, 65, 80, 65, 16, 56, 80, 65, 143, 56, 80, 80, 65, 143, 61, 164, 16, 65, 80, 16, 65, 56, 80, 61, 65, 56, 16, 80, 61, 118, 65, 16, 80, 56, 16, 65, 80, 61, 116, 56, 80, 98, 80, 154, 65, 138, 80, 56, 154, 16, 65, 80, 61, 16, 154, 65, 80, 105, 87, 56, 65, 80, 16, 65, 84, 56, 80, 16]"
952.5572,952.5636,952.5856,952.5816,3.549001932144165,0.0284,"[952.5575333333334, 952.5579, 952.5582333333332, 952.5588666666666, 952.5601333333332, 952.5618333333332, 952.5618666666668, 952.5632333333332, 952.5649666666668, 952.5650666666668, 952.567, 952.5675, 952.5684333333334, 952.5701333333334, 952.5705, 952.5712, 952.5712666666668, 952.5713, 952.5763666666668, 952.5766, 952.5787333333334, 952.5804, 952.5847, 952.5854666666668]","[98, 65, 80, 16, 56, 98, 65, 80, 65, 56, 80, 138, 65, 98, 80, 56, 65, 16, 56, 80, 65, 56, 56, 98]"
952.926,952.9356,952.9952,952.9336,7.36149263381958,0.0692,"[952.9269333333332, 952.9280666666668, 952.9288, 952.9313333333332, 952.9329666666666, 952.9331, 952.9338333333334, 952.9345333333332, 952.9388666666666, 952.9392666666666, 952.9427666666668, 952.9430666666668, 952.9440333333332, 952.9449333333332, 952.9469333333332, 952.9489666666668, 952.9492, 952.9507666666668, 952.9529666666666, 952.9534333333334, 952.9534666666668, 952.9536333333332, 952.9551, 952.9553333333332, 952.9555666666666, 952.9563, 952.9582333333332, 952.9583333333334, 952.9611333333334, 952.9612333333332, 952.9625666666668, 952.9640666666668, 952.9643333333332, 952.9664, 952.9678333333334, 952.9690666666668, 952.9691666666666, 952.9694333333332, 952.9724666666668, 952.9726, 952.9753333333332, 952.9764, 952.9767, 952.9775333333332, 952.9779666666668, 952.9784, 952.9789, 952.9791333333334, 952.9812, 952.9828, 952.983, 952.9845333333334, 952.9862333333332, 952.9868333333334, 952.9870333333332, 952.9876666666668, 952.9901333333332, 952.9905, 952.9906, 952.9916333333332, 952.9928333333334, 952.9934666666668, 952.9939333333332, 952.9939666666668, 952.9946333333334]","[16, 65, 80, 16, 80, 61, 56, 65, 80, 65, 80, 16, 56, 65, 16, 80, 65, 56, 120, 65, 80, 140, 16, 64, 80, 56, 16, 65, 80, 120, 56, 65, 80, 87, 16, 80, 61, 65, 65, 16, 56, 154, 16, 65, 80, 154, 56, 16, 154, 61, 65, 80, 138, 65, 80, 16, 56, 65, 16, 80, 56, 65, 16, 66, 61]"
955.2316,955.2516,955.26,955.2552,7.800211429595947,0.0284,"[955.2339666666668, 955.2348, 955.2374333333332, 955.2377666666666, 955.2380333333332, 955.2384333333332, 955.2393333333332, 955.2394666666668, 955.2394666666668, 955.2395, 955.2398, 955.2404, 955.2406333333332, 955.2426333333332, 955.2454666666666, 955.2461666666668, 955.2468333333334, 955.2476333333332, 955.249, 955.2494666666666, 955.2507, 955.2516666666668, 955.2519333333332, 955.2524333333332, 955.2536333333334, 955.2553666666666, 955.2559, 955.2567666666666, 955.2569666666668, 955.2582666666668, 955.2583666666668, 955.2589, 955.2594333333332]","[80, 16, 80, 65, 16, 64, 154, 80, 87, 63, 105, 61, 16, 119, 65, 80, 154, 16, 61, 65, 80, 154, 16, 65, 120, 80, 16, 61, 159, 87, 80, 159, 65]"
957.86,957.8896,957.9044,957.8892,7.612700939178467,0.0444,"[957.8604, 957.8626666666668, 957.8633333333332, 957.8658, 957.8684, 957.8684666666668, 957.8708, 957.8719, 957.8722666666666, 957.8728333333332, 957.8741, 957.8747333333332, 957.8768333333334, 957.8772, 957.8777666666666, 957.8799, 957.8801666666668, 957.8819666666668, 957.8826666666666, 957.8828333333332, 957.8834666666668, 957.8839333333332, 957.8861, 957.8880333333332, 957.8889333333332, 957.8900666666668, 957.8902, 957.8905, 957.8914, 957.8928, 957.8960333333332, 957.8960666666668, 957.8967333333334, 957.8969333333332, 957.8973, 957.8989, 957.9002333333332, 957.9021, 957.9038666666668]","[80, 56, 65, 80, 116, 65, 80, 57, 56, 16, 65, 80, 61, 16, 57, 80, 56, 65, 118, 16, 80, 159, 87, 56, 163, 80, 65, 16, 61, 56, 163, 80, 87, 65, 16, 98, 56, 80, 163]"
958.1988,958.2268,958.2404,958.2292,9.633285522460938,0.0416,"[958.1991666666668, 958.2001666666666, 958.2008333333332, 958.2010666666666, 958.2014333333332, 958.2021666666668, 958.2031, 958.2036333333332, 958.2058333333332, 958.2072666666668, 958.2079333333334, 958.2090666666668, 958.211, 958.2114333333334, 958.2121, 958.2155666666666, 958.2161, 958.2165333333334, 958.2169, 958.2224333333334, 958.2225, 958.2227666666666, 958.2233666666668, 958.2235333333332, 958.2246333333334, 958.2255666666666, 958.2296333333334, 958.2308, 958.2308666666668, 958.2337666666666, 958.2339333333332, 958.2373333333334, 958.2377, 958.2380333333332, 958.2388666666668]","[65, 80, 149, 120, 16, 116, 56, 65, 149, 80, 16, 56, 65, 80, 16, 65, 56, 16, 80, 80, 65, 16, 56, 120, 64, 16, 163, 65, 80, 116, 56, 61, 80, 65, 16]"
959.4976,959.506,959.5244,959.518,5.626662254333496,0.0268,"[959.4986333333334, 959.4986666666666, 959.4986666666666, 959.4992, 959.4992666666668, 959.4995333333334, 959.5016333333332, 959.5022666666666, 959.5026333333332, 959.5033333333332, 959.5048, 959.5053333333332, 959.5067666666666, 959.5068333333334, 959.5073333333332, 959.5086, 959.5107333333332, 959.5110666666668, 959.5120666666668, 959.5121666666666, 959.5129333333332, 959.5136666666668, 959.514, 959.5149, 959.515, 959.5176333333334, 959.5177, 959.5181, 959.5209333333332, 959.5217, 959.5219666666668]","[80, 65, 149, 87, 63, 16, 80, 138, 16, 141, 65, 80, 98, 56, 16, 80, 16, 65, 80, 98, 164, 65, 56, 98, 16, 80, 16, 116, 80, 56, 65]"
964.4788,964.4872,964.5104,964.4884,8.193022727966309,0.0316,"[964.4795333333332, 964.4814333333334, 964.4824, 964.4827666666666, 964.4830333333332, 964.4832333333334, 964.4854, 964.4857666666668, 964.488, 964.4887666666668, 964.4890666666666, 964.4917, 964.4921, 964.4921666666668, 964.4944, 964.4947, 964.4960333333332, 964.4972333333334, 964.4977, 964.4993666666668, 964.5012, 964.5020333333332, 964.5024333333332, 964.5056, 964.5086666666666, 964.5096333333332, 964.5100666666668]","[80, 56, 80, 65, 16, 61, 65, 80, 80, 16, 61, 65, 80, 16, 80, 120, 65, 80, 56, 120, 80, 65, 16, 16, 138, 80, 16]"
965.9308,965.9364,965.962,965.9572,3.7156925201416016,0.0312,"[965.9318333333332, 965.9332333333332, 965.9352333333334, 965.9387333333332, 965.9389666666668, 965.9391, 965.9397666666666, 965.9403, 965.9411, 965.9415333333334, 965.9464333333332, 965.9483333333334, 965.9497, 965.9511, 965.9514, 965.9523, 965.9550666666668, 965.9552666666668, 965.9553333333332, 965.956, 965.9592666666666, 965.9612]","[80, 16, 61, 80, 65, 16, 105, 87, 16, 56, 80, 56, 65, 80, 16, 56, 16, 80, 65, 87, 61, 56]"
966.7848,966.8048,966.8132,966.8028,5.50933313369751,0.0284,"[966.7871666666666, 966.7911666666666, 966.7914666666668, 966.7959333333332, 966.7971666666666, 966.7974333333332, 966.7977333333332, 966.8006333333332, 966.8011, 966.8023666666668, 966.8040333333332, 966.8043, 966.8071, 966.8103666666668, 966.8118]","[116, 80, 16, 65, 16, 56, 80, 65, 80, 16, 138, 61, 80, 56, 80]"
970.4432,970.4568,970.468,970.4536,3.181947708129883,0.0248,"[970.4432333333332, 970.4439333333332, 970.4443333333334, 970.4445, 970.4495666666668, 970.4521666666668, 970.4533666666666, 970.4537666666666, 970.4546333333332, 970.4552333333334, 970.4558, 970.4588666666668, 970.459, 970.4590666666668, 970.4617666666668, 970.4625, 970.4635333333332]","[56, 65, 16, 80, 65, 56, 80, 61, 65, 87, 16, 56, 120, 159, 80, 65, 98]"
970.5308,970.5504,970.5576,970.552,3.999479293823242,0.0268,"[970.5317666666666, 970.5318333333332, 970.5328333333332, 970.5335666666666, 970.5364666666668, 970.5371666666666, 970.5385333333334, 970.5401, 970.5403666666666, 970.5403666666666, 970.5414, 970.5415333333332, 970.5442333333332, 970.5449666666668, 970.5454333333332, 970.5471333333334, 970.5471666666666, 970.5491666666668, 970.5504, 970.5505333333332, 970.5513, 970.5518333333332, 970.5530666666668, 970.5542]","[120, 80, 16, 65, 80, 16, 65, 61, 80, 16, 65, 56, 65, 16, 61, 119, 80, 65, 16, 80, 56, 61, 65, 16]"
971.7244,971.7652,971.77,971.766,3.284777879714966,0.0456,"[971.7262, 971.7271333333332, 971.7273666666666, 971.7282666666666, 971.7289, 971.731, 971.7325666666668, 971.7332333333334, 971.7349, 971.7350666666666, 971.7350666666666, 971.7371333333332, 971.7379333333332, 971.7388, 971.7389666666668, 971.7391666666666, 971.7392666666668, 971.7411333333332, 971.7427333333334, 971.7428333333334, 971.7435, 971.7436666666666, 971.7445, 971.7453, 971.7472333333334, 971.7485333333332, 971.7495666666666, 971.7499333333334, 971.7502333333332, 971.7517666666666, 971.7519333333332, 971.7522666666666, 971.7547333333332, 971.7548666666668, 971.7566, 971.7572666666666, 971.7582666666668, 971.7598333333332, 971.7605333333332, 971.7619, 971.7626333333334, 971.7647666666668, 971.7667, 971.7668, 971.7676333333334, 971.7676666666666]","[148, 65, 80, 16, 56, 80, 65, 98, 16, 80, 56, 98, 116, 80, 56, 65, 16, 80, 66, 80, 16, 65, 61, 56, 119, 16, 80, 138, 65, 16, 80, 56, 65, 138, 16, 120, 80, 65, 16, 56, 16, 16, 119, 65, 16, 80]"
975.074,975.0832,975.094,975.0808,7.841995716094971,0.02,"[975.0748, 975.0763333333332, 975.0763666666668, 975.0774666666666, 975.0794, 975.0798333333332, 975.081, 975.0839666666668, 975.0842, 975.0852, 975.0871, 975.0875, 975.0883666666666, 975.0885, 975.0885333333332, 975.0891, 975.0910333333334, 975.0924666666666, 975.0926666666668, 975.0935]","[56, 65, 80, 16, 56, 61, 65, 80, 65, 56, 105, 80, 16, 148, 65, 61, 65, 56, 80, 65]"
975.2284,975.2356,975.2644,975.2348,3.9180283546447754,0.036,"[975.2288, 975.2296333333334, 975.2296666666666, 975.2309333333334, 975.2322, 975.2347666666668, 975.2351, 975.2352, 975.2354, 975.2357, 975.2357, 975.2396333333334, 975.2429, 975.2432666666666, 975.247, 975.2491666666666, 975.2495, 975.2513333333334, 975.2514, 975.2518666666666, 975.2521333333332, 975.2539333333332, 975.2571, 975.2575, 975.2575, 975.2613666666666, 975.2617, 975.2623333333332, 975.2634, 975.2637, 975.2639666666666]","[56, 61, 98, 65, 80, 98, 56, 61, 65, 80, 16, 56, 56, 80, 65, 80, 16, 65, 64, 61, 87, 56, 16, 80, 65, 80, 120, 56, 65, 87, 80]"
976.2216,976.2284,976.244,976.2428,3.361898422241211,0.0224,"[976.2218666666666, 976.2220333333332, 976.2220666666668, 976.223, 976.2238333333332, 976.2242333333334, 976.2254, 976.2259666666666, 976.2261, 976.2267333333332, 976.2269333333334, 976.2277666666666, 976.2283333333334, 976.2284333333332, 976.2305666666666, 976.2340666666666, 976.2343666666668, 976.2349, 976.2358333333332, 976.2378, 976.2402666666668]","[80, 136, 16, 116, 159, 136, 135, 159, 80, 136, 61, 135, 56, 159, 135, 116, 80, 119, 65, 118, 80]"
976.504,976.5136,976.552,976.5116,6.650719165802002,0.048,"[976.5056333333332, 976.5058, 976.5058, 976.5062, 976.5071333333332, 976.5098666666668, 976.5099333333334, 976.5107666666668, 976.5113666666666, 976.5124666666668, 976.5133333333332, 976.5143333333332, 976.5151666666668, 976.5169333333332, 976.5184333333332, 976.5197, 976.5199666666666, 976.5211666666668, 976.5221, 976.5236666666668, 976.525, 976.5287666666668, 976.5294333333334, 976.5295666666668, 976.5314333333332, 976.532, 976.5324666666668, 976.5327, 976.5365666666668, 976.5369, 976.5372666666668, 976.5391, 976.5395, 976.5403666666666, 976.5404333333332, 976.5409333333332, 976.5452666666666, 976.5454333333332, 976.5455, 976.5458666666668, 976.5465666666666, 976.5473333333332, 976.5479, 976.5501666666668]","[16, 80, 56, 61, 65, 80, 119, 56, 61, 138, 65, 56, 80, 16, 80, 61, 65, 16, 138, 119, 80, 56, 80, 65, 80, 16, 65, 61, 80, 65, 16, 56, 65, 16, 87, 61, 65, 80, 16, 56, 64, 87, 16, 56]"
978.7676,978.78,978.7896,978.7796,7.890088558197021,0.022,"[978.7685333333334, 978.7704666666668, 978.7704666666668, 978.7726666666666, 978.7746333333332, 978.7761333333332, 978.7769, 978.7793666666666, 978.7794666666666, 978.7803, 978.7807, 978.7808666666666, 978.7817666666666, 978.7825333333334, 978.7865666666668, 978.7867333333334, 978.7873666666668, 978.7891]","[61, 65, 56, 80, 16, 56, 80, 65, 164, 87, 61, 16, 56, 80, 80, 65, 56, 16]"
978.946,978.9604,978.9772,978.9568,10.11183261871338,0.0312,"[978.9469666666666, 978.9478666666666, 978.9481333333332, 978.9497333333334, 978.9498333333332, 978.9515666666666, 978.9531, 978.9532, 978.9534333333334, 978.9569333333334, 978.9582333333332, 978.9586666666668, 978.9588, 978.9591333333332, 978.9629, 978.9642, 978.9649, 978.9653666666668, 978.9654, 978.9657333333332, 978.9691333333334, 978.9702, 978.9707333333332, 978.9708, 978.9709333333332, 978.9733, 978.9749666666668]","[16, 65, 80, 56, 16, 65, 56, 16, 80, 56, 16, 65, 80, 61, 65, 80, 16, 56, 65, 61, 56, 65, 16, 149, 168, 116, 16]"
979.3476,979.362,979.372,979.3656,5.318117618560791,0.0244,"[979.3480333333332, 979.3487, 979.3501333333334, 979.3502, 979.3502666666668, 979.3511666666668, 979.3512666666668, 979.3551333333334, 979.3552, 979.3573333333334, 979.3597, 979.3602333333332, 979.3603666666668, 979.3616, 979.3617666666668, 979.3658, 979.3678666666668, 979.3693333333332, 979.3696, 979.3714]","[65, 138, 16, 56, 80, 138, 98, 56, 65, 80, 61, 65, 80, 16, 56, 61, 56, 65, 80, 16]"
979.5336,979.5584,979.57,979.5572,9.15825080871582,0.0364,"[979.5342333333332, 979.5350333333332, 979.5351333333332, 979.5367, 979.5368333333332, 979.5369, 979.5374, 979.5387333333332, 979.5399666666668, 979.5414, 979.5414, 979.5421, 979.5424666666668, 979.5424666666668, 979.5464333333332, 979.5481666666668, 979.5482666666668, 979.5491333333332, 979.5495666666668, 979.5496666666668, 979.5497333333332, 979.5509666666668, 979.5511666666666, 979.5522, 979.5532333333332, 979.5533666666666, 979.5543666666666, 979.5553333333334, 979.5557666666666, 979.5581333333332, 979.5589333333334, 979.5591666666668, 979.5592, 979.5593333333334, 979.5596666666668, 979.5606333333334, 979.5644, 979.5667]","[65, 120, 56, 80, 154, 16, 61, 65, 16, 80, 105, 56, 61, 16, 154, 87, 65, 80, 120, 61, 56, 16, 80, 61, 87, 16, 65, 154, 80, 154, 80, 16, 61, 56, 65, 87, 80, 56]"
981.8052,981.8164,981.8408,981.812,5.433623790740967,0.0356,"[981.8063333333332, 981.8064666666668, 981.8071, 981.8075666666666, 981.8108666666668, 981.8110666666666, 981.8116666666666, 981.8127333333332, 981.8142333333332, 981.8143666666666, 981.815, 981.8181333333332, 981.8187666666666, 981.8197333333334, 981.8209, 981.8211333333334, 981.8243666666668, 981.8246333333332, 981.8255333333332, 981.8256, 981.8256333333334, 981.8267666666668, 981.8295666666668, 981.8295666666668, 981.8308333333332, 981.8308333333332, 981.8325, 981.8328, 981.8354666666668, 981.8366666666668, 981.8371333333332, 981.8372, 981.8375666666668, 981.8381333333332, 981.8387, 981.8395, 981.8399666666668, 981.8407333333332, 981.8407666666668]","[65, 80, 16, 61, 56, 65, 80, 61, 16, 80, 65, 80, 16, 56, 65, 80, 56, 65, 16, 148, 61, 138, 80, 16, 65, 168, 16, 80, 56, 65, 80, 61, 119, 138, 16, 63, 56, 61, 80]"
981.9568,981.9856,981.9936,981.9888,3.814219474792481,0.0368,"[981.9579, 981.9584, 981.9589, 981.9655333333334, 981.9655333333334, 981.9666, 981.9683333333334, 981.9708, 981.9743, 981.9757, 981.9759666666666, 981.9780666666668, 981.9781, 981.9811, 981.982, 981.983, 981.9845, 981.9853, 981.9857333333332, 981.9889666666668, 981.9893333333332, 981.99, 981.9906666666668, 981.9920666666668]","[65, 16, 80, 65, 16, 116, 80, 16, 16, 65, 80, 16, 56, 16, 118, 65, 56, 16, 80, 60, 16, 56, 80, 65]"
982.208,982.2232,982.2592,982.2272,8.479476928710938,0.0512,"[982.2095, 982.2097666666666, 982.2114, 982.2130666666668, 982.2134, 982.2152, 982.2166333333332, 982.2181333333332, 982.2181666666668, 982.2196666666666, 982.2198666666668, 982.2212, 982.2212333333332, 982.2252666666668, 982.2267, 982.2269333333334, 982.2283333333334, 982.2291, 982.2291333333334, 982.2330333333332, 982.2334666666668, 982.2334666666668, 982.2335, 982.2349, 982.2370333333332, 982.2387666666668, 982.2388, 982.2410666666668, 982.2414666666666, 982.2441333333334, 982.2446333333334, 982.2463, 982.2472, 982.2481, 982.2502666666668, 982.2504333333334, 982.2511666666668, 982.2513, 982.2514333333334, 982.2527666666666, 982.255, 982.2560666666668, 982.2587333333332]","[16, 56, 65, 80, 16, 56, 116, 65, 80, 164, 16, 80, 56, 80, 65, 16, 61, 80, 56, 61, 65, 80, 16, 56, 80, 65, 138, 16, 80, 56, 80, 16, 116, 149, 56, 80, 61, 65, 16, 80, 56, 65, 80]"
983.46,983.4796,983.4876,983.4804,4.022820472717285,0.0276,"[983.4609333333332, 983.4620666666668, 983.4624, 983.4633, 983.4644666666668, 983.4648, 983.4648666666668, 983.4656, 983.4684666666668, 983.4692, 983.4693666666668, 983.4698666666668, 983.4719, 983.4719333333334, 983.4725333333332, 983.4729333333332, 983.4748666666668, 983.4749333333332, 983.476, 983.4788333333332, 983.4805, 983.4805333333334, 983.4815666666668, 983.4826333333332]","[98, 80, 65, 61, 16, 65, 56, 80, 65, 56, 98, 80, 138, 65, 80, 16, 65, 80, 16, 65, 80, 16, 56, 65]"
983.9772,983.9912,984.0,983.9904,8.37414836883545,0.0228,"[983.9775333333332, 983.9776666666668, 983.9785, 983.9785666666668, 983.9802333333332, 983.9838666666668, 983.9843, 983.9843333333332, 983.9850666666666, 983.9890333333332, 983.9906666666668, 983.9930333333332, 983.9958, 983.9969333333332]","[61, 65, 16, 56, 80, 65, 16, 56, 80, 16, 56, 80, 56, 16]"
984.678,984.6968,984.702,984.6968,2.8581933975219727,0.024,"[984.6795333333332, 984.6795666666668, 984.6801666666668, 984.6827333333332, 984.6829333333334, 984.6833, 984.6833666666666, 984.6849333333332, 984.6859666666668, 984.6860333333332, 984.6860666666666, 984.6861, 984.6882333333332, 984.6891, 984.6913333333332, 984.6929333333334, 984.6932666666668, 984.6935333333332, 984.6944666666668, 984.6958333333332, 984.6973666666668, 984.7005333333332, 984.7010666666666]","[16, 65, 56, 65, 80, 16, 61, 149, 80, 16, 65, 56, 61, 80, 65, 61, 16, 56, 80, 65, 61, 80, 16]"
985.2668,985.2772,985.2892,985.2748,6.029122352600098,0.0224,"[985.2674, 985.2686666666668, 985.2716666666666, 985.2731666666666, 985.2734666666666, 985.2775666666666, 985.2776333333334, 985.2805333333332, 985.2813333333334, 985.2819, 985.2822333333334, 985.2865666666668, 985.2872666666668]","[80, 65, 56, 80, 65, 65, 80, 16, 65, 80, 56, 80, 65]"
988.934,988.9568,988.9808,988.9584,13.29572296142578,0.0468,"[988.9352666666666, 988.9354, 988.9354666666668, 988.9359666666668, 988.9406666666666, 988.9409666666668, 988.9412, 988.9414666666668, 988.9429333333334, 988.9436, 988.9444333333332, 988.9454666666668, 988.9458, 988.9486, 988.9488, 988.9489333333332, 988.9520333333334, 988.9530333333332, 988.9531, 988.9533, 988.9560666666666, 988.9574, 988.9590666666668, 988.9591, 988.9592666666666, 988.9627666666668, 988.9639333333332, 988.9655333333334, 988.9656666666668, 988.9660333333334, 988.9662666666668, 988.9677333333332, 988.9690333333332, 988.9692, 988.9704666666668, 988.9742333333334, 988.9743333333332, 988.9745666666666, 988.9752333333332, 988.9784333333332, 988.9801333333334]","[65, 61, 56, 80, 61, 56, 16, 80, 65, 159, 135, 80, 56, 80, 65, 16, 61, 65, 56, 80, 80, 65, 80, 56, 16, 80, 65, 16, 98, 61, 56, 80, 80, 65, 16, 16, 61, 56, 65, 16, 56]"
989.5248,989.5296,989.5464,989.544,2.8696045875549316,0.0216,"[989.5252666666668, 989.5272333333334, 989.5282666666668, 989.5290666666668, 989.5300666666668, 989.5304666666668, 989.5351, 989.5357, 989.5389666666666, 989.5395666666668, 989.5406666666668, 989.544, 989.5446666666668]","[16, 87, 63, 64, 61, 65, 65, 16, 56, 61, 80, 65, 61]"
989.796,989.8156,989.8264,989.818,6.905994892120361,0.0304,"[989.7978333333332, 989.798, 989.7991666666668, 989.7996333333332, 989.7997333333332, 989.7997333333332, 989.8003333333334, 989.8024, 989.8029666666666, 989.8032, 989.8043333333334, 989.8048, 989.8058, 989.8060333333332, 989.8068, 989.8074333333332, 989.8086666666668, 989.8101, 989.8107, 989.8121, 989.8122, 989.8124666666666, 989.8125666666666, 989.8129, 989.8139, 989.8141333333332, 989.8147, 989.8147333333334, 989.8149333333332, 989.8150666666668, 989.8195666666668, 989.8197, 989.8217333333332, 989.8229333333334, 989.8233, 989.8254, 989.8257333333332]","[98, 61, 65, 56, 16, 118, 80, 98, 57, 65, 80, 16, 65, 116, 163, 80, 141, 98, 65, 163, 56, 80, 57, 56, 61, 98, 16, 65, 80, 120, 80, 141, 65, 98, 116, 65, 80]"
990.648,990.662,990.67,990.6636,4.81477689743042,0.022,"[990.6493, 990.6503666666666, 990.6504333333334, 990.6525, 990.6535333333334, 990.6542333333332, 990.6559666666668, 990.6570666666668, 990.6576, 990.6581, 990.6581333333334, 990.6589666666666, 990.6609333333332, 990.6632, 990.6636666666668, 990.6644, 990.6656, 990.6666, 990.6672, 990.6676333333334, 990.6686, 990.6687666666668]","[65, 66, 80, 56, 154, 80, 138, 154, 66, 80, 16, 65, 66, 80, 61, 16, 66, 65, 56, 80, 84, 16]"
992.884,992.9072,992.9152,992.9096,7.890567779541016,0.0312,"[992.8847, 992.8867, 992.8874, 992.8877666666668, 992.8884333333332, 992.8888666666668, 992.8892666666668, 992.8898333333332, 992.8906333333332, 992.891, 992.892, 992.8931333333334, 992.8934666666668, 992.8935666666666, 992.8946, 992.8946333333332, 992.8967, 992.8969666666668, 992.8993666666668, 992.8998333333332, 992.9004, 992.9004666666668, 992.9013, 992.9021333333334, 992.9024, 992.9030333333334, 992.9041333333332, 992.9051333333332, 992.9056666666668, 992.9057, 992.9059333333332, 992.9085333333334, 992.9109333333332, 992.9140333333334, 992.9142, 992.9142333333332, 992.9146666666668]","[16, 65, 56, 80, 119, 63, 65, 16, 56, 80, 65, 64, 80, 56, 118, 65, 65, 143, 56, 80, 16, 65, 64, 61, 16, 63, 56, 80, 65, 16, 120, 80, 65, 56, 65, 16, 80]"
994.0532,994.0684,994.0812,994.0712,13.71161937713623,0.028,"[994.0544, 994.0545666666668, 994.0546, 994.0548666666666, 994.0575666666666, 994.0588, 994.0593333333334, 994.0598666666668, 994.0608, 994.0614, 994.0622333333332, 994.0631666666668, 994.0644, 994.0652, 994.0658666666668, 994.0660333333332, 994.0670333333334, 994.0691666666668, 994.0714, 994.0715666666666, 994.0720666666666, 994.0724333333334, 994.0726333333332, 994.0736666666668, 994.0741, 994.0783333333334, 994.0811333333334]","[80, 65, 16, 56, 164, 80, 65, 61, 16, 56, 149, 80, 65, 16, 136, 56, 80, 65, 163, 80, 98, 61, 16, 56, 135, 80, 80]"
994.3792,994.3968,994.4328,994.3984,5.879661560058594,0.0536,"[994.3798333333332, 994.3801333333332, 994.3828666666668, 994.3841333333334, 994.3862666666666, 994.3868666666668, 994.3873666666668, 994.3873666666668, 994.3877333333334, 994.3917, 994.392, 994.3922, 994.3935666666666, 994.3937, 994.3964333333332, 994.3976333333334, 994.3991666666668, 994.4005666666668, 994.4019666666668, 994.4023, 994.4034666666666, 994.4042333333332, 994.4043, 994.4053666666666, 994.4066666666666, 994.407, 994.4070666666668, 994.4071333333334, 994.4072666666668, 994.4098666666666, 994.4105, 994.4119333333332, 994.4123666666668, 994.4125, 994.4132666666668, 994.4147, 994.4171666666666, 994.4172333333332, 994.4179, 994.4179333333332, 994.4203, 994.4213333333332, 994.4213666666668, 994.4219666666668, 994.4228, 994.4229, 994.4233333333332, 994.4241, 994.4263333333332, 994.4271, 994.4276, 994.4286666666668, 994.4294, 994.4303333333334, 994.4310666666668, 994.4311666666666, 994.4321, 994.4326333333332]","[56, 65, 80, 65, 80, 56, 16, 120, 65, 56, 61, 16, 138, 65, 80, 65, 16, 65, 138, 80, 16, 61, 65, 61, 87, 16, 56, 65, 80, 80, 16, 116, 65, 80, 87, 119, 80, 16, 65, 61, 138, 56, 61, 65, 87, 80, 16, 65, 154, 56, 80, 65, 64, 80, 16, 154, 61, 65]"
994.63,994.638,994.6596,994.6364,3.9742584228515625,0.0296,"[994.6314666666668, 994.6320333333332, 994.6334, 994.6369333333332, 994.6375333333332, 994.6388666666668, 994.6421666666666, 994.6436333333334, 994.6458333333334, 994.6460666666668, 994.6461, 994.6469333333332, 994.6503, 994.6507, 994.6508333333334, 994.6514333333332, 994.6533666666668, 994.6554, 994.6573666666668, 994.6575333333334, 994.6579333333332, 994.6583666666668, 994.6593333333332]","[16, 65, 87, 80, 16, 56, 16, 168, 80, 65, 56, 87, 168, 65, 135, 16, 135, 80, 143, 56, 16, 65, 80]"
996.988,996.996,997.0228,996.9952,5.112943172454834,0.0348,"[996.9881666666666, 996.9885, 996.9898666666668, 996.9904666666666, 996.9906666666668, 996.9922666666666, 996.9936, 996.9936666666666, 996.9952, 996.9964333333334, 996.9974333333332, 996.9984666666668, 996.999, 997.0006666666668, 997.0021333333332, 997.0033, 997.0049333333334, 997.0052, 997.0076333333334, 997.0084333333332, 997.0085666666666, 997.0093666666668, 997.0104333333334, 997.0121, 997.0122333333334, 997.0133333333332, 997.0143333333332, 997.0145666666666, 997.0147333333332, 997.0158666666666, 997.0162333333334, 997.0175333333332, 997.0178, 997.0189333333332, 997.0196333333332, 997.0202333333332, 997.0206333333332, 997.0217]","[80, 116, 16, 65, 61, 80, 65, 16, 138, 80, 65, 80, 16, 56, 80, 16, 56, 80, 65, 16, 80, 61, 56, 80, 65, 149, 65, 80, 61, 16, 56, 80, 65, 16, 56, 80, 61, 16]"
998.6764,998.6824,998.7132,998.6812,4.03749942779541,0.0368,"[998.6766666666666, 998.6781333333332, 998.6788, 998.6790666666668, 998.6810333333332, 998.6826, 998.6835333333332, 998.6848, 998.6848666666668, 998.6871666666668, 998.6875333333334, 998.6884666666666, 998.6885, 998.6886, 998.6922333333332, 998.6923666666668, 998.6923666666668, 998.6930333333332, 998.6945666666668, 998.6953666666668, 998.6955666666668, 998.6964333333332, 998.6964666666668, 998.6967333333332, 998.6968333333332, 998.6992333333334, 998.7, 998.7005, 998.7006, 998.7023, 998.7025666666668, 998.7028, 998.7038666666666, 998.7042, 998.7043, 998.7052666666668, 998.7057666666668, 998.7062, 998.7062666666668, 998.7063, 998.7063666666668, 998.7075333333332, 998.7082, 998.7123, 998.7123333333332]","[61, 65, 16, 80, 65, 16, 80, 56, 65, 80, 65, 63, 56, 16, 80, 65, 141, 16, 80, 65, 16, 56, 87, 63, 80, 56, 16, 65, 80, 60, 120, 65, 80, 138, 16, 65, 63, 80, 105, 56, 87, 163, 16, 80, 61]"
1001.9148,1001.9448,1001.9628,1001.9576,3.937319278717041,0.048,"[1001.9148666666666, 1001.9166333333334, 1001.9171666666666, 1001.9185666666668, 1001.9213, 1001.9216333333334, 1001.9243, 1001.9243333333334, 1001.9246, 1001.9281666666668, 1001.9282666666668, 1001.9308666666668, 1001.9331333333332, 1001.9347333333334, 1001.9351666666666, 1001.9365333333334, 1001.9387666666668, 1001.9392, 1001.9396, 1001.9409, 1001.9421666666668, 1001.9433333333334, 1001.9435666666668, 1001.9438333333334, 1001.9443333333334, 1001.9459333333332, 1001.9463333333332, 1001.9485666666668, 1001.9498, 1001.9498666666668, 1001.9502666666668, 1001.9503, 1001.9527, 1001.9529333333334, 1001.9553, 1001.9561, 1001.9567, 1001.9568, 1001.9571, 1001.9573333333332, 1001.9584, 1001.9604, 1001.9606]","[65, 16, 120, 80, 16, 65, 56, 80, 171, 65, 80, 16, 80, 16, 61, 80, 65, 16, 168, 56, 61, 116, 16, 57, 65, 56, 80, 16, 149, 80, 61, 57, 65, 163, 16, 56, 65, 80, 120, 61, 57, 56, 80]"
1002.618,1002.6404,1002.646,1002.6228,3.242907762527466,0.028,"[1002.6181, 1002.6183666666668, 1002.6190666666666, 1002.6191666666666, 1002.6219, 1002.6225333333332, 1002.6228333333332, 1002.6237666666668, 1002.6243666666668, 1002.6294666666666, 1002.6301666666668, 1002.6319333333332, 1002.6351, 1002.6401, 1002.6443666666668, 1002.6446666666668]","[16, 65, 80, 56, 135, 16, 61, 56, 65, 80, 16, 65, 80, 80, 56, 65]"
1003.4944,1003.508,1003.5316,1003.5196,11.366851806640623,0.0372,"[1003.4952333333332, 1003.4997666666668, 1003.5029666666668, 1003.5065666666668, 1003.5067666666666, 1003.5074666666668, 1003.5124666666668, 1003.515, 1003.517, 1003.5179, 1003.5192333333332, 1003.5203333333334, 1003.5203666666666, 1003.523, 1003.5240666666666, 1003.5251, 1003.5262333333334, 1003.5283333333332, 1003.5291, 1003.5292, 1003.5303333333334, 1003.5307333333334]","[80, 56, 80, 116, 16, 65, 80, 56, 80, 65, 120, 118, 61, 56, 119, 116, 87, 138, 80, 16, 138, 61]"
1012.1152,1012.1392,1012.1488,1012.1364,10.715676307678224,0.0336,"[1012.1156666666668, 1012.1181666666666, 1012.1187333333334, 1012.1200666666666, 1012.1202666666668, 1012.1226666666666, 1012.1235, 1012.1237333333332, 1012.1246666666668, 1012.1257333333332, 1012.1269, 1012.1269666666668, 1012.127, 1012.1283, 1012.1293333333332, 1012.1303333333332, 1012.1309666666668, 1012.1315, 1012.1323, 1012.1335333333334, 1012.1337, 1012.1342666666668, 1012.1348, 1012.1351333333332, 1012.1352666666668, 1012.1364333333332, 1012.1381666666666, 1012.1392666666668, 1012.1397, 1012.1407, 1012.1412333333334, 1012.1421, 1012.1425333333332, 1012.1429333333332, 1012.1442666666668, 1012.1445666666668, 1012.1453, 1012.1457, 1012.1469, 1012.1474333333332, 1012.1484333333332]","[65, 80, 65, 16, 80, 65, 141, 80, 16, 65, 80, 16, 61, 65, 61, 80, 154, 56, 80, 16, 65, 87, 80, 61, 16, 154, 61, 16, 65, 56, 154, 80, 16, 65, 56, 16, 80, 87, 16, 116, 56]"
1012.39,1012.4084,1012.4264,1012.4092,16.22221565246582,0.0364,"[1012.3903333333334, 1012.3911666666668, 1012.3916, 1012.3920666666668, 1012.3951333333332, 1012.3973, 1012.3986, 1012.3987, 1012.3998333333332, 1012.4010666666668, 1012.4024666666668, 1012.4039333333334, 1012.4043333333332, 1012.4046333333332, 1012.4077, 1012.4086333333332, 1012.4091666666668, 1012.4107666666666, 1012.4132666666668, 1012.4154666666668, 1012.4159666666668, 1012.4174, 1012.4176, 1012.4181, 1012.4214666666668, 1012.4215333333332, 1012.4236333333332, 1012.4239]","[80, 56, 65, 171, 80, 65, 16, 80, 56, 105, 56, 65, 80, 16, 87, 65, 80, 16, 116, 65, 80, 61, 16, 56, 65, 80, 16, 116]"
1014.9064,1014.9184,1014.928,1014.9196,6.662471771240234,0.0216,"[1014.9071666666666, 1014.9075666666666, 1014.9084666666666, 1014.9109333333332, 1014.9109666666668, 1014.9116, 1014.9148, 1014.9156, 1014.9165666666668, 1014.9166666666666, 1014.9214333333332, 1014.9216, 1014.9228, 1014.9261, 1014.9264333333332, 1014.9272, 1014.9275666666666]","[80, 56, 16, 65, 80, 56, 61, 16, 80, 65, 80, 16, 56, 98, 80, 65, 16]"
1014.9824,1014.9956,1015.0048,1014.9952,3.606626272201538,0.0224,"[1014.9826333333332, 1014.9847333333332, 1014.9850333333334, 1014.9850666666666, 1014.9852333333332, 1014.9854333333334, 1014.9863666666666, 1014.988, 1014.9884666666668, 1014.9897666666668, 1014.9908, 1014.9913666666666, 1014.9918, 1014.9927333333334, 1014.9927333333334, 1014.9929, 1014.9941666666666, 1014.9943333333332, 1014.9968333333334, 1014.9982333333334, 1014.9983333333332, 1014.9988, 1015.0015333333332, 1015.0026666666666, 1015.0035333333332, 1015.0038, 1015.0042666666668, 1015.0048]","[87, 143, 66, 63, 80, 16, 65, 56, 80, 143, 65, 80, 16, 143, 56, 65, 80, 138, 120, 56, 16, 65, 80, 16, 87, 65, 80, 56]"
1015.8164,1015.8532,1015.8656,1015.8516,11.187838554382324,0.0492,"[1015.8184, 1015.8186666666668, 1015.8188666666666, 1015.8235, 1015.8239333333332, 1015.8246333333332, 1015.8248, 1015.8262333333332, 1015.8289, 1015.8301666666666, 1015.8301666666666, 1015.8313, 1015.8313333333332, 1015.8340333333332, 1015.8340666666668, 1015.8341666666666, 1015.8354333333332, 1015.8362666666668, 1015.8373333333332, 1015.8375333333332, 1015.8401333333334, 1015.8428, 1015.8428666666666, 1015.8453666666668, 1015.8465333333334, 1015.8468666666666, 1015.8469, 1015.8473666666666, 1015.8473666666666, 1015.8498333333332, 1015.8529, 1015.8535333333332, 1015.8539, 1015.8540333333332, 1015.8558666666668, 1015.8574666666668, 1015.8581333333332, 1015.8596666666666, 1015.8621, 1015.8623333333334, 1015.8628666666668]","[80, 65, 16, 56, 65, 80, 16, 61, 56, 80, 16, 159, 65, 61, 80, 105, 56, 16, 80, 65, 80, 65, 80, 65, 56, 61, 80, 16, 87, 65, 80, 56, 65, 16, 80, 16, 65, 56, 65, 80, 56]"
1016.3,1016.3088,1016.33,1016.3092,5.097641944885254,0.03,"[1016.3018, 1016.3018, 1016.303, 1016.3033, 1016.3038333333334, 1016.3051, 1016.3094333333332, 1016.3103666666668, 1016.3111, 1016.3117, 1016.3133333333334, 1016.3141333333332, 1016.3152666666666, 1016.3157, 1016.319, 1016.3220333333334, 1016.3248666666668, 1016.3259, 1016.3265, 1016.3268666666668, 1016.3278666666666]","[80, 65, 16, 56, 61, 80, 80, 65, 16, 56, 65, 16, 80, 65, 56, 65, 80, 61, 64, 16, 87]"
1017.2508,1017.2624,1017.2748,1017.2644,8.532318115234375,0.024,"[1017.2512666666668, 1017.2521333333332, 1017.2533333333332, 1017.2534666666668, 1017.2538666666668, 1017.2548, 1017.2552666666668, 1017.2557666666668, 1017.2561, 1017.2572666666666, 1017.2580666666668, 1017.2586333333334, 1017.2588666666668, 1017.2595333333334, 1017.2601333333332, 1017.2631, 1017.264, 1017.2647, 1017.2655, 1017.2673333333332, 1017.2691, 1017.2695333333334, 1017.2702666666668, 1017.2717, 1017.2728666666668, 1017.2731, 1017.2734333333332, 1017.2737333333332]","[138, 65, 80, 16, 138, 120, 65, 56, 80, 105, 80, 65, 16, 61, 120, 65, 80, 16, 56, 80, 65, 16, 80, 65, 56, 140, 16, 138]"
1018.6644,1018.6844,1018.7184,1018.7084,3.304518461227417,0.054,"[1018.6658, 1018.6662, 1018.6663666666668, 1018.6698, 1018.6707333333334, 1018.6723666666668, 1018.6745666666668, 1018.6764333333332, 1018.6789333333334, 1018.6801333333332, 1018.6866666666666, 1018.6891666666668, 1018.6908666666668, 1018.6950333333332, 1018.6968333333332, 1018.6985666666668, 1018.7014333333332, 1018.7021, 1018.7032666666668, 1018.7054333333332, 1018.7055666666666, 1018.7059, 1018.7088333333334, 1018.7098333333332, 1018.7109333333332, 1018.7122, 1018.7142, 1018.7161333333332, 1018.7164666666666, 1018.7174]","[80, 16, 98, 16, 80, 65, 16, 116, 80, 65, 56, 80, 65, 16, 80, 61, 65, 16, 80, 116, 56, 118, 80, 16, 65, 56, 80, 61, 65, 56]"
1019.1804,1019.198,1019.2196,1019.198,7.092915058135986,0.0392,"[1019.1804, 1019.1833666666666, 1019.1837, 1019.1838333333334, 1019.1841333333332, 1019.1864333333332, 1019.1869, 1019.1877333333332, 1019.1888666666666, 1019.1905666666668, 1019.1912, 1019.1933666666666, 1019.1937333333332, 1019.1941666666668, 1019.1942, 1019.1963333333332, 1019.1971666666668, 1019.1987, 1019.1997666666666, 1019.2004333333332, 1019.2013666666668, 1019.2021666666668, 1019.2022666666668, 1019.2058333333332, 1019.2058666666668, 1019.2059333333332, 1019.206, 1019.2069666666666, 1019.2076, 1019.2088666666668, 1019.2100333333332, 1019.2101, 1019.2121, 1019.2140666666668, 1019.2149666666668, 1019.2154, 1019.219]","[80, 56, 16, 80, 65, 80, 56, 65, 80, 16, 80, 65, 80, 16, 56, 80, 65, 61, 16, 80, 65, 16, 56, 149, 16, 120, 80, 65, 138, 16, 80, 65, 56, 65, 16, 80, 65]"
1020.032,1020.0452,1020.0548,1020.0488,12.275222778320312,0.0228,"[1020.0324, 1020.0338666666668, 1020.0344666666666, 1020.0355333333332, 1020.0367666666668, 1020.0368, 1020.0370333333332, 1020.0376666666668, 1020.0391, 1020.0392666666668, 1020.0400666666668, 1020.0404333333332, 1020.0412333333334, 1020.0423666666668, 1020.0440333333332, 1020.0441333333332, 1020.0445, 1020.0451333333332, 1020.0469333333332, 1020.0471, 1020.0487333333332, 1020.0487333333332, 1020.0489, 1020.049, 1020.0491666666668, 1020.0514666666668, 1020.0524333333332]","[80, 65, 16, 61, 65, 80, 16, 56, 80, 16, 65, 56, 16, 80, 61, 65, 56, 120, 80, 65, 80, 16, 65, 56, 61, 56, 148]"
1020.386,1020.4004,1020.4152,1020.4028,12.416656494140623,0.0292,"[1020.3884333333332, 1020.3904666666666, 1020.3905, 1020.3925, 1020.3936666666668, 1020.3942333333332, 1020.3969, 1020.3970666666668, 1020.3975333333332, 1020.3976, 1020.3979666666668, 1020.3987, 1020.3987666666668, 1020.3999666666666, 1020.4022666666668, 1020.4026, 1020.4047333333332, 1020.4051666666668, 1020.4053333333334, 1020.4065666666668, 1020.4068666666668, 1020.4068666666668, 1020.4082, 1020.4123333333332, 1020.4138333333332]","[80, 56, 61, 16, 80, 65, 80, 16, 56, 64, 61, 87, 116, 65, 61, 16, 61, 65, 80, 56, 105, 63, 16, 61, 56]"
1024.2772,1024.3048,1024.318,1024.3016,14.469708442687988,0.0408,"[1024.2787666666666, 1024.2792333333334, 1024.2825333333333, 1024.2825333333333, 1024.2830333333334, 1024.2856, 1024.2875333333334, 1024.2877, 1024.2877666666666, 1024.2879666666668, 1024.2933, 1024.294133333333, 1024.2981, 1024.3016333333333, 1024.3019666666669, 1024.3022, 1024.3024333333333, 1024.3026, 1024.3035333333332, 1024.3048333333334, 1024.3051, 1024.3066333333334, 1024.3069666666668, 1024.3078333333333, 1024.308266666667, 1024.3128333333334, 1024.3151666666668, 1024.3158, 1024.3170333333333, 1024.3174333333334]","[80, 65, 80, 56, 16, 65, 16, 56, 61, 80, 80, 65, 80, 80, 149, 56, 65, 61, 16, 65, 80, 56, 61, 80, 65, 65, 80, 16, 56, 65]"
1024.544,1024.5588,1024.5688,1024.5588,8.069916725158691,0.0248,"[1024.5444, 1024.5456333333334, 1024.5474333333334, 1024.5476333333334, 1024.5477, 1024.5515333333333, 1024.5522, 1024.5525, 1024.5528333333334, 1024.5552666666667, 1024.5569666666668, 1024.5571, 1024.5580666666667, 1024.5582, 1024.5586, 1024.5603333333331, 1024.5607666666667, 1024.563, 1024.5643666666667, 1024.5648666666666, 1024.5655, 1024.5664, 1024.5664333333334, 1024.5676666666666, 1024.5678, 1024.5678333333333]","[16, 80, 16, 65, 80, 80, 16, 65, 61, 56, 80, 87, 61, 16, 65, 80, 16, 119, 80, 65, 61, 56, 16, 87, 80, 65]"
1026.4968,1026.5196,1026.5292,1026.522,8.128528594970703,0.0324,"[1026.497, 1026.4971666666668, 1026.4974, 1026.4986666666666, 1026.4991666666667, 1026.4997666666666, 1026.500266666667, 1026.5014, 1026.5032, 1026.5036666666667, 1026.5045666666667, 1026.5046333333332, 1026.5047, 1026.5071, 1026.5071333333333, 1026.5071333333333, 1026.5079666666666, 1026.5081666666667, 1026.5101333333334, 1026.5107333333333, 1026.5108333333333, 1026.5116666666668, 1026.5118666666667, 1026.5120333333334, 1026.5122, 1026.5138, 1026.5153, 1026.5153, 1026.5154333333332, 1026.5163, 1026.5169666666666, 1026.5173, 1026.5181, 1026.5189, 1026.5189666666668, 1026.5209333333332, 1026.5218, 1026.521966666667, 1026.5233333333333, 1026.5236, 1026.5247, 1026.5248333333334, 1026.5253333333333, 1026.5275, 1026.5279]","[116, 143, 16, 56, 80, 65, 171, 16, 80, 56, 65, 143, 16, 143, 16, 138, 80, 65, 143, 120, 80, 65, 16, 141, 87, 56, 65, 98, 80, 119, 16, 149, 61, 87, 80, 65, 61, 141, 80, 98, 16, 56, 65, 80, 168]"
1028.09,1028.112,1028.1348,1028.1104,4.860278129577637,0.0448,"[1028.0924333333332, 1028.0928333333334, 1028.0932666666668, 1028.0954333333334, 1028.096, 1028.0991333333334, 1028.1029, 1028.1030666666666, 1028.1031333333333, 1028.1040333333333, 1028.1076333333333, 1028.1079666666667, 1028.1083333333331, 1028.1107333333334, 1028.1112666666668, 1028.1131333333333, 1028.1140666666668, 1028.1154, 1028.1165, 1028.117433333333, 1028.1201666666666, 1028.1203333333333, 1028.1205666666667, 1028.1215, 1028.1228666666666, 1028.1266333333333, 1028.1276333333333, 1028.1279, 1028.1293666666666, 1028.1294, 1028.1333333333334, 1028.1336333333334]","[16, 80, 65, 61, 16, 80, 61, 16, 80, 168, 56, 80, 65, 61, 80, 16, 65, 138, 16, 56, 16, 80, 65, 87, 56, 16, 56, 80, 65, 16, 60, 80]"
1030.872,1030.8956,1030.9028,1030.8956,4.03663444519043,0.0308,"[1030.8731, 1030.8745666666666, 1030.8764, 1030.8767666666668, 1030.8772333333334, 1030.8788, 1030.881566666667, 1030.8819666666666, 1030.8829, 1030.8832, 1030.884, 1030.8850666666667, 1030.8864, 1030.8876666666667, 1030.8885666666667, 1030.8917333333334, 1030.894633333333, 1030.895533333333, 1030.8959666666667, 1030.9025, 1030.9027666666666]","[116, 61, 80, 16, 116, 64, 61, 16, 80, 119, 116, 16, 61, 65, 16, 61, 80, 116, 64, 56, 65]"
1032.67,1032.6844,1032.6964,1032.6836,9.97806453704834,0.0264,"[1032.670033333333, 1032.6708333333331, 1032.6727, 1032.6733, 1032.6738333333333, 1032.677, 1032.6770666666666, 1032.677233333333, 1032.6797, 1032.683, 1032.6846333333333, 1032.6849333333332, 1032.685066666667, 1032.6884, 1032.6894, 1032.690466666667, 1032.690833333333, 1032.6925333333334, 1032.6927, 1032.6930666666667, 1032.6939, 1032.695, 1032.6957666666667]","[65, 56, 80, 65, 56, 80, 16, 65, 116, 136, 80, 65, 16, 16, 80, 61, 135, 16, 56, 159, 80, 87, 65]"
1033.3144,1033.3224,1033.336,1033.3216,4.789807319641113,0.0216,"[1033.3148666666666, 1033.3162, 1033.3167666666666, 1033.3174, 1033.3174666666666, 1033.3183666666666, 1033.3197333333333, 1033.3211, 1033.3221, 1033.3221666666666, 1033.3221666666666, 1033.3223666666668, 1033.3226666666667, 1033.3243333333332, 1033.3261333333332, 1033.3263, 1033.3269666666667, 1033.3288333333333, 1033.329433333333, 1033.3297, 1033.3311, 1033.3322666666666, 1033.3325333333332, 1033.3327333333334, 1033.3334, 1033.3349, 1033.3352666666667, 1033.335733333333]","[163, 65, 80, 56, 16, 57, 65, 80, 164, 98, 16, 65, 61, 149, 98, 80, 65, 65, 16, 80, 61, 138, 80, 118, 56, 65, 16, 80]"
1036.4876,1036.5108,1036.5272,1036.5124,15.56568717956543,0.0396,"[1036.4876, 1036.487933333333, 1036.4882333333333, 1036.4893333333334, 1036.4917, 1036.492433333333, 1036.4941666666666, 1036.4947333333334, 1036.4967, 1036.4989, 1036.4990333333333, 1036.5001666666667, 1036.5007, 1036.5014333333334, 1036.5023666666666, 1036.5049, 1036.505133333333, 1036.5063, 1036.5065, 1036.5072666666667, 1036.508, 1036.5089333333333, 1036.5099666666667, 1036.5110333333334, 1036.5122333333334, 1036.5128666666667, 1036.5135333333333, 1036.5144666666667, 1036.5176, 1036.5176666666666, 1036.5182666666667, 1036.5189666666668, 1036.5192333333334, 1036.5199666666667, 1036.5215, 1036.5215, 1036.5227666666667, 1036.524133333333, 1036.5254, 1036.5259666666666, 1036.5265]","[61, 119, 16, 56, 65, 80, 56, 65, 80, 65, 118, 80, 16, 56, 138, 136, 65, 80, 56, 56, 16, 116, 56, 65, 138, 16, 80, 61, 65, 56, 136, 80, 16, 87, 159, 65, 56, 118, 136, 16, 105]"
1036.756,1036.786,1036.8016,1036.7864,12.852302551269531,0.0456,"[1036.7569, 1036.7593, 1036.7612666666666, 1036.7617333333333, 1036.7621, 1036.7651, 1036.7651, 1036.7657, 1036.7657333333334, 1036.7663333333333, 1036.7668333333334, 1036.7697333333333, 1036.7699, 1036.770533333333, 1036.7744, 1036.7749, 1036.776, 1036.777833333333, 1036.7789, 1036.7815, 1036.7818333333332, 1036.7823, 1036.7825, 1036.7833, 1036.7833333333333, 1036.7838333333334, 1036.7839666666666, 1036.7857666666666, 1036.7858666666666, 1036.7860666666666, 1036.7862333333333, 1036.7863333333332, 1036.7872333333332, 1036.7884333333334, 1036.7887333333333, 1036.7921333333334, 1036.7931666666666, 1036.7937, 1036.793766666667, 1036.7962333333332, 1036.7996666666666, 1036.8005666666666, 1036.8009]","[80, 65, 16, 56, 80, 98, 116, 80, 61, 56, 65, 80, 65, 16, 16, 65, 80, 65, 16, 80, 65, 56, 16, 105, 87, 80, 118, 65, 16, 61, 56, 98, 105, 119, 56, 65, 80, 65, 16, 56, 80, 61, 65]"
1037.404,1037.4212,1037.4268,1037.4228,3.539109230041504,0.0228,"[1037.4056333333333, 1037.4067666666667, 1037.407866666667, 1037.409133333333, 1037.4101333333333, 1037.4117666666666, 1037.4143, 1037.4147333333333, 1037.4148666666667, 1037.4152666666666, 1037.4158, 1037.4178, 1037.4192, 1037.4193, 1037.4212666666667, 1037.4234666666666, 1037.4242, 1037.4242333333334]","[80, 65, 16, 56, 80, 65, 16, 80, 136, 56, 61, 136, 80, 16, 65, 16, 61, 80]"
1037.6752,1037.6944,1037.7036,1037.6952,4.393853187561035,0.0284,"[1037.6753333333334, 1037.6754, 1037.6756, 1037.6785666666667, 1037.6794333333332, 1037.679666666667, 1037.6798666666666, 1037.68, 1037.6834, 1037.6838333333333, 1037.684, 1037.6841333333334, 1037.6862666666666, 1037.6898333333334, 1037.6913, 1037.6932, 1037.6935666666666, 1037.6938333333333, 1037.695, 1037.6952, 1037.6964333333333, 1037.6971, 1037.6977, 1037.6978333333334, 1037.6982666666668, 1037.7026, 1037.7028666666668]","[56, 80, 16, 65, 98, 16, 80, 56, 56, 87, 65, 16, 80, 56, 16, 56, 80, 65, 16, 61, 64, 56, 16, 87, 65, 56, 80]"
1038.082,1038.0932,1038.1076,1038.0924,6.352195739746094,0.0256,"[1038.082133333333, 1038.0821666666666, 1038.0825333333332, 1038.0838666666666, 1038.0847, 1038.0853333333334, 1038.087, 1038.0872, 1038.0872, 1038.0877333333333, 1038.0887333333333, 1038.0888666666667, 1038.0926, 1038.0941666666668, 1038.0955333333334, 1038.099866666667, 1038.1004, 1038.100866666667, 1038.1014333333333, 1038.1023333333333, 1038.1028, 1038.1072]","[171, 80, 61, 56, 80, 65, 119, 80, 16, 65, 105, 56, 16, 80, 65, 16, 87, 61, 80, 16, 56, 61]"
1040.692,1040.7284,1040.7444,1040.7276,5.169552326202393,0.0524,"[1040.693, 1040.6941333333334, 1040.6955666666668, 1040.6957333333332, 1040.6968333333334, 1040.6982333333333, 1040.7001, 1040.7009666666668, 1040.7021333333332, 1040.7043666666666, 1040.7047333333333, 1040.705, 1040.7059666666669, 1040.7067333333334, 1040.7076, 1040.7080666666666, 1040.7086, 1040.7087333333334, 1040.7096, 1040.709833333333, 1040.7108, 1040.7118, 1040.7118666666668, 1040.7119666666667, 1040.713166666667, 1040.7143, 1040.7148333333334, 1040.7154333333333, 1040.7154666666668, 1040.7159666666666, 1040.7173, 1040.7174666666667, 1040.7176, 1040.717666666667, 1040.7193, 1040.7200666666668, 1040.7225666666666, 1040.7227, 1040.7229, 1040.723, 1040.726, 1040.726133333333, 1040.7263, 1040.7268, 1040.7273333333333, 1040.7291666666667, 1040.7306666666666, 1040.7309333333333, 1040.7317666666668, 1040.7319333333332, 1040.7327, 1040.7341, 1040.7347666666667, 1040.7353333333333, 1040.735766666667, 1040.736666666667, 1040.7382333333333, 1040.7398, 1040.7417666666668, 1040.7421333333334, 1040.7424, 1040.7426333333333, 1040.743966666667]","[16, 66, 80, 65, 56, 116, 16, 80, 65, 80, 16, 143, 65, 61, 56, 98, 116, 80, 143, 141, 149, 16, 65, 80, 56, 143, 98, 119, 61, 80, 56, 143, 65, 141, 16, 80, 65, 56, 80, 168, 65, 80, 63, 16, 56, 61, 16, 56, 141, 80, 65, 164, 80, 61, 64, 16, 56, 80, 16, 63, 61, 80, 65]"
1041.222,1041.2308,1041.2484,1041.2296,5.8814616203308105,0.0264,"[1041.2220666666667, 1041.2226333333333, 1041.2245666666668, 1041.2249, 1041.2256333333332, 1041.2263, 1041.2307, 1041.2311333333334, 1041.2325, 1041.2345, 1041.235, 1041.236133333333, 1041.2368]","[80, 65, 56, 80, 171, 16, 65, 80, 171, 65, 80, 63, 16]"
1041.34,1041.352,1041.3604,1041.3512,6.246039867401123,0.0204,"[1041.3416333333332, 1041.3421, 1041.342666666667, 1041.345, 1041.3455, 1041.3465666666666, 1041.3468333333333, 1041.3494333333333, 1041.3497666666667, 1041.3500666666666, 1041.3528333333334, 1041.353566666667, 1041.3603666666668]","[80, 57, 65, 60, 141, 65, 80, 65, 80, 16, 80, 65, 80]"
1041.5876,1041.61,1041.6324,1041.6088,6.7088704109191895,0.0448,"[1041.5902333333331, 1041.5902666666666, 1041.5907666666667, 1041.5908, 1041.5922, 1041.5925333333332, 1041.5927666666666, 1041.5948, 1041.5956333333334, 1041.5957666666666, 1041.5972333333334, 1041.5979333333332, 1041.5983333333334, 1041.5986666666668, 1041.599333333333, 1041.603033333333, 1041.6034333333334, 1041.6034333333334, 1041.6035333333334, 1041.6036, 1041.6060333333332, 1041.6061, 1041.6062, 1041.6073333333334, 1041.6086666666667, 1041.6087666666667, 1041.6090333333334, 1041.6105, 1041.6114333333333, 1041.6128666666666, 1041.6141, 1041.6153, 1041.6155333333334, 1041.615633333333, 1041.6163333333334, 1041.6174666666666, 1041.6175333333333, 1041.6186, 1041.619866666667, 1041.6205666666667, 1041.621, 1041.6224, 1041.6224, 1041.622566666667, 1041.6227333333334, 1041.6252333333334, 1041.6253333333334, 1041.6260333333332, 1041.6308666666666, 1041.6312333333333]","[80, 16, 61, 65, 56, 16, 80, 16, 80, 65, 16, 116, 87, 80, 16, 56, 80, 65, 61, 16, 80, 87, 16, 65, 16, 80, 61, 16, 120, 80, 56, 65, 80, 16, 61, 171, 87, 16, 80, 56, 65, 80, 16, 87, 61, 65, 56, 16, 65, 80]"
1043.3632,1043.3688,1043.41,1043.3804,3.038925886154175,0.0468,"[1043.3643, 1043.3654, 1043.3656666666666, 1043.3662333333334, 1043.3663333333334, 1043.3679, 1043.3685333333333, 1043.3697, 1043.3716, 1043.3721, 1043.3729666666666, 1043.373, 1043.3730333333333, 1043.3735, 1043.3749666666668, 1043.3753333333334, 1043.3754666666666, 1043.3761333333334, 1043.3763666666666, 1043.3776, 1043.3783, 1043.3786666666667, 1043.3787666666667, 1043.3789333333334, 1043.3794, 1043.3798333333334, 1043.3801666666666, 1043.3808, 1043.3810666666666, 1043.3814, 1043.3817333333334, 1043.3830666666668, 1043.3843, 1043.3848333333333, 1043.3851, 1043.3857333333333, 1043.3872, 1043.3882333333331, 1043.3891333333331, 1043.3892666666666, 1043.3909666666666, 1043.3929333333333, 1043.3936, 1043.3955666666666, 1043.3964666666666, 1043.397333333333, 1043.3975, 1043.3997, 1043.4030666666667, 1043.4034333333334, 1043.4045333333331, 1043.4048666666667, 1043.405, 1043.4062, 1043.4087]","[65, 138, 80, 16, 56, 65, 64, 80, 138, 56, 61, 16, 65, 80, 148, 120, 65, 16, 80, 56, 66, 61, 80, 87, 16, 64, 56, 61, 120, 80, 65, 120, 16, 80, 65, 63, 61, 87, 80, 56, 16, 80, 87, 61, 16, 80, 65, 80, 87, 80, 65, 56, 61, 16, 80]"
1044.0832,1044.0936,1044.1116,1044.0928,4.418213844299316,0.0284,"[1044.0834, 1044.0838666666666, 1044.0849666666666, 1044.086633333333, 1044.0867, 1044.087, 1044.0878, 1044.0879, 1044.0884333333331, 1044.0919, 1044.0919333333334, 1044.0919333333334, 1044.092133333333, 1044.0932, 1044.093566666667, 1044.0939666666666, 1044.0963333333334, 1044.0983666666666, 1044.100233333333, 1044.1004666666668, 1044.1018666666666, 1044.1024333333332, 1044.1031333333333, 1044.1037666666666, 1044.1051333333332, 1044.1104666666668, 1044.1112666666668, 1044.1114666666667]","[80, 156, 16, 65, 61, 80, 119, 116, 56, 65, 80, 135, 16, 56, 138, 61, 80, 16, 65, 80, 116, 16, 65, 56, 80, 16, 65, 80]"
1044.5548,1044.5644,1044.5748,1044.5612,5.061262130737305,0.02,"[1044.5553666666667, 1044.5577, 1044.5578, 1044.5581333333334, 1044.5588, 1044.5609333333334, 1044.5615666666667, 1044.5632333333333, 1044.5644333333332, 1044.5645, 1044.5658, 1044.5663, 1044.5691333333334, 1044.5692666666666, 1044.5705, 1044.5707, 1044.572233333333, 1044.5725666666667]","[116, 118, 16, 56, 80, 16, 61, 116, 16, 80, 61, 119, 56, 16, 65, 80, 116, 16]"
1044.8288,1044.8648,1044.8712,1044.866,4.899105072021484,0.0424,"[1044.8307333333332, 1044.8308333333334, 1044.8310666666666, 1044.8323333333333, 1044.8347666666666, 1044.8349666666666, 1044.8352333333332, 1044.8352666666667, 1044.838, 1044.8385666666666, 1044.8399333333334, 1044.8402333333331, 1044.8408, 1044.8418, 1044.8420333333331, 1044.8463666666669, 1044.8468, 1044.8476, 1044.8476333333333, 1044.8485, 1044.8491333333334, 1044.8501666666666, 1044.8509666666666, 1044.8521, 1044.8526333333334, 1044.8549333333333, 1044.8564333333334, 1044.8565666666666, 1044.8567333333333, 1044.8568, 1044.8569333333332, 1044.8578, 1044.858066666667, 1044.8591, 1044.8591666666666, 1044.8592, 1044.8600666666666, 1044.8603666666668, 1044.8626666666669, 1044.8638666666666, 1044.8640333333333, 1044.864733333333, 1044.8649, 1044.867166666667, 1044.868333333333, 1044.868433333333, 1044.8685666666668, 1044.8686, 1044.8703666666668]","[16, 80, 56, 65, 61, 65, 16, 80, 61, 80, 65, 16, 80, 64, 116, 16, 80, 65, 56, 16, 80, 61, 65, 56, 80, 138, 80, 56, 65, 16, 87, 61, 80, 119, 65, 16, 56, 164, 16, 80, 56, 65, 87, 61, 56, 120, 80, 65, 16]"
1049.0012,1049.018,1049.0372,1049.0192,8.319878578186035,0.036,"[1049.0044333333333, 1049.0048333333334, 1049.0069, 1049.007566666667, 1049.007833333333, 1049.0098333333333, 1049.0100666666667, 1049.0120333333334, 1049.0175, 1049.0178666666666, 1049.0197, 1049.0199333333333, 1049.0215, 1049.022333333333, 1049.0228666666667, 1049.0232666666666, 1049.0236, 1049.0239666666666, 1049.0273666666667, 1049.0275333333334, 1049.028366666667, 1049.0292333333334, 1049.0299333333332, 1049.0302333333334, 1049.0312333333334, 1049.0354666666667, 1049.0359]","[80, 16, 116, 16, 56, 65, 80, 16, 80, 65, 61, 16, 116, 80, 65, 16, 87, 56, 16, 65, 80, 61, 16, 87, 56, 80, 65]"
1049.234,1049.2448,1049.2584,1049.2436,4.549964427947998,0.0244,"[1049.2354333333333, 1049.2379, 1049.2387666666666, 1049.2390333333333, 1049.2393333333334, 1049.2458666666666, 1049.2462666666668, 1049.2466333333334, 1049.2487666666666, 1049.2514333333334, 1049.2514666666666, 1049.2521333333334, 1049.2536333333333, 1049.2542666666666, 1049.2557333333334, 1049.2569]","[80, 56, 16, 80, 65, 56, 80, 65, 98, 80, 16, 60, 56, 61, 80, 56]"
1049.5024,1049.5136,1049.5368,1049.5148,5.318353176116943,0.0344,"[1049.5032, 1049.5037666666667, 1049.5078666666666, 1049.5082666666667, 1049.512, 1049.5144, 1049.515133333333, 1049.5155333333332, 1049.5164, 1049.519266666667, 1049.5204, 1049.5209666666667, 1049.5213666666666, 1049.5218333333332, 1049.5247333333334, 1049.5255333333334, 1049.5257, 1049.5273333333334, 1049.5294333333334, 1049.5321, 1049.5322666666666, 1049.5338333333334, 1049.5360333333333]","[80, 154, 65, 80, 80, 65, 56, 80, 16, 80, 56, 105, 116, 65, 80, 56, 65, 16, 80, 56, 16, 65, 80]"
1053.0352,1053.0476,1053.0568,1053.05,7.859893798828125,0.0216,"[1053.0355333333334, 1053.0360666666666, 1053.039266666667, 1053.0417666666667, 1053.0418333333334, 1053.044, 1053.0442, 1053.0449666666666, 1053.0456, 1053.046, 1053.0482333333334, 1053.0508333333332]","[80, 65, 65, 80, 16, 56, 65, 61, 16, 80, 138, 61]"
1053.1192,1053.138,1053.1456,1053.14,5.420258045196533,0.0264,"[1053.1209, 1053.121666666667, 1053.1221, 1053.1227, 1053.1228333333331, 1053.1245333333334, 1053.1271333333334, 1053.1281333333334, 1053.1290666666666, 1053.1332, 1053.1353666666666, 1053.1357666666668, 1053.1359, 1053.1372333333334, 1053.1411666666668, 1053.1417333333334, 1053.1425, 1053.143733333333, 1053.1443666666669]","[80, 61, 56, 65, 16, 80, 65, 56, 80, 80, 65, 56, 16, 80, 80, 16, 65, 56, 149]"
1056.438,1056.4548,1056.4608,1056.4452,3.4724009037017822,0.0228,"[1056.4389666666666, 1056.4389666666666, 1056.4406666666666, 1056.4415666666666, 1056.4429, 1056.446233333333, 1056.4464666666668, 1056.4468333333334, 1056.4473666666668, 1056.4505666666666, 1056.4511666666667, 1056.4555, 1056.4557, 1056.4561666666666, 1056.4589]","[65, 16, 56, 80, 65, 80, 65, 56, 16, 80, 65, 80, 65, 56, 87]"
1058.2024,1058.2216,1058.2356,1058.2184,4.691098690032959,0.0332,"[1058.2044, 1058.2045666666668, 1058.2047666666667, 1058.2058, 1058.2067, 1058.2070666666666, 1058.2075666666667, 1058.2078666666666, 1058.2089, 1058.209566666667, 1058.2102666666667, 1058.2103333333334, 1058.2120333333332, 1058.214, 1058.214066666667, 1058.2154333333333, 1058.2167333333334, 1058.2173666666667, 1058.2188, 1058.2220666666667, 1058.2235, 1058.2238666666667, 1058.2264, 1058.2265666666667, 1058.2272666666668, 1058.2278, 1058.2287666666666, 1058.229, 1058.2301, 1058.2303, 1058.2319666666667, 1058.2322666666666, 1058.2324666666666, 1058.2327]","[16, 80, 65, 105, 56, 80, 171, 16, 65, 80, 87, 56, 61, 16, 56, 80, 65, 16, 80, 80, 65, 16, 80, 56, 61, 16, 80, 65, 87, 16, 61, 65, 56, 16]"
1059.008,1059.048,1059.0592,1059.0492,10.121376037597656,0.0512,"[1059.0118333333332, 1059.0121, 1059.0128, 1059.0134, 1059.0164, 1059.0171333333333, 1059.0176, 1059.0177, 1059.0179, 1059.0189666666668, 1059.0203333333334, 1059.0215666666666, 1059.0272, 1059.0300333333332, 1059.0305666666666, 1059.0347, 1059.0356666666669, 1059.0363666666667, 1059.0381, 1059.0425333333333, 1059.0425666666667, 1059.043233333333, 1059.0443333333333, 1059.0457333333334, 1059.0459, 1059.048, 1059.0493, 1059.053, 1059.0535666666667, 1059.0575333333334, 1059.0575333333334]","[80, 16, 87, 65, 156, 16, 87, 61, 119, 80, 56, 156, 56, 80, 65, 56, 16, 65, 80, 56, 16, 61, 65, 116, 64, 56, 80, 80, 16, 116, 61]"
1059.154,1059.1912,1059.1988,1059.194,4.000247478485107,0.0448,"[1059.1549333333332, 1059.1562666666666, 1059.1578, 1059.1586, 1059.1613666666667, 1059.1651, 1059.1656333333333, 1059.1658, 1059.1667, 1059.1678, 1059.1685666666667, 1059.1693666666667, 1059.1711, 1059.1713666666667, 1059.1733666666669, 1059.1734333333334, 1059.1736666666666, 1059.1743333333334, 1059.1746666666666, 1059.1755333333333, 1059.1760333333334, 1059.1764666666666, 1059.176866666667, 1059.1772666666666, 1059.1773666666666, 1059.1781666666666, 1059.1783333333333, 1059.1788333333334, 1059.1818, 1059.1819, 1059.1823, 1059.1829333333333, 1059.1841333333334, 1059.1849333333332, 1059.1865333333333, 1059.1895, 1059.1895, 1059.1903333333332, 1059.190466666667, 1059.194433333333, 1059.1949, 1059.1950333333334, 1059.1973666666668, 1059.1978666666666, 1059.198133333333, 1059.1987]","[65, 119, 16, 80, 56, 80, 61, 16, 87, 56, 65, 80, 16, 61, 58, 80, 65, 87, 16, 154, 61, 61, 56, 65, 87, 119, 80, 116, 80, 65, 16, 87, 149, 56, 80, 16, 65, 87, 80, 65, 16, 80, 65, 56, 16, 80]"
1059.8052,1059.8236,1059.84,1059.8084,3.306635856628418,0.0348,"[1059.8071333333332, 1059.8082, 1059.8119666666666, 1059.8127, 1059.8133333333333, 1059.8160666666668, 1059.816366666667, 1059.8178666666668, 1059.8192333333334, 1059.8201666666666, 1059.8238333333334, 1059.8238333333334, 1059.8246, 1059.8269666666667, 1059.8275, 1059.8321, 1059.8327333333334, 1059.8332666666668, 1059.833566666667, 1059.8394666666666, 1059.8395666666668, 1059.839966666667]","[80, 65, 80, 65, 16, 80, 65, 16, 65, 80, 16, 65, 80, 65, 80, 65, 80, 16, 56, 56, 80, 65]"
1061.2472,1061.2604,1061.2676,1061.2628,5.002527713775635,0.0204,"[1061.2472333333333, 1061.2481333333333, 1061.2493333333334, 1061.2498, 1061.2498666666668, 1061.2501333333332, 1061.2507, 1061.2510666666667, 1061.2532, 1061.2541, 1061.2550333333334, 1061.2566333333334, 1061.256666666667, 1061.2587, 1061.2590333333333, 1061.2597, 1061.2598666666668, 1061.2621, 1061.2622333333334, 1061.2631666666666, 1061.2648333333334, 1061.2652333333333, 1061.2659333333334]","[80, 116, 61, 56, 119, 80, 65, 154, 80, 65, 61, 16, 149, 65, 56, 16, 80, 65, 80, 56, 16, 65, 80]"
1063.3516,1063.3656,1063.4044,1063.368,12.409790992736816,0.0528,"[1063.3516, 1063.3546333333334, 1063.3549333333333, 1063.3551, 1063.3552333333334, 1063.3553333333334, 1063.3588333333332, 1063.3590333333334, 1063.3609666666666, 1063.3616, 1063.3627666666666, 1063.3629, 1063.3631, 1063.3641, 1063.364366666667, 1063.3655666666666, 1063.3664, 1063.3676666666668, 1063.3678666666667, 1063.3689, 1063.369866666667, 1063.3717666666666, 1063.3727, 1063.3749666666668, 1063.3761333333334, 1063.3780666666669, 1063.3795666666667, 1063.3797333333334, 1063.3801, 1063.3830333333333, 1063.3832666666667, 1063.3840666666667, 1063.3844666666666, 1063.3858666666667, 1063.386, 1063.3864333333331, 1063.3887, 1063.3889333333334, 1063.3890666666666, 1063.3920333333333, 1063.3921666666668, 1063.395533333333, 1063.395533333333, 1063.3988, 1063.399766666667, 1063.4017, 1063.4027, 1063.4030666666667]","[56, 61, 148, 65, 16, 80, 80, 56, 65, 80, 16, 56, 118, 65, 116, 16, 80, 57, 61, 56, 16, 80, 56, 65, 16, 61, 16, 80, 65, 61, 16, 65, 56, 138, 16, 80, 65, 16, 56, 80, 16, 65, 16, 140, 65, 16, 80, 87]"
1064.0992,1064.1108,1064.1216,1064.104,5.8329596519470215,0.0224,"[1064.1000333333334, 1064.1015333333332, 1064.1021666666666, 1064.1022, 1064.1063666666666, 1064.1077333333333, 1064.1092, 1064.1105, 1064.1114666666667, 1064.1122666666668, 1064.1128, 1064.114733333333, 1064.1150666666667, 1064.118333333333, 1064.1188333333334]","[16, 56, 65, 80, 80, 65, 80, 56, 16, 61, 80, 80, 56, 16, 61]"
1065.8232,1065.8352,1065.8492,1065.8344,4.0356831550598145,0.026,"[1065.826366666667, 1065.829, 1065.8295333333333, 1065.8320333333334, 1065.8350666666668, 1065.8360666666667, 1065.837, 1065.8370333333332, 1065.8387666666667, 1065.8433333333332, 1065.8445666666669, 1065.8451, 1065.8484]","[80, 65, 16, 56, 80, 61, 65, 156, 16, 80, 16, 56, 80]"
1065.878,1065.9324,1065.94,1065.934,4.8481950759887695,0.062,"[1065.8781333333334, 1065.8810666666666, 1065.8812, 1065.882, 1065.8827, 1065.8846666666666, 1065.8882, 1065.8884, 1065.889, 1065.8890666666666, 1065.8893, 1065.8896333333332, 1065.8898666666666, 1065.8901, 1065.8904, 1065.8916333333334, 1065.8936, 1065.8966666666668, 1065.8969333333334, 1065.8997333333334, 1065.902, 1065.9022333333332, 1065.9027333333331, 1065.906433333333, 1065.9095666666667, 1065.9108, 1065.9119666666666, 1065.9135333333334, 1065.9144666666666, 1065.9147, 1065.9147333333333, 1065.9168333333334, 1065.9194, 1065.9208333333331, 1065.9226, 1065.9227666666666, 1065.9228666666668, 1065.9229333333333, 1065.9276, 1065.9281, 1065.9281666666666, 1065.9287, 1065.9327, 1065.9329, 1065.9333333333334, 1065.9338333333333, 1065.9342666666666, 1065.9348333333332, 1065.9378666666669, 1065.9394666666667]","[80, 80, 98, 65, 16, 56, 98, 80, 64, 65, 61, 16, 56, 138, 159, 65, 118, 80, 65, 118, 65, 80, 16, 65, 80, 65, 56, 118, 65, 154, 80, 61, 80, 138, 56, 65, 16, 80, 65, 80, 159, 118, 61, 56, 118, 65, 80, 16, 56, 80]"
1066.0544,1066.064,1066.0784,1066.0648,7.264443397521973,0.024,"[1066.0547, 1066.0551666666668, 1066.0552333333333, 1066.0589, 1066.0597, 1066.0599333333332, 1066.0605, 1066.064, 1066.0641333333333, 1066.0663333333334, 1066.0664666666669, 1066.0674333333334, 1066.0716, 1066.0717666666667, 1066.0723333333333, 1066.0732666666668, 1066.0733333333333, 1066.0736, 1066.0737666666666, 1066.0757333333331, 1066.0768, 1066.0775333333331]","[56, 16, 61, 56, 16, 80, 65, 65, 80, 16, 65, 80, 65, 16, 80, 61, 148, 16, 56, 120, 80, 65]"
1066.1992,1066.204,1066.22,1066.204,3.199655055999756,0.0208,"[1066.199566666667, 1066.2021333333332, 1066.2022333333334, 1066.2023666666666, 1066.202633333333, 1066.2030333333332, 1066.2034, 1066.2036333333333, 1066.2064, 1066.2066, 1066.2083333333333, 1066.210466666667, 1066.2113, 1066.2116666666666, 1066.2116666666666, 1066.2134, 1066.2194, 1066.2195666666669]","[80, 80, 65, 16, 63, 87, 61, 64, 141, 120, 80, 16, 65, 61, 80, 87, 56, 61]"
1067.1444,1067.1612,1067.1672,1067.1512,3.172856569290161,0.0228,"[1067.1450333333332, 1067.1456, 1067.1456333333333, 1067.1458, 1067.1462333333334, 1067.1465333333333, 1067.1466, 1067.1494666666667, 1067.1495666666667, 1067.1502666666668, 1067.1508666666666, 1067.1509666666666, 1067.1511666666668, 1067.1529, 1067.1529, 1067.153, 1067.153, 1067.1536, 1067.1546666666666, 1067.1555666666666, 1067.1564, 1067.1568333333332, 1067.1568666666667, 1067.1578, 1067.1580333333334, 1067.1584333333333, 1067.1587333333334, 1067.1591666666666, 1067.1606666666669, 1067.1652, 1067.1655, 1067.1655666666666, 1067.1664666666666]","[65, 60, 61, 149, 16, 80, 56, 65, 16, 80, 56, 61, 60, 80, 16, 65, 138, 164, 61, 16, 80, 56, 171, 16, 168, 80, 61, 65, 116, 80, 16, 65, 56]"
1069.0348,1069.0612,1069.0736,1069.0568,5.6734209060668945,0.0388,"[1069.0357333333334, 1069.0364333333334, 1069.0377, 1069.038633333333, 1069.0386666666666, 1069.0391, 1069.0391333333334, 1069.0413, 1069.0425, 1069.0438333333334, 1069.0448666666666, 1069.0459, 1069.046, 1069.0499333333332, 1069.0501666666669, 1069.0504666666666, 1069.0507333333333, 1069.0511, 1069.0516333333333, 1069.0529, 1069.0557333333334, 1069.0561666666667, 1069.0563333333334, 1069.056733333333, 1069.0573333333334, 1069.0585, 1069.0599, 1069.0608333333332, 1069.0611, 1069.0626333333332, 1069.0628666666669, 1069.0635666666667, 1069.0649, 1069.0649666666666, 1069.0650666666668, 1069.0687666666668, 1069.0689666666667, 1069.0695666666666, 1069.0702666666666, 1069.0706, 1069.0708, 1069.0711, 1069.0728333333334, 1069.073133333333]","[60, 61, 80, 138, 65, 64, 16, 56, 80, 56, 65, 80, 16, 80, 168, 65, 61, 16, 87, 80, 80, 16, 65, 168, 61, 16, 56, 65, 80, 16, 87, 80, 61, 65, 16, 80, 65, 16, 63, 80, 61, 65, 87, 16]"
1072.1188,1072.1288,1072.1448,1072.1288,8.75207233428955,0.026,"[1072.1194, 1072.1197, 1072.1201666666666, 1072.1214333333332, 1072.1226666666666, 1072.123, 1072.1232666666667, 1072.1242, 1072.1296, 1072.1297333333334, 1072.1315, 1072.1335333333334, 1072.1344333333334, 1072.1355666666666, 1072.1358, 1072.1383666666666, 1072.1396, 1072.1399, 1072.141, 1072.1421]","[65, 80, 119, 16, 61, 65, 80, 16, 56, 65, 80, 118, 65, 80, 16, 120, 61, 116, 65, 80]"
1074.7424,1074.7512,1074.7632,1074.7504,9.049330711364746,0.0208,"[1074.7441, 1074.7446666666667, 1074.7453333333333, 1074.7460666666666, 1074.7463, 1074.7485666666666, 1074.7488, 1074.7489, 1074.7490666666667, 1074.7516, 1074.7523666666666, 1074.7535, 1074.7535333333333, 1074.7545333333333, 1074.7552333333333, 1074.7574, 1074.7574333333334, 1074.7599666666667, 1074.7602]","[65, 80, 16, 56, 64, 16, 65, 80, 138, 16, 80, 138, 87, 16, 65, 61, 116, 16, 80]"
1081.1628,1081.1792,1081.1904,1081.1828,5.911186695098877,0.0276,"[1081.1649, 1081.1650333333334, 1081.1652, 1081.1662, 1081.1693666666667, 1081.1703, 1081.1706, 1081.1727666666666, 1081.176333333333, 1081.1769666666669, 1081.1770333333334, 1081.1783, 1081.1794, 1081.1801, 1081.1810333333333, 1081.1826, 1081.1831, 1081.1835666666666, 1081.1851666666666, 1081.1852333333334, 1081.1879, 1081.1898333333334]","[61, 80, 56, 65, 80, 16, 65, 56, 171, 80, 16, 56, 65, 16, 171, 80, 65, 61, 80, 16, 154, 65]"
1081.49,1081.508,1081.5148,1081.494,3.4772143363952637,0.0248,"[1081.4913, 1081.4920333333334, 1081.4941, 1081.4942666666666, 1081.4957, 1081.5003333333334, 1081.5014, 1081.5019333333332, 1081.5045333333333, 1081.5051666666666, 1081.5052, 1081.5073, 1081.507566666667, 1081.5094666666666, 1081.5103, 1081.511166666667, 1081.5119333333334, 1081.5139666666666]","[80, 65, 16, 80, 56, 80, 65, 16, 120, 65, 80, 56, 136, 138, 16, 65, 159, 65]"
1081.7268,1081.7308,1081.752,1081.7296,2.65954327583313,0.0252,"[1081.727033333333, 1081.7283333333332, 1081.7287666666666, 1081.7332666666666, 1081.7363666666668, 1081.738833333333, 1081.7390666666668, 1081.7395333333334, 1081.739733333333, 1081.7407, 1081.7416, 1081.747, 1081.747566666667, 1081.748, 1081.7512666666669]","[65, 159, 65, 116, 80, 65, 80, 57, 16, 61, 65, 16, 56, 80, 171]"
1082.8468,1082.8704,1082.8772,1082.8696,3.7851927280426025,0.0304,"[1082.8470333333332, 1082.8471, 1082.8479666666667, 1082.8482, 1082.8493666666666, 1082.8496333333333, 1082.8501666666666, 1082.8508333333334, 1082.8511666666666, 1082.8515333333332, 1082.851766666667, 1082.8538666666666, 1082.8546333333334, 1082.8568, 1082.857, 1082.8574, 1082.8575666666666, 1082.8576666666668, 1082.8581, 1082.860233333333, 1082.8609333333334, 1082.8612, 1082.8622333333333, 1082.864, 1082.8640666666668, 1082.8643333333334, 1082.8653333333334, 1082.8661, 1082.8689333333334, 1082.868966666667, 1082.869, 1082.8699, 1082.8699333333334, 1082.8706, 1082.8710333333331, 1082.8711, 1082.871133333333, 1082.8712333333333, 1082.8712666666668, 1082.8732666666667, 1082.873466666667, 1082.8739666666668, 1082.8746333333331, 1082.8755666666666, 1082.8758666666668, 1082.8768666666667]","[16, 80, 98, 56, 65, 16, 149, 80, 61, 56, 16, 80, 65, 61, 56, 141, 87, 16, 80, 16, 65, 56, 80, 65, 16, 61, 80, 56, 16, 80, 65, 149, 61, 16, 80, 138, 64, 56, 87, 65, 56, 61, 80, 118, 16, 120]"
1082.9428,1082.9512,1082.9808,1082.948,5.262542247772217,0.038,"[1082.9429, 1082.9432333333334, 1082.9438333333333, 1082.9450333333334, 1082.945066666667, 1082.949933333333, 1082.9503, 1082.9521666666667, 1082.9535, 1082.9540333333334, 1082.9542333333334, 1082.9556666666667, 1082.9567333333334, 1082.9572333333333, 1082.9578333333334, 1082.9581666666666, 1082.9583666666667, 1082.9600333333333, 1082.9611333333332, 1082.9614333333334, 1082.9614333333334, 1082.9615333333334, 1082.9620666666667, 1082.9628666666667, 1082.9647, 1082.965333333333, 1082.965333333333, 1082.9657333333334, 1082.9659666666666, 1082.9667333333334, 1082.9673666666667, 1082.967666666667, 1082.9686, 1082.9705666666666, 1082.9733, 1082.9738, 1082.9780666666666, 1082.979, 1082.9793333333334, 1082.9799, 1082.9807666666666]","[80, 56, 65, 16, 80, 16, 65, 80, 168, 65, 16, 80, 61, 56, 65, 80, 16, 65, 168, 61, 16, 80, 138, 116, 16, 80, 168, 65, 105, 56, 16, 80, 65, 168, 80, 138, 16, 168, 61, 80, 65]"
1085.2,1085.2212,1085.234,1085.218,7.068047046661377,0.034,"[1085.2005, 1085.2029, 1085.2036333333333, 1085.2037, 1085.2045333333333, 1085.2052, 1085.2075333333332, 1085.2075666666667, 1085.2086, 1085.209, 1085.2124333333334, 1085.2124666666666, 1085.2131, 1085.2136333333333, 1085.2144, 1085.2145, 1085.2149, 1085.216, 1085.216766666667, 1085.217, 1085.2190333333333, 1085.2190666666668, 1085.222, 1085.2247, 1085.2251333333334, 1085.2255666666667, 1085.2263666666668, 1085.2264, 1085.2266333333334, 1085.2312, 1085.2318666666667, 1085.2335333333333, 1085.2337666666667]","[80, 16, 56, 65, 80, 66, 65, 116, 80, 61, 65, 80, 16, 56, 138, 65, 80, 63, 61, 98, 118, 56, 80, 65, 80, 16, 61, 105, 56, 98, 120, 56, 98]"
1085.5252,1085.5356,1085.5484,1085.5356,6.34748649597168,0.0232,"[1085.5287, 1085.5288666666668, 1085.5295, 1085.5303333333334, 1085.5336666666667, 1085.5351666666666, 1085.5362666666667, 1085.536833333333, 1085.5387, 1085.5403, 1085.5423666666666, 1085.544666666667, 1085.5451, 1085.5456, 1085.5474]","[16, 80, 65, 56, 16, 56, 80, 65, 16, 66, 80, 65, 56, 61, 87]"
1085.84,1085.8636,1085.872,1085.862,7.989820957183838,0.032,"[1085.8409666666666, 1085.8419, 1085.8426333333334, 1085.8440333333333, 1085.8445666666669, 1085.8447, 1085.8462333333334, 1085.8483666666666, 1085.8488666666667, 1085.849866666667, 1085.8504, 1085.852666666667, 1085.8528, 1085.8533333333332, 1085.8534, 1085.8561, 1085.8567333333333, 1085.8568666666667, 1085.8569333333332, 1085.8591333333334, 1085.8595, 1085.8596, 1085.8600333333334, 1085.8615333333332, 1085.8617666666669, 1085.8618666666666, 1085.8622666666668, 1085.8625333333334, 1085.8627, 1085.8631, 1085.8648333333333, 1085.8656, 1085.8669666666667, 1085.8673, 1085.8673333333334, 1085.8679333333334, 1085.8685333333333, 1085.8687333333332, 1085.8694, 1085.8712333333333]","[16, 80, 65, 56, 16, 80, 65, 56, 16, 65, 80, 16, 80, 65, 56, 164, 65, 80, 56, 16, 64, 65, 80, 120, 61, 56, 98, 80, 16, 65, 80, 65, 16, 138, 80, 64, 65, 61, 16, 80]"
1086.0144,1086.03,1086.042,1086.0336,11.73029899597168,0.0276,"[1086.0144, 1086.0152666666668, 1086.018, 1086.0188, 1086.0209, 1086.0212333333334, 1086.0222333333334, 1086.0222333333334, 1086.0233666666666, 1086.0238, 1086.0247333333334, 1086.0258, 1086.0263, 1086.027, 1086.0276333333334, 1086.0281666666667, 1086.0290333333332, 1086.0301, 1086.035033333333, 1086.0351666666666, 1086.0370666666668, 1086.0396666666666]","[16, 80, 16, 56, 154, 80, 16, 65, 87, 116, 154, 16, 80, 65, 61, 16, 154, 87, 80, 154, 56, 80]"
1086.2588,1086.2876,1086.2936,1086.2884,3.910693407058716,0.0348,"[1086.2591, 1086.2594, 1086.2603333333334, 1086.2603333333334, 1086.2625, 1086.2625333333333, 1086.2650333333331, 1086.2662666666668, 1086.2670666666668, 1086.2689333333333, 1086.2690666666667, 1086.2691333333332, 1086.2695666666666, 1086.2699, 1086.2714, 1086.2717333333333, 1086.2721333333334, 1086.2723, 1086.273866666667, 1086.2761666666668, 1086.2763, 1086.2773333333334, 1086.2774333333334, 1086.2783333333334, 1086.278733333333, 1086.2790666666667, 1086.2793, 1086.2796666666666, 1086.2813333333334, 1086.2822666666666, 1086.2830333333334, 1086.2832, 1086.2847666666669, 1086.285, 1086.2859, 1086.2884666666666, 1086.2889666666667, 1086.2906666666668, 1086.2915]","[56, 16, 80, 65, 16, 80, 16, 80, 65, 80, 61, 16, 65, 56, 16, 119, 80, 163, 16, 80, 65, 149, 16, 61, 156, 87, 80, 56, 65, 168, 149, 16, 65, 56, 80, 16, 65, 56, 116]"
1087.804,1087.8328,1087.8464,1087.8308,7.427083492279053,0.0424,"[1087.8056333333334, 1087.8072, 1087.8089333333332, 1087.8091333333334, 1087.8097, 1087.8110333333334, 1087.812, 1087.8128, 1087.8152, 1087.815833333333, 1087.8163333333334, 1087.8164, 1087.8173666666669, 1087.8188333333333, 1087.8204333333333, 1087.8211333333334, 1087.8229666666666, 1087.8251666666667, 1087.8253, 1087.8277, 1087.8293, 1087.8297333333333, 1087.8309333333334, 1087.8309333333334, 1087.8318, 1087.8327666666669, 1087.8388, 1087.839, 1087.8392333333334, 1087.8398666666667, 1087.8401666666666, 1087.8404666666668, 1087.8437333333334]","[80, 65, 16, 87, 80, 154, 65, 56, 16, 119, 61, 80, 16, 65, 80, 138, 16, 56, 80, 16, 116, 154, 80, 65, 56, 16, 56, 16, 138, 61, 118, 80, 65]"
1093.0976,1093.1088,1093.1248,1093.1112,9.012417793273926,0.0272,"[1093.0983333333334, 1093.0984666666666, 1093.0992, 1093.0998, 1093.1006, 1093.1009333333334, 1093.1047666666666, 1093.1064666666666, 1093.1116, 1093.1119333333334, 1093.1119666666666, 1093.1142333333332, 1093.1150333333333, 1093.1191666666666, 1093.1218666666666, 1093.122933333333]","[80, 156, 65, 56, 61, 16, 80, 56, 65, 16, 80, 138, 56, 16, 65, 56]"
1093.7424,1093.7652,1093.8044,1093.7664,7.417043209075928,0.062,"[1093.7426333333333, 1093.7457333333334, 1093.7468333333334, 1093.7470666666666, 1093.7472666666667, 1093.7489, 1093.749366666667, 1093.7509666666667, 1093.7520333333334, 1093.752066666667, 1093.7534333333333, 1093.7545, 1093.7572333333333, 1093.758733333333, 1093.7609333333332, 1093.7613333333334, 1093.7644666666667, 1093.7648666666666, 1093.7650666666666, 1093.7659333333334, 1093.7662, 1093.7662, 1093.7671333333333, 1093.7683, 1093.7686, 1093.7687, 1093.7711333333334, 1093.7718666666667, 1093.7728666666667, 1093.7748666666666, 1093.7776, 1093.7785666666666, 1093.7802666666666, 1093.7808, 1093.7821333333334, 1093.7824, 1093.7843666666668, 1093.7845, 1093.7868666666666, 1093.7877666666666, 1093.7892333333334, 1093.7929, 1093.7932666666666, 1093.794, 1093.7949333333331, 1093.795566666667, 1093.7973333333334, 1093.7976, 1093.7982, 1093.7985333333334, 1093.798633333333, 1093.8014666666666, 1093.8030666666666, 1093.8033, 1093.8037]","[16, 65, 80, 143, 16, 65, 80, 16, 65, 143, 80, 56, 143, 65, 56, 80, 65, 16, 80, 87, 61, 65, 16, 143, 119, 120, 65, 80, 65, 56, 65, 98, 80, 16, 56, 65, 143, 16, 65, 80, 16, 56, 143, 65, 16, 80, 105, 65, 16, 56, 61, 80, 16, 61, 65]"
1095.6136,1095.62,1095.646,1095.618,3.5363612174987793,0.0324,"[1095.6148333333333, 1095.6168333333333, 1095.617166666667, 1095.6177333333333, 1095.6182, 1095.6187666666667, 1095.6210666666666, 1095.621666666667, 1095.6219, 1095.6240333333333, 1095.624366666667, 1095.6244333333334, 1095.6258333333333, 1095.6266666666668, 1095.6297, 1095.6300333333334, 1095.6302666666666, 1095.6307, 1095.632, 1095.6325333333334, 1095.6331, 1095.6364333333331, 1095.6368333333332, 1095.6369, 1095.6374666666666, 1095.6394666666667, 1095.6403666666668, 1095.6406333333334, 1095.640666666667, 1095.6420333333333, 1095.6442, 1095.645, 1095.6452333333334]","[80, 16, 65, 56, 80, 61, 16, 80, 65, 16, 80, 56, 65, 16, 56, 65, 80, 16, 61, 56, 65, 16, 65, 148, 168, 80, 16, 65, 56, 80, 56, 61, 65]"
1098.9056,1098.9108,1098.928,1098.9084,3.437124013900757,0.0224,"[1098.906066666667, 1098.9067666666667, 1098.9097, 1098.9108333333334, 1098.9108333333334, 1098.910933333333, 1098.9130333333333, 1098.9146333333333, 1098.9151, 1098.9163333333331, 1098.9169, 1098.9181666666666, 1098.9207666666666, 1098.9236, 1098.9237, 1098.9245]","[65, 80, 116, 16, 56, 148, 65, 116, 80, 16, 138, 56, 80, 16, 65, 56]"
1099.5524,1099.5636,1099.574,1099.5636,9.218626976013184,0.0216,"[1099.5542, 1099.554933333333, 1099.5567, 1099.5581666666667, 1099.5584666666666, 1099.5587333333333, 1099.5589666666667, 1099.5618333333334, 1099.5622, 1099.5634333333333, 1099.5638333333334, 1099.5642666666668, 1099.5643333333333, 1099.5646, 1099.5683666666666, 1099.5695, 1099.5706, 1099.571233333333, 1099.5721, 1099.5721666666666]","[65, 56, 65, 16, 61, 143, 80, 80, 16, 56, 65, 105, 80, 61, 87, 80, 65, 61, 16, 56]"
1101.8144,1101.8228,1101.8492,1101.8256,5.364058017730713,0.0348,"[1101.8144, 1101.8151, 1101.8170333333333, 1101.8179666666667, 1101.8208, 1101.8208333333334, 1101.8228333333334, 1101.8231, 1101.8255, 1101.8264, 1101.8266333333331, 1101.8269333333333, 1101.8271, 1101.8276, 1101.8319, 1101.8327666666669, 1101.8333, 1101.8361, 1101.8366666666666, 1101.837, 1101.8411, 1101.8419666666666, 1101.8431333333333, 1101.8431666666668, 1101.8449, 1101.8451333333333, 1101.8467333333333, 1101.8468666666668, 1101.8488666666667]","[65, 56, 116, 16, 80, 56, 65, 16, 16, 63, 65, 61, 80, 56, 65, 16, 80, 16, 65, 61, 56, 16, 65, 80, 16, 56, 65, 80, 61]"
1104.3008,1104.3172,1104.3212,1104.3204,2.7584333419799805,0.0204,"[1104.3043666666667, 1104.3045666666667, 1104.3056333333334, 1104.3081666666667, 1104.3122, 1104.312233333333, 1104.313, 1104.3167666666666, 1104.3188, 1104.3197666666667, 1104.32]","[80, 65, 61, 56, 65, 16, 80, 16, 80, 56, 16]"
1107.8672,1107.8796,1107.898,1107.8776,4.327986717224121,0.0308,"[1107.867433333333, 1107.869233333333, 1107.8700333333334, 1107.870233333333, 1107.8710333333331, 1107.8712333333333, 1107.8717333333334, 1107.8720666666666, 1107.8737333333331, 1107.873833333333, 1107.8782666666666, 1107.8807333333334, 1107.8858666666667, 1107.8865666666666, 1107.8885333333333, 1107.8887, 1107.8924333333334, 1107.8929, 1107.8945666666666, 1107.8957333333333, 1107.8961333333334]","[136, 136, 16, 65, 80, 136, 56, 116, 136, 140, 65, 56, 148, 116, 80, 56, 65, 80, 141, 138, 56]"
1109.886,1109.91,1109.914,1109.9104,2.6202750205993652,0.028,"[1109.8861, 1109.8885666666667, 1109.8903, 1109.8936666666666, 1109.8940666666667, 1109.8964, 1109.8972, 1109.8972, 1109.8977, 1109.8977666666667, 1109.8983333333333, 1109.8998333333334, 1109.9044666666666, 1109.9069333333334, 1109.9071, 1109.9103, 1109.9112, 1109.9118, 1109.9122666666667, 1109.9129333333333, 1109.9133, 1109.9134]","[65, 56, 65, 65, 80, 98, 80, 120, 56, 61, 16, 65, 80, 65, 56, 80, 120, 16, 61, 65, 56, 80]"
1110.0744,1110.0964,1110.1072,1110.0996,5.000665664672852,0.0328,"[1110.076733333333, 1110.0771, 1110.0772333333334, 1110.0779666666667, 1110.0785, 1110.0793666666666, 1110.0794, 1110.0795333333333, 1110.0805666666668, 1110.0827, 1110.0838333333334, 1110.0858, 1110.0865333333334, 1110.0868333333333, 1110.087266666667, 1110.0879666666667, 1110.0881, 1110.091233333333, 1110.0913333333333, 1110.0916, 1110.0938, 1110.0943, 1110.0950666666668, 1110.0951, 1110.0973333333334, 1110.0984666666666, 1110.1016, 1110.1016333333334, 1110.1018333333334, 1110.1022666666668, 1110.103566666667, 1110.1042666666667, 1110.1052, 1110.1065666666666, 1110.1066]","[120, 80, 61, 65, 154, 80, 16, 138, 65, 16, 61, 65, 80, 16, 56, 61, 65, 80, 65, 16, 65, 16, 80, 56, 65, 61, 16, 80, 65, 56, 80, 116, 56, 65, 16]"
1110.6408,1110.6488,1110.6644,1110.6496,4.7220940589904785,0.0236,"[1110.6421333333333, 1110.6448666666668, 1110.6482666666666, 1110.6490333333334, 1110.6519666666666, 1110.6520666666668, 1110.6534666666666, 1110.6548, 1110.6559666666667, 1110.658766666667, 1110.659, 1110.6590333333334, 1110.6604, 1110.6604666666667, 1110.6632666666667, 1110.6634666666666]","[143, 16, 80, 56, 16, 119, 143, 65, 56, 65, 80, 16, 143, 56, 16, 80]"
1123.4684,1123.476,1123.496,1123.4744,6.190805435180664,0.0276,"[1123.4684333333332, 1123.4685333333334, 1123.4692666666667, 1123.4702, 1123.4709333333333, 1123.4715666666666, 1123.4722666666669, 1123.4742666666666, 1123.4746, 1123.4751, 1123.4760666666666, 1123.4779666666666, 1123.4784, 1123.478933333333, 1123.4795, 1123.4798, 1123.4806666666666, 1123.4811333333334, 1123.4836, 1123.4845, 1123.4847, 1123.4847, 1123.4847333333332, 1123.4853333333333, 1123.4856666666667, 1123.4867666666669, 1123.4874666666667, 1123.4877, 1123.4877, 1123.4902333333334, 1123.4907, 1123.4907, 1123.4923666666666, 1123.4926, 1123.4932666666666, 1123.4934666666666, 1123.4935333333333, 1123.4937333333332, 1123.493966666667, 1123.4958]","[80, 143, 16, 168, 65, 138, 80, 16, 65, 56, 143, 116, 65, 80, 16, 159, 80, 65, 56, 120, 80, 56, 16, 65, 168, 120, 65, 143, 80, 16, 80, 65, 143, 61, 65, 16, 171, 80, 56, 56]"
1124.7924,1124.8072,1124.8276,1124.8068,13.963760375976562,0.0352,"[1124.7931666666666, 1124.7939666666666, 1124.7948666666666, 1124.7951666666668, 1124.7954333333332, 1124.7969333333333, 1124.7972, 1124.7974666666669, 1124.7979, 1124.8015, 1124.8015, 1124.8016333333333, 1124.8031, 1124.804933333333, 1124.8053333333332, 1124.8056333333334, 1124.8070666666667, 1124.8070666666667, 1124.8074, 1124.807733333333, 1124.8082333333334, 1124.8089, 1124.8092, 1124.812766666667, 1124.8134, 1124.8139333333334, 1124.8151666666668, 1124.8159333333333, 1124.8163, 1124.8165333333334, 1124.8179666666667, 1124.8187666666668, 1124.8226, 1124.823, 1124.825833333333, 1124.8264333333334, 1124.8268666666668]","[16, 65, 56, 80, 64, 16, 80, 65, 56, 61, 65, 80, 16, 80, 56, 65, 80, 87, 16, 61, 63, 65, 56, 16, 80, 61, 65, 164, 80, 56, 16, 65, 80, 136, 56, 80, 149]"
1126.0504,1126.0572,1126.0848,1126.0804,4.370335578918457,0.0344,"[1126.0520666666666, 1126.0521666666666, 1126.053133333333, 1126.0536333333334, 1126.0537, 1126.0556666666666, 1126.0578666666668, 1126.0585, 1126.0587666666668, 1126.0597666666667, 1126.0605666666668, 1126.0611333333334, 1126.0621666666666, 1126.0628666666669, 1126.0646, 1126.0648333333334, 1126.0648666666666, 1126.0666, 1126.066733333333, 1126.0669333333333, 1126.0672333333334, 1126.0694666666666, 1126.0699, 1126.0701666666666, 1126.0704666666666, 1126.0707, 1126.073, 1126.0744666666667, 1126.074566666667, 1126.0767, 1126.0767, 1126.077, 1126.0774333333334, 1126.0774666666666, 1126.0774666666666, 1126.0789, 1126.0797333333333, 1126.0799333333334, 1126.0806666666667, 1126.0808, 1126.0808333333334, 1126.0813, 1126.0813666666666, 1126.0846333333334]","[56, 65, 61, 80, 16, 56, 80, 65, 140, 56, 16, 163, 65, 80, 119, 140, 120, 65, 154, 80, 57, 154, 56, 65, 80, 138, 16, 80, 65, 135, 118, 16, 80, 65, 56, 66, 154, 16, 56, 80, 61, 65, 87, 64]"
1126.1472,1126.1644,1126.19,1126.1648,6.960245132446289,0.0428,"[1126.1474666666666, 1126.1487333333334, 1126.1490333333334, 1126.1508666666666, 1126.151566666667, 1126.1520333333333, 1126.152466666667, 1126.1548666666667, 1126.1550333333332, 1126.1568333333332, 1126.1587, 1126.1589666666666, 1126.1593666666668, 1126.159666666667, 1126.160033333333, 1126.1615, 1126.1619333333333, 1126.1631333333332, 1126.163633333333, 1126.1642, 1126.1649, 1126.1652, 1126.1652, 1126.1654, 1126.1655, 1126.165533333333, 1126.1657666666667, 1126.1677, 1126.1695666666667, 1126.1701, 1126.1708, 1126.1720333333333, 1126.1722666666667, 1126.1728666666668, 1126.1735333333334, 1126.1746666666666, 1126.1755666666666, 1126.1795666666667, 1126.1796333333334, 1126.1804666666667, 1126.1827, 1126.1840666666667, 1126.1846, 1126.1852, 1126.1852333333334, 1126.1862, 1126.1869666666666, 1126.1892666666668, 1126.1897333333334]","[61, 159, 65, 56, 80, 116, 135, 65, 171, 80, 171, 57, 16, 65, 56, 171, 80, 136, 65, 56, 57, 171, 138, 16, 61, 116, 80, 65, 57, 80, 16, 65, 56, 87, 80, 61, 57, 65, 80, 56, 138, 65, 80, 63, 57, 136, 65, 61, 135]"
1127.6228,1127.6428,1127.6524,1127.6444,7.615079879760742,0.0296,"[1127.622933333333, 1127.6230333333333, 1127.6236333333334, 1127.6266, 1127.6269, 1127.6287, 1127.6289333333334, 1127.6295333333333, 1127.6302, 1127.631666666667, 1127.6317333333334, 1127.6331, 1127.6333666666667, 1127.6353, 1127.6357, 1127.6360333333334, 1127.6367333333333, 1127.6368333333332, 1127.6376, 1127.6391666666666, 1127.6394666666667, 1127.6421666666668, 1127.6423666666667, 1127.6425666666669, 1127.6433, 1127.6434666666669, 1127.6449666666667, 1127.6456, 1127.6457333333333, 1127.6459, 1127.6463666666666, 1127.6506, 1127.6512]","[80, 65, 16, 80, 65, 87, 56, 80, 61, 16, 171, 65, 80, 16, 80, 65, 61, 56, 140, 56, 80, 116, 119, 80, 65, 120, 16, 105, 65, 61, 56, 98, 56]"
1128.6704,1128.7024,1128.7416,1128.7012,9.028799057006836,0.0712,"[1128.672366666667, 1128.6731666666667, 1128.6737, 1128.6739666666667, 1128.674533333333, 1128.677866666667, 1128.6782333333333, 1128.6795333333334, 1128.6803333333332, 1128.6840666666667, 1128.6862666666666, 1128.6865, 1128.6899, 1128.6936333333333, 1128.6955333333333, 1128.6992666666667, 1128.700466666667, 1128.700833333333, 1128.7018333333333, 1128.7019333333333, 1128.7045666666668, 1128.7050333333334, 1128.7050333333334, 1128.7055333333333, 1128.708, 1128.7083, 1128.7085333333334, 1128.7086, 1128.7095, 1128.7098666666666, 1128.7104, 1128.710733333333, 1128.7109333333333, 1128.7127333333333, 1128.7143333333331, 1128.714433333333, 1128.7149, 1128.7165333333332, 1128.7178, 1128.7180666666666, 1128.7180666666666, 1128.719466666667, 1128.720733333333, 1128.7212, 1128.7214, 1128.722533333333, 1128.7229, 1128.723066666667, 1128.7235333333333, 1128.7235666666666, 1128.7254, 1128.7256, 1128.7277333333334, 1128.7284333333334, 1128.7290333333333, 1128.7294333333334, 1128.7337666666667, 1128.7341333333334, 1128.734333333333, 1128.7352, 1128.735766666667, 1128.7390666666668, 1128.7405666666666, 1128.7415666666666]","[65, 16, 138, 80, 56, 16, 65, 80, 16, 16, 80, 65, 65, 116, 80, 80, 16, 65, 56, 61, 80, 65, 16, 56, 80, 16, 65, 61, 116, 64, 56, 80, 65, 159, 149, 16, 65, 80, 56, 61, 16, 149, 65, 16, 80, 64, 87, 136, 105, 61, 65, 149, 16, 80, 65, 61, 16, 61, 120, 65, 16, 56, 61, 87]"
1129.8264,1129.8628,1129.8688,1129.8628,3.237680196762085,0.0424,"[1129.8273666666666, 1129.8285666666666, 1129.8324, 1129.8325666666667, 1129.8337, 1129.8339, 1129.8342666666667, 1129.8358666666666, 1129.8386333333333, 1129.8389333333334, 1129.8391333333334, 1129.84, 1129.8447, 1129.845366666667, 1129.8454666666669, 1129.848966666667, 1129.8490666666669, 1129.8504333333333, 1129.8513, 1129.8514333333333, 1129.8522, 1129.8556, 1129.8558, 1129.8578666666667, 1129.8588666666667, 1129.8589333333334, 1129.8604666666668, 1129.8612666666668, 1129.8616333333334, 1129.8632, 1129.8635333333334, 1129.8642333333332, 1129.8649, 1129.8649333333333, 1129.8667333333333, 1129.8669, 1129.8671, 1129.8677, 1129.8682, 1129.8687]","[80, 16, 16, 65, 61, 80, 56, 16, 65, 80, 16, 56, 61, 64, 65, 56, 16, 80, 136, 65, 16, 65, 16, 80, 56, 16, 65, 80, 138, 16, 61, 65, 56, 80, 65, 16, 61, 141, 56, 80]"
1130.0944,1130.1024,1130.116,1130.1032,3.94075083732605,0.0216,"[1130.0964, 1130.096633333333, 1130.0983333333334, 1130.0989333333334, 1130.1004333333333, 1130.1011, 1130.1012333333333, 1130.1017333333334, 1130.103033333333, 1130.1033333333332, 1130.1078, 1130.108066666667, 1130.1093666666666, 1130.1100333333334, 1130.1122666666668, 1130.1127, 1130.1136]","[80, 16, 56, 61, 80, 65, 16, 56, 80, 149, 56, 65, 16, 80, 56, 65, 80]"
1132.1152,1132.1304,1132.1472,1132.1284,13.304850578308104,0.032,"[1132.115633333333, 1132.1159, 1132.1162333333334, 1132.1163, 1132.1169666666667, 1132.1193, 1132.1225333333334, 1132.1226, 1132.1226666666666, 1132.1229666666666, 1132.1232333333332, 1132.1236, 1132.1286666666667, 1132.128866666667, 1132.1290666666666, 1132.1298333333334, 1132.1298666666669, 1132.1302, 1132.1332666666667, 1132.1360333333334, 1132.1364, 1132.1378, 1132.1378333333334, 1132.1461, 1132.1463666666666]","[56, 80, 61, 16, 65, 159, 65, 61, 98, 56, 80, 16, 65, 80, 16, 56, 61, 136, 65, 80, 16, 65, 56, 65, 80]"
1133.3512,1133.37,1133.3752,1133.3696,3.5208256244659424,0.024,"[1133.3513333333333, 1133.3539, 1133.3553, 1133.3555, 1133.3564, 1133.3569, 1133.3569666666667, 1133.3569666666667, 1133.359, 1133.3591, 1133.3591333333334, 1133.3608333333334, 1133.3612666666668, 1133.3630666666666, 1133.3640666666668, 1133.3644, 1133.3649333333333, 1133.365266666667, 1133.3663666666666, 1133.368, 1133.3695, 1133.3701, 1133.3713, 1133.3738666666666, 1133.3744333333334, 1133.3745666666666, 1133.3750666666667]","[56, 16, 65, 143, 61, 80, 56, 16, 116, 119, 65, 143, 61, 16, 143, 87, 80, 56, 118, 80, 16, 80, 65, 56, 65, 80, 16]"
1133.5708,1133.58,1133.5932,1133.574,3.5436954498291016,0.0224,"[1133.5709333333334, 1133.5717333333334, 1133.5741, 1133.5741666666668, 1133.575466666667, 1133.5760666666667, 1133.5777333333333, 1133.580866666667, 1133.5811, 1133.5830666666666, 1133.5831, 1133.5833, 1133.5835333333334, 1133.5835333333334, 1133.59, 1133.5905333333333, 1133.5913666666668]","[138, 80, 16, 65, 80, 56, 65, 80, 16, 61, 80, 60, 65, 64, 80, 65, 16]"
1133.7524,1133.7656,1133.822,1133.7672,10.224519729614258,0.0696,"[1133.7533, 1133.7546, 1133.7546333333332, 1133.7547333333334, 1133.7550333333334, 1133.7553, 1133.7558333333334, 1133.7568666666666, 1133.7617, 1133.7618333333332, 1133.7625666666668, 1133.7636, 1133.7648666666666, 1133.7649, 1133.7656333333334, 1133.7667, 1133.7682666666667, 1133.7683, 1133.7690333333333, 1133.7692333333334, 1133.7704333333334, 1133.7711666666669, 1133.7717, 1133.7743666666668, 1133.7744333333333, 1133.7745666666667, 1133.7767666666666, 1133.7789, 1133.779266666667, 1133.7796666666666, 1133.780533333333, 1133.7819, 1133.7820666666669, 1133.7837, 1133.7858333333334, 1133.786833333333, 1133.7870666666668, 1133.7894666666666, 1133.7896666666666, 1133.7927333333334, 1133.7937333333334, 1133.7939666666666, 1133.7959, 1133.7966666666666, 1133.7968, 1133.7979, 1133.7994666666666, 1133.8008333333332, 1133.8010666666669, 1133.8025666666667, 1133.8027, 1133.8045333333334, 1133.8053666666667, 1133.8055333333334, 1133.8062, 1133.807, 1133.8074666666666, 1133.809, 1133.8100333333334, 1133.8105333333333, 1133.8117666666667, 1133.8129, 1133.8129666666666, 1133.8138333333334, 1133.8139666666666, 1133.8142666666668, 1133.8148333333334, 1133.8163333333334, 1133.8205]","[171, 143, 16, 80, 65, 56, 61, 16, 65, 80, 16, 56, 80, 65, 143, 16, 65, 80, 16, 61, 56, 65, 80, 16, 65, 80, 16, 56, 65, 80, 61, 138, 16, 65, 16, 80, 65, 80, 65, 16, 80, 65, 16, 80, 65, 119, 61, 16, 66, 80, 16, 61, 119, 56, 80, 65, 16, 80, 98, 65, 16, 138, 61, 56, 116, 80, 65, 16, 80]"
1135.6652,1135.6772,1135.7024,1135.6748,6.690697193145752,0.0372,"[1135.6657333333333, 1135.666066666667, 1135.6661333333334, 1135.6661666666666, 1135.666966666667, 1135.6685666666667, 1135.6695666666667, 1135.6701, 1135.6708, 1135.6711, 1135.6726333333334, 1135.6750333333334, 1135.6751, 1135.6776, 1135.6778, 1135.6784666666667, 1135.6802333333333, 1135.6819, 1135.6819333333333, 1135.6823333333334, 1135.6828, 1135.6832333333334, 1135.6853666666666, 1135.6888333333334, 1135.6889, 1135.6890666666666, 1135.6892333333333, 1135.6907, 1135.6917666666666, 1135.6919333333333, 1135.6924, 1135.6926666666666, 1135.6936333333333, 1135.6940333333334, 1135.6948333333332, 1135.6975333333332, 1135.6991, 1135.6992666666667, 1135.6994333333334, 1135.7000333333333, 1135.7009, 1135.7021]","[65, 80, 159, 16, 56, 80, 16, 65, 80, 56, 65, 148, 80, 65, 56, 80, 16, 65, 61, 16, 80, 87, 148, 120, 80, 16, 56, 65, 80, 87, 16, 61, 80, 65, 16, 148, 80, 61, 138, 65, 80, 87]"
1138.9444,1138.9704,1138.9832,1138.9708,4.822052955627441,0.0388,"[1138.9455333333333, 1138.9460333333334, 1138.9462666666666, 1138.9465, 1138.9468333333334, 1138.9474333333333, 1138.9482, 1138.9495333333334, 1138.9507666666666, 1138.9509333333333, 1138.9520666666667, 1138.9543666666666, 1138.9550333333334, 1138.9550666666669, 1138.9573666666668, 1138.9589666666666, 1138.9597666666666, 1138.9600333333333, 1138.9601333333333, 1138.9615333333334, 1138.9617666666666, 1138.9623, 1138.9642, 1138.9649, 1138.966233333333, 1138.967, 1138.967133333333, 1138.9682, 1138.9686, 1138.968933333333, 1138.9724, 1138.975, 1138.9752, 1138.9752, 1138.975866666667, 1138.9772, 1138.977666666667, 1138.9777333333334, 1138.9778333333334, 1138.9788333333331, 1138.9808, 1138.9813, 1138.9827666666667]","[80, 65, 56, 61, 16, 105, 80, 119, 65, 56, 80, 65, 61, 56, 80, 61, 80, 56, 65, 61, 16, 87, 65, 80, 143, 56, 120, 65, 80, 16, 56, 16, 80, 65, 87, 61, 80, 64, 65, 16, 61, 56, 143]"
1139.6828,1139.6996,1139.7072,1139.6944,4.793527603149414,0.0244,"[1139.6834, 1139.6845666666666, 1139.6846666666668, 1139.6867, 1139.6884333333333, 1139.6890666666666, 1139.6893333333333, 1139.6899666666666, 1139.6903666666667, 1139.6905333333334, 1139.694433333333, 1139.6946, 1139.6946333333333, 1139.6948666666667, 1139.6979333333334, 1139.6997666666666, 1139.7004333333334, 1139.7011333333332, 1139.7020666666667, 1139.7022, 1139.7031333333334, 1139.7049, 1139.706233333333]","[138, 163, 80, 65, 163, 56, 87, 16, 65, 80, 138, 80, 65, 120, 56, 98, 56, 80, 138, 61, 65, 56, 98]"
1142.0636,1142.0744,1142.0888,1142.0724,7.291943073272705,0.0252,"[1142.0637, 1142.0641333333333, 1142.0667, 1142.0667666666666, 1142.0668666666666, 1142.0669, 1142.071, 1142.0731666666666, 1142.073666666667, 1142.0742, 1142.0760333333333, 1142.0799, 1142.0883666666666]","[80, 65, 138, 16, 80, 60, 116, 60, 80, 56, 80, 61, 118]"
1149.6176,1149.6348,1149.6496,1149.638,14.153885841369627,0.032,"[1149.620766666667, 1149.6209666666666, 1149.6215333333334, 1149.6242666666667, 1149.6254333333334, 1149.6268, 1149.6284666666666, 1149.6288333333334, 1149.6332333333332, 1149.6335666666666, 1149.6339333333333, 1149.638333333333, 1149.6384333333333, 1149.6390333333334, 1149.6391666666666, 1149.6393333333333, 1149.6406333333334, 1149.6431333333333, 1149.6435666666666, 1149.643733333333, 1149.6443666666669, 1149.6451, 1149.6463, 1149.6476333333333, 1149.6489333333334]","[65, 16, 56, 80, 65, 56, 80, 16, 16, 80, 65, 65, 80, 16, 56, 61, 116, 65, 80, 56, 16, 61, 80, 16, 56]"
1151.3328,1151.3404,1151.3544,1151.3388,4.75966739654541,0.0216,"[1151.3346, 1151.3360666666667, 1151.3401333333334, 1151.3411, 1151.3419, 1151.3444, 1151.3455666666666, 1151.3461, 1151.3461, 1151.3469, 1151.3501, 1151.352666666667, 1151.3539666666666]","[65, 80, 56, 16, 80, 164, 65, 61, 16, 80, 56, 65, 16]"
1152.488,1152.4968,1152.5224,1152.5,8.010981559753418,0.0344,"[1152.488833333333, 1152.4889333333333, 1152.4897, 1152.4933666666666, 1152.4938333333334, 1152.494866666667, 1152.4951666666666, 1152.4953666666668, 1152.4961666666666, 1152.4972, 1152.4972333333333, 1152.499733333333, 1152.5000333333332, 1152.5011, 1152.5016666666668, 1152.503, 1152.5071, 1152.5072333333333, 1152.507566666667, 1152.5089333333333, 1152.5089333333333, 1152.5094, 1152.5114666666666, 1152.5118666666667, 1152.5119333333334, 1152.5138, 1152.5143, 1152.5146333333332, 1152.5152666666668, 1152.516, 1152.5162666666668, 1152.516933333333, 1152.5176, 1152.5183, 1152.5212]","[65, 56, 80, 65, 80, 61, 163, 149, 16, 65, 116, 56, 61, 80, 65, 163, 65, 80, 87, 168, 56, 61, 163, 80, 16, 65, 61, 16, 56, 87, 80, 105, 163, 61, 80]"
1152.5964,1152.6164,1152.626,1152.6136,6.210034370422363,0.0296,"[1152.5979, 1152.5996, 1152.6010666666666, 1152.601766666667, 1152.6021666666666, 1152.6037666666666, 1152.6050666666667, 1152.6065666666666, 1152.6072666666666, 1152.6075, 1152.6085333333333, 1152.6103, 1152.6117333333334, 1152.6119, 1152.6125333333334, 1152.6128, 1152.6136333333334, 1152.6141666666667, 1152.6146333333334, 1152.6154666666666, 1152.6163333333334, 1152.6177666666667, 1152.6195666666667, 1152.6203, 1152.6219, 1152.6224, 1152.624366666667]","[65, 98, 80, 65, 98, 56, 65, 57, 80, 65, 16, 56, 141, 80, 65, 16, 57, 116, 61, 65, 80, 120, 65, 80, 65, 80, 56]"
1152.9416,1152.9528,1152.992,1152.9756,6.886570930480957,0.0504,"[1152.9418666666666, 1152.9454, 1152.946, 1152.9474333333333, 1152.9481666666666, 1152.9483666666667, 1152.9494, 1152.9511666666667, 1152.9514333333334, 1152.9520666666667, 1152.9525, 1152.954066666667, 1152.9542666666666, 1152.9551333333334, 1152.9561666666666, 1152.9570333333334, 1152.9582333333333, 1152.9609333333333, 1152.9612666666667, 1152.9633, 1152.9648333333334, 1152.9649333333334, 1152.9665333333332, 1152.9670666666666, 1152.9691, 1152.9699333333333, 1152.9700333333333, 1152.9710666666667, 1152.977033333333, 1152.9770666666666, 1152.9771, 1152.9773333333333, 1152.983433333333, 1152.9856666666667]","[65, 56, 98, 65, 156, 80, 16, 65, 56, 116, 80, 65, 16, 98, 80, 56, 65, 56, 80, 64, 65, 56, 65, 80, 98, 56, 65, 105, 16, 56, 80, 65, 80, 56]"
1153.4216,1153.4376,1153.4524,1153.4376,15.492076873779297,0.0308,"[1153.4216333333334, 1153.4235333333334, 1153.4250333333334, 1153.4257, 1153.4260333333334, 1153.4262333333334, 1153.4295, 1153.429666666667, 1153.4304, 1153.4310333333333, 1153.4319333333333, 1153.4346, 1153.4366, 1153.438133333333, 1153.4390666666666, 1153.441, 1153.4411333333333, 1153.4420666666667, 1153.4454333333333, 1153.4457333333332, 1153.445966666667, 1153.4460666666666, 1153.4461, 1153.447133333333, 1153.4478333333334, 1153.4512666666667, 1153.4518333333333, 1153.4522]","[120, 80, 65, 16, 156, 56, 65, 80, 16, 87, 56, 65, 80, 61, 87, 16, 80, 65, 61, 16, 80, 87, 116, 56, 135, 80, 65, 163]"
1153.8068,1153.816,1153.8596,1153.8152,6.440710067749023,0.0528,"[1153.8076, 1153.8083666666666, 1153.8092333333334, 1153.8103666666666, 1153.8112, 1153.814566666667, 1153.8147, 1153.8161666666667, 1153.8166, 1153.817, 1153.8172, 1153.8173333333334, 1153.8189666666667, 1153.8191, 1153.8206, 1153.8208, 1153.8209, 1153.8216666666667, 1153.8219, 1153.8227333333334, 1153.8228666666666, 1153.8235666666667, 1153.8249666666666, 1153.8252666666667, 1153.8257333333331, 1153.8275333333331, 1153.8285, 1153.8286333333333, 1153.829066666667, 1153.8292666666666, 1153.830333333333, 1153.830866666667, 1153.8315, 1153.8336, 1153.8343666666667, 1153.834466666667, 1153.8347333333334, 1153.8353666666667, 1153.8363, 1153.8368666666668, 1153.8371, 1153.8381333333334, 1153.8383333333334, 1153.8383666666666, 1153.8396, 1153.840333333333, 1153.8404333333333, 1153.8406666666667, 1153.8419666666666, 1153.8447333333334, 1153.8451, 1153.8456, 1153.8457, 1153.8459333333333, 1153.8487333333333, 1153.8507666666667, 1153.8513, 1153.8525333333334, 1153.8529, 1153.8538333333331, 1153.8547, 1153.8549, 1153.8560333333332, 1153.8561333333334, 1153.8566666666666, 1153.8568, 1153.8584666666666]","[56, 16, 61, 80, 65, 80, 16, 65, 61, 16, 80, 56, 64, 65, 16, 143, 80, 65, 56, 80, 61, 65, 16, 80, 65, 80, 16, 66, 65, 56, 80, 16, 65, 80, 60, 56, 65, 16, 80, 65, 56, 61, 16, 80, 143, 65, 16, 61, 56, 143, 56, 80, 16, 65, 61, 56, 16, 80, 65, 16, 118, 116, 16, 80, 65, 56, 16]"
1154.3436,1154.36,1154.384,1154.358,8.421902656555176,0.0404,"[1154.3458, 1154.346633333333, 1154.3468666666668, 1154.3469666666667, 1154.3501, 1154.3501666666666, 1154.3505333333333, 1154.3510333333334, 1154.351766666667, 1154.3539, 1154.3544, 1154.3565333333331, 1154.3586, 1154.3586333333333, 1154.3587333333332, 1154.3603666666668, 1154.3603666666668, 1154.3622333333333, 1154.3625, 1154.3628333333334, 1154.365, 1154.3656666666666, 1154.3675666666666, 1154.3725, 1154.3733333333332, 1154.3734333333334, 1154.373466666667, 1154.3735666666666, 1154.3747, 1154.3778333333332, 1154.3792, 1154.3809, 1154.381, 1154.3814666666667, 1154.3825]","[65, 61, 80, 16, 65, 16, 56, 61, 80, 64, 65, 80, 65, 16, 56, 80, 61, 16, 65, 56, 61, 16, 80, 61, 80, 56, 65, 16, 135, 80, 135, 16, 80, 56, 135]"
1156.1576,1156.168,1156.178,1156.1688,6.43683385848999,0.0204,"[1156.158, 1156.1581333333334, 1156.1591, 1156.1600666666666, 1156.1605, 1156.1629666666668, 1156.1632666666667, 1156.163633333333, 1156.1652333333334, 1156.1668, 1156.1672333333331, 1156.1681333333331, 1156.1688, 1156.1692666666668, 1156.1697666666666, 1156.1704, 1156.1724, 1156.1728666666668, 1156.1742333333334, 1156.1747333333333, 1156.1747666666668, 1156.1751333333334, 1156.1763]","[80, 56, 16, 65, 80, 16, 80, 56, 65, 80, 56, 16, 65, 80, 56, 16, 56, 87, 65, 80, 16, 61, 136]"
1157.3048,1157.3208,1157.3452,1157.3184,6.087526321411133,0.0404,"[1157.3052333333333, 1157.3063, 1157.3080666666667, 1157.3093333333334, 1157.310066666667, 1157.3114666666668, 1157.3125333333332, 1157.3132666666668, 1157.3141666666668, 1157.3141666666668, 1157.3165666666666, 1157.3182, 1157.3189, 1157.3191, 1157.3215333333333, 1157.3217, 1157.3224666666667, 1157.3232666666668, 1157.325833333333, 1157.3259666666668, 1157.3265333333334, 1157.3268666666668, 1157.3275333333331, 1157.3300333333334, 1157.3323, 1157.3335333333334, 1157.333566666667, 1157.335, 1157.3364, 1157.3371333333334, 1157.3377, 1157.3379, 1157.3438333333334, 1157.3442, 1157.3443, 1157.3446, 1157.3451666666667]","[80, 16, 135, 61, 16, 56, 80, 65, 136, 16, 65, 56, 116, 16, 159, 65, 80, 16, 61, 80, 148, 16, 65, 80, 16, 65, 56, 80, 16, 135, 87, 80, 56, 65, 80, 87, 116]"
1159.0736,1159.0952,1159.1092,1159.0964,8.497825622558594,0.0356,"[1159.0739333333331, 1159.0747333333334, 1159.0748666666666, 1159.075, 1159.0756, 1159.0765333333334, 1159.0768666666668, 1159.0782333333334, 1159.0791333333334, 1159.0810666666666, 1159.0819, 1159.0832666666668, 1159.0834333333332, 1159.0846666666666, 1159.0851, 1159.0851333333333, 1159.0862333333334, 1159.0867666666666, 1159.087, 1159.0888333333332, 1159.0892666666666, 1159.0899, 1159.0908, 1159.0909, 1159.092666666667, 1159.0932666666668, 1159.0934, 1159.0941, 1159.0946, 1159.094833333333, 1159.0955333333334, 1159.0960666666667, 1159.0983, 1159.0994, 1159.1005, 1159.1011, 1159.1019, 1159.1024, 1159.1031, 1159.1044, 1159.1055333333334, 1159.1058, 1159.1076333333333, 1159.1079333333332, 1159.1079666666667, 1159.1089333333334]","[16, 168, 80, 65, 56, 16, 65, 80, 164, 56, 80, 65, 16, 80, 66, 56, 16, 171, 138, 16, 80, 119, 61, 56, 16, 171, 156, 65, 16, 80, 61, 56, 119, 80, 65, 16, 61, 80, 120, 65, 16, 61, 56, 65, 80, 16]"
1161.2924,1161.3164,1161.33,1161.3164,6.901992321014404,0.0376,"[1161.2956, 1161.2957666666666, 1161.2959666666666, 1161.297733333333, 1161.3013666666666, 1161.3014333333333, 1161.3045, 1161.3055333333334, 1161.3056666666666, 1161.3076, 1161.3102666666666, 1161.311866666667, 1161.311866666667, 1161.312766666667, 1161.3178666666668, 1161.3194, 1161.3196666666668, 1161.3226666666667, 1161.324033333333, 1161.3240666666666, 1161.3241333333333, 1161.3256333333334, 1161.3258666666666, 1161.3269666666667, 1161.3292333333334, 1161.3296]","[80, 16, 56, 65, 120, 80, 56, 135, 65, 80, 16, 65, 56, 63, 65, 80, 64, 116, 16, 80, 65, 61, 120, 56, 80, 65]"
1161.3436,1161.3572,1161.364,1161.3564,5.604394912719727,0.0204,"[1161.3443666666667, 1161.3446333333334, 1161.3463666666669, 1161.3474, 1161.348433333333, 1161.3487666666667, 1161.3491, 1161.3494, 1161.35, 1161.3509, 1161.351133333333, 1161.3516666666667, 1161.3526, 1161.3552666666667, 1161.3559666666667, 1161.3605333333333, 1161.3606333333332]","[61, 80, 65, 16, 65, 80, 171, 56, 61, 65, 16, 80, 138, 65, 80, 116, 80]"
1161.6256,1161.6516,1161.6772,1161.6488,14.34226894378662,0.0516,"[1161.6290333333334, 1161.6290666666666, 1161.6293, 1161.6296, 1161.6326666666666, 1161.634733333333, 1161.6351, 1161.6354333333334, 1161.6366666666668, 1161.639, 1161.6429, 1161.6437666666666, 1161.6439, 1161.6440333333333, 1161.6462, 1161.6483, 1161.6491666666666, 1161.6502333333333, 1161.6505, 1161.6532666666667, 1161.6536, 1161.655, 1161.6557666666668, 1161.6558666666667, 1161.6559, 1161.6562333333334, 1161.6567666666667, 1161.661, 1161.6628666666666, 1161.6634333333334, 1161.6635, 1161.664, 1161.664533333333, 1161.665166666667, 1161.665166666667, 1161.6653, 1161.6703333333332, 1161.6704333333332, 1161.6705, 1161.6728666666668, 1161.6728666666668, 1161.6729333333333, 1161.673, 1161.6739666666667]","[16, 65, 80, 56, 80, 65, 16, 61, 80, 159, 16, 154, 80, 56, 65, 16, 80, 56, 61, 80, 65, 16, 61, 56, 65, 56, 80, 159, 80, 56, 98, 64, 65, 61, 87, 16, 116, 80, 16, 80, 16, 65, 61, 87]"
1162.3348,1162.3584,1162.3644,1162.3604,3.006659984588623,0.0296,"[1162.334833333333, 1162.3348666666666, 1162.3353, 1162.3397, 1162.3414666666667, 1162.3432333333333, 1162.345366666667, 1162.3465333333334, 1162.3466666666666, 1162.3467333333333, 1162.3484, 1162.3491666666666, 1162.3513666666668, 1162.3528333333334, 1162.3550666666667, 1162.3573333333334, 1162.3576333333333, 1162.3579, 1162.3584, 1162.3608333333334, 1162.3613333333333, 1162.3630666666666]","[65, 80, 16, 56, 65, 80, 16, 80, 56, 65, 16, 65, 80, 56, 65, 16, 80, 65, 56, 61, 120, 65]"
1163.3104,1163.3192,1163.3364,1163.3168,8.366147994995117,0.026,"[1163.3106333333333, 1163.3108666666667, 1163.3125, 1163.3133333333333, 1163.3142, 1163.3142666666668, 1163.3143, 1163.314566666667, 1163.3171333333332, 1163.3173666666669, 1163.3176, 1163.3187666666668, 1163.320066666667, 1163.3206, 1163.3206666666667, 1163.3234333333332, 1163.3245, 1163.3249, 1163.325466666667, 1163.3297333333333, 1163.329966666667, 1163.3305666666668, 1163.3312, 1163.332, 1163.3321, 1163.3328, 1163.3334333333332]","[80, 16, 61, 56, 80, 65, 171, 16, 61, 16, 80, 65, 56, 120, 80, 171, 80, 16, 65, 80, 65, 87, 16, 80, 61, 56, 16]"
1164.4252,1164.4492,1164.4632,1164.4284,3.801348209381103,0.038,"[1164.4259333333334, 1164.4262333333334, 1164.427766666667, 1164.4284333333333, 1164.4285333333332, 1164.4286, 1164.4293333333333, 1164.4298333333334, 1164.4314, 1164.4331333333334, 1164.4337666666668, 1164.4341333333334, 1164.4343333333334, 1164.4352333333334, 1164.4364, 1164.4369333333334, 1164.4371, 1164.4416, 1164.4418, 1164.4420333333333, 1164.4421333333332, 1164.4432, 1164.4438, 1164.4446666666668, 1164.4451333333334, 1164.4468, 1164.4471, 1164.4474666666667, 1164.4475333333332, 1164.4477, 1164.4492666666667, 1164.4494666666667, 1164.4527333333333, 1164.4529666666667, 1164.4531333333334, 1164.4534, 1164.454433333333, 1164.4552666666666, 1164.4564, 1164.4568, 1164.458033333333, 1164.4582, 1164.4589666666666, 1164.4603, 1164.4607, 1164.461, 1164.4621333333334, 1164.4632]","[65, 80, 56, 16, 149, 61, 61, 65, 80, 66, 65, 149, 80, 16, 60, 65, 61, 65, 60, 119, 56, 16, 80, 105, 65, 80, 168, 63, 149, 16, 65, 60, 65, 168, 80, 16, 56, 61, 80, 65, 16, 168, 80, 56, 16, 65, 80, 138]"
1166.1032,1166.128,1166.1404,1166.112,6.907389163970947,0.0372,"[1166.103566666667, 1166.1046, 1166.105366666667, 1166.1063, 1166.1081333333334, 1166.1082333333334, 1166.1083333333331, 1166.1115, 1166.1122, 1166.112933333333, 1166.1130666666666, 1166.1131666666668, 1166.1150333333333, 1166.1158, 1166.1174666666666, 1166.1174666666666, 1166.1194, 1166.1205333333332, 1166.1212666666668, 1166.1228666666666, 1166.1249, 1166.1263666666666, 1166.1276333333333, 1166.1286666666667, 1166.129, 1166.1302, 1166.1303333333333, 1166.1303666666668, 1166.1306, 1166.1318666666666, 1166.1330333333333, 1166.1332666666667, 1166.1362333333334, 1166.1372666666666, 1166.1390333333334, 1166.1397]","[65, 80, 154, 16, 65, 56, 80, 80, 168, 65, 154, 61, 80, 154, 65, 16, 80, 65, 16, 56, 65, 80, 61, 65, 16, 56, 154, 80, 65, 87, 138, 16, 61, 56, 65, 16]"
1166.5016,1166.5116,1166.5236,1166.5132,5.126687049865723,0.022,"[1166.5019, 1166.5020333333334, 1166.502433333333, 1166.5071333333333, 1166.5076666666666, 1166.5106666666666, 1166.511, 1166.5112333333334, 1166.5138, 1166.5161666666668, 1166.5164, 1166.5178, 1166.519266666667, 1166.5196, 1166.5196, 1166.5208333333333, 1166.5212666666666, 1166.5219333333334, 1166.5226333333333, 1166.5227333333332, 1166.5232666666666]","[56, 61, 16, 80, 56, 65, 16, 80, 138, 80, 16, 120, 65, 80, 16, 56, 61, 16, 65, 64, 118]"
1181.3884,1181.4068,1181.4168,1181.4052,10.472505569458008,0.0284,"[1181.388866666667, 1181.3893333333333, 1181.3899666666666, 1181.3921, 1181.3946, 1181.3949666666667, 1181.3952666666669, 1181.3961333333334, 1181.3967666666667, 1181.3971333333334, 1181.3972, 1181.3991, 1181.400133333333, 1181.4004, 1181.4009666666666, 1181.4011333333333, 1181.4025666666666, 1181.4045666666666, 1181.4053, 1181.4059666666667, 1181.4061666666666, 1181.4062, 1181.4063333333334, 1181.407, 1181.4097, 1181.4118666666666, 1181.4118666666666, 1181.4120666666668, 1181.4121666666667, 1181.4122333333332, 1181.4128666666666, 1181.415533333333, 1181.415533333333]","[80, 138, 65, 163, 65, 16, 80, 116, 65, 57, 80, 16, 80, 56, 61, 65, 98, 16, 57, 56, 98, 80, 61, 65, 80, 80, 65, 16, 56, 61, 116, 87, 80]"
1181.7024,1181.7188,1181.7268,1181.7168,3.0423038005828857,0.0244,"[1181.7027333333333, 1181.7037, 1181.7059666666669, 1181.7064, 1181.7078666666666, 1181.7117, 1181.7120333333332, 1181.7123666666666, 1181.7126666666666, 1181.7131, 1181.7141, 1181.7178333333334, 1181.7180666666666, 1181.7181666666668, 1181.7182666666668, 1181.7195333333334, 1181.7195666666669, 1181.7202, 1181.7229, 1181.7231666666669, 1181.7265333333332, 1181.7266666666667]","[16, 159, 80, 65, 16, 80, 136, 16, 65, 56, 80, 135, 65, 80, 16, 56, 138, 98, 98, 80, 16, 98]"
1183.3828,1183.4068,1183.4136,1183.3848,3.0936472415924072,0.0308,"[1183.3857, 1183.3876333333333, 1183.3880333333334, 1183.3889666666666, 1183.3911, 1183.391933333333, 1183.3924, 1183.3937, 1183.3954333333334, 1183.3957666666668, 1183.398866666667, 1183.4000666666666, 1183.4006, 1183.4009666666666, 1183.4033333333334, 1183.4058666666667, 1183.408233333333, 1183.4084, 1183.4107, 1183.4111333333333, 1183.4119]","[16, 80, 65, 56, 16, 80, 61, 16, 80, 56, 65, 80, 16, 56, 80, 56, 16, 80, 16, 80, 116]"
1185.3772,1185.3864,1185.4024,1185.3856,6.691895484924316,0.0252,"[1185.3809, 1185.3810666666666, 1185.3811333333333, 1185.3817, 1185.3837, 1185.386, 1185.3863, 1185.387066666667, 1185.3871333333334, 1185.3882333333331, 1185.3908333333334, 1185.391033333333, 1185.392, 1185.3921, 1185.3922666666667, 1185.3943666666669, 1185.3945, 1185.3952666666669, 1185.3957, 1185.3957333333333, 1185.3971, 1185.3984666666668, 1185.4004666666667, 1185.4005, 1185.4016333333334, 1185.4018333333331, 1185.402, 1185.4023333333334]","[80, 16, 65, 56, 116, 56, 65, 154, 80, 16, 154, 80, 65, 98, 16, 138, 116, 154, 80, 56, 16, 65, 16, 80, 65, 154, 56, 61]"
1186.832,1186.8416,1186.8624,1186.84,7.068809509277344,0.0304,"[1186.832133333333, 1186.8324666666667, 1186.8341333333333, 1186.8351, 1186.8355, 1186.8357666666666, 1186.8359, 1186.837, 1186.8417, 1186.8429, 1186.8450666666668, 1186.8451, 1186.8453333333334, 1186.8489, 1186.8511, 1186.851133333333, 1186.8523666666667, 1186.8525333333334, 1186.8527333333334, 1186.8546333333334, 1186.8554666666666, 1186.8601666666666, 1186.8606, 1186.8614666666667, 1186.8615333333332, 1186.8618, 1186.8619666666666]","[120, 65, 80, 56, 65, 16, 138, 87, 80, 56, 80, 159, 16, 16, 171, 56, 80, 16, 65, 61, 16, 16, 65, 87, 80, 159, 61]"
1188.6696,1188.676,1188.6948,1188.6756,2.9172661304473877,0.0252,"[1188.6697333333334, 1188.6701, 1188.6709, 1188.6726333333334, 1188.6726666666666, 1188.6731, 1188.6751333333334, 1188.6760333333334, 1188.6760666666669, 1188.6768, 1188.680933333333, 1188.6812, 1188.6814333333334, 1188.6852666666666, 1188.6853, 1188.6870666666666, 1188.6897666666666, 1188.6903, 1188.6903333333332, 1188.6909666666666, 1188.6923, 1188.693166666667]","[149, 65, 16, 80, 65, 56, 61, 16, 80, 65, 80, 16, 65, 56, 80, 65, 16, 61, 80, 65, 16, 56]"
1191.5244,1191.5364,1191.5616,1191.5544,8.31342601776123,0.0372,"[1191.5249, 1191.5253333333333, 1191.5283333333334, 1191.5295666666666, 1191.5299666666667, 1191.5302, 1191.5329333333334, 1191.5353333333333, 1191.5353333333333, 1191.5357666666666, 1191.5394, 1191.5398333333333, 1191.54, 1191.5412, 1191.5447666666666, 1191.5458, 1191.5458333333331, 1191.5462, 1191.5484333333334, 1191.5506, 1191.552766666667, 1191.5532, 1191.5535333333332, 1191.5538333333334, 1191.5546, 1191.5549666666666, 1191.5550666666666, 1191.5575]","[65, 80, 16, 80, 56, 65, 61, 65, 138, 80, 65, 80, 16, 56, 16, 56, 61, 65, 16, 80, 56, 65, 80, 16, 64, 87, 61, 56]"
1192.47,1192.486,1192.496,1192.4852,5.148724555969238,0.026,"[1192.471266666667, 1192.4718666666668, 1192.4724333333334, 1192.4727, 1192.4732, 1192.4751333333334, 1192.4761, 1192.480733333333, 1192.481266666667, 1192.4817666666668, 1192.4836, 1192.4847666666667, 1192.4854, 1192.4858666666669, 1192.4859, 1192.4897666666666, 1192.4941, 1192.4944, 1192.4945666666667]","[105, 65, 61, 80, 56, 65, 80, 80, 65, 16, 80, 61, 65, 16, 56, 56, 65, 16, 80]"
1193.27,1193.2868,1193.3004,1193.2832,12.17197608947754,0.0304,"[1193.2703, 1193.2727, 1193.2743, 1193.2772666666667, 1193.2788333333333, 1193.2794333333334, 1193.28, 1193.2811333333334, 1193.2827666666667, 1193.285, 1193.2884333333334, 1193.2902, 1193.2911333333334, 1193.2913333333331, 1193.2947333333334, 1193.2969, 1193.2972, 1193.2980333333333, 1193.2991, 1193.2999666666667]","[16, 80, 65, 16, 56, 80, 136, 65, 16, 80, 65, 80, 61, 16, 65, 16, 138, 80, 61, 56]"
1193.8916,1193.9236,1193.9376,1193.8988,10.765525817871094,0.046,"[1193.893, 1193.8934333333334, 1193.8937666666666, 1193.8943333333334, 1193.8979333333334, 1193.8981, 1193.8986, 1193.8987, 1193.8994666666667, 1193.8994666666667, 1193.8996333333334, 1193.9014333333334, 1193.9016333333334, 1193.9021333333333, 1193.9029333333333, 1193.9033, 1193.9040333333332, 1193.9041666666667, 1193.904266666667, 1193.9044333333334, 1193.9047666666668, 1193.905, 1193.9068, 1193.9076666666667, 1193.9081666666666, 1193.908233333333, 1193.9090333333334, 1193.9107666666666, 1193.9108, 1193.9119, 1193.9129, 1193.9131666666667, 1193.9134666666666, 1193.9154, 1193.9164666666666, 1193.9166, 1193.9177, 1193.9177666666667, 1193.9180666666666, 1193.9201666666668, 1193.9212333333332, 1193.9216, 1193.9222333333332, 1193.9226, 1193.9244333333334, 1193.9263, 1193.9282, 1193.9283666666668, 1193.9285666666667, 1193.9291333333333, 1193.9315, 1193.931733333333, 1193.9322666666667, 1193.9339333333332, 1193.935, 1193.935066666667, 1193.9364666666668]","[80, 65, 87, 16, 80, 65, 120, 64, 61, 56, 16, 80, 154, 65, 16, 138, 61, 56, 105, 154, 80, 65, 141, 154, 16, 65, 80, 16, 65, 80, 65, 87, 16, 56, 80, 16, 56, 65, 138, 16, 65, 80, 61, 16, 65, 119, 61, 16, 56, 80, 61, 80, 65, 16, 65, 80, 56]"
1196.6068,1196.6172,1196.628,1196.6184,4.37830114364624,0.0212,"[1196.6109666666666, 1196.6147666666666, 1196.6161333333334, 1196.6162333333334, 1196.6175333333333, 1196.6237, 1196.6258333333333]","[65, 56, 16, 116, 80, 65, 16]"
1197.6468,1197.6652,1197.6992,1197.6648,9.224956512451172,0.0524,"[1197.6472666666666, 1197.6493, 1197.6499, 1197.651933333333, 1197.6532666666667, 1197.6535333333334, 1197.654633333333, 1197.655, 1197.6589333333334, 1197.661, 1197.662733333333, 1197.6644, 1197.6652666666666, 1197.6656666666668, 1197.6676, 1197.6694, 1197.6743, 1197.6749666666667, 1197.6756666666668, 1197.6780333333334, 1197.6785333333332, 1197.6793666666667, 1197.6794666666667, 1197.6814333333334, 1197.6851666666666, 1197.6855333333333, 1197.6856, 1197.6874333333333, 1197.6879, 1197.6883, 1197.6904333333334, 1197.692, 1197.692633333333, 1197.6935, 1197.6943666666666, 1197.6945666666666, 1197.6952, 1197.6953, 1197.6956666666667, 1197.6968333333334, 1197.6986333333334]","[56, 80, 65, 87, 16, 56, 80, 65, 80, 171, 80, 87, 16, 61, 56, 80, 61, 16, 80, 56, 116, 65, 80, 16, 80, 136, 65, 56, 16, 80, 136, 65, 56, 116, 87, 80, 16, 118, 65, 61, 16]"
1208.132,1208.1532,1208.1608,1208.1512,4.731466770172119,0.0288,"[1208.1363, 1208.1369666666667, 1208.1371666666666, 1208.138, 1208.1426, 1208.1446, 1208.145, 1208.1462, 1208.1503666666667, 1208.151033333333, 1208.1516333333334, 1208.1538333333333, 1208.1542333333334, 1208.1547666666668, 1208.1553, 1208.156066666667, 1208.1595666666667, 1208.1597666666669, 1208.1603666666667]","[80, 65, 56, 16, 56, 80, 65, 61, 16, 80, 65, 171, 80, 56, 65, 16, 80, 61, 65]"
1208.3176,1208.3364,1208.3488,1208.3364,9.832806587219238,0.0312,"[1208.3176666666666, 1208.3197666666667, 1208.3203666666666, 1208.3233, 1208.3247333333334, 1208.3258, 1208.3259666666668, 1208.3261666666667, 1208.3264, 1208.327266666667, 1208.3302, 1208.3315, 1208.3315, 1208.3315, 1208.3317, 1208.3320333333334, 1208.3329666666666, 1208.3344, 1208.3363, 1208.337266666667, 1208.3389, 1208.3392666666666, 1208.3393333333331, 1208.3395333333333, 1208.3399, 1208.342, 1208.3420666666666, 1208.3428666666666, 1208.3433666666667, 1208.3434, 1208.3445666666669, 1208.3451666666667, 1208.3463666666669, 1208.3464666666666, 1208.3470333333332, 1208.3477333333333]","[16, 87, 80, 87, 149, 61, 65, 80, 16, 56, 116, 80, 65, 16, 148, 56, 87, 80, 16, 148, 118, 80, 65, 56, 16, 148, 171, 65, 80, 16, 56, 80, 119, 61, 65, 56]"
1208.9024,1208.9348,1208.942,1208.9336,5.923242568969727,0.0396,"[1208.9037, 1208.9041333333332, 1208.905, 1208.9051333333334, 1208.9059666666667, 1208.906, 1208.9094, 1208.9098666666666, 1208.91, 1208.910933333333, 1208.9109666666666, 1208.9117, 1208.9126333333334, 1208.9139333333333, 1208.9154, 1208.9167, 1208.916966666667, 1208.9192666666668, 1208.9194, 1208.9202333333333, 1208.9204333333332, 1208.9228666666668, 1208.9237, 1208.9242, 1208.9242333333334, 1208.9249666666667, 1208.9270333333334, 1208.9278333333334, 1208.9279, 1208.9287, 1208.9304, 1208.9307, 1208.9308666666666, 1208.9311666666667, 1208.9312, 1208.9322333333334, 1208.9341333333334, 1208.935, 1208.9364, 1208.9365666666667, 1208.9370333333334, 1208.9383, 1208.9388, 1208.940833333333, 1208.9411666666667, 1208.9414666666669, 1208.9416666666666]","[65, 80, 138, 16, 56, 61, 65, 149, 171, 56, 80, 16, 65, 80, 16, 56, 80, 65, 16, 80, 56, 80, 65, 87, 154, 16, 80, 56, 65, 16, 65, 56, 80, 16, 61, 154, 61, 138, 116, 80, 65, 16, 105, 80, 87, 64, 65]"
1208.952,1208.9648,1208.9736,1208.9668,7.372585773468018,0.0216,"[1208.9524666666666, 1208.9528666666668, 1208.9548, 1208.9554, 1208.9557, 1208.9561, 1208.9562666666666, 1208.9567, 1208.9569333333334, 1208.958566666667, 1208.9603666666667, 1208.9615, 1208.961633333333, 1208.9618, 1208.9618666666668, 1208.9618666666668, 1208.9637, 1208.9641333333334, 1208.9657333333334, 1208.9681666666668, 1208.9682333333333, 1208.9682666666668, 1208.9690666666668, 1208.9701666666667, 1208.9715333333334, 1208.973433333333, 1208.9736]","[16, 65, 80, 61, 154, 16, 56, 65, 138, 16, 154, 56, 80, 16, 65, 138, 80, 16, 65, 61, 16, 120, 80, 65, 56, 80, 87]"
1210.4084,1210.4216,1210.434,1210.4168,6.916372776031494,0.0256,"[1210.4087333333334, 1210.4091666666666, 1210.4115, 1210.4123333333334, 1210.4126666666666, 1210.4126666666666, 1210.414266666667, 1210.4143333333334, 1210.4159333333334, 1210.4171333333334, 1210.4176, 1210.4194, 1210.419666666667, 1210.420566666667, 1210.4226666666666, 1210.4229333333333, 1210.4251666666669, 1210.4253666666666, 1210.4284, 1210.4284666666667, 1210.4289, 1210.4313333333334, 1210.4324333333334, 1210.4329333333333]","[80, 65, 80, 61, 65, 171, 16, 65, 56, 80, 61, 65, 80, 16, 56, 16, 65, 56, 80, 65, 16, 56, 80, 61]"
1215.1456,1215.1548,1215.166,1215.156,6.482943058013916,0.0204,"[1215.1488333333334, 1215.1494, 1215.1498666666666, 1215.1501, 1215.150133333333, 1215.1509, 1215.151033333333, 1215.1511333333333, 1215.1533333333334, 1215.1547333333333, 1215.1566666666668, 1215.1579333333334, 1215.1586666666667, 1215.1646333333333]","[80, 65, 61, 16, 87, 64, 120, 56, 141, 80, 61, 80, 56, 135]"
1215.54,1215.548,1215.5696,1215.544,4.858618259429932,0.0296,"[1215.5415333333333, 1215.5419, 1215.5431, 1215.5439, 1215.5448666666666, 1215.5449666666666, 1215.5466333333334, 1215.5474, 1215.5475333333334, 1215.5487, 1215.5527333333334, 1215.5535666666667, 1215.5539, 1215.5545666666667, 1215.5587666666668, 1215.5587666666668, 1215.5608, 1215.5614, 1215.5641333333333, 1215.5648666666666]","[65, 56, 16, 87, 105, 61, 16, 65, 119, 87, 16, 65, 80, 61, 80, 16, 65, 56, 116, 65]"
1218.3164,1218.372,1218.3804,1218.372,8.694189071655273,0.064,"[1218.3165666666666, 1218.3178333333333, 1218.3213, 1218.3225, 1218.3229, 1218.3233666666667, 1218.3275666666666, 1218.3282333333334, 1218.3284666666666, 1218.328533333333, 1218.3314666666668, 1218.3328333333334, 1218.3373666666666, 1218.3379666666667, 1218.3381, 1218.3394666666666, 1218.3419333333334, 1218.3423, 1218.343033333333, 1218.3431, 1218.3439666666666, 1218.3485333333333, 1218.3502, 1218.3503333333333, 1218.3561333333334, 1218.3578666666667, 1218.3579666666667, 1218.3586, 1218.3593666666666, 1218.3615, 1218.3629, 1218.3638, 1218.3639666666666, 1218.3676666666668, 1218.3677333333333, 1218.3684666666666, 1218.3686666666667, 1218.3698, 1218.3702, 1218.370766666667, 1218.3711666666666, 1218.3725333333334, 1218.3766, 1218.3796333333332]","[80, 64, 80, 138, 16, 56, 65, 16, 80, 61, 56, 65, 16, 80, 65, 56, 116, 65, 87, 16, 80, 80, 65, 16, 65, 56, 80, 61, 65, 56, 16, 80, 61, 16, 65, 63, 56, 80, 87, 149, 56, 61, 80, 65]"
1219.208,1219.214,1219.2304,1219.2112,3.774852752685547,0.0224,"[1219.2091666666668, 1219.2099, 1219.2111, 1219.2116, 1219.2125666666666, 1219.2129333333332, 1219.2132333333334, 1219.2196, 1219.2196666666666, 1219.2201333333333, 1219.2204666666669, 1219.2206, 1219.2211, 1219.2217333333333, 1219.2218333333333, 1219.2219666666667, 1219.2221333333334, 1219.2276333333334, 1219.2281666666668, 1219.2282, 1219.2284666666667, 1219.2288]","[65, 80, 16, 80, 65, 61, 56, 98, 80, 16, 65, 56, 61, 16, 80, 116, 87, 119, 16, 171, 65, 80]"
1221.6948,1221.736,1221.7548,1221.7328,10.904443740844728,0.06,"[1221.6970333333334, 1221.697133333333, 1221.6991666666668, 1221.6993666666667, 1221.6999666666666, 1221.7027666666668, 1221.7033, 1221.7035666666666, 1221.7046, 1221.7047333333333, 1221.7049, 1221.7087, 1221.7089666666666, 1221.7113333333334, 1221.7123, 1221.7158333333334, 1221.716233333333, 1221.7163, 1221.7171666666666, 1221.7196666666666, 1221.7203, 1221.7206333333334, 1221.722, 1221.7234, 1221.7238, 1221.7242666666666, 1221.7242666666666, 1221.7268666666666, 1221.727033333333, 1221.7270666666666, 1221.7271, 1221.7277333333334, 1221.7281666666668, 1221.7286333333334, 1221.7309333333333, 1221.732533333333, 1221.7339333333334, 1221.7343, 1221.7356333333332, 1221.7362, 1221.7388, 1221.7393333333334, 1221.7398, 1221.7412, 1221.7431, 1221.7433, 1221.7477333333334, 1221.7496, 1221.7517666666668, 1221.7532666666666, 1221.7539, 1221.7547]","[98, 16, 56, 80, 98, 16, 65, 61, 159, 56, 80, 80, 65, 56, 56, 16, 65, 98, 80, 120, 65, 98, 56, 80, 156, 65, 105, 98, 148, 56, 80, 65, 64, 16, 98, 168, 98, 80, 65, 56, 64, 87, 61, 65, 80, 56, 61, 64, 87, 56, 16, 80]"
1223.038,1223.0612,1223.0688,1223.044,3.790084600448608,0.0308,"[1223.0391666666667, 1223.0397666666668, 1223.0401, 1223.0404, 1223.0414, 1223.0416, 1223.0421, 1223.0426, 1223.043766666667, 1223.0451666666668, 1223.0463333333332, 1223.0474333333334, 1223.0491, 1223.0493, 1223.0494, 1223.0496, 1223.0502, 1223.051333333333, 1223.0527, 1223.0534666666667, 1223.0542333333333, 1223.0567666666666, 1223.0569666666668, 1223.0575666666666, 1223.0577, 1223.0578333333333, 1223.0588333333333, 1223.0592, 1223.0602, 1223.0603333333331, 1223.0603333333331, 1223.0625, 1223.0625333333332, 1223.062766666667, 1223.0631, 1223.0632333333333, 1223.0638666666666, 1223.0646666666669, 1223.0647, 1223.0675, 1223.0679, 1223.0680666666667]","[16, 80, 61, 168, 65, 16, 87, 80, 168, 56, 65, 80, 65, 149, 16, 56, 61, 80, 65, 16, 80, 80, 61, 16, 56, 65, 60, 80, 16, 65, 64, 16, 61, 164, 168, 65, 80, 149, 56, 80, 65, 16]"
1224.8248,1224.8368,1224.8516,1224.8344,16.309228897094727,0.0268,"[1224.827266666667, 1224.8288, 1224.829433333333, 1224.829966666667, 1224.8304666666668, 1224.8314666666668, 1224.8318666666669, 1224.8341333333333, 1224.8345333333334, 1224.836633333333, 1224.8368, 1224.8382, 1224.8392666666666, 1224.8393333333331, 1224.840866666667, 1224.8421, 1224.842133333333, 1224.8423, 1224.8426, 1224.8454666666669, 1224.8465, 1224.8466, 1224.8502, 1224.8508, 1224.8514333333333, 1224.8516]","[80, 65, 120, 56, 80, 16, 65, 80, 159, 56, 80, 65, 80, 119, 171, 65, 56, 80, 61, 56, 65, 80, 65, 80, 16, 57]"
2288.842,2288.8484,2288.878,2288.8488,4.115963935852051,0.036,"[2288.8422333333333, 2288.8429666666666, 2288.8460666666665, 2288.8471666666665, 2288.8479333333335, 2288.8505, 2288.8524, 2288.8544666666667, 2288.8560333333335, 2288.859933333333, 2288.859933333333, 2288.8603333333335, 2288.8612333333335, 2288.8644, 2288.8649666666665, 2288.8654, 2288.865466666666, 2288.8670333333334, 2288.8717333333334, 2288.8724, 2288.872533333333, 2288.875533333334]","[80, 65, 56, 80, 65, 56, 65, 80, 16, 168, 66, 80, 65, 56, 16, 65, 80, 66, 80, 56, 16, 80]"
2289.4156,2289.4256,2289.4384,2289.4264,7.879178047180176,0.0228,"[2289.4156666666668, 2289.4158666666667, 2289.416333333333, 2289.4174666666668, 2289.4207, 2289.4211666666665, 2289.4221, 2289.422233333333, 2289.4225666666666, 2289.425566666667, 2289.4265, 2289.4294666666665, 2289.4305, 2289.4310666666665, 2289.434, 2289.4344, 2289.4346333333333, 2289.435]","[65, 56, 16, 80, 119, 61, 56, 80, 16, 65, 16, 80, 65, 16, 16, 61, 65, 56]"
2289.7412,2289.7508,2289.762,2289.7532,6.938533782958984,0.0208,"[2289.7412, 2289.7413, 2289.741466666667, 2289.7438666666667, 2289.7447, 2289.7451333333333, 2289.746833333333, 2289.7473, 2289.7475666666664, 2289.748, 2289.7496, 2289.7525, 2289.756766666667, 2289.7582333333335, 2289.7584666666667, 2289.7588333333333, 2289.7608, 2289.761933333333]","[56, 61, 16, 159, 65, 80, 16, 65, 56, 61, 80, 61, 16, 56, 80, 65, 16, 61]"
2290.27,2290.282,2290.2912,2290.28,8.308656692504883,0.0212,"[2290.2705, 2290.2714, 2290.2715333333335, 2290.272466666667, 2290.2725, 2290.2744, 2290.2753666666667, 2290.2764666666667, 2290.276766666667, 2290.279366666666, 2290.2804333333333, 2290.2806333333333, 2290.2818, 2290.2843, 2290.2843333333335, 2290.2851333333333, 2290.2860666666666, 2290.2862333333333, 2290.2897333333335, 2290.2912]","[164, 65, 80, 16, 98, 168, 80, 16, 56, 65, 80, 171, 16, 80, 65, 135, 16, 56, 65, 154]"
2296.9488,2296.9692,2296.9808,2296.9752,5.025267124176025,0.032,"[2296.9497, 2296.9506, 2296.9546666666665, 2296.9547333333335, 2296.9554333333335, 2296.9571666666666, 2296.9573333333333, 2296.9589666666666, 2296.9606, 2296.9616333333333, 2296.9616666666666, 2296.9634666666666, 2296.9635333333335, 2296.964166666666, 2296.9649, 2296.9652666666666, 2296.9683666666665, 2296.9688, 2296.9691333333335, 2296.9693666666667, 2296.9709, 2296.971233333333, 2296.9713, 2296.9729666666667, 2296.9744, 2296.9759, 2296.9762333333333]","[16, 56, 65, 80, 16, 87, 63, 136, 65, 80, 16, 87, 56, 105, 65, 63, 80, 65, 87, 61, 56, 64, 16, 159, 65, 61, 56]"
2297.2328,2297.2424,2297.2604,2297.242,10.210741996765137,0.0276,"[2297.2342, 2297.2362333333335, 2297.2366333333334, 2297.2370666666666, 2297.2381333333333, 2297.2388666666666, 2297.239666666667, 2297.2397333333333, 2297.2427666666667, 2297.2431, 2297.2433, 2297.2436333333335, 2297.2449, 2297.2452333333335, 2297.2455, 2297.2474666666667, 2297.249, 2297.2491666666665, 2297.2497, 2297.2498333333333, 2297.2505666666666, 2297.2511666666664, 2297.2512666666667, 2297.2528333333335, 2297.2530333333334, 2297.2544666666668, 2297.2545, 2297.255933333334, 2297.2564333333335, 2297.2566333333334, 2297.2591]","[65, 138, 171, 80, 56, 65, 16, 80, 80, 56, 16, 119, 56, 65, 80, 16, 65, 61, 80, 164, 16, 56, 87, 80, 65, 16, 61, 65, 80, 56, 56]"
2297.5904,2297.6024,2297.6108,2297.6004,5.580320358276367,0.0204,"[2297.5921, 2297.5929333333333, 2297.5936, 2297.5953, 2297.5958666666666, 2297.5974, 2297.6, 2297.601166666667, 2297.6014, 2297.6015333333335, 2297.601933333334, 2297.603733333334, 2297.606333333333, 2297.6079666666665, 2297.61]","[65, 16, 80, 135, 65, 16, 65, 148, 61, 80, 16, 65, 61, 80, 171]"
2306.3544,2306.3792,2306.3932,2306.3808,9.21685791015625,0.0388,"[2306.355, 2306.3567333333335, 2306.3569666666667, 2306.357266666667, 2306.3578, 2306.3579666666665, 2306.359466666667, 2306.3609333333334, 2306.3609666666666, 2306.3614666666667, 2306.3622333333333, 2306.3634333333334, 2306.3638666666666, 2306.3655, 2306.366266666667, 2306.366366666666, 2306.3665, 2306.3670333333334, 2306.368466666667, 2306.3690333333334, 2306.3695333333335, 2306.3733, 2306.374533333333, 2306.374533333333, 2306.3758, 2306.3791, 2306.3802666666666, 2306.3811, 2306.381766666667, 2306.381933333333, 2306.3822333333333, 2306.3826, 2306.3832666666667, 2306.3859333333335, 2306.3859666666667, 2306.386033333333, 2306.3861333333334, 2306.3864, 2306.3875666666668, 2306.3877666666667, 2306.388066666667, 2306.388266666667, 2306.3889, 2306.3907]","[65, 16, 61, 80, 56, 64, 65, 16, 105, 149, 80, 56, 65, 120, 64, 65, 16, 80, 105, 87, 16, 80, 65, 56, 16, 80, 148, 16, 56, 98, 61, 65, 80, 65, 80, 56, 16, 87, 61, 148, 80, 65, 16, 56]"
2307.776,2307.7924,2307.8192,2307.7896,11.701271057128906,0.0432,"[2307.7762666666667, 2307.7769, 2307.7770333333333, 2307.7788666666665, 2307.7789, 2307.7790666666665, 2307.7804, 2307.781233333333, 2307.7829666666667, 2307.7835666666665, 2307.7838, 2307.7839, 2307.7852333333335, 2307.785766666667, 2307.7868, 2307.7876, 2307.7876666666666, 2307.7881, 2307.7898, 2307.7903, 2307.790433333333, 2307.7907, 2307.7907333333333, 2307.7916333333333, 2307.7917666666667, 2307.7935666666667, 2307.794933333333, 2307.7954, 2307.795866666667, 2307.7973333333334, 2307.7975333333334, 2307.7994, 2307.7995666666666, 2307.8024333333333, 2307.802833333333, 2307.8033666666665, 2307.803766666667, 2307.804866666667, 2307.8052333333335, 2307.8077, 2307.808433333333, 2307.8092333333334, 2307.809266666666, 2307.8097333333335, 2307.8107666666665, 2307.8136, 2307.814766666667, 2307.8148, 2307.8151333333335, 2307.815666666667, 2307.8178]","[61, 80, 65, 156, 65, 16, 80, 56, 80, 16, 98, 65, 80, 65, 87, 65, 98, 80, 56, 16, 61, 80, 65, 156, 56, 16, 80, 65, 120, 16, 65, 80, 56, 80, 56, 16, 87, 80, 65, 56, 80, 16, 156, 163, 56, 65, 163, 119, 87, 61, 80]"
2308.0864,2308.0932,2308.122,2308.118,3.4046647548675537,0.0356,"[2308.0877, 2308.0905666666667, 2308.0906333333332, 2308.091, 2308.0923, 2308.092633333333, 2308.0939, 2308.0947, 2308.0953, 2308.0979333333335, 2308.0997333333335, 2308.1002, 2308.1002, 2308.1004333333335, 2308.1006333333335, 2308.1009, 2308.1022, 2308.1030333333333, 2308.1034, 2308.104566666667, 2308.107333333334, 2308.1078333333335, 2308.1080666666667, 2308.110366666667, 2308.111033333333, 2308.1121, 2308.1131333333333, 2308.1132666666667, 2308.1133666666665, 2308.1142666666665, 2308.114666666667, 2308.1155, 2308.1158666666665, 2308.1163, 2308.1184333333335, 2308.1192, 2308.1205333333332, 2308.121, 2308.121766666666]","[56, 65, 135, 138, 64, 80, 138, 159, 56, 80, 138, 56, 65, 64, 16, 87, 80, 56, 65, 168, 65, 56, 80, 16, 80, 65, 105, 154, 56, 80, 61, 16, 135, 65, 56, 61, 16, 64, 87]"
2308.2176,2308.248,2308.2572,2308.2456,4.251918792724609,0.0396,"[2308.2199666666666, 2308.220533333333, 2308.220566666667, 2308.222566666667, 2308.2245333333335, 2308.2247666666667, 2308.226033333334, 2308.2269666666666, 2308.2282666666665, 2308.2303333333334, 2308.2318333333333, 2308.2320666666665, 2308.232433333333, 2308.2329, 2308.2330333333334, 2308.2369, 2308.2408333333333, 2308.2411666666667, 2308.2436666666667, 2308.245033333333, 2308.2457, 2308.2479333333335, 2308.248, 2308.2499333333335, 2308.2509, 2308.2529666666665, 2308.2529666666665, 2308.2539333333334, 2308.2547]","[80, 65, 61, 135, 80, 65, 16, 56, 80, 136, 16, 65, 80, 56, 135, 56, 80, 65, 16, 65, 56, 80, 16, 65, 80, 16, 56, 80, 61]"
2308.5636,2308.58,2308.5892,2308.58,4.609581470489502,0.0256,"[2308.5639, 2308.5641, 2308.5648666666666, 2308.5652, 2308.5676333333336, 2308.568366666667, 2308.5692, 2308.5700333333334, 2308.5701, 2308.5715666666665, 2308.5733333333333, 2308.573533333333, 2308.573733333333, 2308.573766666667, 2308.574, 2308.5747, 2308.5749666666666, 2308.575533333333, 2308.577333333333, 2308.5794, 2308.5797333333335, 2308.581066666666, 2308.5818, 2308.5822, 2308.5846333333334, 2308.5850666666665, 2308.586766666667, 2308.587466666667, 2308.5889333333334]","[80, 65, 87, 56, 120, 80, 56, 65, 16, 80, 136, 61, 120, 87, 65, 16, 80, 56, 16, 65, 80, 16, 56, 61, 65, 80, 16, 87, 56]"
2309.2208,2309.2352,2309.2528,2309.2376,5.372317790985107,0.032,"[2309.2208, 2309.2212, 2309.2256, 2309.2328666666667, 2309.2344333333335, 2309.2361333333333, 2309.2399666666665, 2309.2448, 2309.2488, 2309.2491666666665, 2309.2494, 2309.2504]","[65, 80, 80, 16, 80, 65, 16, 119, 80, 65, 61, 16]"
2388.3972,2388.4252,2388.4564,2388.4016,4.498803615570068,0.0592,"[2388.3973333333333, 2388.3985, 2388.4016, 2388.4018, 2388.401966666667, 2388.4021666666667, 2388.4023666666667, 2388.406033333333, 2388.4061, 2388.4064, 2388.410966666667, 2388.4122, 2388.4123, 2388.414533333333, 2388.4163, 2388.4165, 2388.4188, 2388.4202333333333, 2388.421566666667, 2388.4232333333334, 2388.423566666667, 2388.4244, 2388.4246333333335, 2388.4257333333335, 2388.427833333333, 2388.4285, 2388.4297333333334, 2388.4305, 2388.4311333333335, 2388.4315333333334, 2388.4322666666667, 2388.434366666667, 2388.4355666666665, 2388.4357666666665, 2388.4363333333336, 2388.4371, 2388.4373, 2388.4382333333333, 2388.4384, 2388.4417333333336, 2388.441766666667, 2388.4439333333335, 2388.4447, 2388.4459666666667, 2388.4468, 2388.4490333333333, 2388.449666666667, 2388.4497666666666, 2388.4498, 2388.4524666666666, 2388.4525, 2388.4551333333334, 2388.4553, 2388.4557666666665]","[56, 80, 98, 65, 16, 56, 80, 16, 56, 80, 56, 65, 80, 16, 80, 65, 56, 65, 16, 80, 65, 56, 16, 80, 65, 16, 80, 16, 65, 56, 80, 61, 80, 65, 16, 119, 56, 116, 16, 65, 80, 65, 56, 16, 65, 65, 16, 61, 80, 65, 80, 80, 65, 135]"
2388.7024,2388.7112,2388.7236,2388.7092,5.736842155456543,0.0212,"[2388.702766666667, 2388.7030666666665, 2388.7030666666665, 2388.7046666666665, 2388.7047, 2388.7047666666667, 2388.7054333333335, 2388.7061, 2388.7069333333334, 2388.7078, 2388.7081333333335, 2388.708766666666, 2388.7092666666667, 2388.7103, 2388.7106, 2388.7141, 2388.7162333333335, 2388.7163333333333, 2388.7191666666668, 2388.7210333333333]","[105, 80, 61, 16, 64, 65, 154, 135, 56, 16, 105, 61, 65, 87, 80, 56, 16, 65, 80, 56]"
2389.9004,2389.9092,2389.9296,2389.9116,5.829907417297363,0.0292,"[2389.9017, 2389.902, 2389.9020333333333, 2389.9021333333335, 2389.9047666666665, 2389.9060666666664, 2389.9066, 2389.9066666666668, 2389.9084666666668, 2389.9089, 2389.908966666667, 2389.9120666666668, 2389.9141666666665, 2389.914433333334, 2389.9146666666666, 2389.918933333334, 2389.9189666666666, 2389.9203333333335, 2389.9204, 2389.9213, 2389.9257666666667, 2389.926033333333, 2389.9266666666667, 2389.9276333333332, 2389.9295666666667]","[80, 65, 16, 61, 80, 87, 56, 16, 98, 80, 65, 120, 16, 80, 56, 120, 80, 136, 16, 56, 80, 16, 65, 87, 16]"
2390.4216,2390.4364,2390.4444,2390.434,4.1505632400512695,0.0228,"[2390.422866666667, 2390.426066666667, 2390.4265, 2390.4274, 2390.429766666666, 2390.4319333333333, 2390.435933333333, 2390.436133333333, 2390.4368, 2390.4394]","[56, 56, 80, 16, 65, 80, 65, 80, 56, 64]"
2390.918,2390.9272,2390.9396,2390.9284,7.164637565612793,0.0216,"[2390.9196666666667, 2390.919733333333, 2390.9198666666666, 2390.925133333333, 2390.9252, 2390.926966666667, 2390.929166666667, 2390.9293, 2390.9304333333334, 2390.9314, 2390.9332, 2390.9358, 2390.9375333333332, 2390.938033333334, 2390.9385]","[65, 80, 56, 65, 80, 56, 80, 65, 16, 56, 80, 65, 80, 56, 16]"
2392.4456,2392.4552,2392.4876,2392.452,7.127190113067627,0.042,"[2392.4465666666665, 2392.4473666666668, 2392.447833333333, 2392.448, 2392.4495, 2392.4500666666668, 2392.4513, 2392.4519, 2392.4526, 2392.454, 2392.4546666666665, 2392.4547, 2392.4549, 2392.4575333333332, 2392.4579, 2392.4591666666665, 2392.4598, 2392.4607666666666, 2392.4618, 2392.462266666667, 2392.4628, 2392.4630333333334, 2392.4643, 2392.4649666666664, 2392.465, 2392.4653333333335, 2392.465966666666, 2392.4664666666667, 2392.466866666666, 2392.4669, 2392.4672666666665, 2392.4675, 2392.4676, 2392.467633333333, 2392.469866666667, 2392.4704666666667, 2392.4735333333333, 2392.4739666666665, 2392.4748, 2392.4762666666666, 2392.4776333333334, 2392.4780333333333, 2392.478833333333, 2392.4789, 2392.4802666666665, 2392.4803666666667, 2392.4807333333333, 2392.4809333333333, 2392.4816666666666, 2392.483333333333, 2392.4873]","[80, 16, 87, 61, 56, 65, 80, 16, 61, 56, 65, 80, 16, 65, 80, 61, 16, 65, 116, 80, 56, 119, 16, 65, 80, 61, 98, 87, 16, 56, 105, 65, 80, 63, 64, 65, 65, 56, 80, 16, 159, 56, 80, 65, 16, 98, 65, 80, 63, 56, 80]"
2402.1564,2402.1728,2402.1844,2402.1704,9.581734657287598,0.028,"[2402.157833333333, 2402.1584, 2402.1588333333334, 2402.159866666667, 2402.1614666666665, 2402.1617, 2402.1617, 2402.163633333333, 2402.1651333333334, 2402.1655666666666, 2402.1665333333335, 2402.1672, 2402.1702333333333, 2402.1707, 2402.1718666666666, 2402.1720333333333, 2402.172233333333, 2402.1745333333333, 2402.1764, 2402.1771, 2402.1773, 2402.1774333333333, 2402.1775, 2402.178, 2402.1789, 2402.180766666667, 2402.1821666666665, 2402.1826, 2402.184266666666]","[65, 80, 16, 61, 80, 65, 56, 64, 87, 80, 16, 56, 80, 148, 61, 56, 16, 87, 65, 159, 61, 148, 56, 16, 80, 65, 56, 148, 138]"
2403.1336,2403.1476,2403.1656,2403.1492,5.896439075469971,0.032,"[2403.1338666666666, 2403.136233333333, 2403.1367666666665, 2403.1374333333333, 2403.1390666666666, 2403.140733333333, 2403.1409, 2403.143433333333, 2403.1439333333333, 2403.1455666666666, 2403.1466333333333, 2403.1487, 2403.1487, 2403.149, 2403.1498, 2403.1517, 2403.1525333333334, 2403.1538333333333, 2403.157233333334, 2403.1582333333336, 2403.1586333333335, 2403.1587666666665, 2403.1591333333336, 2403.1628333333333, 2403.1629, 2403.1639666666665, 2403.164366666667]","[80, 159, 16, 65, 80, 16, 65, 56, 65, 159, 65, 80, 16, 105, 56, 65, 80, 65, 65, 64, 16, 80, 61, 80, 56, 16, 65]"
2403.6784,2403.6888,2403.7232,2403.6884,8.7753324508667,0.0448,"[2403.6787, 2403.678933333333, 2403.6796, 2403.6799, 2403.6812, 2403.6844333333333, 2403.6845, 2403.6851, 2403.685166666666, 2403.6907666666666, 2403.6910666666668, 2403.6915, 2403.692533333334, 2403.6937666666668, 2403.6941333333334, 2403.6941666666667, 2403.6952, 2403.696033333333, 2403.6967, 2403.6973666666668, 2403.6975, 2403.6977666666667, 2403.700633333334, 2403.7010333333333, 2403.7011333333335, 2403.7019666666665, 2403.7041, 2403.705233333333, 2403.7054333333335, 2403.7054333333335, 2403.7055666666665, 2403.7058333333334, 2403.7090333333335, 2403.7099, 2403.710466666667, 2403.7118333333333, 2403.7138333333332, 2403.7149, 2403.7161666666666, 2403.7167, 2403.7191666666668, 2403.7192666666665, 2403.7222, 2403.7227333333335]","[135, 61, 80, 16, 65, 56, 80, 65, 16, 138, 80, 65, 16, 87, 65, 80, 159, 61, 16, 56, 80, 135, 80, 64, 65, 16, 56, 61, 87, 65, 80, 16, 80, 65, 16, 80, 65, 56, 80, 65, 56, 16, 65, 80]"
2405.1436,2405.1532,2405.1868,2405.1512,9.21558666229248,0.0432,"[2405.1451333333334, 2405.1459, 2405.1467333333335, 2405.147233333333, 2405.149, 2405.149066666667, 2405.1523, 2405.152433333333, 2405.152666666667, 2405.1527, 2405.1536333333333, 2405.1552, 2405.1565333333333, 2405.1582, 2405.1588333333334, 2405.1629, 2405.1655, 2405.166166666667, 2405.166166666667, 2405.1669, 2405.167233333333, 2405.1692333333335, 2405.1714333333334, 2405.1718333333333, 2405.172866666667, 2405.1740666666665, 2405.1743333333334, 2405.1757, 2405.1774333333333, 2405.178, 2405.1784333333335, 2405.178933333333, 2405.1802666666667, 2405.1804666666667, 2405.1812666666665, 2405.1834, 2405.183666666667, 2405.1839333333332, 2405.185466666667]","[65, 80, 136, 56, 65, 80, 80, 61, 16, 56, 65, 80, 16, 65, 80, 65, 80, 65, 16, 61, 56, 138, 80, 56, 138, 16, 65, 80, 135, 87, 56, 61, 80, 16, 65, 56, 87, 105, 136]"
2405.6504,2405.6632,2405.6748,2405.6684,6.004634380340576,0.0244,"[2405.650766666666, 2405.6508, 2405.6512666666667, 2405.6516333333334, 2405.6541, 2405.6552, 2405.656233333333, 2405.657, 2405.6595333333335, 2405.6602333333335, 2405.6615, 2405.6626666666666, 2405.6628333333333, 2405.663533333334, 2405.6642333333334, 2405.667, 2405.667233333333, 2405.6673, 2405.668866666667, 2405.6693666666665, 2405.6694666666667, 2405.6709666666666]","[80, 56, 159, 61, 65, 56, 80, 168, 16, 56, 116, 61, 16, 80, 56, 154, 80, 65, 16, 80, 61, 154]"
2406.9524,2406.9784,2406.9864,2406.9768,6.754194736480713,0.034,"[2406.953033333333, 2406.957733333333, 2406.957766666667, 2406.960466666667, 2406.963333333333, 2406.9636, 2406.965066666666, 2406.9676, 2406.9691333333335, 2406.9722666666667, 2406.9724666666666, 2406.9736333333335, 2406.9744, 2406.9754666666668, 2406.9762666666666, 2406.9767, 2406.9778666666666, 2406.9782333333333, 2406.978866666667, 2406.9853333333335, 2406.9856, 2406.9857, 2406.9861666666666, 2406.9863666666665]","[56, 65, 80, 16, 65, 80, 56, 65, 80, 120, 80, 56, 136, 80, 65, 16, 56, 61, 80, 80, 65, 63, 154, 16]"
2407.3324,2407.3488,2407.3568,2407.3476,6.014167785644531,0.0244,"[2407.3324333333335, 2407.333766666666, 2407.3344, 2407.3352, 2407.335666666667, 2407.3371333333334, 2407.3382333333334, 2407.3389333333334, 2407.3390666666664, 2407.3395333333333, 2407.3407, 2407.340833333333, 2407.341966666667, 2407.3437, 2407.3441333333335, 2407.3442333333332, 2407.344633333333, 2407.345766666667, 2407.3459333333335, 2407.3480666666665, 2407.3481, 2407.3488, 2407.3506333333335, 2407.3521333333333, 2407.3526, 2407.3533, 2407.354633333334, 2407.3553666666667]","[80, 64, 56, 98, 136, 65, 16, 80, 87, 105, 56, 65, 61, 64, 118, 98, 87, 65, 80, 56, 135, 16, 65, 80, 64, 16, 136, 61]"
2408.6876,2408.6988,2408.7256,2408.7008,4.4618659019470215,0.038,"[2408.6882333333333, 2408.6893666666665, 2408.6909333333333, 2408.6919333333335, 2408.6936666666666, 2408.6943666666666, 2408.694933333333, 2408.6989, 2408.699433333333, 2408.7000666666668, 2408.7023, 2408.7087333333334, 2408.708866666667, 2408.708866666667, 2408.7089333333333, 2408.7092333333335, 2408.712266666667, 2408.7137, 2408.714033333333, 2408.7158, 2408.7172, 2408.7177, 2408.7182666666668, 2408.7186, 2408.7197666666666, 2408.7199666666666, 2408.7202333333335, 2408.7226333333333, 2408.723, 2408.723033333333, 2408.723333333334]","[80, 65, 80, 56, 135, 65, 80, 65, 80, 63, 56, 168, 116, 16, 80, 65, 16, 80, 56, 16, 87, 61, 80, 56, 119, 16, 65, 80, 63, 65, 159]"
2410.6808,2410.6928,2410.7024,2410.6916,3.8063559532165527,0.0216,"[2410.6816, 2410.6821666666665, 2410.683466666667, 2410.6842333333334, 2410.685233333333, 2410.685233333333, 2410.6857, 2410.686133333333, 2410.687933333333, 2410.688866666667, 2410.694333333334, 2410.6974666666665, 2410.6983666666665, 2410.6986, 2410.700633333334]","[65, 98, 61, 64, 80, 16, 56, 116, 154, 80, 80, 65, 56, 61, 80]"
2411.206,2411.2216,2411.232,2411.2228,11.532785415649414,0.026,"[2411.206166666667, 2411.2065, 2411.207066666667, 2411.2072, 2411.2073333333333, 2411.209666666666, 2411.209666666666, 2411.211366666667, 2411.2121333333334, 2411.212433333333, 2411.2156333333332, 2411.215966666666, 2411.216266666667, 2411.2165666666665, 2411.2168, 2411.2182666666668, 2411.2183, 2411.2184666666667, 2411.2192666666665, 2411.2209666666668, 2411.2211, 2411.2233666666666, 2411.2235, 2411.2237, 2411.2237, 2411.2244666666666, 2411.2246]","[61, 56, 80, 16, 65, 80, 63, 61, 56, 65, 80, 98, 61, 156, 65, 56, 80, 16, 87, 65, 98, 61, 105, 80, 56, 16, 65]"
2412.1908,2412.2096,2412.2192,2412.2096,7.603573799133301,0.0284,"[2412.1916666666666, 2412.1929666666665, 2412.194266666667, 2412.1943666666666, 2412.1944, 2412.1945333333333, 2412.195166666667, 2412.1966666666667, 2412.198533333333, 2412.1985666666665, 2412.1992333333333, 2412.1994, 2412.199733333334, 2412.2004666666667, 2412.200733333333, 2412.2009333333335, 2412.2029333333335, 2412.2035666666666, 2412.2055666666665, 2412.2058666666667, 2412.206966666666, 2412.2071666666666, 2412.2076666666667, 2412.207766666667, 2412.2098, 2412.210433333333, 2412.2107, 2412.2110666666667, 2412.2115, 2412.2121333333334, 2412.2129, 2412.2138333333332, 2412.215, 2412.2150333333334, 2412.2152666666666, 2412.2179666666666]","[80, 164, 16, 61, 65, 154, 80, 141, 80, 87, 61, 65, 98, 138, 56, 16, 80, 141, 61, 98, 16, 56, 65, 80, 61, 135, 57, 16, 87, 119, 65, 80, 16, 56, 65, 65]"
2413.1352,2413.15,2413.16,2413.1516,10.393366813659668,0.0248,"[2413.135433333334, 2413.1362, 2413.1369666666665, 2413.1371, 2413.1395666666667, 2413.1412666666665, 2413.1421666666665, 2413.143, 2413.143466666667, 2413.143633333333, 2413.144333333333, 2413.1457333333333, 2413.1462, 2413.1466333333333, 2413.1475333333333, 2413.1475333333333, 2413.1489, 2413.1503333333335, 2413.1512666666667, 2413.1515666666664, 2413.152566666666, 2413.154, 2413.1558333333332, 2413.1562, 2413.1586333333335, 2413.159166666667]","[118, 80, 16, 65, 65, 159, 16, 80, 65, 56, 136, 138, 80, 65, 56, 16, 80, 56, 148, 118, 80, 65, 80, 87, 16, 65]"
2414.1264,2414.1536,2414.1608,2414.156,4.997643947601318,0.0344,"[2414.1267333333335, 2414.1269666666667, 2414.1284666666666, 2414.129, 2414.1298666666667, 2414.13, 2414.1307, 2414.132, 2414.1325, 2414.135133333333, 2414.1352333333334, 2414.1358, 2414.136333333334, 2414.137166666667, 2414.1381666666666, 2414.138466666667, 2414.1388666666667, 2414.1406333333334, 2414.1410333333333, 2414.1440333333335, 2414.1451333333334, 2414.145266666667, 2414.1456333333335, 2414.1459666666665, 2414.1495333333332, 2414.1496333333334, 2414.149866666666, 2414.151733333333, 2414.154366666666, 2414.1552333333334, 2414.1553, 2414.1555, 2414.1556666666665, 2414.1562, 2414.1579666666667, 2414.1591333333336, 2414.159866666667]","[80, 98, 65, 61, 87, 16, 80, 56, 156, 80, 159, 16, 120, 135, 65, 80, 56, 65, 16, 16, 65, 80, 56, 87, 65, 16, 61, 56, 65, 61, 16, 87, 105, 80, 56, 65, 80]"
2415.2216,2415.2428,2415.2516,2415.2472,6.0381083488464355,0.03,"[2415.221666666667, 2415.2245, 2415.2262333333333, 2415.2269, 2415.2277, 2415.232233333333, 2415.233566666667, 2415.2354, 2415.2358, 2415.2395, 2415.2398333333335, 2415.2399, 2415.2404333333334, 2415.2413, 2415.2417, 2415.2438, 2415.2453333333333, 2415.2478, 2415.2497]","[56, 159, 80, 87, 56, 80, 16, 56, 65, 56, 80, 66, 65, 138, 16, 87, 65, 116, 56]"
2415.298,2415.3092,2415.3268,2415.3076,12.491006851196287,0.0288,"[2415.298133333333, 2415.2984333333334, 2415.2996, 2415.2998, 2415.3011333333334, 2415.3027666666667, 2415.3029, 2415.3035, 2415.3038, 2415.3043333333335, 2415.3068333333335, 2415.3074, 2415.307533333333, 2415.3078, 2415.3083, 2415.3084, 2415.3098, 2415.3098666666665, 2415.310233333333, 2415.310466666667, 2415.3114, 2415.3137666666667, 2415.314966666667, 2415.3150666666666, 2415.3158, 2415.3169333333335, 2415.3200666666667, 2415.3205, 2415.3206666666665, 2415.323533333333, 2415.3245333333334, 2415.3256666666666]","[61, 16, 56, 65, 80, 65, 61, 154, 16, 80, 80, 165, 16, 61, 154, 56, 65, 138, 80, 16, 87, 65, 80, 16, 56, 65, 65, 80, 16, 80, 56, 65]"
2416.23,2416.2372,2416.2584,2416.2364,4.619017601013184,0.0284,"[2416.2309, 2416.231366666667, 2416.2316333333333, 2416.2325333333333, 2416.2325666666666, 2416.2336666666665, 2416.2346666666667, 2416.2348666666667, 2416.2354666666665, 2416.236, 2416.2372333333333, 2416.2386333333334, 2416.2388333333333, 2416.240566666667, 2416.241233333333, 2416.241266666667, 2416.241433333333, 2416.2422333333334, 2416.242566666667, 2416.2431, 2416.2442, 2416.2446333333332, 2416.245033333333, 2416.2455333333332, 2416.2471, 2416.2471, 2416.2481666666667, 2416.2488, 2416.2490333333335, 2416.2506, 2416.2506333333336, 2416.2506333333336, 2416.2508, 2416.2515333333336, 2416.252933333333, 2416.2533333333336, 2416.2542, 2416.2551, 2416.2561666666666, 2416.2573666666667, 2416.2577666666666, 2416.2581666666665]","[164, 56, 65, 16, 80, 64, 120, 65, 16, 164, 61, 80, 16, 56, 65, 16, 61, 80, 98, 16, 64, 80, 63, 87, 56, 120, 141, 16, 65, 61, 80, 120, 16, 56, 87, 65, 80, 16, 56, 65, 116, 80]"
2416.7296,2416.7492,2416.7732,2416.7476,5.186244964599609,0.0436,"[2416.7298, 2416.73, 2416.7309, 2416.7318333333333, 2416.7354, 2416.736, 2416.7362, 2416.7371, 2416.737166666667, 2416.7381, 2416.7384, 2416.7401666666665, 2416.7418666666667, 2416.7436, 2416.7438333333334, 2416.7442666666666, 2416.7444666666665, 2416.7471333333333, 2416.7479, 2416.7494, 2416.749766666667, 2416.7517666666668, 2416.7524333333336, 2416.752933333333, 2416.7544666666668, 2416.754966666667, 2416.755, 2416.7555333333335, 2416.7574, 2416.757666666667, 2416.7579333333333, 2416.7580666666668, 2416.7581, 2416.7624, 2416.7646, 2416.7646666666665, 2416.7647666666667, 2416.7651333333333, 2416.7652333333335, 2416.768633333333, 2416.769566666667, 2416.7714]","[56, 16, 61, 65, 154, 138, 80, 65, 159, 16, 80, 56, 154, 65, 80, 56, 16, 80, 65, 87, 61, 16, 154, 80, 56, 16, 65, 61, 61, 80, 56, 87, 16, 65, 138, 16, 65, 56, 80, 16, 56, 148]"
2419.486,2419.5104,2419.514,2419.51,2.863786220550537,0.028,"[2419.4865666666665, 2419.4890333333333, 2419.4895333333334, 2419.4908666666665, 2419.492166666667, 2419.4952, 2419.4952333333335, 2419.4963, 2419.4965666666667, 2419.4966, 2419.4970333333335, 2419.4978333333333, 2419.5001666666667, 2419.5025666666666, 2419.5046333333335, 2419.5067, 2419.5077, 2419.5081333333333, 2419.5090666666665, 2419.5091, 2419.5095, 2419.5097333333333, 2419.5106, 2419.5106333333333, 2419.5110666666665, 2419.5129666666667]","[80, 16, 65, 61, 80, 87, 56, 16, 80, 65, 61, 64, 65, 56, 16, 65, 80, 16, 87, 56, 138, 65, 16, 61, 80, 56]"
2420.4048,2420.4156,2420.442,2420.4172,7.738793849945068,0.0372,"[2420.4060666666664, 2420.407233333334, 2420.4088, 2420.4102, 2420.4122, 2420.4125, 2420.412766666667, 2420.413466666667, 2420.4137, 2420.4137333333333, 2420.415266666667, 2420.415333333334, 2420.415933333333, 2420.4175, 2420.4192333333335, 2420.4193, 2420.4194666666667, 2420.419533333333, 2420.4218333333333, 2420.4252333333334, 2420.4253, 2420.4285, 2420.4285333333332, 2420.4291333333335, 2420.429666666667, 2420.4302666666667, 2420.4312, 2420.4338, 2420.4360333333334, 2420.439966666667, 2420.4405333333334, 2420.4413666666665, 2420.4417333333336]","[56, 66, 16, 65, 80, 136, 56, 66, 135, 65, 149, 98, 80, 16, 98, 66, 65, 56, 80, 56, 65, 56, 66, 80, 65, 16, 87, 80, 16, 98, 65, 80, 16]"
2420.4984,2420.5104,2420.52,2420.5096,6.43357515335083,0.0216,"[2420.498566666666, 2420.499533333333, 2420.5003, 2420.5007, 2420.5016333333333, 2420.5034666666666, 2420.5037, 2420.5055333333335, 2420.5062, 2420.5083, 2420.5084, 2420.5108333333333, 2420.5111333333334, 2420.5116666666668, 2420.5117666666665, 2420.5124, 2420.5133, 2420.5151666666666, 2420.5162, 2420.5164, 2420.5165666666667, 2420.5166, 2420.517]","[16, 65, 80, 16, 56, 80, 65, 16, 98, 80, 65, 16, 120, 56, 80, 65, 16, 120, 61, 65, 87, 80, 16]"
2427.7032,2427.7188,2427.724,2427.7204,3.0999867916107178,0.0208,"[2427.7036333333335, 2427.7047, 2427.705033333333, 2427.705966666667, 2427.7075, 2427.708666666667, 2427.7105, 2427.7116333333333, 2427.7119333333335, 2427.7126, 2427.7126, 2427.7156666666665, 2427.716866666666, 2427.7173, 2427.7173666666667, 2427.7204, 2427.7204333333334, 2427.7216333333336, 2427.7221, 2427.7222, 2427.7229333333335, 2427.723033333333]","[65, 80, 16, 116, 65, 80, 16, 61, 56, 80, 16, 56, 65, 87, 80, 80, 16, 56, 65, 87, 16, 63]"
2428.5792,2428.6036,2428.6132,2428.5852,7.09879732131958,0.034,"[2428.5801, 2428.5808666666667, 2428.5816333333332, 2428.5816666666665, 2428.5834, 2428.5841666666665, 2428.5854, 2428.586366666667, 2428.586466666666, 2428.5868333333333, 2428.5880333333334, 2428.5899, 2428.5899666666664, 2428.5902333333333, 2428.5908, 2428.5918, 2428.5919, 2428.5929, 2428.5976666666666, 2428.598, 2428.5985, 2428.599366666667, 2428.6021333333333, 2428.6036, 2428.603866666667, 2428.6120666666666]","[171, 80, 171, 16, 80, 61, 61, 65, 56, 16, 80, 171, 156, 56, 80, 65, 16, 61, 56, 65, 16, 80, 61, 116, 56, 56]"
2433.2372,2433.2756,2433.2916,2433.2716,6.763574123382568,0.0544,"[2433.2377, 2433.238066666667, 2433.238966666667, 2433.2402666666667, 2433.2409, 2433.2418, 2433.2436666666667, 2433.2448, 2433.2448, 2433.2466666666664, 2433.2487333333333, 2433.2487666666666, 2433.2492333333334, 2433.2496, 2433.2508, 2433.254066666667, 2433.2546666666667, 2433.2556, 2433.257, 2433.2571, 2433.2581666666665, 2433.258766666667, 2433.2591333333335, 2433.2598, 2433.2615666666666, 2433.2631666666666, 2433.263266666667, 2433.263933333333, 2433.2643333333335, 2433.2647666666667, 2433.266666666667, 2433.2671, 2433.2671666666665, 2433.2672666666667, 2433.269, 2433.2705333333333, 2433.2714, 2433.2718333333332, 2433.272, 2433.272966666667, 2433.2730333333334, 2433.2735666666667, 2433.273966666666, 2433.2744666666667, 2433.2766, 2433.280133333333, 2433.2803, 2433.280333333333, 2433.281, 2433.2817333333332, 2433.282, 2433.2831, 2433.2855, 2433.2897666666668, 2433.290433333333]","[16, 80, 56, 65, 80, 16, 159, 80, 65, 56, 65, 16, 80, 64, 65, 16, 80, 65, 56, 57, 63, 80, 65, 16, 65, 148, 80, 56, 16, 65, 16, 80, 56, 87, 61, 118, 16, 80, 65, 56, 159, 136, 80, 63, 16, 116, 65, 80, 64, 16, 63, 87, 16, 80, 65]"
2433.6996,2433.7176,2433.73,2433.704,4.440107822418213,0.0304,"[2433.7002, 2433.7010666666665, 2433.7011333333335, 2433.701466666667, 2433.701666666667, 2433.703266666667, 2433.7035333333333, 2433.7056, 2433.706366666667, 2433.706366666667, 2433.7079, 2433.7091, 2433.7098666666666, 2433.7102, 2433.7105, 2433.7112, 2433.7126, 2433.7129666666665, 2433.7130333333334, 2433.7141, 2433.7147333333332, 2433.7147666666665, 2433.7148, 2433.7157, 2433.7174333333332, 2433.718, 2433.7182, 2433.7184333333335, 2433.7186333333334, 2433.718733333333, 2433.7194, 2433.7202666666667, 2433.722366666667, 2433.7249666666667, 2433.725033333333, 2433.726033333334, 2433.726166666667]","[16, 65, 80, 63, 64, 120, 143, 80, 65, 138, 56, 143, 65, 80, 16, 65, 61, 65, 16, 56, 80, 143, 138, 159, 98, 16, 98, 80, 56, 65, 63, 61, 143, 65, 16, 80, 56]"
2434.4648,2434.4744,2434.4852,2434.478,5.955838203430176,0.0204,"[2434.4654666666665, 2434.4658666666664, 2434.465966666666, 2434.4665666666665, 2434.4671333333335, 2434.4675666666667, 2434.4713333333334, 2434.4731, 2434.474, 2434.4745, 2434.4757666666665, 2434.4758666666667, 2434.4769666666666, 2434.477766666667, 2434.4783333333335, 2434.481433333334, 2434.4825333333333, 2434.4825333333333, 2434.4850666666666]","[65, 80, 56, 66, 16, 63, 61, 65, 80, 159, 16, 120, 87, 65, 56, 80, 65, 56, 135]"
2436.1304,2436.1408,2436.1532,2436.1412,8.004401206970215,0.0228,"[2436.1313333333333, 2436.1314333333335, 2436.131533333333, 2436.131833333334, 2436.1320666666666, 2436.1325, 2436.133733333333, 2436.1350666666667, 2436.135133333333, 2436.1351666666665, 2436.1352, 2436.1354, 2436.1375, 2436.1394, 2436.1397333333334, 2436.140533333333, 2436.1414666666665, 2436.1417666666666, 2436.1428666666666, 2436.1433666666667, 2436.1450333333332, 2436.1452, 2436.1485333333335, 2436.1486333333332, 2436.1492333333335, 2436.149933333333, 2436.150166666667, 2436.150166666667]","[65, 16, 154, 64, 87, 63, 56, 65, 138, 16, 61, 80, 138, 65, 80, 87, 120, 61, 119, 56, 65, 80, 116, 16, 154, 61, 65, 80]"
2436.3048,2436.316,2436.3304,2436.3144,10.439108848571776,0.0256,"[2436.3090666666667, 2436.3091666666664, 2436.3094, 2436.3095333333335, 2436.311133333333, 2436.314733333333, 2436.3154666666665, 2436.3157, 2436.3182, 2436.3197, 2436.320833333333, 2436.321066666667, 2436.3217666666665, 2436.3219, 2436.3232333333335, 2436.3233333333333, 2436.3233666666665, 2436.3245666666667, 2436.3297]","[65, 56, 80, 16, 65, 16, 80, 65, 116, 80, 65, 16, 56, 159, 16, 80, 61, 65, 65]"
2437.6628,2437.6732,2437.6836,2437.6736,7.059938430786133,0.0208,"[2437.6633, 2437.6639666666665, 2437.6643, 2437.6693, 2437.6709, 2437.6714666666667, 2437.671766666667, 2437.6718666666666, 2437.6749666666665, 2437.6752333333334, 2437.676066666667, 2437.6772, 2437.6775666666667, 2437.6817, 2437.6818333333335]","[61, 80, 87, 80, 65, 87, 56, 80, 61, 80, 16, 159, 65, 80, 16]"
2438.852,2438.8676,2438.8752,2438.8712,3.3421010971069336,0.0232,"[2438.8528, 2438.8530666666666, 2438.8536, 2438.8557333333333, 2438.8575333333333, 2438.8575333333333, 2438.857933333333, 2438.8583, 2438.8614, 2438.8634, 2438.8639333333335, 2438.8652333333334, 2438.8655, 2438.865533333333, 2438.867566666667, 2438.8679333333334, 2438.8690333333334, 2438.8693, 2438.870033333333, 2438.870066666667, 2438.870933333333, 2438.871866666667, 2438.8725666666664, 2438.8729333333335, 2438.8732666666665, 2438.8738333333336]","[56, 16, 61, 80, 87, 16, 61, 148, 65, 16, 80, 65, 105, 61, 56, 105, 135, 65, 87, 80, 138, 61, 64, 118, 56, 80]"
2440.5208,2440.5316,2440.5504,2440.5348,4.441288948059082,0.0296,"[2440.5209666666665, 2440.5217333333335, 2440.5235333333335, 2440.5244666666667, 2440.5248333333334, 2440.5250333333333, 2440.5265, 2440.526733333333, 2440.5271333333335, 2440.5273333333334, 2440.5304333333333, 2440.5305, 2440.5308333333332, 2440.5317, 2440.532166666667, 2440.5338666666667, 2440.5359, 2440.5374, 2440.537766666667, 2440.5396333333333, 2440.5399333333335, 2440.5405333333333, 2440.5418666666665, 2440.5423666666666, 2440.5425, 2440.547233333333, 2440.5496, 2440.549666666667, 2440.550133333333]","[80, 154, 65, 16, 61, 80, 65, 116, 80, 56, 80, 61, 65, 16, 80, 65, 61, 80, 56, 65, 16, 80, 65, 16, 61, 80, 65, 56, 16]"
2442.6,2442.6312,2442.6476,2442.614,6.953032493591309,0.0476,"[2442.6012, 2442.6029, 2442.6029, 2442.6031, 2442.6051, 2442.6053666666667, 2442.6058, 2442.6084333333333, 2442.6098333333334, 2442.609966666667, 2442.6113333333333, 2442.6120333333333, 2442.6125333333334, 2442.613966666667, 2442.6150666666667, 2442.6171, 2442.6184, 2442.619833333333, 2442.619833333333, 2442.6199, 2442.62, 2442.6201333333333, 2442.6208333333334, 2442.6217333333334, 2442.6221333333333, 2442.6239666666665, 2442.6240666666667, 2442.6248, 2442.6251333333335, 2442.6262333333334, 2442.626433333334, 2442.627466666667, 2442.6278, 2442.6291, 2442.6291666666666, 2442.6295666666665, 2442.6296333333335, 2442.6297666666665, 2442.6319, 2442.6321, 2442.632833333333, 2442.634233333333, 2442.6349, 2442.6349666666665, 2442.635433333334, 2442.6377333333335, 2442.6377333333335, 2442.638033333333, 2442.6381666666666, 2442.6383, 2442.64, 2442.6432, 2442.6433333333334, 2442.6446666666666, 2442.6455, 2442.6466]","[56, 65, 80, 16, 80, 56, 65, 16, 80, 56, 65, 16, 80, 16, 80, 56, 65, 61, 171, 16, 56, 80, 149, 16, 65, 56, 80, 135, 16, 171, 65, 80, 16, 65, 80, 16, 56, 61, 149, 80, 61, 16, 56, 80, 65, 80, 87, 61, 16, 56, 138, 16, 135, 63, 65, 56]"
2445.9036,2445.9168,2445.9272,2445.9176,10.919637680053713,0.0236,"[2445.9059666666667, 2445.9069666666664, 2445.9071, 2445.9072, 2445.9077333333335, 2445.9092666666666, 2445.9094666666665, 2445.9114, 2445.9128333333333, 2445.9134, 2445.913533333334, 2445.9145, 2445.9148666666665, 2445.9159666666665, 2445.9177, 2445.9177, 2445.9182, 2445.9183, 2445.9200666666666, 2445.920166666667, 2445.920633333333, 2445.9214666666667, 2445.9227666666666, 2445.9248333333335, 2445.9249333333332, 2445.925166666667, 2445.9258666666665, 2445.926466666667, 2445.9265333333333]","[80, 16, 65, 61, 56, 65, 80, 80, 56, 105, 16, 65, 80, 56, 80, 16, 61, 65, 119, 80, 56, 65, 60, 61, 65, 16, 120, 56, 80]"
2447.7048,2447.7092,2447.7264,2447.712,2.7499165534973145,0.0216,"[2447.7062666666666, 2447.7066666666665, 2447.7075666666665, 2447.7119333333335, 2447.7121, 2447.7122, 2447.7129, 2447.7152333333333, 2447.7162333333335, 2447.7162333333335, 2447.7163, 2447.7185, 2447.7190333333333, 2447.7191666666668, 2447.720566666667, 2447.7208666666666, 2447.7223, 2447.7240333333334, 2447.7242]","[65, 16, 56, 65, 80, 16, 56, 171, 80, 16, 65, 138, 56, 80, 171, 65, 120, 80, 65]"
2447.7392,2447.7452,2447.7608,2447.7544,2.901768207550049,0.0216,"[2447.742366666667, 2447.7425, 2447.7427333333335, 2447.7454333333335, 2447.7523, 2447.7523666666666, 2447.7543666666666, 2447.7559, 2447.7579]","[65, 105, 80, 16, 87, 65, 61, 56, 65]"
2447.982,2447.9996,2448.0048,2448.002,3.277277946472168,0.0228,"[2447.9821333333334, 2447.9824, 2447.9872333333333, 2447.9882333333335, 2447.9890333333333, 2447.9918666666667, 2447.9929666666667, 2447.993066666667, 2447.9933, 2447.993966666667, 2447.9944333333333, 2447.9959, 2447.9988333333336, 2447.9996, 2447.9999, 2448.0023666666666, 2448.0024, 2448.0025333333333, 2448.0033, 2448.0041666666666]","[16, 61, 65, 80, 56, 135, 80, 65, 87, 16, 61, 56, 156, 65, 87, 80, 56, 138, 61, 16]"
2449.1616,2449.1712,2449.1908,2449.1716,5.333494663238525,0.0292,"[2449.1637, 2449.1642, 2449.164533333333, 2449.1651, 2449.166366666667, 2449.1691666666666, 2449.1701, 2449.171733333333, 2449.1719, 2449.1721, 2449.1723333333334, 2449.1725, 2449.173366666667, 2449.1735, 2449.1758666666665, 2449.1767666666665, 2449.1774333333333, 2449.1791, 2449.1809333333335, 2449.1812333333332, 2449.1847666666667, 2449.186133333333, 2449.1864333333333, 2449.1865, 2449.1873, 2449.188033333334, 2449.1884666666665, 2449.1889, 2449.1889, 2449.1895]","[80, 65, 16, 61, 56, 65, 80, 61, 16, 61, 65, 80, 56, 138, 65, 80, 16, 65, 16, 80, 65, 80, 135, 16, 61, 65, 135, 80, 56, 16]"
2450.7308,2450.74,2450.752,2450.7408,4.848333358764648,0.0212,"[2450.7311666666665, 2450.7345, 2450.7354, 2450.7370333333333, 2450.7386, 2450.739433333333, 2450.7407, 2450.7413, 2450.741366666666, 2450.744, 2450.7458, 2450.745933333333, 2450.752]","[136, 16, 61, 56, 65, 80, 56, 61, 154, 80, 65, 56, 56]"
2451.6256,2451.646,2451.6632,2451.6452,6.284223556518555,0.0376,"[2451.6271333333334, 2451.6280333333334, 2451.629, 2451.629066666667, 2451.6301, 2451.6303, 2451.6305333333335, 2451.6307, 2451.6309, 2451.633, 2451.635366666667, 2451.636233333333, 2451.636333333334, 2451.6369666666665, 2451.6386333333335, 2451.6408, 2451.6414, 2451.6415333333334, 2451.641866666667, 2451.6420333333335, 2451.6432333333332, 2451.6433, 2451.6437666666666, 2451.644, 2451.6457666666665, 2451.6464333333333, 2451.649033333333, 2451.6495, 2451.649966666667, 2451.6518666666666, 2451.6527666666666, 2451.6534333333334, 2451.6554333333333, 2451.6575, 2451.6581666666666, 2451.6582, 2451.6591333333336, 2451.6618, 2451.6619333333333, 2451.6622666666667]","[65, 80, 87, 61, 16, 65, 56, 80, 63, 16, 61, 65, 80, 105, 119, 65, 135, 61, 80, 16, 63, 65, 87, 56, 61, 80, 65, 56, 80, 65, 16, 80, 56, 156, 16, 65, 80, 87, 65, 16]"
2452.1452,2452.1532,2452.178,2452.1544,7.056386470794678,0.0328,"[2452.1456333333335, 2452.1473666666666, 2452.1483333333335, 2452.1497, 2452.1505333333334, 2452.151733333333, 2452.1522, 2452.1522666666665, 2452.1531333333332, 2452.154466666667, 2452.1547, 2452.155266666666, 2452.155266666666, 2452.1576333333333, 2452.1578666666665, 2452.158066666667, 2452.1595, 2452.1606666666667, 2452.1611666666668, 2452.1618, 2452.163666666667, 2452.164366666667, 2452.1648, 2452.1654, 2452.1656333333335, 2452.1658333333335, 2452.1662666666666, 2452.1662666666666, 2452.1671, 2452.1678666666667, 2452.1697, 2452.169766666667, 2452.170633333333, 2452.1712666666667, 2452.1740666666665, 2452.1741, 2452.1753]","[138, 80, 65, 16, 80, 87, 80, 65, 56, 61, 16, 80, 65, 80, 65, 56, 16, 56, 65, 80, 56, 80, 16, 66, 65, 61, 80, 159, 56, 136, 135, 16, 80, 65, 56, 80, 16]"
2466.5324,2466.5472,2466.5672,2466.5484,8.324727058410645,0.0348,"[2466.5331, 2466.5336666666667, 2466.5362666666665, 2466.5373, 2466.5391, 2466.5392666666667, 2466.540233333333, 2466.5410333333334, 2466.5426333333335, 2466.5431, 2466.5432666666666, 2466.544933333333, 2466.545, 2466.5455, 2466.5455333333334, 2466.5459666666666, 2466.548, 2466.5487, 2466.5488, 2466.5491333333334, 2466.5494, 2466.5497333333333, 2466.550133333333, 2466.5508, 2466.5513, 2466.5533666666665, 2466.554766666666, 2466.5562333333332, 2466.5571, 2466.5573666666664, 2466.5574, 2466.5623666666665, 2466.562966666667, 2466.5632, 2466.5634666666665, 2466.5668333333333]","[65, 80, 80, 65, 56, 80, 65, 16, 65, 80, 56, 138, 16, 65, 80, 56, 80, 65, 98, 87, 56, 16, 105, 80, 65, 120, 80, 16, 80, 118, 56, 80, 56, 138, 16, 80]"
2466.6884,2466.7224,2466.7396,2466.718,8.350485801696777,0.0512,"[2466.6888, 2466.6896, 2466.6917333333336, 2466.692433333333, 2466.692466666667, 2466.692666666667, 2466.6927666666666, 2466.6931, 2466.6947666666665, 2466.6950333333334, 2466.6954333333333, 2466.6964, 2466.697166666667, 2466.6976666666665, 2466.6981, 2466.6982333333335, 2466.6997, 2466.700733333333, 2466.7012666666665, 2466.7018333333335, 2466.7022666666667, 2466.7031, 2466.7035333333333, 2466.7038666666667, 2466.704333333333, 2466.7046666666665, 2466.7047, 2466.706133333333, 2466.7064666666665, 2466.7068, 2466.7073, 2466.7073333333333, 2466.7078333333334, 2466.708833333333, 2466.7089, 2466.7102, 2466.7110333333335, 2466.7119333333335, 2466.7123, 2466.7126, 2466.7129333333332, 2466.7134, 2466.7136333333333, 2466.7137333333335, 2466.7143333333333, 2466.7145, 2466.714933333333, 2466.7162, 2466.7169, 2466.7173, 2466.7180333333336, 2466.7189333333336, 2466.7208333333333, 2466.7209666666668, 2466.7225, 2466.7228, 2466.723266666667, 2466.7246333333333, 2466.7248, 2466.7263333333335, 2466.7271666666666, 2466.7277, 2466.7281666666668, 2466.729, 2466.7291, 2466.7292, 2466.729633333334, 2466.7317333333335, 2466.7319, 2466.732233333333, 2466.733333333333, 2466.7345666666665, 2466.734933333333]","[80, 154, 61, 148, 80, 16, 56, 65, 80, 64, 154, 61, 56, 80, 16, 65, 56, 80, 65, 16, 136, 65, 56, 148, 154, 80, 16, 61, 65, 56, 135, 149, 80, 16, 119, 80, 154, 65, 116, 148, 16, 80, 87, 154, 56, 61, 16, 65, 154, 16, 80, 148, 65, 16, 56, 87, 80, 16, 65, 80, 56, 16, 136, 159, 80, 56, 135, 136, 65, 80, 16, 56, 65]"
2466.9724,2466.9864,2467.002,2466.9868,6.463412284851074,0.0296,"[2466.9746333333333, 2466.977, 2466.9781, 2466.9786, 2466.9811666666665, 2466.9818333333333, 2466.9827333333333, 2466.9827333333333, 2466.9834, 2466.9836666666665, 2466.9865666666665, 2466.9874666666665, 2466.9886, 2466.9908, 2466.9911666666667, 2466.993466666667, 2467.0004]","[65, 80, 56, 65, 80, 65, 16, 56, 80, 61, 80, 120, 56, 80, 116, 65, 80]"
2467.6836,2467.6964,2467.7116,2467.6996,6.5425028800964355,0.028,"[2467.688933333334, 2467.689066666667, 2467.6891333333333, 2467.6896, 2467.6899, 2467.6900333333333, 2467.6908, 2467.6927666666666, 2467.6938666666665, 2467.695233333334, 2467.6952666666666, 2467.6962, 2467.696266666667, 2467.6986, 2467.6992333333333, 2467.6994666666665, 2467.7, 2467.7019333333333, 2467.7019666666665, 2467.7051333333334, 2467.7064333333333, 2467.7074, 2467.7094, 2467.709766666667, 2467.7114333333334]","[65, 16, 80, 56, 64, 156, 87, 16, 80, 56, 16, 63, 65, 65, 156, 16, 80, 61, 56, 56, 80, 65, 16, 61, 118]"
2468.1604,2468.1676,2468.1884,2468.1676,3.90046763420105,0.028,"[2468.1604, 2468.1607, 2468.1613666666667, 2468.1620666666668, 2468.1654, 2468.1676333333335, 2468.167933333333, 2468.1684333333333, 2468.1696, 2468.171066666667, 2468.1711666666665, 2468.1728, 2468.1745666666666, 2468.175, 2468.1766, 2468.177966666666, 2468.1810333333333, 2468.1839, 2468.1863, 2468.1866, 2468.1866333333332, 2468.1874666666668]","[16, 65, 136, 61, 80, 65, 56, 16, 80, 138, 135, 56, 80, 65, 16, 87, 171, 56, 171, 16, 65, 80]"
2468.8008,2468.8224,2468.8304,2468.8068,3.102160930633545,0.0296,"[2468.8017333333332, 2468.8026, 2468.8058666666666, 2468.8069, 2468.8079333333335, 2468.8101333333334, 2468.810266666667, 2468.8155333333334, 2468.816, 2468.816533333333, 2468.819266666667, 2468.820233333334, 2468.8209333333334, 2468.822033333334, 2468.824733333334, 2468.824833333333, 2468.825733333333, 2468.826666666667, 2468.8267666666666, 2468.8299666666667]","[65, 80, 87, 56, 61, 16, 80, 65, 80, 116, 56, 61, 80, 65, 80, 65, 16, 87, 56, 16]"
2470.266,2470.2976,2470.3092,2470.2952,9.031624794006348,0.0432,"[2470.2661, 2470.2664, 2470.2667333333334, 2470.2673, 2470.2681, 2470.269366666667, 2470.270233333333, 2470.2729, 2470.273133333333, 2470.2739333333334, 2470.274, 2470.274, 2470.274933333333, 2470.2757, 2470.2763666666665, 2470.276666666666, 2470.2778333333335, 2470.2798666666667, 2470.2800333333334, 2470.2801666666664, 2470.2817333333332, 2470.2819, 2470.2835666666665, 2470.2862, 2470.2865333333334, 2470.286733333334, 2470.2889666666665, 2470.290266666667, 2470.2913, 2470.292266666667, 2470.292933333333, 2470.293166666667, 2470.2944, 2470.296533333333, 2470.2968666666666, 2470.2970333333333, 2470.297666666667, 2470.2984, 2470.2989333333335, 2470.299, 2470.299466666667, 2470.2997, 2470.3001, 2470.3013666666666, 2470.3013666666666, 2470.302, 2470.3025333333335, 2470.3027, 2470.3034333333335, 2470.3051666666665, 2470.3067, 2470.308433333333]","[156, 65, 16, 56, 61, 80, 156, 80, 56, 98, 65, 63, 87, 80, 64, 65, 16, 80, 56, 65, 87, 80, 16, 65, 56, 61, 80, 65, 80, 61, 87, 65, 16, 120, 80, 56, 105, 156, 80, 65, 16, 64, 56, 135, 156, 80, 65, 16, 61, 80, 116, 65]"
2472.2356,2472.2504,2472.2712,2472.252,7.74725341796875,0.0356,"[2472.235833333333, 2472.236, 2472.236866666666, 2472.237166666667, 2472.2372666666665, 2472.2373666666667, 2472.237666666667, 2472.237833333333, 2472.2379333333333, 2472.238566666667, 2472.2393, 2472.2395333333334, 2472.2401, 2472.2447666666667, 2472.2461, 2472.2462333333333, 2472.247066666667, 2472.2482333333332, 2472.248866666667, 2472.2514, 2472.2534666666666, 2472.2539333333334, 2472.2539666666667, 2472.2539666666667, 2472.254266666667, 2472.2566333333334, 2472.257866666667, 2472.2589333333335, 2472.2590333333333, 2472.2593666666667, 2472.260433333334, 2472.2609666666667, 2472.2609666666667, 2472.2618, 2472.263133333334, 2472.2634, 2472.263466666667, 2472.2655, 2472.2663, 2472.267333333333, 2472.2688333333335, 2472.270466666667, 2472.271133333333]","[56, 154, 136, 87, 80, 16, 65, 118, 148, 61, 80, 105, 56, 135, 61, 65, 80, 138, 16, 80, 61, 16, 154, 87, 56, 65, 80, 149, 16, 64, 61, 80, 118, 87, 56, 16, 135, 80, 148, 61, 56, 65, 16]"
2472.642,2472.6572,2472.6644,2472.658,6.244583606719971,0.0224,"[2472.6447, 2472.6448333333333, 2472.6452, 2472.6453333333334, 2472.6468666666665, 2472.6472, 2472.6478333333334, 2472.6498333333334, 2472.6522666666665, 2472.6523333333334, 2472.6530333333335, 2472.6546, 2472.6561333333334, 2472.656266666667, 2472.6563666666666, 2472.657366666667, 2472.659033333334, 2472.6607, 2472.660966666667, 2472.6642, 2472.664366666667]","[80, 61, 148, 16, 64, 87, 56, 63, 148, 136, 87, 159, 87, 65, 16, 64, 148, 154, 118, 80, 87]"
2473.7728,2473.8004,2473.816,2473.8028,7.003696441650391,0.0432,"[2473.7754333333332, 2473.7755333333334, 2473.7768, 2473.7769, 2473.7788666666665, 2473.781333333334, 2473.7815666666665, 2473.7818, 2473.7835666666665, 2473.7849666666666, 2473.7854, 2473.7859333333336, 2473.7867666666666, 2473.7883666666667, 2473.789566666667, 2473.7899333333335, 2473.7903, 2473.7909666666665, 2473.7917, 2473.7926333333335, 2473.792933333333, 2473.7942, 2473.7943666666665, 2473.7955666666667, 2473.7955666666667, 2473.7971, 2473.7975, 2473.797633333333, 2473.799233333333, 2473.799666666667, 2473.7997, 2473.800566666667, 2473.8024666666665, 2473.8035666666665, 2473.8038333333334, 2473.8049333333333, 2473.8053666666665, 2473.8057, 2473.805766666667, 2473.8064, 2473.806633333333, 2473.809266666666, 2473.810033333333, 2473.8109, 2473.8116, 2473.8121666666666, 2473.813, 2473.8150666666666]","[65, 16, 80, 56, 65, 148, 141, 80, 65, 138, 16, 80, 56, 80, 159, 65, 61, 80, 87, 56, 135, 80, 141, 65, 16, 56, 80, 65, 16, 56, 80, 119, 168, 80, 65, 16, 138, 61, 80, 64, 56, 65, 80, 16, 61, 135, 119, 136]"
2894.9012,2894.9164,2894.9368,2894.9176,15.48500633239746,0.0356,"[2894.9015, 2894.9019, 2894.9027, 2894.9037, 2894.9049666666665, 2894.906033333333, 2894.9061333333334, 2894.9063666666666, 2894.9066333333335, 2894.9083333333333, 2894.9102333333335, 2894.9121, 2894.912533333333, 2894.912766666667, 2894.9133333333334, 2894.9142333333334, 2894.914433333334, 2894.9147, 2894.915333333334, 2894.9167, 2894.9183666666668, 2894.9193333333333, 2894.9197, 2894.919733333333, 2894.919966666667, 2894.9200333333333, 2894.9223666666667, 2894.924, 2894.9242, 2894.9246, 2894.925166666667, 2894.9319333333333, 2894.932566666667, 2894.932566666667, 2894.9331333333334, 2894.9333]","[16, 65, 80, 120, 80, 65, 16, 61, 87, 65, 80, 61, 16, 65, 56, 80, 64, 16, 87, 61, 56, 61, 57, 80, 65, 120, 65, 16, 105, 116, 56, 87, 80, 16, 65, 61]"
2896.3116,2896.3228,2896.3612,2896.3204,12.592074394226074,0.0496,"[2896.3121666666666, 2896.312266666667, 2896.3128333333334, 2896.3133, 2896.3145, 2896.3165, 2896.3169333333335, 2896.3176333333336, 2896.3177, 2896.3202666666666, 2896.320333333333, 2896.3204, 2896.3208666666665, 2896.3209333333334, 2896.3209333333334, 2896.322133333333, 2896.3233, 2896.3244666666665, 2896.3244666666665, 2896.325333333333, 2896.3262666666665, 2896.327333333333, 2896.3279666666667, 2896.328233333333, 2896.328666666667, 2896.3288333333335, 2896.3299333333334, 2896.3310333333334, 2896.3316666666665, 2896.3316666666665, 2896.331966666666, 2896.3325, 2896.3331, 2896.333866666667, 2896.334066666667, 2896.3353333333334, 2896.3353333333334, 2896.338133333333, 2896.3384, 2896.3386, 2896.340966666666, 2896.3411, 2896.343533333333, 2896.3436, 2896.3443333333335, 2896.3453666666665, 2896.3467, 2896.3472, 2896.3481666666667, 2896.348233333333, 2896.348333333334, 2896.3487, 2896.3495333333335, 2896.3496333333333, 2896.3521333333333, 2896.3526, 2896.3527, 2896.353666666667, 2896.3539, 2896.3549666666668, 2896.3558, 2896.3562, 2896.357666666667, 2896.3581, 2896.3582333333334, 2896.3583, 2896.3584, 2896.3589]","[87, 65, 80, 56, 16, 65, 80, 159, 16, 65, 148, 80, 61, 119, 16, 138, 16, 80, 65, 135, 61, 65, 80, 138, 148, 56, 154, 16, 61, 56, 80, 154, 65, 16, 80, 65, 148, 56, 16, 65, 80, 16, 16, 80, 65, 154, 80, 65, 56, 61, 16, 154, 65, 80, 56, 61, 116, 16, 65, 148, 80, 16, 16, 61, 159, 154, 65, 80]"
2896.4956,2896.5072,2896.5216,2896.5076,8.838461875915527,0.026,"[2896.4970333333335, 2896.4972, 2896.4981, 2896.4988333333336, 2896.4989, 2896.500233333333, 2896.5025666666666, 2896.5029666666665, 2896.5036333333333, 2896.505, 2896.5057, 2896.5062333333335, 2896.506533333333, 2896.5071, 2896.5073, 2896.507433333333, 2896.5091, 2896.5099, 2896.5100333333335, 2896.5108333333333, 2896.5117666666665, 2896.5117666666665, 2896.5119, 2896.512833333333, 2896.5145, 2896.5159, 2896.5160666666666, 2896.5184, 2896.518866666667, 2896.5204, 2896.521133333333]","[80, 138, 65, 16, 159, 80, 61, 56, 16, 65, 80, 63, 87, 16, 56, 116, 80, 16, 65, 87, 56, 120, 80, 105, 136, 16, 64, 80, 65, 168, 16]"
2904.9124,2904.9204,2904.9332,2904.92,5.152789115905762,0.0208,"[2904.914133333333, 2904.915, 2904.9173666666666, 2904.9182333333333, 2904.919733333333, 2904.9202, 2904.9207, 2904.9211, 2904.9213, 2904.9241333333334, 2904.926233333333, 2904.9266, 2904.9266333333335, 2904.9266666666667, 2904.9268666666667, 2904.9291, 2904.9293666666667, 2904.9319333333333]","[80, 16, 65, 80, 118, 16, 61, 56, 65, 80, 16, 65, 80, 61, 149, 16, 116, 65]"
2905.6176,2905.6368,2905.6448,2905.6392,6.2257490158081055,0.0272,"[2905.6185, 2905.6206, 2905.6206333333334, 2905.6209, 2905.6219333333333, 2905.6231333333335, 2905.6232, 2905.624466666666, 2905.6248333333333, 2905.6249, 2905.6250333333332, 2905.6267, 2905.6276333333335, 2905.6286333333333, 2905.6288666666665, 2905.6298333333334, 2905.630033333334, 2905.6307666666667, 2905.6311, 2905.631966666667, 2905.6331666666665, 2905.6333, 2905.6342, 2905.6347, 2905.6349333333333, 2905.6375666666668, 2905.6388, 2905.6391, 2905.6397, 2905.6399666666666, 2905.6401333333333, 2905.6425, 2905.643466666667, 2905.6442666666667, 2905.6444]","[80, 80, 16, 65, 56, 80, 65, 16, 80, 56, 61, 65, 80, 65, 16, 56, 64, 163, 80, 56, 149, 65, 61, 80, 16, 65, 80, 65, 16, 56, 63, 80, 65, 120, 61]"
2905.784,2905.7908,2905.8332,2905.7892,5.088450908660889,0.0492,"[2905.7853666666665, 2905.7867, 2905.7905666666666, 2905.7906333333335, 2905.7908333333335, 2905.7934666666665, 2905.794733333333, 2905.7949, 2905.7950666666666, 2905.7954666666665, 2905.795666666667, 2905.796966666667, 2905.798533333333, 2905.802066666666, 2905.802366666667, 2905.802966666666, 2905.803933333333, 2905.803966666667, 2905.8045, 2905.8045666666667, 2905.8051333333333, 2905.8052, 2905.806866666667, 2905.8080333333332, 2905.8085, 2905.810033333333, 2905.8110333333334, 2905.8118666666664, 2905.8124666666668, 2905.813633333333, 2905.813933333334, 2905.814966666667, 2905.8154666666665, 2905.8176333333336, 2905.8177, 2905.8197333333333, 2905.8197666666665, 2905.820833333333, 2905.820833333333, 2905.8211666666666, 2905.8235666666665, 2905.8238666666666, 2905.8243333333335, 2905.8245333333334, 2905.827566666667, 2905.8281666666667, 2905.828233333333, 2905.8284, 2905.8291, 2905.8292333333334, 2905.8302]","[56, 16, 80, 65, 16, 80, 98, 65, 61, 16, 56, 80, 65, 80, 65, 98, 87, 16, 138, 80, 56, 135, 16, 65, 80, 16, 61, 65, 61, 80, 56, 65, 138, 80, 16, 65, 98, 16, 65, 80, 16, 56, 65, 98, 16, 80, 65, 154, 56, 61, 80]"
2906.0484,2906.0748,2906.098,2906.0752,7.437710762023926,0.0496,"[2906.048566666667, 2906.0501, 2906.051033333333, 2906.051266666667, 2906.053966666667, 2906.0558666666666, 2906.0564, 2906.0576333333333, 2906.0578666666665, 2906.058, 2906.0634, 2906.0645, 2906.064966666667, 2906.0686666666666, 2906.0691, 2906.0693, 2906.0697, 2906.071033333333, 2906.0715666666665, 2906.0719, 2906.0723, 2906.073, 2906.074733333334, 2906.0754333333334, 2906.0769, 2906.077333333333, 2906.08, 2906.0826, 2906.0834, 2906.084566666667, 2906.0850666666665, 2906.0853333333334, 2906.0860333333335, 2906.0864333333334, 2906.0896, 2906.093066666667, 2906.0932333333335, 2906.0934666666667, 2906.0950666666668, 2906.0963, 2906.096666666667, 2906.0972, 2906.0978666666665]","[87, 16, 66, 80, 65, 16, 61, 116, 87, 80, 65, 80, 16, 16, 61, 65, 120, 65, 16, 87, 56, 80, 61, 16, 56, 80, 65, 80, 65, 16, 61, 136, 56, 80, 135, 16, 65, 80, 87, 61, 65, 143, 80]"
2906.4484,2906.4568,2906.4696,2906.454,5.38517427444458,0.0212,"[2906.4490666666666, 2906.4502, 2906.4503, 2906.4504, 2906.4546333333333, 2906.4556, 2906.457766666667, 2906.4580333333333, 2906.4582, 2906.4589666666666, 2906.4608333333335, 2906.4622, 2906.4622, 2906.4626333333335, 2906.466, 2906.4671333333335, 2906.4678, 2906.467866666667]","[16, 80, 61, 148, 61, 159, 80, 65, 84, 16, 135, 80, 65, 16, 80, 56, 65, 16]"
2906.5636,2906.5724,2906.5888,2906.5824,4.566627025604248,0.0252,"[2906.564733333333, 2906.5651666666668, 2906.5653, 2906.5662666666667, 2906.569333333334, 2906.5697666666665, 2906.569933333333, 2906.5711666666666, 2906.572633333333, 2906.5759333333335, 2906.577133333333, 2906.5781666666667, 2906.5787333333333, 2906.5808666666667, 2906.5812, 2906.5821333333333, 2906.5821666666666, 2906.5827, 2906.582933333333, 2906.582933333333, 2906.5844, 2906.5848, 2906.5869, 2906.5870333333332, 2906.587233333333]","[80, 16, 65, 87, 80, 16, 56, 65, 80, 65, 87, 16, 154, 80, 16, 87, 105, 61, 65, 120, 80, 16, 65, 80, 87]"
2913.1072,2913.1304,2913.1392,2913.1276,3.920231342315674,0.032,"[2913.108133333333, 2913.1082666666666, 2913.109966666667, 2913.1107333333334, 2913.110866666667, 2913.111733333333, 2913.113766666667, 2913.1143, 2913.115, 2913.1167, 2913.118, 2913.118933333333, 2913.1201, 2913.1228333333333, 2913.1231666666667, 2913.1278, 2913.1284333333333, 2913.1302666666666, 2913.1302666666666, 2913.1318, 2913.1338, 2913.1354, 2913.1354666666666, 2913.136, 2913.136233333333]","[65, 80, 56, 80, 65, 16, 56, 138, 80, 65, 80, 16, 56, 80, 16, 80, 56, 80, 65, 16, 80, 56, 65, 16, 159]"
2913.316,2913.3224,2913.3432,2913.3208,3.966315746307373,0.0272,"[2913.3172, 2913.3174, 2913.3177333333333, 2913.3182666666667, 2913.3196333333335, 2913.320233333334, 2913.3209666666667, 2913.321133333334, 2913.3221, 2913.322133333333, 2913.323033333333, 2913.3232333333335, 2913.3245666666667, 2913.3253666666665, 2913.3254666666667, 2913.326466666667, 2913.3267333333333, 2913.3273, 2913.3274333333334, 2913.3287333333333, 2913.3287333333333, 2913.330466666667, 2913.331166666667, 2913.3313, 2913.3328, 2913.334066666667, 2913.3348666666666, 2913.335633333333, 2913.336466666666, 2913.3387333333335, 2913.3398333333334, 2913.3402333333333, 2913.3413333333333, 2913.3426666666664]","[80, 56, 16, 65, 80, 61, 164, 16, 80, 141, 136, 65, 16, 159, 56, 120, 80, 65, 16, 61, 56, 65, 16, 135, 119, 65, 80, 16, 56, 138, 61, 80, 119, 16]"
2917.3092,2917.35,2917.366,2917.3504,7.680860996246338,0.0568,"[2917.3097, 2917.3108333333334, 2917.3118666666664, 2917.3121, 2917.3128666666667, 2917.313833333333, 2917.3150666666666, 2917.3151, 2917.3151666666668, 2917.3161333333333, 2917.3162333333335, 2917.3174, 2917.3177333333333, 2917.3206333333333, 2917.320833333333, 2917.321033333333, 2917.3211, 2917.3215, 2917.323, 2917.325566666667, 2917.3261666666667, 2917.326466666667, 2917.3265, 2917.326866666667, 2917.3283666666666, 2917.329133333333, 2917.330033333333, 2917.3319333333334, 2917.332266666667, 2917.3334333333332, 2917.3343666666665, 2917.3344333333334, 2917.3355333333334, 2917.3367333333335, 2917.3369666666667, 2917.3376, 2917.3395333333333, 2917.3402, 2917.3413333333333, 2917.3417, 2917.3432, 2917.343766666667, 2917.3449, 2917.3460333333333, 2917.3474666666666, 2917.3476, 2917.3493, 2917.3497333333335, 2917.350966666667, 2917.3510666666666, 2917.3517, 2917.355233333333, 2917.355533333334, 2917.3559, 2917.3562333333334, 2917.3565, 2917.3567, 2917.3568, 2917.3575333333333, 2917.3598333333334, 2917.360133333333, 2917.3612333333335, 2917.3623666666667, 2917.3625666666667, 2917.3641333333335, 2917.364466666667, 2917.364466666667, 2917.3648, 2917.3654, 2917.3658]","[80, 65, 56, 16, 80, 65, 56, 16, 61, 66, 80, 16, 120, 80, 56, 61, 65, 118, 16, 65, 61, 56, 16, 80, 65, 56, 80, 119, 16, 65, 80, 87, 16, 61, 65, 56, 80, 16, 87, 65, 63, 16, 56, 65, 56, 80, 65, 16, 80, 61, 56, 56, 80, 16, 65, 64, 63, 56, 61, 65, 80, 56, 65, 16, 80, 159, 65, 16, 143, 58]"
2918.3008,2918.3256,2918.3348,2918.3264,5.37068510055542,0.034,"[2918.3016333333335, 2918.302133333333, 2918.3035, 2918.304866666667, 2918.3104333333335, 2918.311066666666, 2918.3115666666667, 2918.3127666666664, 2918.3133666666668, 2918.3170333333333, 2918.317666666667, 2918.321, 2918.3214, 2918.3219, 2918.3223666666668, 2918.3229666666666, 2918.323833333334, 2918.3272333333334, 2918.3274, 2918.3275, 2918.3276333333333, 2918.3292333333334, 2918.3294666666666, 2918.3343]","[65, 16, 87, 80, 65, 61, 80, 65, 56, 80, 16, 56, 16, 65, 80, 87, 135, 16, 65, 159, 80, 56, 116, 16]"
2919.86,2919.8816,2919.8952,2919.892,3.069363594055176,0.0352,"[2919.8617, 2919.861866666666, 2919.861866666666, 2919.862766666666, 2919.8640666666665, 2919.8663333333334, 2919.866433333333, 2919.867333333333, 2919.8678333333332, 2919.8692, 2919.8693333333335, 2919.870066666667, 2919.870866666666, 2919.8713, 2919.871633333333, 2919.8722333333335, 2919.873, 2919.8739, 2919.8739333333333, 2919.8741333333332, 2919.8744, 2919.8755666666666, 2919.8772, 2919.8786333333333, 2919.8800666666666, 2919.880166666667, 2919.8817, 2919.883566666667, 2919.8837, 2919.8853, 2919.8859, 2919.8867666666665, 2919.8874, 2919.888233333333, 2919.8886, 2919.8931666666667, 2919.893433333333, 2919.8943]","[65, 80, 98, 16, 80, 65, 16, 80, 87, 148, 98, 16, 65, 56, 80, 98, 159, 65, 80, 16, 87, 61, 56, 80, 120, 65, 16, 56, 65, 120, 61, 80, 16, 56, 65, 80, 116, 16]"
2921.4336,2921.4556,2921.478,2921.4588,5.5235161781311035,0.0444,"[2921.4348, 2921.4348, 2921.4351, 2921.4357666666665, 2921.4368666666664, 2921.4377666666664, 2921.438166666667, 2921.4394666666667, 2921.4401333333335, 2921.440633333333, 2921.440866666667, 2921.4409, 2921.4412333333335, 2921.4412666666667, 2921.4428, 2921.4464666666668, 2921.4468666666667, 2921.4473666666668, 2921.4484666666667, 2921.4486333333334, 2921.449433333333, 2921.4499666666666, 2921.4506666666666, 2921.4537666666665, 2921.4558333333334, 2921.4573, 2921.4581333333335, 2921.4589666666666, 2921.4600666666665, 2921.4603666666667, 2921.4610666666667, 2921.4647, 2921.4653, 2921.466, 2921.4672, 2921.4678, 2921.4679666666666, 2921.468533333333, 2921.4703, 2921.4711666666667, 2921.4711666666667, 2921.471466666667, 2921.4715, 2921.4727, 2921.4729, 2921.473466666667, 2921.474166666667, 2921.4743, 2921.4751, 2921.4760666666666]","[65, 56, 80, 120, 16, 80, 65, 87, 61, 66, 61, 136, 56, 80, 65, 16, 56, 65, 61, 80, 87, 16, 65, 56, 65, 80, 16, 61, 56, 65, 80, 56, 65, 80, 16, 168, 65, 56, 159, 61, 64, 80, 65, 154, 16, 56, 80, 66, 61, 16]"
2922.0256,2922.0432,2922.05,2922.0452,5.072336673736572,0.0244,"[2922.0257333333334, 2922.0258, 2922.0261333333333, 2922.0268, 2922.0270333333333, 2922.0293333333334, 2922.0299333333332, 2922.031266666667, 2922.0314, 2922.0324333333333, 2922.034633333333, 2922.0354, 2922.0355666666665, 2922.035833333334, 2922.0409666666665, 2922.0412, 2922.045, 2922.0457666666666, 2922.0480333333335, 2922.0496]","[65, 80, 16, 164, 98, 80, 56, 16, 65, 138, 56, 80, 65, 16, 56, 80, 16, 80, 171, 16]"
2922.802,2922.818,2922.8228,2922.8196,2.7964868545532227,0.0208,"[2922.803733333333, 2922.8081666666667, 2922.813833333333, 2922.8150666666666, 2922.8158, 2922.816, 2922.8160333333335, 2922.816533333333, 2922.8195333333333, 2922.8201, 2922.8212, 2922.8216666666667]","[80, 56, 80, 16, 56, 87, 61, 64, 98, 65, 80, 56]"
2923.4156,2923.4404,2923.4604,2923.4424,4.409981727600098,0.0448,"[2923.4159, 2923.4167666666667, 2923.4171, 2923.4175333333333, 2923.417733333333, 2923.417733333333, 2923.422, 2923.4232, 2923.4238333333333, 2923.4244, 2923.4254666666666, 2923.4273, 2923.4274666666665, 2923.4282, 2923.4283, 2923.4284666666667, 2923.428966666667, 2923.4295333333334, 2923.4318333333335, 2923.4328666666665, 2923.4332, 2923.4338, 2923.436366666667, 2923.4365333333335, 2923.436966666666, 2923.4378666666667, 2923.4386, 2923.439066666667, 2923.4393666666665, 2923.4402666666665, 2923.4403, 2923.4412333333335, 2923.4427, 2923.4444, 2923.4455, 2923.4455666666668, 2923.447133333333, 2923.4474666666665, 2923.4479, 2923.448033333333, 2923.4510333333333, 2923.4513333333334, 2923.4522, 2923.4524333333334, 2923.454333333333, 2923.4555666666665, 2923.4563333333335, 2923.4566, 2923.456866666667, 2923.4573666666665, 2923.4573666666665, 2923.4574666666667, 2923.4604]","[143, 16, 80, 56, 61, 65, 80, 65, 16, 65, 80, 120, 16, 65, 116, 56, 61, 80, 16, 80, 65, 105, 80, 16, 61, 65, 56, 16, 87, 80, 143, 65, 138, 56, 80, 65, 16, 65, 80, 56, 16, 65, 56, 80, 65, 16, 87, 80, 61, 56, 65, 143, 80]"
2923.6772,2923.6952,2923.7044,2923.6936,4.572921276092529,0.0272,"[2923.6790333333333, 2923.6795, 2923.6810666666665, 2923.6811, 2923.682333333333, 2923.6831333333334, 2923.683233333333, 2923.6845333333335, 2923.6865333333335, 2923.6867333333334, 2923.689, 2923.6896666666667, 2923.6900666666666, 2923.6902, 2923.6910333333335, 2923.692533333334, 2923.6952666666666, 2923.6952666666666, 2923.696233333333, 2923.6967666666665, 2923.697033333334, 2923.6973666666668, 2923.6984333333335, 2923.7001333333333, 2923.7009, 2923.7011, 2923.701433333333, 2923.7022, 2923.7031]","[80, 87, 61, 16, 65, 80, 135, 87, 56, 65, 16, 80, 87, 65, 56, 16, 65, 56, 61, 16, 80, 87, 65, 56, 16, 87, 120, 61, 80]"
2926.368,2926.3968,2926.4296,2926.396,7.921475410461426,0.0616,"[2926.369366666667, 2926.3698666666664, 2926.370033333333, 2926.3701, 2926.3766666666666, 2926.3786, 2926.3791, 2926.3804333333333, 2926.3823333333335, 2926.383533333333, 2926.3839666666668, 2926.384533333334, 2926.3881, 2926.3881666666666, 2926.3884, 2926.3886, 2926.3921333333333, 2926.3926, 2926.3928666666666, 2926.3930666666665, 2926.3934, 2926.3944, 2926.394533333333, 2926.3953, 2926.3957666666665, 2926.3959333333332, 2926.3974, 2926.397466666667, 2926.4007, 2926.4014666666667, 2926.4032333333334, 2926.405, 2926.4059, 2926.4067, 2926.408066666667, 2926.4086, 2926.4108666666666, 2926.4113666666667, 2926.411833333333, 2926.4153666666666, 2926.415433333333, 2926.415466666667, 2926.4165333333335, 2926.4165333333335, 2926.4211, 2926.422, 2926.4229, 2926.4243, 2926.4257333333335, 2926.4258333333332, 2926.4268333333334, 2926.4284666666667, 2926.4293, 2926.4294666666665]","[80, 16, 64, 65, 65, 16, 135, 65, 16, 80, 56, 65, 16, 159, 65, 80, 56, 65, 16, 80, 119, 64, 65, 87, 16, 61, 65, 148, 65, 80, 16, 56, 136, 65, 159, 80, 61, 65, 16, 16, 65, 116, 61, 80, 65, 80, 16, 56, 80, 65, 135, 16, 61, 56]"
2926.8984,2926.9088,2926.9392,2926.9092,5.166830539703369,0.0408,"[2926.8987333333334, 2926.898866666667, 2926.8996333333334, 2926.9007333333334, 2926.9030666666667, 2926.903566666667, 2926.9041666666667, 2926.9043, 2926.9050333333334, 2926.9054666666666, 2926.9059, 2926.9095, 2926.9098, 2926.9106666666667, 2926.910966666667, 2926.9120666666668, 2926.9130666666665, 2926.9148666666665, 2926.9157666666665, 2926.9160666666667, 2926.9166333333333, 2926.9192, 2926.9210333333335, 2926.9211666666665, 2926.9212, 2926.923366666667, 2926.9238666666665, 2926.924233333333, 2926.924433333333, 2926.9247, 2926.925566666667, 2926.9272333333333, 2926.928066666667, 2926.9283, 2926.9314, 2926.931566666666, 2926.9320666666667, 2926.9320666666667, 2926.9323666666664, 2926.9324, 2926.9347666666667, 2926.9354333333335, 2926.9355, 2926.9358333333334, 2926.9368666666664, 2926.9383333333335]","[16, 56, 65, 80, 16, 61, 135, 80, 65, 16, 56, 80, 65, 171, 56, 80, 65, 80, 16, 61, 65, 80, 65, 16, 80, 56, 87, 61, 80, 16, 135, 65, 136, 80, 16, 65, 61, 120, 118, 80, 16, 61, 87, 80, 56, 80]"
2927.5548,2927.5628,2927.5816,2927.5664,3.565141201019287,0.0268,"[2927.554866666667, 2927.5551, 2927.555766666667, 2927.5562666666665, 2927.5566, 2927.5569333333333, 2927.5575, 2927.5576333333333, 2927.557766666667, 2927.5578666666665, 2927.5611, 2927.5617, 2927.561966666666, 2927.562966666667, 2927.563033333334, 2927.5633, 2927.5634666666665, 2927.5635666666667, 2927.564066666667, 2927.5653666666667, 2927.5659333333333, 2927.5660666666668, 2927.566566666667, 2927.5668, 2927.5671666666667, 2927.5693, 2927.570166666667, 2927.5706, 2927.5708666666665, 2927.5718, 2927.572866666667, 2927.5732333333335, 2927.5736666666667, 2927.5738, 2927.5742666666665, 2927.5745666666667, 2927.574866666667, 2927.5758, 2927.575966666667, 2927.5767, 2927.5772666666667, 2927.5786333333335, 2927.5792, 2927.5812, 2927.5812333333333, 2927.5813333333335, 2927.5814333333333]","[164, 65, 80, 154, 16, 56, 61, 159, 80, 65, 65, 141, 80, 66, 56, 16, 80, 66, 105, 65, 87, 16, 80, 61, 119, 141, 16, 80, 65, 98, 80, 64, 63, 65, 87, 16, 149, 141, 140, 16, 80, 65, 120, 16, 120, 65, 98]"
2930.8508,2930.8652,2930.8784,2930.8584,8.60817813873291,0.0276,"[2930.8508333333334, 2930.8526666666667, 2930.8533666666667, 2930.853866666667, 2930.8541666666665, 2930.854333333333, 2930.8550333333333, 2930.8571333333334, 2930.858366666667, 2930.8585333333335, 2930.858566666667, 2930.8597, 2930.8598333333334, 2930.8622, 2930.8625666666667, 2930.8645333333334, 2930.8648333333335, 2930.8650666666667, 2930.8659333333335, 2930.8668666666667, 2930.8686333333335, 2930.869133333333, 2930.8714, 2930.8723666666665, 2930.8726, 2930.8731333333335, 2930.8732666666665, 2930.8737333333333]","[61, 80, 60, 16, 65, 56, 64, 163, 61, 56, 16, 65, 80, 65, 60, 16, 64, 60, 61, 65, 16, 80, 136, 65, 64, 61, 56, 87]"
2937.6156,2937.6244,2937.6488,2937.6268,5.6980767250061035,0.0332,"[2937.6160333333332, 2937.617133333333, 2937.6177, 2937.6177333333335, 2937.6187333333332, 2937.619133333333, 2937.620966666667, 2937.6218, 2937.6218, 2937.622, 2937.6232666666665, 2937.6235, 2937.6242666666667, 2937.624566666667, 2937.6255, 2937.6265333333336, 2937.6269, 2937.6271, 2937.6277666666665, 2937.6284333333333, 2937.6294666666668, 2937.630933333334, 2937.6321666666668, 2937.633533333333, 2937.6342666666665, 2937.6351666666665, 2937.6357333333335, 2937.6378, 2937.6378, 2937.6383666666666, 2937.6410333333333, 2937.6417666666666, 2937.643666666667, 2937.6442, 2937.6451333333334, 2937.6468333333332, 2937.647266666667, 2937.648366666667]","[16, 80, 61, 87, 138, 65, 65, 141, 16, 80, 87, 138, 80, 65, 56, 65, 154, 16, 168, 80, 154, 65, 138, 80, 16, 141, 65, 80, 65, 56, 159, 80, 16, 65, 56, 80, 65, 16]"
2938.0472,2938.078,2938.0988,2938.08,3.963896989822388,0.0516,"[2938.047433333333, 2938.0478, 2938.0486, 2938.0488, 2938.0496, 2938.0497, 2938.0503, 2938.0504, 2938.0509666666667, 2938.0521, 2938.053866666666, 2938.0546, 2938.055, 2938.0559, 2938.0570666666667, 2938.0577333333335, 2938.0578666666665, 2938.0586, 2938.0599, 2938.0603333333333, 2938.0606333333335, 2938.0616666666665, 2938.0619333333334, 2938.0624, 2938.0624666666668, 2938.062933333333, 2938.0645666666665, 2938.0662, 2938.0679333333333, 2938.0687666666668, 2938.0691666666667, 2938.0695333333333, 2938.0721, 2938.0743, 2938.074666666667, 2938.0750333333335, 2938.075333333333, 2938.075966666667, 2938.0762666666665, 2938.0765, 2938.0765666666666, 2938.076866666667, 2938.0790333333334, 2938.0792333333334, 2938.082066666667, 2938.0824, 2938.082733333333, 2938.0836, 2938.0837, 2938.083766666666, 2938.0847, 2938.0850333333333, 2938.0868333333333, 2938.0882333333334, 2938.0884666666666, 2938.0894333333335, 2938.090133333333, 2938.093066666667, 2938.0947, 2938.094733333334, 2938.0951333333333, 2938.0958333333333]","[80, 56, 16, 138, 80, 65, 56, 116, 16, 65, 16, 65, 171, 80, 171, 80, 65, 16, 61, 116, 141, 80, 16, 65, 120, 56, 80, 61, 80, 56, 61, 65, 80, 65, 16, 61, 80, 56, 61, 65, 16, 87, 116, 80, 65, 61, 63, 65, 80, 120, 143, 16, 80, 61, 16, 65, 56, 143, 80, 65, 16, 159]"
2960.2728,2960.2816,2960.3028,2960.2816,4.715169429779053,0.03,"[2960.2731, 2960.2733333333335, 2960.2739, 2960.2759666666666, 2960.2768, 2960.2768, 2960.2769, 2960.277566666666, 2960.281933333333, 2960.282366666667, 2960.283133333334, 2960.2838666666667, 2960.2843666666668, 2960.2844666666665, 2960.2861666666668, 2960.287333333333, 2960.287766666667, 2960.2885666666666, 2960.2898333333333, 2960.2899666666667, 2960.291133333333, 2960.2913, 2960.2914333333333, 2960.2914333333333, 2960.2914666666666, 2960.2924, 2960.2932, 2960.2933, 2960.295, 2960.2961333333333, 2960.2968666666666, 2960.2975, 2960.297633333333, 2960.2979333333333]","[80, 56, 65, 80, 65, 16, 118, 56, 65, 80, 138, 56, 80, 16, 56, 138, 149, 120, 138, 136, 164, 65, 80, 120, 16, 61, 87, 56, 80, 61, 65, 16, 116, 119]"
2960.4504,2960.4604,2960.472,2960.4576,3.974698066711426,0.0216,"[2960.4508666666666, 2960.4509333333335, 2960.4518333333335, 2960.4519666666665, 2960.4527, 2960.4531666666667, 2960.4549, 2960.4564, 2960.4571333333333, 2960.4576, 2960.457966666667, 2960.4582, 2960.4585666666667, 2960.4600666666665, 2960.460433333333, 2960.461, 2960.4620333333332, 2960.4621, 2960.4626333333335, 2960.463, 2960.463133333333, 2960.464166666666, 2960.466066666667, 2960.4666, 2960.467166666667, 2960.4672666666665, 2960.4673666666667, 2960.4679, 2960.4685666666664, 2960.4691, 2960.4697, 2960.4709666666668, 2960.471433333333, 2960.4717]","[16, 87, 65, 168, 61, 80, 56, 80, 136, 65, 61, 16, 140, 65, 80, 154, 16, 135, 66, 65, 56, 80, 65, 80, 56, 135, 16, 61, 65, 136, 80, 16, 61, 65]"
2960.7916,2960.8032,2960.814,2960.802,6.076340675354004,0.0224,"[2960.7916, 2960.7919666666667, 2960.7925, 2960.7936, 2960.7956, 2960.796766666667, 2960.7975333333334, 2960.7980666666667, 2960.7985, 2960.7985, 2960.8005333333335, 2960.8008333333332, 2960.8026, 2960.8034333333335, 2960.8047333333334, 2960.8074, 2960.808, 2960.8084, 2960.8097, 2960.810166666666, 2960.8113, 2960.8124333333335]","[80, 119, 56, 65, 156, 80, 65, 61, 63, 105, 16, 80, 56, 61, 80, 98, 80, 65, 61, 16, 56, 65]"
2961.9252,2961.9336,2961.9624,2961.9344,4.77423095703125,0.0372,"[2961.925366666667, 2961.9286333333334, 2961.928766666667, 2961.9292, 2961.9294666666665, 2961.9295333333334, 2961.9295666666667, 2961.9302333333335, 2961.9303, 2961.934, 2961.934366666667, 2961.9346, 2961.9349666666667, 2961.9351333333334, 2961.9366, 2961.9398, 2961.9400666666666, 2961.9437666666668, 2961.9457333333335, 2961.9457333333335, 2961.946133333334, 2961.947866666667, 2961.950533333333, 2961.9508666666666, 2961.951, 2961.9518333333335, 2961.9519, 2961.9547666666667, 2961.9556333333335, 2961.957033333333, 2961.957766666667, 2961.958, 2961.9580666666666, 2961.9584, 2961.9602, 2961.9618, 2961.9624]","[87, 138, 61, 87, 65, 135, 16, 80, 56, 80, 87, 65, 61, 56, 80, 65, 56, 61, 65, 56, 80, 165, 16, 80, 165, 65, 56, 159, 65, 63, 56, 64, 80, 16, 165, 65, 56]"
2967.3896,2967.402,2967.4116,2967.4024,8.367493629455566,0.022,"[2967.3898, 2967.3902333333335, 2967.3910333333333, 2967.3921, 2967.3924666666667, 2967.3932666666665, 2967.3960333333334, 2967.3976666666667, 2967.3978333333334, 2967.3981, 2967.4005, 2967.4014333333334, 2967.402, 2967.4027, 2967.4033666666664, 2967.4041666666667, 2967.4055333333336, 2967.4058666666665, 2967.4084333333335, 2967.408733333333, 2967.4097333333334, 2967.4103, 2967.4107, 2967.4114]","[16, 65, 80, 138, 65, 56, 80, 56, 65, 80, 80, 16, 65, 56, 61, 119, 56, 80, 80, 65, 16, 116, 87, 61]"
2971.2392,2971.2544,2971.2708,2971.256,12.482584953308104,0.0316,"[2971.2397666666666, 2971.2398, 2971.2416333333335, 2971.2422333333334, 2971.2431333333334, 2971.2433666666666, 2971.244133333333, 2971.2472, 2971.2478666666666, 2971.2486, 2971.2490666666667, 2971.2507333333333, 2971.251333333333, 2971.2514, 2971.2519, 2971.2555, 2971.2581, 2971.258533333333, 2971.259, 2971.259466666667, 2971.2615666666666, 2971.2618333333335, 2971.2626666666665, 2971.2634333333335, 2971.2645666666667, 2971.264866666667, 2971.2656666666667, 2971.2658, 2971.266, 2971.2660666666666, 2971.270666666667, 2971.2707666666665]","[65, 80, 63, 135, 56, 80, 65, 80, 65, 16, 64, 61, 56, 80, 65, 80, 65, 80, 56, 16, 80, 65, 119, 61, 148, 98, 80, 138, 56, 65, 65, 80]"
3479.2808,3479.3,3479.3468,3479.2984,15.172972679138184,0.066,"[3479.2811333333334, 3479.2831, 3479.2843666666668, 3479.2851666666666, 3479.2853, 3479.285833333334, 3479.2861, 3479.2876, 3479.2880666666665, 3479.2884, 3479.2903, 3479.290466666667, 3479.2912, 3479.2928333333334, 3479.2934333333333, 3479.2939, 3479.2939666666666, 3479.2939666666666, 3479.296, 3479.2963666666665, 3479.2971333333335, 3479.2977666666666, 3479.2979333333333, 3479.300166666667, 3479.301233333333, 3479.3014333333335, 3479.304666666667, 3479.304866666667, 3479.305533333333, 3479.3059333333335, 3479.3067666666666, 3479.3079666666667, 3479.3081333333334, 3479.3086333333335, 3479.312066666667, 3479.3128666666667, 3479.3154666666665, 3479.3162, 3479.3190666666665, 3479.3191666666667, 3479.3194, 3479.3215333333333, 3479.3220666666666, 3479.3223, 3479.3241, 3479.3251, 3479.3253, 3479.3258, 3479.326233333333, 3479.3293, 3479.3307333333332, 3479.330966666667, 3479.332033333333, 3479.3326333333334, 3479.332766666667, 3479.3346, 3479.335, 3479.3352, 3479.3374, 3479.3377333333333, 3479.338566666667, 3479.341, 3479.3433666666665, 3479.3447]","[16, 56, 98, 171, 65, 80, 16, 65, 80, 98, 80, 65, 16, 61, 135, 56, 80, 65, 98, 65, 16, 61, 80, 56, 80, 65, 65, 80, 16, 61, 56, 65, 87, 105, 80, 56, 80, 65, 16, 80, 65, 56, 80, 16, 65, 16, 61, 56, 80, 16, 80, 65, 56, 80, 16, 65, 143, 168, 65, 80, 56, 16, 135, 80]"
3479.5124,3479.532,3479.5416,3479.532,3.465794086456299,0.0292,"[3479.512833333333, 3479.5146666666665, 3479.5171666666665, 3479.5184, 3479.5192333333334, 3479.52, 3479.5208333333335, 3479.5216, 3479.5228666666667, 3479.5261333333333, 3479.526966666667, 3479.526966666667, 3479.5308, 3479.5316, 3479.5321, 3479.5324666666666, 3479.533033333333, 3479.5351333333333, 3479.5358666666666, 3479.5379, 3479.5381333333335, 3479.538433333333, 3479.5387666666666, 3479.5411]","[56, 65, 80, 65, 61, 80, 16, 56, 116, 80, 65, 56, 65, 80, 56, 61, 16, 87, 65, 65, 80, 63, 16, 56]"
3480.3108,3480.3276,3480.3456,3480.3268,6.233249187469482,0.0348,"[3480.3108666666667, 3480.3115, 3480.3119, 3480.3123333333333, 3480.3141666666666, 3480.314766666667, 3480.314833333334, 3480.3161666666665, 3480.3171, 3480.3173666666667, 3480.3177333333333, 3480.3186666666666, 3480.3206333333333, 3480.3211, 3480.323033333333, 3480.3240666666666, 3480.3247, 3480.3251, 3480.3316666666665, 3480.3324, 3480.3342, 3480.334733333333, 3480.3351666666667, 3480.3362, 3480.3363, 3480.3371333333334, 3480.3404333333333, 3480.3413666666665, 3480.3420666666666, 3480.342166666667, 3480.3423, 3480.3440666666665, 3480.3449666666666]","[65, 61, 80, 16, 65, 163, 116, 80, 61, 119, 65, 56, 80, 65, 16, 65, 87, 80, 64, 65, 61, 136, 16, 56, 135, 80, 149, 65, 16, 56, 80, 61, 87]"
3480.8472,3480.8572,3480.8708,3480.8588,7.164693832397461,0.0236,"[3480.8486, 3480.849233333334, 3480.8494333333333, 3480.8503666666666, 3480.8513666666668, 3480.8523666666665, 3480.8527, 3480.8532666666665, 3480.8538, 3480.8544, 3480.855466666667, 3480.8559333333333, 3480.8560333333335, 3480.8567666666668, 3480.8575666666666, 3480.858, 3480.8580666666667, 3480.8598, 3480.8601, 3480.8608, 3480.8622666666665, 3480.8647333333333, 3480.8648333333335, 3480.8654333333334, 3480.8658666666665, 3480.8661333333334, 3480.8665, 3480.8665, 3480.8665666666666, 3480.8674, 3480.867566666667, 3480.8696]","[80, 65, 56, 56, 61, 65, 80, 56, 16, 65, 80, 63, 56, 116, 80, 65, 16, 61, 56, 80, 164, 65, 80, 16, 65, 61, 80, 56, 63, 119, 16, 136]"
3482.1528,3482.1696,3482.1828,3482.1556,3.949628353118897,0.03,"[3482.1529, 3482.1541666666667, 3482.154433333333, 3482.1548333333335, 3482.155366666667, 3482.1559, 3482.1561333333334, 3482.1571, 3482.1574333333333, 3482.1577, 3482.1585333333333, 3482.1591, 3482.1594666666665, 3482.1597666666667, 3482.1607, 3482.160833333334, 3482.1616, 3482.1619666666666, 3482.1622333333335, 3482.1623, 3482.162566666667, 3482.162733333333, 3482.1641666666665, 3482.1644, 3482.164533333333, 3482.1651, 3482.165333333334, 3482.1658333333335, 3482.1659, 3482.167033333333, 3482.1677666666665, 3482.168133333333, 3482.1683333333335, 3482.1686666666665, 3482.1689, 3482.169033333333, 3482.1703666666667, 3482.1710333333335, 3482.1729, 3482.1729333333333, 3482.1734333333334, 3482.1749666666665, 3482.176266666667, 3482.1768666666667, 3482.1782333333335, 3482.1790666666666, 3482.179666666667, 3482.1799333333333, 3482.180666666666, 3482.1812, 3482.1815333333334]","[16, 154, 65, 80, 56, 61, 148, 16, 80, 65, 56, 61, 16, 80, 154, 65, 80, 16, 63, 66, 65, 87, 80, 16, 154, 65, 143, 61, 118, 56, 16, 80, 65, 136, 56, 61, 16, 80, 119, 65, 16, 80, 65, 56, 16, 154, 65, 80, 87, 16, 56]"
3483.7008,3483.7196,3483.7264,3483.722,5.0402984619140625,0.0256,"[3483.702, 3483.7020666666667, 3483.7025, 3483.7026333333333, 3483.7028, 3483.7040333333334, 3483.7045, 3483.7059, 3483.706133333333, 3483.706366666667, 3483.7066, 3483.7075, 3483.7079, 3483.7082, 3483.7094, 3483.7112666666667, 3483.7114, 3483.711766666667, 3483.7121666666667, 3483.7125, 3483.7134666666666, 3483.715066666666, 3483.7158, 3483.7165333333332, 3483.7166, 3483.717166666667, 3483.7181, 3483.7192, 3483.7204666666667, 3483.7207, 3483.7216333333336, 3483.7217333333333, 3483.7229666666667, 3483.723233333333, 3483.723333333334, 3483.7237, 3483.724233333334, 3483.7263666666668, 3483.7263666666668]","[159, 171, 65, 80, 16, 57, 171, 80, 87, 16, 138, 61, 61, 65, 57, 98, 80, 171, 16, 65, 87, 80, 57, 65, 135, 16, 61, 80, 138, 65, 171, 56, 61, 65, 80, 16, 154, 57, 159]"
3483.8972,3483.918,3483.93,3483.9172,5.7328782081604,0.0328,"[3483.8974, 3483.8982333333333, 3483.8987666666667, 3483.899066666667, 3483.8996, 3483.8996333333334, 3483.9002666666665, 3483.909866666667, 3483.9100333333336, 3483.910966666667, 3483.9117666666666, 3483.915333333334, 3483.9159, 3483.9160333333334, 3483.9179, 3483.9182666666666, 3483.9187333333334, 3483.9193, 3483.9201333333335, 3483.921333333333, 3483.922233333333, 3483.9236666666666, 3483.9237333333335, 3483.9257, 3483.9268333333334, 3483.928766666667, 3483.9291, 3483.9298, 3483.9298, 3483.93]","[61, 56, 87, 105, 65, 80, 16, 80, 65, 61, 16, 80, 16, 65, 61, 154, 56, 65, 87, 135, 80, 61, 16, 80, 65, 80, 16, 56, 120, 65]"
3483.9424,3483.9488,3483.9848,3483.9456,4.056018829345703,0.0424,"[3483.9441333333334, 3483.9463333333333, 3483.947, 3483.9472, 3483.949, 3483.9508333333333, 3483.951433333333, 3483.9524333333334, 3483.952766666667, 3483.9545, 3483.955233333333, 3483.9555333333333, 3483.9565333333335, 3483.9611666666665, 3483.9629666666665, 3483.963333333333, 3483.9636666666665, 3483.9655333333335, 3483.9657666666667, 3483.9686333333334, 3483.968733333333, 3483.9691, 3483.9693666666667, 3483.9697666666666, 3483.9698333333336, 3483.9700333333335, 3483.9706, 3483.9709666666668, 3483.9714, 3483.9722, 3483.974, 3483.9745666666668, 3483.975133333334, 3483.9758, 3483.9767666666667, 3483.9771, 3483.9778666666666, 3483.9780666666666, 3483.9808666666668, 3483.9809, 3483.9825666666666, 3483.9837666666667, 3483.9841333333334]","[56, 16, 65, 80, 56, 65, 80, 61, 16, 56, 65, 16, 80, 80, 65, 80, 16, 56, 65, 16, 80, 56, 61, 165, 171, 65, 61, 80, 16, 148, 65, 80, 16, 56, 80, 65, 56, 16, 80, 65, 16, 87, 65]"
3488.9392,3488.9476,3488.9692,3488.9468,7.040464878082275,0.03,"[3488.9401333333335, 3488.940633333333, 3488.9418333333333, 3488.9421, 3488.9425666666666, 3488.9430333333335, 3488.943533333333, 3488.947133333333, 3488.9474666666665, 3488.9475666666667, 3488.948066666667, 3488.9481666666666, 3488.9488, 3488.9508, 3488.9513666666667, 3488.951433333333, 3488.951466666667, 3488.9522666666667, 3488.9524333333334, 3488.9535, 3488.9544333333333, 3488.9547333333335, 3488.9584, 3488.9588, 3488.9589666666666, 3488.9591, 3488.9602666666665, 3488.9604, 3488.9639333333334, 3488.9644, 3488.964466666667, 3488.9650333333334, 3488.965366666667, 3488.9656666666665, 3488.9661666666666, 3488.9681, 3488.9687]","[65, 80, 61, 60, 80, 16, 65, 56, 80, 65, 119, 136, 16, 66, 56, 60, 80, 16, 61, 80, 65, 56, 80, 65, 61, 56, 66, 16, 80, 56, 65, 16, 61, 80, 138, 65, 56]"
3489.12,3489.1292,3489.1468,3489.1272,4.04014778137207,0.0268,"[3489.1235, 3489.1260333333335, 3489.1284666666666, 3489.1289666666667, 3489.1303666666668, 3489.1307666666667, 3489.1318, 3489.137, 3489.1376, 3489.1398, 3489.140266666667, 3489.1415, 3489.1423666666665, 3489.1467]","[80, 65, 80, 56, 16, 65, 80, 80, 16, 65, 80, 16, 61, 65]"
3490.2124,3490.2256,3490.2404,3490.228,6.7045578956604,0.028,"[3490.2186, 3490.2191333333335, 3490.2199666666666, 3490.2202333333335, 3490.220566666667, 3490.2211333333335, 3490.2217666666666, 3490.2228666666665, 3490.224133333333, 3490.2261, 3490.228866666667, 3490.2289666666666, 3490.2294, 3490.2294333333334, 3490.229733333333, 3490.2317, 3490.2327333333333, 3490.2336333333333, 3490.235866666667, 3490.2364333333335, 3490.2366, 3490.2368333333334, 3490.2372666666665]","[56, 16, 156, 80, 65, 87, 16, 80, 138, 65, 56, 80, 156, 16, 65, 16, 80, 98, 61, 65, 16, 98, 80]"
3490.5456,3490.5536,3490.58,3490.5548,5.798738479614258,0.0344,"[3490.5459333333333, 3490.5459333333333, 3490.5463, 3490.546333333333, 3490.5481, 3490.548333333333, 3490.5487, 3490.5498, 3490.5509, 3490.551166666666, 3490.5514, 3490.5516333333335, 3490.5535, 3490.5552666666667, 3490.5575, 3490.5581333333334, 3490.5591, 3490.559333333333, 3490.5604333333335, 3490.5611, 3490.562066666667, 3490.5622, 3490.5622333333336, 3490.564833333334, 3490.5648666666666, 3490.5651, 3490.5661, 3490.5667, 3490.5672666666665, 3490.569033333333, 3490.570366666667, 3490.571066666667, 3490.5723666666668, 3490.573, 3490.5745333333334, 3490.574633333333, 3490.575966666667, 3490.5763, 3490.5763666666667, 3490.5776333333333, 3490.5796]","[65, 64, 171, 80, 65, 16, 56, 80, 16, 66, 80, 56, 65, 80, 65, 80, 65, 61, 56, 80, 66, 65, 16, 80, 16, 120, 61, 65, 116, 16, 80, 56, 80, 65, 164, 143, 61, 80, 16, 56, 80]"
3491.0512,3491.0652,3491.08,3491.0644,9.4409761428833,0.0288,"[3491.053033333333, 3491.0538333333334, 3491.0540666666666, 3491.055066666667, 3491.0575, 3491.057566666667, 3491.0577, 3491.0592333333334, 3491.0603333333333, 3491.0606666666667, 3491.0619333333334, 3491.063166666667, 3491.064, 3491.064766666667, 3491.065633333333, 3491.065633333333, 3491.0669, 3491.0692, 3491.069233333333, 3491.0699, 3491.070133333333, 3491.0717666666665, 3491.0726, 3491.0732, 3491.0733, 3491.0736333333334, 3491.0755, 3491.077366666667, 3491.079366666667, 3491.0799666666667]","[61, 80, 65, 16, 80, 65, 16, 159, 56, 80, 66, 16, 164, 80, 61, 16, 65, 98, 80, 16, 65, 136, 80, 105, 61, 56, 65, 80, 65, 16]"
3493.4916,3493.5248,3493.532,3493.522,5.1077046394348145,0.0404,"[3493.4929, 3493.4932, 3493.4946, 3493.494966666666, 3493.4951, 3493.4961333333335, 3493.4964333333332, 3493.4964666666665, 3493.4981333333335, 3493.498433333333, 3493.4986, 3493.499, 3493.4992, 3493.499533333333, 3493.5001333333335, 3493.501133333333, 3493.5016, 3493.5018666666665, 3493.5020666666665, 3493.5034333333333, 3493.5039666666667, 3493.5042333333336, 3493.5046333333335, 3493.5054, 3493.5054666666665, 3493.5059666666666, 3493.5064333333335, 3493.5079666666666, 3493.508633333334, 3493.509666666667, 3493.5098, 3493.510133333333, 3493.5101666666665, 3493.5113666666666, 3493.5120333333334, 3493.5123, 3493.5127333333335, 3493.5129666666667, 3493.5138666666667, 3493.516, 3493.5162333333333, 3493.5169666666666, 3493.5181333333335, 3493.5182666666665, 3493.5223666666666, 3493.5228, 3493.5228666666667, 3493.522933333333, 3493.5237666666667, 3493.5238, 3493.5241, 3493.5244, 3493.524733333333, 3493.5250333333333, 3493.5250333333333, 3493.5257333333334, 3493.5259333333333, 3493.5268, 3493.5271666666667, 3493.528466666666, 3493.5289333333335, 3493.529, 3493.529366666666, 3493.5318666666667]","[16, 80, 56, 148, 16, 65, 80, 154, 56, 65, 80, 154, 148, 61, 16, 80, 136, 65, 87, 16, 80, 148, 65, 16, 61, 80, 65, 16, 80, 56, 80, 16, 65, 154, 56, 105, 16, 80, 65, 80, 16, 65, 80, 56, 65, 80, 56, 16, 116, 61, 154, 65, 56, 80, 140, 136, 16, 65, 80, 16, 154, 80, 65, 56]"
3494.0048,3494.0324,3494.0424,3494.0312,9.223714828491213,0.0376,"[3494.005866666667, 3494.0062666666668, 3494.0066, 3494.0083666666665, 3494.0087, 3494.0094, 3494.0105, 3494.0108666666665, 3494.0122666666666, 3494.0128666666665, 3494.0131666666666, 3494.0146, 3494.0154333333335, 3494.0165, 3494.0179333333335, 3494.0179333333335, 3494.0183333333334, 3494.0189, 3494.0210333333334, 3494.0214666666666, 3494.0216666666665, 3494.0234666666665, 3494.024066666667, 3494.0246333333334, 3494.0259333333333, 3494.0264333333334, 3494.0270333333333, 3494.0270666666665, 3494.0271666666667, 3494.0282333333334, 3494.0288666666665, 3494.0297333333333, 3494.0311333333334, 3494.0315333333333, 3494.032166666667, 3494.0326666666665, 3494.034033333334, 3494.0343, 3494.0356333333334, 3494.0361666666668, 3494.0363666666667, 3494.0371, 3494.0379333333335, 3494.038, 3494.0382666666665, 3494.038466666667, 3494.038533333334, 3494.0394666666666, 3494.0414666666666]","[98, 80, 65, 80, 16, 61, 135, 65, 80, 16, 56, 80, 65, 141, 80, 16, 116, 98, 65, 16, 80, 119, 65, 80, 61, 65, 98, 80, 56, 16, 159, 141, 80, 16, 65, 61, 80, 87, 65, 64, 80, 63, 16, 120, 159, 56, 61, 98, 80]"
3497.7252,3497.7328,3497.7524,3497.7324,4.527073383331299,0.0272,"[3497.7258666666667, 3497.7285666666667, 3497.7289666666666, 3497.729, 3497.7319666666667, 3497.7321666666667, 3497.7327, 3497.7334333333333, 3497.734266666667, 3497.7353333333335, 3497.7396, 3497.7404333333334, 3497.7407333333335, 3497.7408, 3497.7411333333334, 3497.7420333333334, 3497.7424666666666, 3497.743233333333, 3497.7447, 3497.7451666666666, 3497.7453333333333, 3497.7454333333335, 3497.746166666667, 3497.7465, 3497.7491, 3497.7491333333332, 3497.7507666666666, 3497.7507666666666, 3497.7511, 3497.7516, 3497.7520666666665, 3497.7521333333334]","[80, 56, 65, 80, 143, 80, 65, 61, 16, 80, 80, 16, 61, 65, 87, 56, 63, 80, 16, 65, 143, 80, 164, 61, 80, 56, 143, 66, 164, 141, 80, 16]"
3498.0212,3498.052,3498.0604,3498.0548,7.538485527038574,0.0392,"[3498.022, 3498.0227666666665, 3498.0234333333333, 3498.0239333333334, 3498.0243666666665, 3498.0260333333335, 3498.026666666666, 3498.0278333333335, 3498.0282666666667, 3498.028333333333, 3498.0290333333332, 3498.0291, 3498.029466666667, 3498.0308, 3498.0316333333335, 3498.033133333334, 3498.0333333333333, 3498.0333666666666, 3498.0343, 3498.0351333333333, 3498.0363333333335, 3498.0371333333333, 3498.0372666666667, 3498.038233333333, 3498.0398333333333, 3498.0401, 3498.040266666667, 3498.040266666667, 3498.0417666666667, 3498.0419, 3498.0435, 3498.043633333333, 3498.0439, 3498.0444666666667, 3498.0452333333333, 3498.0461, 3498.0486333333333, 3498.0490666666665, 3498.0497666666665, 3498.050366666667, 3498.0514, 3498.0520333333334, 3498.0529, 3498.0534333333335, 3498.0538333333334, 3498.054833333333, 3498.0550333333335, 3498.0562, 3498.0568, 3498.0579, 3498.0603333333333]","[16, 80, 65, 148, 56, 80, 61, 65, 16, 80, 149, 138, 56, 65, 148, 16, 80, 61, 65, 56, 80, 16, 135, 65, 61, 80, 159, 16, 65, 136, 16, 80, 61, 118, 16, 80, 119, 16, 65, 80, 159, 65, 16, 80, 65, 56, 61, 80, 16, 65, 65]"
3498.176,3498.1844,3498.1964,3498.1868,5.612701416015625,0.0204,"[3498.1764333333335, 3498.1781, 3498.1788, 3498.180966666667, 3498.1813333333334, 3498.1822666666667, 3498.1839333333332, 3498.1845333333335, 3498.1862333333333, 3498.1866333333332, 3498.1875333333332, 3498.1878333333334, 3498.1885333333335, 3498.1909333333333, 3498.192233333333, 3498.194333333334, 3498.1948, 3498.195833333333]","[135, 80, 65, 61, 80, 136, 159, 65, 80, 60, 16, 61, 56, 65, 80, 65, 61, 16]"
3499.788,3499.8056,3499.8228,3499.8064,15.220836639404297,0.0348,"[3499.7901666666667, 3499.7902, 3499.7916333333333, 3499.7941, 3499.795666666667, 3499.7958, 3499.796066666667, 3499.8004333333333, 3499.8004333333333, 3499.801466666667, 3499.802833333333, 3499.8038333333334, 3499.8042, 3499.8042666666665, 3499.8046, 3499.8055, 3499.8060666666665, 3499.807533333333, 3499.807766666667, 3499.8082666666664, 3499.8090333333334, 3499.8114666666665, 3499.8147, 3499.8151, 3499.8159333333333, 3499.816533333333, 3499.8169666666668, 3499.8171333333335, 3499.8197333333333]","[80, 65, 56, 159, 65, 56, 80, 80, 16, 65, 56, 80, 138, 87, 105, 64, 61, 56, 16, 65, 63, 80, 65, 80, 61, 87, 16, 56, 66]"
3500.0052,3500.0208,3500.026,3500.0196,3.032480239868164,0.0208,"[3500.006533333333, 3500.0079, 3500.010133333333, 3500.012, 3500.0124, 3500.0147, 3500.016, 3500.0163333333335, 3500.017966666667, 3500.019333333333, 3500.0194333333334, 3500.0199666666667, 3500.0214666666666, 3500.0231, 3500.0241, 3500.026]","[16, 56, 80, 65, 16, 80, 56, 135, 65, 116, 80, 16, 65, 56, 80, 65]"
3500.7016,3500.7092,3500.728,3500.7096,4.1582722663879395,0.0264,"[3500.7019333333333, 3500.7033666666666, 3500.704133333333, 3500.7043, 3500.7045, 3500.7053333333333, 3500.7056666666667, 3500.7063, 3500.7065, 3500.7071666666666, 3500.7081, 3500.7099333333335, 3500.710466666667, 3500.711466666666, 3500.7142, 3500.7161, 3500.7162, 3500.7163666666665, 3500.716866666666, 3500.7187, 3500.718766666667, 3500.7190333333333, 3500.7196, 3500.719633333333, 3500.7198333333336, 3500.7202666666667, 3500.7206, 3500.7217, 3500.7220333333335, 3500.7229, 3500.7248666666665, 3500.7255333333333, 3500.7273333333333]","[16, 159, 65, 80, 165, 61, 56, 65, 87, 16, 80, 168, 56, 65, 80, 65, 168, 16, 80, 61, 16, 66, 80, 165, 56, 105, 63, 16, 61, 138, 56, 65, 80]"
3501.778,3501.7852,3501.8112,3501.7872,5.791352272033691,0.0332,"[3501.778333333333, 3501.778566666667, 3501.780366666667, 3501.7822, 3501.7825, 3501.7826, 3501.784033333334, 3501.7840666666666, 3501.7853333333333, 3501.7855, 3501.7866, 3501.7874666666667, 3501.787566666667, 3501.7888666666668, 3501.789333333333, 3501.791833333333, 3501.7919333333334, 3501.792033333333, 3501.7921, 3501.7939666666666, 3501.7942, 3501.7946666666667, 3501.7948, 3501.7951333333335, 3501.7952333333333, 3501.795866666667, 3501.7971333333335, 3501.797866666667, 3501.7992, 3501.800333333333, 3501.8007666666667, 3501.8011, 3501.8022666666666, 3501.803066666667, 3501.8042, 3501.8044333333332, 3501.8054666666667, 3501.805533333333, 3501.8076, 3501.8093, 3501.8096, 3501.8108]","[65, 80, 143, 16, 65, 80, 61, 80, 138, 87, 56, 80, 61, 16, 65, 171, 65, 80, 16, 56, 16, 65, 61, 105, 87, 80, 56, 61, 80, 138, 65, 171, 56, 61, 80, 16, 65, 154, 16, 65, 80, 61]"
3503.4116,3503.4164,3503.4444,3503.416,2.877263307571411,0.0328,"[3503.411833333333, 3503.4142333333334, 3503.4144666666666, 3503.4162666666666, 3503.4167333333335, 3503.4174, 3503.42, 3503.4201333333335, 3503.4230666666667, 3503.4239666666667, 3503.4256666666665, 3503.426266666667, 3503.4275, 3503.4275, 3503.4279333333334, 3503.4293666666667, 3503.4312, 3503.4312666666665, 3503.4328333333333, 3503.4348333333332, 3503.4356, 3503.438833333333, 3503.4392666666668, 3503.4401, 3503.4402666666665, 3503.4420666666665, 3503.4439666666667]","[80, 16, 119, 65, 80, 56, 65, 80, 65, 80, 16, 65, 80, 61, 149, 56, 116, 80, 119, 80, 65, 80, 65, 16, 135, 56, 80]"
3503.6192,3503.6348,3503.646,3503.6332,5.452688694000244,0.0268,"[3503.6192333333333, 3503.6222, 3503.6223, 3503.6223, 3503.6233333333334, 3503.6234666666664, 3503.6257666666666, 3503.6262333333334, 3503.627466666667, 3503.6279, 3503.6293333333333, 3503.6311, 3503.6330333333335, 3503.634, 3503.6374, 3503.6376, 3503.6382, 3503.6383333333333, 3503.6398, 3503.6409, 3503.6412333333333, 3503.6437666666666, 3503.644533333333]","[56, 65, 80, 16, 61, 63, 56, 80, 16, 65, 80, 56, 65, 80, 16, 156, 80, 65, 56, 61, 16, 87, 56]"
3504.4312,3504.444,3504.4532,3504.448,5.761810302734375,0.022,"[3504.4322333333334, 3504.4357333333332, 3504.4360333333334, 3504.4364, 3504.4365333333335, 3504.4375666666665, 3504.4376333333335, 3504.4405666666667, 3504.4409, 3504.4432333333334, 3504.4442, 3504.445833333333, 3504.4468, 3504.4504, 3504.4515, 3504.4518333333335]","[56, 61, 80, 98, 65, 56, 159, 65, 87, 16, 116, 135, 80, 16, 56, 87]"
3510.9024,3510.9132,3510.9312,3510.9108,8.406106948852539,0.0288,"[3510.9036666666666, 3510.9060666666664, 3510.9067666666665, 3510.9067666666665, 3510.9093666666668, 3510.909633333333, 3510.9131333333335, 3510.915, 3510.9162666666666, 3510.9165666666668, 3510.9166333333333, 3510.9171666666666, 3510.9185666666667, 3510.9192666666668, 3510.9200333333333, 3510.9206, 3510.9207666666666, 3510.9223333333334, 3510.9238, 3510.9241666666667, 3510.9249666666665, 3510.9259666666667, 3510.9276333333332, 3510.9304333333334]","[141, 65, 80, 56, 64, 65, 116, 80, 63, 154, 149, 61, 65, 16, 80, 56, 61, 65, 80, 120, 16, 61, 80, 65]"
3511.4636,3511.48,3511.488,3511.4792,6.380141735076904,0.0244,"[3511.4636666666665, 3511.4647, 3511.4656333333332, 3511.4657666666667, 3511.4664666666667, 3511.4668, 3511.466966666667, 3511.4674666666665, 3511.467766666666, 3511.4685666666664, 3511.468733333333, 3511.4701, 3511.470766666667, 3511.4725, 3511.4736666666668, 3511.474333333333, 3511.4757, 3511.475733333333, 3511.4767333333334, 3511.4767666666667, 3511.4783666666667, 3511.479, 3511.4792333333335, 3511.4794333333334, 3511.479766666667, 3511.4800666666665, 3511.4806, 3511.4808333333335, 3511.483166666667, 3511.483333333333, 3511.4846333333335, 3511.4848, 3511.4853333333335, 3511.485366666667, 3511.486266666667, 3511.4868, 3511.4871333333335, 3511.4879333333333]","[65, 80, 87, 116, 63, 65, 56, 16, 61, 80, 120, 65, 80, 56, 80, 65, 80, 16, 64, 65, 80, 16, 65, 61, 120, 80, 138, 56, 80, 16, 116, 65, 61, 80, 65, 87, 80, 16]"
3513.808,3513.8244,3513.8348,3513.8252,5.8633270263671875,0.0268,"[3513.8081333333334, 3513.8085, 3513.8085333333333, 3513.8088, 3513.809366666667, 3513.8095, 3513.8105666666665, 3513.8114, 3513.812933333333, 3513.8138, 3513.8143333333333, 3513.8148666666666, 3513.8150333333333, 3513.8168333333333, 3513.817, 3513.8171666666667, 3513.8179666666665, 3513.819, 3513.8196333333335, 3513.8207, 3513.8233, 3513.8236666666667, 3513.823766666667, 3513.8238, 3513.824, 3513.826, 3513.8263, 3513.826633333333, 3513.8269666666665, 3513.827133333333, 3513.8277, 3513.8303, 3513.8303666666666, 3513.8305, 3513.832, 3513.832, 3513.8323666666665, 3513.8326333333334, 3513.833866666667, 3513.8343666666665, 3513.834766666667]","[61, 87, 80, 56, 16, 105, 80, 105, 98, 65, 80, 16, 148, 16, 66, 80, 138, 87, 65, 56, 80, 61, 154, 65, 56, 16, 159, 65, 80, 61, 56, 16, 65, 80, 61, 168, 16, 56, 80, 65, 64]"
3515.6396,3515.6468,3515.6636,3515.6604,3.462104320526123,0.024,"[3515.64, 3515.6403, 3515.6404333333335, 3515.640966666667, 3515.6413333333335, 3515.6424333333334, 3515.642533333333, 3515.6426333333334, 3515.6428, 3515.6429333333335, 3515.6430666666665, 3515.644766666667, 3515.6483, 3515.649066666667, 3515.6491333333333, 3515.6493333333333, 3515.6501333333335, 3515.6505666666667, 3515.650866666667, 3515.6512, 3515.6529666666665, 3515.6532, 3515.6533666666664, 3515.6539, 3515.6588333333334, 3515.6588666666667, 3515.6593666666668, 3515.660766666667, 3515.6608666666666, 3515.662733333333]","[16, 80, 120, 98, 119, 65, 16, 80, 118, 61, 56, 65, 16, 80, 65, 98, 87, 80, 16, 63, 61, 16, 65, 80, 16, 65, 80, 61, 56, 105]"
3517.3716,3517.3872,3517.3932,3517.3744,2.65612268447876,0.0216,"[3517.3719666666666, 3517.374333333333, 3517.3747333333336, 3517.375466666667, 3517.3766333333333, 3517.3783, 3517.3798, 3517.3822333333333, 3517.382633333333, 3517.382866666667, 3517.3834, 3517.390533333333]","[65, 16, 61, 80, 56, 65, 16, 80, 61, 119, 56, 80]"
3517.4428,3517.458,3517.4816,3517.458,12.74194049835205,0.0388,"[3517.4436666666666, 3517.4469, 3517.4482333333335, 3517.4493333333335, 3517.4502333333335, 3517.4521666666665, 3517.4533, 3517.453666666667, 3517.4538, 3517.4556333333335, 3517.4558333333334, 3517.4579, 3517.4583, 3517.458866666667, 3517.4592666666667, 3517.4603333333334, 3517.461, 3517.4612, 3517.4662, 3517.4665666666665, 3517.4668333333334, 3517.468766666667, 3517.473233333333, 3517.474133333333, 3517.474833333333, 3517.4757666666665, 3517.4765666666667, 3517.4783]","[16, 80, 56, 65, 80, 138, 61, 80, 65, 56, 65, 16, 80, 65, 61, 56, 16, 80, 80, 16, 65, 116, 80, 56, 16, 98, 65, 80]"
3517.5532,3517.5788,3517.5904,3517.586,6.113195896148682,0.0372,"[3517.5532, 3517.5551333333333, 3517.556566666666, 3517.557466666666, 3517.5576, 3517.5581666666667, 3517.5590333333334, 3517.5590666666667, 3517.5599333333334, 3517.5609, 3517.5629, 3517.563033333334, 3517.5630666666666, 3517.5639666666666, 3517.5641666666666, 3517.5652, 3517.5671666666667, 3517.5673333333334, 3517.5691333333334, 3517.569266666667, 3517.569933333333, 3517.570166666667, 3517.5705333333335, 3517.573, 3517.573033333333, 3517.5733666666665, 3517.5740333333333, 3517.5785666666666, 3517.5798, 3517.5803666666666, 3517.5830666666666, 3517.583866666667, 3517.5865, 3517.5865, 3517.5865, 3517.5887333333335]","[80, 65, 16, 65, 80, 61, 116, 16, 56, 154, 154, 80, 16, 138, 56, 65, 80, 16, 65, 138, 154, 56, 80, 154, 65, 16, 80, 65, 80, 16, 65, 80, 61, 16, 120, 56]"
3520.3,3520.3288,3520.3384,3520.3304,5.94110107421875,0.0384,"[3520.301066666667, 3520.3017333333332, 3520.3017333333332, 3520.3018333333334, 3520.3025, 3520.3035, 3520.304766666666, 3520.306433333333, 3520.3071, 3520.3072, 3520.3072666666667, 3520.3083, 3520.3091666666664, 3520.3094666666666, 3520.3099, 3520.3108666666667, 3520.3115666666667, 3520.311966666666, 3520.312033333333, 3520.3133666666668, 3520.3134333333333, 3520.3143, 3520.314766666667, 3520.3157666666666, 3520.3162333333335, 3520.3187666666668, 3520.319466666667, 3520.319466666667, 3520.3205, 3520.3226666666665, 3520.3233666666665, 3520.325566666667, 3520.3258333333333, 3520.3274333333334, 3520.3283, 3520.3309, 3520.331, 3520.3314333333333, 3520.3323666666665, 3520.3325, 3520.3325333333332, 3520.333766666666, 3520.3352666666665, 3520.338, 3520.338166666667]","[65, 61, 16, 80, 56, 80, 65, 60, 56, 80, 65, 164, 80, 65, 64, 56, 138, 60, 159, 80, 66, 16, 80, 61, 65, 80, 141, 65, 80, 56, 65, 80, 16, 65, 80, 120, 61, 80, 65, 56, 16, 135, 65, 80, 16]"
3520.4632,3520.4772,3520.5072,3520.478,8.74789047241211,0.044,"[3520.4638666666665, 3520.4643333333333, 3520.466, 3520.4676666666664, 3520.4681666666665, 3520.4689, 3520.4697, 3520.470333333333, 3520.4712666666665, 3520.4718666666668, 3520.4727, 3520.4735, 3520.4738333333335, 3520.4774, 3520.477533333333, 3520.4782, 3520.4825, 3520.4826333333335, 3520.4827, 3520.4830333333334, 3520.4836333333333, 3520.4837, 3520.4848333333334, 3520.4857666666667, 3520.4879, 3520.4890666666665, 3520.489466666667, 3520.4900333333335, 3520.4909666666667, 3520.4911, 3520.491666666667, 3520.4923, 3520.4924, 3520.495, 3520.495933333333, 3520.4967333333334, 3520.4978, 3520.4982, 3520.5002, 3520.5011666666664, 3520.5018333333333, 3520.503166666667, 3520.5035666666668, 3520.5038666666665, 3520.504066666667, 3520.504933333333, 3520.506033333333]","[16, 80, 61, 65, 16, 80, 56, 16, 116, 56, 80, 154, 65, 80, 16, 65, 16, 64, 65, 80, 56, 61, 87, 16, 56, 65, 16, 168, 80, 61, 65, 56, 16, 87, 80, 65, 56, 16, 80, 65, 140, 16, 61, 56, 80, 105, 65]"
3522.3776,3522.392,3522.3996,3522.392,6.949631214141846,0.022,"[3522.3781, 3522.3781, 3522.3782, 3522.38, 3522.381966666667, 3522.383766666667, 3522.385333333333, 3522.3877333333335, 3522.3883, 3522.3885333333333, 3522.3888333333334, 3522.388966666667, 3522.3903333333333, 3522.3921333333333, 3522.3932333333332, 3522.3938333333335, 3522.395366666666, 3522.3958666666667, 3522.3959333333332, 3522.3993333333333, 3522.3993333333333]","[135, 65, 87, 163, 16, 56, 80, 65, 80, 138, 16, 159, 87, 163, 61, 16, 65, 80, 56, 80, 135]"
3522.8892,3522.9084,3522.9196,3522.908,10.15843677520752,0.0304,"[3522.8893333333335, 3522.8903666666665, 3522.8904333333335, 3522.8912, 3522.8912666666665, 3522.8913666666667, 3522.8924, 3522.892533333333, 3522.8928666666666, 3522.8941666666665, 3522.8943, 3522.8957, 3522.8960666666667, 3522.8966333333333, 3522.8966666666665, 3522.899766666667, 3522.9002, 3522.9002, 3522.9014, 3522.9024, 3522.9034333333334, 3522.9036666666666, 3522.9037333333335, 3522.903766666667, 3522.9064, 3522.907366666667, 3522.9081, 3522.9099666666666, 3522.9104666666667, 3522.9109, 3522.910966666667, 3522.9133666666667, 3522.9134, 3522.915933333333, 3522.917966666667, 3522.9182333333333, 3522.919533333333]","[16, 56, 80, 63, 65, 136, 16, 80, 138, 56, 61, 80, 65, 16, 56, 80, 16, 56, 65, 16, 65, 120, 80, 56, 80, 65, 16, 56, 16, 65, 80, 16, 105, 16, 136, 56, 16]"
3525.9852,3526.0028,3526.0132,3526.0044,8.371315002441406,0.028,"[3525.9852666666666, 3525.9857, 3525.985833333333, 3525.9866666666667, 3525.9888666666666, 3525.9892666666665, 3525.9900666666667, 3525.9915, 3525.9918666666667, 3525.9938333333334, 3525.993933333333, 3525.9947, 3525.995033333333, 3525.9955, 3525.9975666666664, 3525.9992, 3525.999333333333, 3525.999766666667, 3526.0027666666665, 3526.0033333333336, 3526.003833333333, 3526.005633333333, 3526.0057333333334, 3526.0063, 3526.0071333333335, 3526.011, 3526.0112, 3526.0119, 3526.012333333333, 3526.0132]","[61, 16, 80, 65, 56, 80, 138, 80, 65, 80, 16, 138, 61, 65, 80, 16, 65, 80, 80, 61, 56, 64, 65, 80, 138, 61, 164, 16, 65, 80]"
3526.8876,3526.8952,3526.912,3526.8936,4.693205833435059,0.0244,"[3526.8876333333333, 3526.8899, 3526.8901, 3526.8904666666667, 3526.8930666666665, 3526.8938, 3526.8949333333335, 3526.8950666666665, 3526.8959666666665, 3526.897166666666, 3526.9005333333334, 3526.9016, 3526.9019333333335, 3526.9021666666667, 3526.902566666666, 3526.9030666666667, 3526.9040333333332, 3526.9083, 3526.9087666666665, 3526.9092666666666]","[118, 80, 65, 16, 65, 61, 80, 56, 16, 65, 16, 65, 56, 80, 61, 16, 65, 80, 16, 56]"
3527.2044,3527.2412,3527.2476,3527.2388,4.357818126678467,0.0432,"[3527.2047666666667, 3527.2054, 3527.2072, 3527.2072333333335, 3527.2075, 3527.2075666666665, 3527.2076, 3527.2088, 3527.211766666667, 3527.212466666667, 3527.2125, 3527.213, 3527.2135333333335, 3527.2145, 3527.2172333333333, 3527.2193666666667, 3527.2202333333335, 3527.2210666666665, 3527.2222666666667, 3527.223333333334, 3527.2236333333335, 3527.2254, 3527.229333333333, 3527.230466666667, 3527.2325333333333, 3527.2377, 3527.2381666666665, 3527.2390333333333, 3527.2410333333332, 3527.2443333333335, 3527.2445666666667, 3527.2447, 3527.246166666667, 3527.2467333333334]","[65, 164, 171, 61, 138, 56, 80, 65, 80, 63, 60, 16, 56, 65, 80, 65, 63, 60, 56, 80, 65, 149, 80, 168, 56, 16, 65, 80, 56, 168, 116, 60, 61, 65]"
3529.3488,3529.368,3529.3848,3529.3656,9.333389282226562,0.036,"[3529.3488666666667, 3529.3489666666665, 3529.349166666667, 3529.3494333333333, 3529.3494666666666, 3529.349833333333, 3529.352033333333, 3529.352533333333, 3529.3527, 3529.3531, 3529.353666666667, 3529.3542666666667, 3529.354733333333, 3529.356433333334, 3529.3595, 3529.360366666667, 3529.3625, 3529.362833333333, 3529.3638, 3529.3656666666666, 3529.3665, 3529.3674333333333, 3529.3685666666665, 3529.3686333333335, 3529.3692333333333, 3529.3707, 3529.3721666666665, 3529.3722666666667, 3529.3734, 3529.3738, 3529.3739, 3529.3758666666668, 3529.3766333333333, 3529.377, 3529.377333333334, 3529.378833333333, 3529.3799, 3529.3805666666667, 3529.3814333333335, 3529.3817, 3529.381833333334, 3529.3839]","[61, 16, 87, 56, 63, 65, 61, 141, 16, 119, 138, 65, 80, 16, 56, 65, 154, 80, 16, 16, 138, 56, 119, 80, 65, 16, 65, 61, 56, 80, 16, 65, 16, 138, 80, 149, 56, 61, 80, 65, 16, 16]"
3529.4916,3529.5036,3529.5132,3529.504,4.831174850463867,0.0216,"[3529.4917333333333, 3529.4927666666667, 3529.4943333333335, 3529.495, 3529.4969666666666, 3529.4980333333333, 3529.499566666667, 3529.5002, 3529.5012, 3529.502033333333, 3529.5021666666667, 3529.502333333334, 3529.503366666667, 3529.5037666666667, 3529.504033333333, 3529.505166666667, 3529.5055666666667, 3529.5061, 3529.5061333333333, 3529.5081666666665]","[61, 56, 98, 16, 16, 65, 61, 16, 56, 80, 65, 119, 16, 61, 87, 80, 16, 65, 56, 16]"
3531.2724,3531.2824,3531.3028,3531.28,12.065324783325195,0.0304,"[3531.2727333333332, 3531.2745, 3531.275, 3531.2750333333333, 3531.2760333333335, 3531.277433333333, 3531.2790666666665, 3531.280266666666, 3531.280566666667, 3531.281333333334, 3531.2813666666666, 3531.2856333333334, 3531.2859, 3531.2860666666666, 3531.2871, 3531.2872666666667, 3531.2895, 3531.290266666667, 3531.292066666667, 3531.293033333334, 3531.2936666666665, 3531.293866666667, 3531.296766666667, 3531.2991, 3531.299466666667, 3531.3014, 3531.3024]","[159, 80, 64, 65, 56, 80, 66, 80, 16, 65, 56, 16, 80, 61, 56, 65, 16, 159, 136, 116, 56, 80, 65, 61, 16, 80, 65]"
3532.3628,3532.3768,3532.3916,3532.372,3.9544663429260254,0.0288,"[3532.3638, 3532.3660666666665, 3532.3662, 3532.3672, 3532.3686666666667, 3532.3687666666665, 3532.370033333333, 3532.3702333333335, 3532.3716, 3532.3724666666667, 3532.372766666667, 3532.372766666667, 3532.3737333333333, 3532.3748, 3532.3751333333335, 3532.3754, 3532.3758333333335, 3532.3762333333334, 3532.379933333333, 3532.3801333333336, 3532.380166666667, 3532.3806666666665, 3532.3813333333333, 3532.3819, 3532.3820666666666, 3532.382433333333, 3532.382833333333, 3532.383533333333, 3532.3857, 3532.3861333333334, 3532.386266666667, 3532.387833333333, 3532.388733333333, 3532.389166666667, 3532.3892333333333, 3532.3897666666667, 3532.3906333333334]","[56, 16, 65, 61, 80, 56, 16, 65, 143, 61, 80, 87, 16, 65, 120, 56, 80, 16, 80, 138, 65, 56, 87, 63, 16, 105, 80, 61, 16, 56, 80, 143, 61, 65, 80, 61, 56]"
3534.0504,3534.0604,3534.0912,3534.086,4.120664119720459,0.0408,"[3534.0536, 3534.0541, 3534.0554666666667, 3534.0560333333333, 3534.0561333333335, 3534.057, 3534.058466666667, 3534.0599, 3534.0614, 3534.0617, 3534.0634666666665, 3534.0639, 3534.065633333333, 3534.0662333333335, 3534.0677666666666, 3534.0709333333334, 3534.0720666666666, 3534.0724, 3534.0728, 3534.0742333333333, 3534.0760333333333, 3534.0766, 3534.077366666667, 3534.077566666667, 3534.078666666667, 3534.079, 3534.0791, 3534.0812333333333, 3534.0816666666665, 3534.0824, 3534.0825333333332, 3534.0852333333332, 3534.0853, 3534.0861333333332, 3534.0866, 3534.086766666667, 3534.0868]","[80, 65, 87, 16, 116, 80, 56, 65, 80, 143, 65, 136, 16, 159, 80, 138, 80, 16, 65, 56, 80, 65, 116, 16, 61, 80, 136, 154, 16, 65, 80, 159, 80, 61, 65, 16, 56]"
3535.5428,3535.5652,3535.5752,3535.5676,4.273682117462158,0.0324,"[3535.5428666666667, 3535.5452, 3535.5462333333335, 3535.5468333333333, 3535.5468666666666, 3535.5478333333335, 3535.5487, 3535.552166666667, 3535.552966666666, 3535.5531666666666, 3535.5562, 3535.5568, 3535.5571666666665, 3535.5586333333335, 3535.5591, 3535.5617666666667, 3535.562033333333, 3535.5621, 3535.5637333333334, 3535.568433333334, 3535.569466666667, 3535.5696, 3535.572166666667, 3535.5750666666668]","[65, 80, 61, 56, 16, 135, 80, 80, 61, 116, 65, 119, 80, 16, 56, 80, 16, 98, 65, 16, 65, 80, 56, 61]"
3537.1428,3537.1552,3537.1644,3537.1548,5.587628364562988,0.0216,"[3537.1443, 3537.1444, 3537.144766666667, 3537.1449333333335, 3537.145666666667, 3537.1469666666667, 3537.1487, 3537.149266666667, 3537.1497, 3537.1502, 3537.1530666666667, 3537.1534, 3537.1534333333334, 3537.1552333333334, 3537.1556666666665, 3537.1559666666667, 3537.1564, 3537.1574333333333, 3537.1579333333334, 3537.1598, 3537.1600333333336, 3537.1604666666667, 3537.1604666666667, 3537.160533333333, 3537.1606333333334, 3537.1623, 3537.164133333333, 3537.1642]","[65, 148, 56, 16, 80, 61, 56, 16, 80, 65, 16, 80, 56, 65, 16, 61, 138, 80, 65, 98, 65, 61, 138, 16, 80, 119, 80, 65]"
3537.296,3537.3244,3537.334,3537.3252,6.271265506744385,0.038,"[3537.2974, 3537.2977333333333, 3537.2978, 3537.2991333333334, 3537.2998, 3537.300366666667, 3537.3019, 3537.3035666666665, 3537.3039, 3537.3043, 3537.3056, 3537.305733333333, 3537.308433333333, 3537.3097666666667, 3537.3100666666664, 3537.3107, 3537.3109666666664, 3537.3119, 3537.3139, 3537.3152, 3537.3152666666665, 3537.315733333334, 3537.3162666666667, 3537.318566666667, 3537.3189333333335, 3537.3196666666668, 3537.321033333333, 3537.3214666666668, 3537.3216, 3537.322033333334, 3537.322866666667, 3537.3241333333335, 3537.3245333333334, 3537.3249, 3537.325766666667, 3537.3259, 3537.3270333333335, 3537.3292, 3537.3293, 3537.3296333333333, 3537.3299333333334, 3537.3311, 3537.3325]","[80, 56, 168, 65, 80, 16, 164, 65, 80, 16, 61, 65, 80, 60, 61, 168, 65, 80, 16, 87, 56, 80, 65, 16, 80, 56, 65, 80, 16, 61, 80, 168, 65, 60, 138, 56, 61, 56, 65, 80, 87, 16, 80]"
3537.9232,3537.9292,3537.9488,3537.9308,3.592467784881592,0.0256,"[3537.9257, 3537.9265333333333, 3537.9266666666667, 3537.9272666666666, 3537.929833333333, 3537.9319, 3537.9321, 3537.9335666666666, 3537.9341, 3537.9366333333332, 3537.9386, 3537.9388, 3537.9404, 3537.9446, 3537.9446333333335, 3537.9449, 3537.944933333333, 3537.946133333334, 3537.946733333333, 3537.9475666666667, 3537.947933333334]","[61, 56, 16, 119, 65, 16, 61, 65, 80, 56, 65, 16, 80, 65, 143, 120, 56, 16, 80, 87, 65]"
3537.994,3538.0068,3538.0212,3538.0072,10.660700798034668,0.0272,"[3537.9940333333334, 3537.9942666666666, 3537.9944666666665, 3537.9971666666665, 3538.000433333333, 3538.0011666666664, 3538.0019666666667, 3538.0022, 3538.0026666666668, 3538.006833333334, 3538.0068666666666, 3538.007733333334, 3538.0081666666665, 3538.010333333333, 3538.012233333334, 3538.0129, 3538.0131666666666, 3538.0133666666666, 3538.0149333333334, 3538.0158, 3538.016666666667, 3538.0180333333333, 3538.0190666666667, 3538.0201333333334, 3538.0201666666667, 3538.0203333333334]","[16, 80, 56, 80, 65, 120, 80, 56, 16, 65, 80, 56, 16, 56, 65, 16, 80, 61, 65, 16, 148, 80, 65, 56, 16, 80]"
3538.6416,3538.6628,3538.6724,3538.6648,4.359186172485352,0.0308,"[3538.643, 3538.6432333333332, 3538.6447, 3538.6457666666665, 3538.6460333333334, 3538.6472, 3538.6474333333335, 3538.6478, 3538.649966666667, 3538.6501, 3538.6502666666665, 3538.6519, 3538.6519333333335, 3538.652, 3538.6534, 3538.653566666667, 3538.6557333333335, 3538.6564333333336, 3538.6567666666665, 3538.6576333333333, 3538.6577333333335, 3538.6579, 3538.6588, 3538.6594, 3538.6601333333333, 3538.6601666666666, 3538.6613666666667, 3538.6630333333333, 3538.6639333333333, 3538.6667, 3538.668, 3538.668166666667, 3538.668633333333, 3538.6686666666665, 3538.67]","[80, 65, 56, 16, 80, 65, 56, 80, 65, 168, 149, 98, 16, 80, 65, 87, 16, 61, 80, 120, 65, 56, 63, 16, 61, 56, 80, 16, 65, 56, 16, 63, 65, 80, 56]"
3539.1708,3539.18,3539.1936,3539.178,7.603426456451416,0.0228,"[3539.1709333333333, 3539.171533333333, 3539.1741, 3539.1741666666667, 3539.1748333333335, 3539.1774, 3539.178266666667, 3539.1783, 3539.1793666666667, 3539.1799, 3539.1822, 3539.1842, 3539.1855, 3539.1863333333336, 3539.1864333333333, 3539.1867666666667, 3539.187966666667, 3539.1907666666666, 3539.191, 3539.1921, 3539.1924, 3539.1925666666666]","[65, 149, 16, 80, 65, 16, 65, 80, 63, 56, 65, 80, 61, 56, 16, 64, 65, 61, 138, 80, 65, 56]"
3539.9732,3539.9864,3539.9956,3539.9884,6.71273136138916,0.0224,"[3539.9737666666665, 3539.974233333334, 3539.9762, 3539.9772, 3539.9773, 3539.9778, 3539.978833333333, 3539.9792, 3539.9816333333333, 3539.9817666666668, 3539.9841666666666, 3539.984233333333, 3539.985133333333, 3539.9854666666665, 3539.9866666666667, 3539.9873333333335, 3539.987833333333, 3539.988666666666, 3539.9894, 3539.9908666666665, 3539.9929333333334, 3539.9935333333333, 3539.9951666666666, 3539.9953333333333]","[56, 80, 16, 61, 65, 148, 80, 56, 80, 16, 16, 65, 80, 56, 64, 61, 148, 80, 16, 65, 16, 80, 65, 16]"
3540.8764,3540.886,3540.91,3540.8856,7.890993118286133,0.0336,"[3540.8785, 3540.8788, 3540.879133333334, 3540.8799, 3540.8802333333333, 3540.8836, 3540.884433333333, 3540.8853, 3540.8855, 3540.8865666666666, 3540.8875666666668, 3540.8886, 3540.8904, 3540.8942333333334, 3540.8955, 3540.8969666666667, 3540.8975333333333, 3540.8991333333333, 3540.9003333333335, 3540.902, 3540.9027, 3540.9031666666665, 3540.9038, 3540.9079333333334, 3540.9084333333335, 3540.9095666666667, 3540.9097]","[65, 56, 80, 16, 168, 120, 65, 80, 16, 61, 56, 119, 16, 56, 65, 16, 80, 118, 65, 61, 16, 80, 65, 65, 16, 61, 80]"
3540.9568,3540.9704,3540.9788,3540.9724,4.946678638458252,0.022,"[3540.9573333333333, 3540.9592666666667, 3540.9594333333334, 3540.9605333333334, 3540.960633333333, 3540.9634333333333, 3540.9641, 3540.9645666666665, 3540.9646666666667, 3540.9654666666665, 3540.9676, 3540.9680333333336, 3540.9680333333336, 3540.9697, 3540.9704666666667, 3540.9706, 3540.9711666666667, 3540.972133333333, 3540.9727666666668, 3540.9730666666665, 3540.9744333333333, 3540.9746666666665, 3540.976133333333, 3540.977733333333]","[56, 65, 98, 80, 16, 80, 87, 65, 16, 143, 16, 61, 56, 80, 16, 98, 65, 61, 16, 56, 143, 65, 119, 80]"
3541.1728,3541.1808,3541.1968,3541.1816,5.549154758453369,0.024,"[3541.1734, 3541.1748, 3541.175166666667, 3541.176, 3541.176, 3541.1808666666666, 3541.1822, 3541.1822333333334, 3541.1826333333333, 3541.1828, 3541.183233333333, 3541.1846, 3541.1862666666666, 3541.1867333333334, 3541.1869333333334, 3541.1871666666666, 3541.1876666666667, 3541.1900333333333, 3541.1914666666667, 3541.1917333333336, 3541.1921666666667, 3541.1928, 3541.194466666667, 3541.1962]","[80, 65, 16, 80, 61, 119, 16, 80, 61, 65, 56, 120, 56, 61, 65, 16, 80, 56, 80, 61, 120, 16, 80, 56]"
3543.8332,3543.8492,3543.8612,3543.846,5.939987659454346,0.028,"[3543.8343333333332, 3543.8366666666666, 3543.8380666666667, 3543.8388, 3543.8402666666666, 3543.8414666666667, 3543.8419, 3543.8451666666665, 3543.8452, 3543.8475, 3543.8476333333333, 3543.8485333333333, 3543.8486333333335, 3543.8521, 3543.8551333333335, 3543.8558666666668, 3543.8587333333335, 3543.8593333333333, 3543.8605]","[56, 80, 65, 56, 16, 98, 87, 80, 98, 16, 98, 138, 65, 56, 16, 80, 138, 65, 56]"
3550.0768,3550.0876,3550.1024,3550.0872,3.810148715972901,0.0256,"[3550.0787666666665, 3550.079, 3550.0796333333333, 3550.0803333333333, 3550.0823333333333, 3550.0824333333335, 3550.0830333333333, 3550.0832666666665, 3550.0860666666667, 3550.0882, 3550.0895333333333, 3550.09, 3550.0911666666666, 3550.0919, 3550.0923666666667, 3550.0925333333334, 3550.0926666666664, 3550.093966666667, 3550.095633333334, 3550.096533333334, 3550.0968, 3550.0981, 3550.0989666666665, 3550.101633333333, 3550.1016666666665]","[156, 80, 65, 16, 63, 138, 56, 116, 120, 80, 156, 16, 87, 156, 56, 16, 80, 156, 61, 80, 16, 56, 156, 16, 156]"
3550.388,3550.4032,3550.4332,3550.4016,8.294300079345703,0.0452,"[3550.388233333333, 3550.3888666666667, 3550.3919333333333, 3550.3924666666667, 3550.392566666667, 3550.394333333333, 3550.3947333333335, 3550.3952, 3550.3953, 3550.3959333333332, 3550.397, 3550.3975333333333, 3550.3976666666667, 3550.3976666666667, 3550.3978333333334, 3550.3978333333334, 3550.3985, 3550.3985333333335, 3550.3992333333335, 3550.4011333333333, 3550.402433333333, 3550.402566666666, 3550.4041666666667, 3550.4043, 3550.404666666667, 3550.4054, 3550.406, 3550.4061333333334, 3550.4069666666664, 3550.4078, 3550.4091333333336, 3550.4099, 3550.4124666666667, 3550.4130333333333, 3550.414433333334, 3550.414533333333, 3550.4171, 3550.417266666667, 3550.4191333333333, 3550.419733333333, 3550.4203, 3550.4214333333334, 3550.4214333333334, 3550.4219, 3550.4222666666665, 3550.4273333333335, 3550.4287, 3550.4304, 3550.4307]","[80, 65, 65, 56, 80, 65, 16, 120, 171, 80, 56, 154, 61, 65, 154, 171, 80, 16, 65, 80, 61, 65, 80, 66, 56, 16, 141, 65, 80, 61, 65, 16, 120, 65, 80, 16, 87, 56, 80, 171, 66, 65, 56, 80, 116, 56, 65, 80, 16]"
3551.8528,3551.8588,3551.8864,3551.8596,3.9504635334014897,0.0336,"[3551.8539, 3551.854, 3551.8548, 3551.8550333333333, 3551.855233333333, 3551.8605666666667, 3551.8609666666666, 3551.8613333333333, 3551.862, 3551.8638333333333, 3551.8639333333335, 3551.8648, 3551.8650333333335, 3551.866266666667, 3551.8670333333334, 3551.8679333333334, 3551.8681, 3551.868933333333, 3551.8695, 3551.8711333333335, 3551.8722333333335, 3551.8733333333334, 3551.8733666666667, 3551.874466666666, 3551.8746, 3551.874766666667, 3551.8756333333336, 3551.8778, 3551.8780666666667, 3551.878133333333, 3551.8784, 3551.879, 3551.8798666666667, 3551.8831666666665, 3551.884533333334, 3551.884666666667, 3551.8861333333334]","[148, 65, 138, 16, 80, 61, 80, 56, 16, 80, 56, 65, 87, 16, 80, 65, 56, 80, 16, 65, 80, 56, 65, 16, 119, 80, 65, 80, 56, 16, 65, 61, 80, 56, 80, 16, 65]"
3554.4632,3554.4824,3554.4956,3554.4836,5.684730529785156,0.0324,"[3554.4636, 3554.4653, 3554.465366666667, 3554.4654333333333, 3554.4666666666667, 3554.4681666666665, 3554.4686, 3554.4686, 3554.4700666666668, 3554.471, 3554.4715666666666, 3554.4738666666667, 3554.4742, 3554.4746, 3554.4749, 3554.4752, 3554.4756666666667, 3554.478, 3554.4792666666667, 3554.4799333333335, 3554.4807666666666, 3554.4809666666665, 3554.483366666667, 3554.4837, 3554.4861, 3554.486266666667, 3554.4872, 3554.4875, 3554.4881666666665, 3554.4896, 3554.4904, 3554.4911, 3554.4928, 3554.4929, 3554.4938333333334, 3554.4953666666665]","[16, 80, 56, 65, 87, 16, 80, 61, 56, 80, 65, 80, 87, 65, 16, 80, 61, 119, 56, 16, 80, 65, 80, 16, 65, 56, 80, 16, 65, 98, 16, 61, 65, 56, 136, 16]"
3554.9648,3554.9816,3554.9992,3554.9952,5.709115505218506,0.0344,"[3554.9648666666667, 3554.9657, 3554.9664666666667, 3554.967, 3554.968066666667, 3554.968766666667, 3554.9691333333335, 3554.9692, 3554.970566666667, 3554.970766666667, 3554.973, 3554.9740666666667, 3554.9744, 3554.9755333333333, 3554.9761, 3554.9764666666665, 3554.9767, 3554.976833333333, 3554.9769666666666, 3554.9774666666667, 3554.9780666666666, 3554.9783333333335, 3554.9790666666668, 3554.979733333333, 3554.9800666666665, 3554.9819, 3554.9836, 3554.9837, 3554.9852666666666, 3554.986066666667, 3554.9861, 3554.986266666667, 3554.9865666666665, 3554.9871333333335, 3554.9891333333335, 3554.9908, 3554.993933333333, 3554.995266666667, 3554.9960333333333, 3554.9960666666666, 3554.9981333333335, 3554.9989666666665]","[65, 56, 16, 80, 87, 65, 61, 16, 119, 80, 168, 65, 16, 80, 56, 120, 66, 80, 16, 87, 168, 65, 61, 149, 56, 16, 80, 118, 65, 80, 168, 16, 61, 56, 80, 16, 65, 80, 61, 16, 80, 56]"
3556.2536,3556.2648,3556.2752,3556.2684,4.00021505355835,0.0216,"[3556.254733333333, 3556.2553333333335, 3556.2557333333334, 3556.2557666666667, 3556.2571, 3556.2573333333335, 3556.2573666666667, 3556.2618, 3556.262333333333, 3556.2625333333335, 3556.263266666667, 3556.2655666666665, 3556.2682, 3556.2697333333335, 3556.270466666667, 3556.270466666667, 3556.2710333333334, 3556.2710666666667, 3556.271266666666, 3556.2730333333334, 3556.2732, 3556.2746333333334]","[80, 61, 65, 16, 56, 80, 116, 65, 16, 80, 61, 56, 80, 156, 16, 65, 98, 120, 80, 61, 65, 80]"
3556.5424,3556.5636,3556.5744,3556.5476,4.004558563232422,0.032,"[3556.5425, 3556.5436, 3556.5446, 3556.5461, 3556.5471666666667, 3556.5476, 3556.547866666667, 3556.5489, 3556.5515666666665, 3556.552133333333, 3556.5548, 3556.5553, 3556.5576333333333, 3556.560933333333, 3556.562266666667, 3556.5633, 3556.5643, 3556.5671666666667, 3556.5677, 3556.5693, 3556.5704666666666]","[61, 80, 65, 168, 56, 16, 80, 154, 65, 56, 159, 80, 56, 65, 16, 80, 65, 16, 66, 65, 80]"
3557.1928,3557.2024,3557.2176,3557.2032,7.4552483558654785,0.0248,"[3557.1936666666666, 3557.194033333333, 3557.1941666666667, 3557.1947333333333, 3557.1948333333335, 3557.1953, 3557.195333333333, 3557.1984, 3557.1990333333333, 3557.199433333333, 3557.2003, 3557.2017333333333, 3557.2022, 3557.202333333333, 3557.204, 3557.2044333333333, 3557.2044666666666, 3557.2047, 3557.2054333333335, 3557.2071333333333, 3557.2073666666665, 3557.208866666667, 3557.209766666667, 3557.210433333333, 3557.2105333333334, 3557.2110333333335, 3557.2135333333335, 3557.2143666666666, 3557.2150333333334, 3557.2158, 3557.215833333333]","[56, 80, 16, 164, 65, 63, 87, 56, 80, 16, 65, 98, 16, 80, 87, 56, 61, 16, 80, 168, 149, 16, 138, 56, 65, 80, 164, 56, 154, 80, 65]"
3557.9644,3557.9736,3557.9856,3557.9756,5.834190845489502,0.0212,"[3557.9666666666667, 3557.9672333333333, 3557.9686, 3557.9717333333333, 3557.9732, 3557.9764666666665, 3557.9772, 3557.9796666666666, 3557.9813, 3557.9830666666667, 3557.9848333333334, 3557.9854333333333]","[65, 16, 80, 80, 65, 16, 116, 80, 65, 16, 56, 80]"
3562.284,3562.3236,3562.3372,3562.326,5.453930854797363,0.0532,"[3562.2845666666667, 3562.2856333333334, 3562.2872666666667, 3562.2878333333333, 3562.2884, 3562.288466666667, 3562.290233333333, 3562.2903, 3562.2906666666668, 3562.2912, 3562.2913, 3562.293033333334, 3562.2935, 3562.2939, 3562.295166666667, 3562.2966333333334, 3562.2967, 3562.296766666667, 3562.2975, 3562.2976, 3562.2987, 3562.2987333333335, 3562.299233333333, 3562.3002333333334, 3562.300566666667, 3562.3008, 3562.3024333333333, 3562.3027, 3562.3027, 3562.3029333333334, 3562.3041, 3562.3042333333333, 3562.3056, 3562.3058, 3562.3059333333335, 3562.3077, 3562.3085666666666, 3562.3093, 3562.309566666667, 3562.3096, 3562.3109666666664, 3562.313833333333, 3562.3151666666668, 3562.3152333333333, 3562.3161, 3562.318, 3562.3197666666665, 3562.3200666666667, 3562.321033333333, 3562.321266666667, 3562.3215333333333, 3562.3216666666667, 3562.3242, 3562.324833333333, 3562.3265333333334, 3562.3285, 3562.3309, 3562.3318, 3562.3342, 3562.336, 3562.3362333333334, 3562.3367]","[65, 80, 16, 56, 87, 65, 16, 159, 61, 64, 80, 56, 65, 16, 118, 65, 80, 16, 87, 56, 65, 64, 80, 65, 61, 56, 149, 80, 65, 63, 16, 56, 135, 80, 65, 16, 138, 56, 80, 65, 98, 16, 61, 80, 148, 164, 65, 80, 56, 63, 16, 159, 80, 65, 56, 80, 56, 65, 56, 80, 65, 116]"
3564.144,3564.1564,3564.1684,3564.156,6.817996978759766,0.0244,"[3564.1444333333334, 3564.1449666666667, 3564.145466666667, 3564.145466666667, 3564.1471, 3564.150166666667, 3564.1502333333333, 3564.1510333333335, 3564.1515666666664, 3564.1517, 3564.1524, 3564.1560666666664, 3564.1561, 3564.1563666666666, 3564.1573333333336, 3564.1574333333333, 3564.1582333333336, 3564.1595666666667, 3564.1613666666667, 3564.1624666666667, 3564.1634, 3564.164333333333, 3564.1646333333333, 3564.1651, 3564.1654, 3564.1668]","[65, 61, 56, 138, 80, 80, 65, 61, 56, 16, 65, 80, 164, 65, 61, 16, 56, 80, 140, 65, 80, 56, 16, 138, 61, 65]"
3566.4744,3566.4928,3566.502,3566.4932,5.077641487121582,0.0276,"[3566.4756666666667, 3566.4788, 3566.4804, 3566.4832333333334, 3566.4835, 3566.4863, 3566.488766666667, 3566.4902333333334, 3566.4915, 3566.4935, 3566.4938, 3566.4946666666665, 3566.4946666666665, 3566.4958, 3566.4961333333335, 3566.4976, 3566.5010666666667, 3566.5019]","[56, 16, 80, 56, 80, 65, 80, 65, 16, 80, 61, 16, 56, 65, 154, 16, 65, 61]"
3569.3068,3569.3132,3569.336,3569.3132,4.481505393981934,0.0292,"[3569.3073666666664, 3569.3073666666664, 3569.3083333333334, 3569.309566666667, 3569.309566666667, 3569.3096, 3569.3099333333334, 3569.3105333333333, 3569.3106333333335, 3569.311, 3569.3111, 3569.3123, 3569.3139666666666, 3569.314, 3569.3143666666665, 3569.315666666667, 3569.318533333333, 3569.3189, 3569.3195, 3569.321033333333, 3569.321033333333, 3569.321266666667, 3569.3215, 3569.3231333333333, 3569.3236666666667, 3569.3237, 3569.3241666666668, 3569.3252666666667, 3569.326, 3569.3275, 3569.3277, 3569.3278, 3569.3288666666667, 3569.328933333333, 3569.3296, 3569.3296333333333, 3569.3297333333335, 3569.331, 3569.331166666667, 3569.3323666666665, 3569.332966666667, 3569.3330666666666, 3569.3333, 3569.3338, 3569.3342]","[80, 138, 16, 56, 65, 80, 61, 87, 16, 105, 80, 65, 61, 56, 16, 80, 16, 80, 171, 61, 87, 16, 80, 105, 16, 65, 61, 80, 16, 80, 64, 65, 16, 118, 87, 171, 61, 16, 80, 105, 87, 65, 16, 61, 56]"
3569.9384,3569.9552,3569.9748,3569.9556,11.463719367980955,0.0364,"[3569.9385333333335, 3569.9394333333335, 3569.939733333333, 3569.9405333333334, 3569.9434666666666, 3569.9446666666668, 3569.9447333333333, 3569.945366666667, 3569.946133333334, 3569.9473333333335, 3569.9479, 3569.9494666666665, 3569.949866666667, 3569.9511, 3569.9511666666667, 3569.9512, 3569.9514, 3569.9526666666666, 3569.954333333333, 3569.956, 3569.9562333333333, 3569.9564666666665, 3569.9578, 3569.9580666666666, 3569.961766666667, 3569.964, 3569.9652333333333, 3569.9654666666665, 3569.9664666666667, 3569.9684666666667, 3569.9694666666664, 3569.969733333334, 3569.9706666666666, 3569.972566666667, 3569.9737333333333, 3569.9740333333334]","[80, 16, 65, 56, 61, 80, 138, 16, 65, 80, 16, 65, 61, 56, 16, 64, 136, 119, 136, 65, 80, 16, 63, 56, 61, 80, 65, 16, 116, 56, 80, 16, 65, 138, 56, 80]"
3571.1996,3571.2128,3571.2216,3571.2116,4.314143657684326,0.022,"[3571.199633333333, 3571.1998, 3571.2003666666665, 3571.2004666666667, 3571.200766666667, 3571.203, 3571.2033666666666, 3571.2053666666666, 3571.2060333333334, 3571.206133333333, 3571.2065, 3571.206866666667, 3571.2082, 3571.209666666666, 3571.2111666666665, 3571.2147, 3571.2147333333332, 3571.215966666666, 3571.2186, 3571.2212666666665]","[61, 61, 65, 80, 119, 65, 116, 61, 80, 56, 65, 16, 119, 65, 16, 80, 116, 16, 65, 16]"
3571.3196,3571.3288,3571.3452,3571.33,5.919163703918457,0.0256,"[3571.3198666666667, 3571.3200666666667, 3571.3225333333335, 3571.3234333333335, 3571.323533333333, 3571.3240666666666, 3571.3251, 3571.3253666666665, 3571.3263666666667, 3571.3265, 3571.3294333333333, 3571.3306, 3571.3313, 3571.3334, 3571.3346, 3571.3368, 3571.3377333333333, 3571.338166666667, 3571.3384333333333, 3571.3405333333335, 3571.3413333333333, 3571.3438, 3571.3438, 3571.344866666667]","[80, 65, 16, 61, 66, 80, 16, 56, 87, 65, 16, 61, 56, 80, 65, 16, 80, 65, 61, 16, 80, 80, 65, 16]"
3572.3304,3572.3584,3572.3724,3572.3628,6.636446475982666,0.042,"[3572.3314333333333, 3572.3315333333335, 3572.3321333333333, 3572.3344, 3572.335433333333, 3572.3367, 3572.338266666666, 3572.3395, 3572.340966666666, 3572.3414333333335, 3572.3416, 3572.342166666667, 3572.3439333333336, 3572.3457, 3572.3472, 3572.3477, 3572.3498666666665, 3572.351033333334, 3572.3519666666666, 3572.3519666666666, 3572.3522, 3572.354766666667, 3572.3559, 3572.3564666666666, 3572.3580333333334, 3572.3591333333334, 3572.361733333333, 3572.3622, 3572.3632666666667, 3572.3643333333334, 3572.3659, 3572.3683333333333, 3572.3696666666665, 3572.3712333333333, 3572.3721666666665]","[87, 16, 64, 65, 56, 80, 16, 65, 56, 16, 80, 65, 80, 16, 80, 65, 80, 61, 148, 80, 65, 138, 80, 65, 65, 80, 80, 56, 16, 65, 56, 16, 65, 56, 16]"
3573.9908,3574.0144,3574.0208,3574.0152,4.859534740447998,0.03,"[3573.9947333333334, 3573.995266666667, 3573.996166666667, 3573.9965, 3573.9986, 3573.9997, 3574.002266666667, 3574.0035, 3574.0036, 3574.006066666667, 3574.0075, 3574.0101, 3574.010433333334, 3574.012833333333, 3574.0129333333334, 3574.0144, 3574.0159, 3574.015966666667, 3574.0160666666666, 3574.0185, 3574.0203]","[80, 16, 56, 105, 65, 16, 154, 80, 65, 56, 80, 16, 65, 80, 56, 65, 80, 143, 16, 16, 143]"
3574.5732,3574.5892,3574.6056,3574.5888,8.38515853881836,0.0324,"[3574.5759, 3574.5763333333334, 3574.5773, 3574.5774, 3574.577533333333, 3574.5786333333335, 3574.58, 3574.5807333333332, 3574.5816666666665, 3574.5824333333335, 3574.5826666666667, 3574.5848666666666, 3574.5860333333335, 3574.5882333333334, 3574.5888666666665, 3574.5897666666665, 3574.5904, 3574.5923, 3574.5933333333332, 3574.594433333333, 3574.6003, 3574.601033333334, 3574.6010666666666, 3574.6026, 3574.6049333333335, 3574.6051333333335]","[87, 56, 61, 80, 65, 16, 65, 80, 56, 61, 56, 16, 80, 16, 65, 61, 16, 80, 87, 65, 56, 120, 16, 65, 80, 16]"
3574.6512,3574.6604,3574.6876,3574.6596,4.567023277282715,0.0364,"[3574.6532666666667, 3574.6538, 3574.6554, 3574.6585333333333, 3574.6597666666667, 3574.6610333333333, 3574.6611666666668, 3574.661633333333, 3574.6617, 3574.667933333333, 3574.6686666666665, 3574.669833333334, 3574.6711333333333, 3574.673566666667, 3574.6739666666667, 3574.6745, 3574.6745666666666, 3574.6747666666665, 3574.6754, 3574.6770333333334, 3574.6819333333333, 3574.6819333333333, 3574.684333333333, 3574.6845]","[80, 140, 56, 80, 140, 16, 80, 65, 56, 61, 80, 56, 65, 171, 80, 16, 56, 61, 65, 80, 80, 65, 16, 56]"
3575.9368,3575.9512,3575.974,3575.9516,11.051257133483888,0.0372,"[3575.939533333333, 3575.94, 3575.9403666666667, 3575.941766666667, 3575.9426, 3575.944933333333, 3575.945333333333, 3575.9475, 3575.9477666666667, 3575.9481333333333, 3575.9482333333335, 3575.9495666666667, 3575.9500333333335, 3575.9502666666667, 3575.951466666667, 3575.954333333333, 3575.9578, 3575.9585, 3575.9601, 3575.960866666667, 3575.962233333333, 3575.962366666666, 3575.9637, 3575.9648, 3575.965, 3575.9691, 3575.9693333333335, 3575.9696, 3575.9700666666668, 3575.972566666667, 3575.973233333333, 3575.973266666667]","[80, 56, 65, 16, 80, 56, 168, 80, 65, 16, 98, 80, 65, 16, 61, 118, 80, 16, 65, 87, 16, 61, 56, 118, 80, 16, 80, 138, 56, 87, 80, 16]"
3576.0388,3576.0624,3576.0692,3576.0612,5.320506572723389,0.0304,"[3576.0407666666665, 3576.0428666666667, 3576.0432666666666, 3576.0436, 3576.0437333333334, 3576.0444333333335, 3576.045, 3576.0461666666665, 3576.046766666667, 3576.0473666666667, 3576.047666666667, 3576.0503, 3576.0504666666666, 3576.0511333333334, 3576.0528, 3576.0540666666666, 3576.0542, 3576.0557, 3576.055766666667, 3576.056433333333, 3576.056633333333, 3576.0576666666666, 3576.0599, 3576.060266666667, 3576.0618, 3576.0624333333335, 3576.0634666666665, 3576.0657, 3576.0662666666667, 3576.0672666666665, 3576.068133333333, 3576.068433333334, 3576.069033333333, 3576.069033333333]","[148, 80, 65, 16, 64, 80, 65, 87, 61, 56, 16, 116, 65, 80, 148, 80, 16, 64, 65, 56, 16, 87, 65, 16, 61, 80, 65, 105, 80, 65, 16, 80, 61, 87]"
3578.1996,3578.208,3578.2224,3578.2108,3.8784215450286865,0.0228,"[3578.199833333333, 3578.1999666666666, 3578.2019333333333, 3578.202766666667, 3578.2036, 3578.204833333333, 3578.2053333333333, 3578.2064666666665, 3578.2069333333334, 3578.2082666666665, 3578.2093666666665, 3578.2102666666665, 3578.2105, 3578.211366666667, 3578.211366666667, 3578.213, 3578.213166666667, 3578.2136666666665, 3578.214266666667, 3578.2147666666665, 3578.2149666666664, 3578.2156333333332, 3578.2177333333334, 3578.2199666666666]","[56, 80, 65, 80, 16, 80, 61, 16, 65, 80, 56, 149, 65, 148, 16, 80, 143, 65, 16, 168, 149, 80, 16, 143]"
3578.3136,3578.32,3578.3396,3578.3208,3.842830657958984,0.026,"[3578.3160333333335, 3578.3162, 3578.316566666667, 3578.3185, 3578.3191, 3578.3198333333335, 3578.320233333334, 3578.3215, 3578.3218, 3578.322, 3578.3225, 3578.3240333333333, 3578.3245333333334, 3578.325733333333, 3578.325733333333, 3578.3276, 3578.3287666666665, 3578.3288, 3578.3316333333332, 3578.3327, 3578.3330666666666, 3578.3331, 3578.337, 3578.3370666666665, 3578.3378, 3578.338, 3578.338166666667, 3578.338366666667]","[80, 154, 65, 16, 116, 56, 80, 154, 65, 61, 16, 171, 80, 16, 164, 56, 80, 66, 16, 61, 80, 149, 116, 80, 56, 154, 16, 65]"
3580.0796,3580.0912,3580.1004,3580.0924,6.898138999938965,0.0208,"[3580.0798666666665, 3580.080033333333, 3580.0805333333333, 3580.0808333333334, 3580.0848, 3580.0853, 3580.085433333333, 3580.0862, 3580.0876, 3580.0877666666665, 3580.088133333333, 3580.089233333333, 3580.0902333333333, 3580.090366666667, 3580.0929333333333, 3580.0935666666664, 3580.0954333333334, 3580.0965666666666, 3580.0981666666667, 3580.0999666666667, 3580.1]","[65, 56, 80, 16, 80, 148, 16, 65, 61, 119, 80, 65, 16, 119, 80, 56, 16, 80, 16, 80, 65]"
3580.2336,3580.2448,3580.2756,3580.2428,6.584399223327637,0.042,"[3580.2348666666667, 3580.2352, 3580.2378, 3580.2388333333333, 3580.2433, 3580.243466666667, 3580.243966666667, 3580.2449, 3580.2471666666665, 3580.2487, 3580.2494333333334, 3580.249466666666, 3580.2505666666666, 3580.2506333333336, 3580.251566666667, 3580.2517333333335, 3580.2527666666665, 3580.2535, 3580.2548, 3580.2555, 3580.2570666666666, 3580.2571666666668, 3580.2589, 3580.2589333333335, 3580.2591666666667, 3580.2600333333335, 3580.2625, 3580.2632, 3580.2651, 3580.2667666666666, 3580.268866666667, 3580.2697, 3580.2709, 3580.2709]","[65, 80, 16, 56, 16, 80, 154, 56, 16, 61, 154, 148, 16, 80, 56, 87, 65, 64, 16, 148, 80, 61, 116, 87, 16, 56, 65, 148, 61, 80, 16, 87, 80, 65]"
3589.1848,3589.1956,3589.2132,3589.1968,3.910954475402832,0.0284,"[3589.1884, 3589.1895, 3589.190733333334, 3589.191533333333, 3589.191633333334, 3589.193433333334, 3589.196933333333, 3589.1983666666665, 3589.1989, 3589.200633333334, 3589.2022666666667, 3589.206366666667, 3589.2066666666665, 3589.2069, 3589.2072333333335, 3589.2096, 3589.2098, 3589.2109, 3589.2112, 3589.2119, 3589.2128666666667]","[65, 80, 56, 16, 65, 136, 138, 80, 65, 16, 135, 120, 16, 159, 61, 65, 136, 56, 16, 80, 61]"
3589.8816,3589.8924,3589.9048,3589.8924,6.626216888427734,0.0232,"[3589.882433333333, 3589.8826, 3589.883333333333, 3589.8833666666665, 3589.884666666667, 3589.8861666666667, 3589.888066666667, 3589.8882, 3589.889366666667, 3589.8894333333333, 3589.8895666666667, 3589.8923666666665, 3589.892733333333, 3589.8930666666665, 3589.893666666667, 3589.8941, 3589.895466666667, 3589.8960666666667, 3589.8964333333333, 3589.8967333333335, 3589.8986333333332, 3589.899966666667, 3589.900766666666, 3589.9012333333335, 3589.901666666666, 3589.902866666667]","[116, 149, 80, 65, 105, 80, 65, 16, 80, 159, 138, 163, 61, 16, 80, 65, 87, 65, 64, 16, 149, 16, 80, 65, 61, 56]"
3590.61,3590.6184,3590.6432,3590.642,3.6828324794769287,0.0332,"[3590.6107, 3590.6111, 3590.6126, 3590.6141333333335, 3590.6151333333332, 3590.615366666667, 3590.617266666666, 3590.6194333333333, 3590.619966666666, 3590.6212, 3590.6214666666665, 3590.622066666667, 3590.6221666666665, 3590.6221666666665, 3590.6232666666665, 3590.6248333333333, 3590.6254, 3590.6260333333335, 3590.6267333333335, 3590.6292333333336, 3590.6293, 3590.6293666666666, 3590.6295666666665, 3590.6318, 3590.6330333333335, 3590.6349333333333, 3590.638733333333, 3590.641866666667, 3590.642, 3590.6428333333333]","[65, 80, 16, 87, 56, 65, 80, 16, 65, 80, 154, 16, 87, 138, 61, 80, 154, 65, 16, 61, 154, 80, 16, 65, 80, 16, 80, 16, 80, 65]"
3591.2688,3591.2784,3591.302,3591.2812,4.955030918121338,0.0332,"[3591.2701666666667, 3591.2702, 3591.2742, 3591.274866666666, 3591.275666666667, 3591.276533333333, 3591.2770666666665, 3591.278, 3591.278533333333, 3591.2789333333335, 3591.279233333333, 3591.2793333333334, 3591.2816666666668, 3591.2824666666666, 3591.2859333333336, 3591.2862333333333, 3591.2868, 3591.2870666666668, 3591.2901666666667, 3591.2908333333335, 3591.291833333333, 3591.293933333334, 3591.294733333333, 3591.2951333333335, 3591.2971, 3591.2975666666666, 3591.2989, 3591.299, 3591.2991, 3591.2991666666667, 3591.300333333333, 3591.301166666666, 3591.3017]","[65, 80, 16, 80, 61, 16, 65, 80, 56, 16, 65, 87, 61, 16, 80, 56, 16, 65, 16, 65, 56, 80, 16, 61, 16, 80, 87, 65, 98, 16, 80, 61, 56]"
3591.5884,3591.5992,3591.6144,3591.5984,10.750686645507812,0.026,"[3591.5886666666665, 3591.5896333333335, 3591.5917, 3591.5924, 3591.5926666666664, 3591.593533333333, 3591.5950333333335, 3591.595766666667, 3591.5971666666665, 3591.5974, 3591.5981, 3591.5983, 3591.5987, 3591.5994, 3591.6008, 3591.6026333333334, 3591.6033333333335, 3591.604533333333, 3591.6047, 3591.6049, 3591.6061, 3591.6073666666666, 3591.6091333333334, 3591.6113666666665, 3591.611766666667, 3591.6119, 3591.6120666666666, 3591.6128, 3591.6139333333335, 3591.6143]","[87, 80, 16, 63, 65, 80, 56, 65, 105, 87, 80, 61, 120, 16, 171, 80, 65, 16, 63, 87, 80, 16, 56, 65, 16, 87, 80, 61, 16, 56]"
3598.1996,3598.2284,3598.2368,3598.228,5.1720356941223145,0.0372,"[3598.2008666666666, 3598.2019, 3598.202366666667, 3598.2041, 3598.2048, 3598.2067, 3598.2069333333334, 3598.2074, 3598.2086, 3598.2098666666666, 3598.2104, 3598.2134333333333, 3598.2136666666665, 3598.215966666666, 3598.2163666666665, 3598.2164333333335, 3598.2167, 3598.2170666666666, 3598.218066666667, 3598.221233333333, 3598.2219, 3598.223933333333, 3598.224366666667, 3598.2249333333334, 3598.2263333333335, 3598.2273666666665, 3598.2285, 3598.2289333333333, 3598.2293, 3598.2316666666666, 3598.2319, 3598.232266666667, 3598.2334, 3598.2336333333333, 3598.2342, 3598.2361333333333, 3598.2364333333335]","[65, 80, 56, 16, 65, 56, 80, 65, 16, 65, 80, 56, 80, 16, 65, 168, 61, 80, 154, 65, 61, 80, 135, 65, 16, 80, 65, 148, 61, 16, 116, 80, 65, 135, 61, 16, 138]"
3598.4888,3598.502,3598.5148,3598.4996,10.265718460083008,0.026,"[3598.4888333333333, 3598.4915666666666, 3598.4916, 3598.4933333333333, 3598.494166666667, 3598.4956666666667, 3598.497, 3598.4993666666664, 3598.4993666666664, 3598.499533333333, 3598.4999, 3598.500233333333, 3598.5004, 3598.5005666666666, 3598.501133333333, 3598.501133333333, 3598.5037, 3598.5068, 3598.5075666666667, 3598.5076, 3598.507866666667, 3598.5085, 3598.510333333333, 3598.510366666667]","[80, 65, 16, 61, 56, 80, 16, 80, 65, 148, 87, 16, 64, 61, 138, 56, 80, 16, 61, 65, 120, 64, 87, 56]"
3598.634,3598.6596,3598.7008,3598.6828,11.282134056091309,0.0668,"[3598.6347, 3598.6349333333333, 3598.638266666667, 3598.638466666667, 3598.6385, 3598.6387, 3598.6388333333334, 3598.6412666666665, 3598.642666666666, 3598.6433, 3598.6437666666666, 3598.644, 3598.6441333333332, 3598.644466666666, 3598.646, 3598.6468333333332, 3598.6478666666667, 3598.6486, 3598.649, 3598.6525333333334, 3598.6527, 3598.6539666666667, 3598.6548666666667, 3598.6561, 3598.6572666666666, 3598.6575, 3598.6575666666668, 3598.6603666666665, 3598.6603666666665, 3598.6625, 3598.6626666666666, 3598.6642, 3598.6644666666666, 3598.664533333333, 3598.664533333333, 3598.6693333333333, 3598.6693666666665, 3598.6708, 3598.6714, 3598.6732666666667, 3598.673533333333, 3598.673566666667, 3598.6739, 3598.6746333333335, 3598.676966666667, 3598.6777666666667, 3598.677833333333, 3598.678033333333, 3598.678066666667, 3598.6785, 3598.678766666667, 3598.680666666666, 3598.6807, 3598.6809333333335, 3598.6811666666667, 3598.681866666667, 3598.6824333333334, 3598.6826666666666, 3598.6833333333334, 3598.6876, 3598.689066666667, 3598.6903, 3598.6903666666667, 3598.6922666666665, 3598.692533333334, 3598.6934, 3598.6941333333334, 3598.6946666666668, 3598.6955666666668, 3598.6957, 3598.6991666666668]","[65, 80, 148, 56, 154, 80, 16, 65, 80, 64, 16, 56, 61, 148, 65, 80, 56, 16, 65, 80, 65, 16, 80, 65, 16, 56, 84, 80, 65, 16, 87, 80, 61, 56, 65, 65, 80, 16, 56, 120, 80, 87, 65, 16, 84, 80, 65, 61, 148, 56, 16, 56, 65, 80, 105, 63, 61, 154, 16, 56, 65, 80, 16, 105, 135, 56, 80, 87, 56, 16, 80]"
3598.9024,3598.9216,3598.9304,3598.924,4.608676910400391,0.028,"[3598.9026, 3598.9029333333333, 3598.9047666666665, 3598.9068666666667, 3598.9079666666667, 3598.9095333333335, 3598.9118, 3598.9120333333335, 3598.9139, 3598.914133333333, 3598.9146666666666, 3598.9162666666666, 3598.9164, 3598.9182333333333, 3598.9195666666665, 3598.9207666666666, 3598.9218666666666, 3598.9236333333333, 3598.926166666666, 3598.9263]","[80, 56, 65, 65, 80, 65, 80, 16, 65, 80, 56, 16, 65, 80, 56, 16, 65, 80, 56, 16]"
3600.7124,3600.7256,3600.7364,3600.7248,13.385318756103516,0.024,"[3600.7135, 3600.7135333333335, 3600.714233333333, 3600.7148, 3600.715066666666, 3600.7173333333335, 3600.7181, 3600.718966666667, 3600.718966666667, 3600.7190333333333, 3600.7190333333333, 3600.7202333333335, 3600.722, 3600.7223, 3600.7254, 3600.7256, 3600.725733333333, 3600.7262333333333, 3600.7290666666668, 3600.7308333333335, 3600.7309666666665, 3600.7309666666665, 3600.7310666666667, 3600.7325, 3600.7348333333334]","[80, 16, 56, 61, 65, 80, 65, 98, 16, 80, 61, 56, 65, 64, 16, 56, 65, 80, 65, 80, 61, 16, 65, 64, 56]"
3601.4684,3601.4848,3601.492,3601.4852,3.614547491073608,0.0236,"[3601.4685, 3601.4690666666665, 3601.4714, 3601.4728, 3601.4732, 3601.4738666666667, 3601.475733333333, 3601.4766, 3601.4775666666665, 3601.4794, 3601.479733333333, 3601.4800666666665, 3601.483833333333, 3601.4846333333335, 3601.486533333333, 3601.487, 3601.4879, 3601.4886333333334, 3601.4889, 3601.4913, 3601.4917333333333, 3601.492, 3601.492]","[80, 63, 56, 61, 16, 80, 138, 56, 65, 61, 80, 16, 65, 80, 87, 56, 16, 65, 80, 61, 56, 80, 65]"
3601.6516,3601.6584,3601.682,3601.6616,3.735628128051758,0.0304,"[3601.654433333333, 3601.6549333333332, 3601.655, 3601.655, 3601.6559666666667, 3601.6561, 3601.6577, 3601.658733333333, 3601.6622333333335, 3601.6648, 3601.6650666666665, 3601.6655666666666, 3601.666166666667, 3601.6687, 3601.6713666666665, 3601.6739666666667, 3601.6741, 3601.675266666666, 3601.676066666667, 3601.6783666666665, 3601.6793666666667, 3601.6808666666666]","[80, 65, 149, 105, 16, 61, 65, 80, 16, 65, 16, 80, 56, 65, 61, 80, 16, 65, 61, 80, 56, 16]"
3602.7404,3602.7536,3602.7648,3602.7552,9.356136322021484,0.0244,"[3602.741466666667, 3602.7419, 3602.7420666666667, 3602.742566666667, 3602.7427666666667, 3602.7442333333333, 3602.7444666666665, 3602.745066666667, 3602.7498333333333, 3602.7499333333335, 3602.7499666666668, 3602.7522, 3602.7535333333335, 3602.7543, 3602.7545333333333, 3602.755166666667, 3602.7552666666666, 3602.7574666666665, 3602.7590666666665, 3602.761033333333, 3602.761233333333, 3602.7618666666667, 3602.763066666667]","[16, 136, 56, 80, 65, 16, 80, 65, 16, 80, 65, 136, 16, 65, 80, 61, 56, 56, 80, 65, 16, 80, 56]"
3603.3104,3603.3232,3603.3424,3603.3252,13.552387237548828,0.032,"[3603.3107, 3603.3126333333335, 3603.315166666667, 3603.3155, 3603.3162666666663, 3603.3163, 3603.318333333333, 3603.3191, 3603.3197333333337, 3603.320833333333, 3603.3213, 3603.3217666666665, 3603.3234666666663, 3603.323933333333, 3603.3283666666666, 3603.3291, 3603.3295, 3603.3296666666665, 3603.3324, 3603.3334666666665, 3603.3337, 3603.333766666666, 3603.3348, 3603.335566666666, 3603.336466666666, 3603.336533333333, 3603.336566666667, 3603.3369333333335, 3603.3385, 3603.3396666666663, 3603.3412333333335, 3603.3419]","[56, 80, 61, 156, 56, 16, 80, 65, 156, 61, 56, 138, 65, 80, 56, 65, 80, 156, 16, 61, 65, 80, 63, 16, 63, 119, 87, 64, 61, 80, 16, 56]"
3603.9516,3603.9656,3603.9764,3603.9664,3.7031524181365967,0.0248,"[3603.9519333333337, 3603.9520666666663, 3603.953, 3603.953433333333, 3603.9556, 3603.9598, 3603.962366666666, 3603.969233333333, 3603.975266666667]","[80, 65, 61, 116, 16, 80, 116, 80, 16]"
3606.0344,3606.04,3606.0608,3606.038,3.9309403896331783,0.0264,"[3606.0362666666665, 3606.036633333333, 3606.036866666667, 3606.0378333333338, 3606.038466666667, 3606.039566666667, 3606.0401333333334, 3606.041333333333, 3606.0416, 3606.0431, 3606.0434333333337, 3606.0439666666666, 3606.044766666667, 3606.045866666667, 3606.0467, 3606.048533333333, 3606.049, 3606.0497666666665, 3606.050166666667, 3606.0506666666665, 3606.051466666667, 3606.0517, 3606.0518333333334, 3606.051966666667, 3606.052366666667, 3606.056566666666, 3606.056866666667, 3606.057633333334, 3606.0581666666662, 3606.058433333333, 3606.0591666666664, 3606.059433333334, 3606.0607]","[56, 80, 16, 65, 87, 56, 16, 80, 65, 16, 80, 56, 65, 16, 80, 65, 16, 171, 80, 16, 87, 105, 63, 61, 120, 80, 56, 65, 16, 80, 136, 138, 61]"
3606.3552,3606.3652,3606.3808,3606.3624,5.964751720428467,0.0256,"[3606.3560333333335, 3606.3575, 3606.3578666666663, 3606.3593666666666, 3606.3623666666663, 3606.362766666666, 3606.3631333333337, 3606.3647666666666, 3606.3650666666663, 3606.3657333333335, 3606.367, 3606.3704666666663, 3606.3705, 3606.3719, 3606.3722333333335, 3606.372966666667, 3606.373866666667, 3606.374566666667, 3606.3766333333338, 3606.3778666666663, 3606.379466666667, 3606.3796, 3606.3796333333335, 3606.3801]","[61, 65, 56, 80, 16, 56, 61, 80, 87, 56, 16, 80, 61, 56, 16, 87, 119, 80, 61, 120, 56, 65, 105, 80]"
3609.49,3609.4972,3609.5232,3609.4936,3.8814194202423096,0.0332,"[3609.491433333333, 3609.492433333334, 3609.4924666666666, 3609.4948, 3609.4963, 3609.4987666666666, 3609.499333333333, 3609.4995, 3609.499766666667, 3609.5008333333335, 3609.501366666667, 3609.501366666667, 3609.5019333333335, 3609.5034333333338, 3609.507, 3609.5078, 3609.5118333333335, 3609.511933333333, 3609.5127333333335, 3609.512966666666, 3609.5133666666666, 3609.5147, 3609.515533333333, 3609.5156, 3609.515966666667, 3609.516166666667, 3609.5175, 3609.5179333333335, 3609.5189666666665, 3609.5199333333335, 3609.521333333333, 3609.5218, 3609.5221]","[56, 80, 98, 65, 98, 80, 98, 56, 65, 138, 87, 16, 80, 65, 120, 80, 136, 16, 80, 98, 65, 56, 87, 16, 98, 98, 80, 65, 56, 63, 98, 65, 87]"
3610.8188,3610.8344,3610.8568,3610.8224,3.908866882324219,0.038,"[3610.8199, 3610.8203, 3610.8204333333338, 3610.8227, 3610.8232, 3610.8265333333334, 3610.8273, 3610.8276666666666, 3610.8283333333334, 3610.830166666666, 3610.8304333333335, 3610.8314, 3610.832066666667, 3610.8321666666666, 3610.832266666667, 3610.8328, 3610.8332, 3610.836566666667, 3610.836633333334, 3610.8368333333337, 3610.837266666667, 3610.8395666666665, 3610.839733333333, 3610.840833333333, 3610.8413333333338, 3610.8433666666665, 3610.8452, 3610.8484, 3610.848933333333, 3610.8501, 3610.851366666667, 3610.851933333334, 3610.8521333333338, 3610.8521666666666, 3610.8540333333335, 3610.8558, 3610.855866666667, 3610.8559666666665]","[80, 16, 65, 16, 61, 135, 168, 80, 65, 16, 80, 61, 168, 65, 16, 80, 116, 16, 80, 168, 65, 56, 61, 16, 105, 80, 16, 80, 56, 65, 16, 87, 149, 168, 16, 65, 80, 120]"
3612.4724,3612.506,3612.5188,3612.5068,11.39558219909668,0.0464,"[3612.472433333334, 3612.475033333333, 3612.4753, 3612.4756666666663, 3612.4766666666665, 3612.4771333333338, 3612.4775666666665, 3612.4776, 3612.4788, 3612.4798, 3612.480666666667, 3612.480733333334, 3612.481766666667, 3612.4828, 3612.483166666667, 3612.483366666667, 3612.4862, 3612.487166666667, 3612.488333333333, 3612.4885, 3612.4891333333335, 3612.4912, 3612.492266666666, 3612.4926333333337, 3612.4932, 3612.494833333333, 3612.4954, 3612.4956, 3612.4961, 3612.4972666666663, 3612.4978, 3612.4985333333334, 3612.498633333333, 3612.4989, 3612.5014, 3612.5016, 3612.5029666666665, 3612.5036333333337, 3612.5041666666666, 3612.5042333333336, 3612.504866666666, 3612.506, 3612.506666666666, 3612.5088, 3612.5094, 3612.5109333333335, 3612.511, 3612.5113666666666, 3612.5126666666665, 3612.513066666667, 3612.5134, 3612.5142666666666, 3612.5152333333335, 3612.5155666666665, 3612.5181333333335]","[80, 65, 80, 87, 16, 105, 138, 119, 80, 65, 61, 16, 80, 64, 63, 56, 80, 65, 16, 87, 56, 80, 65, 16, 61, 56, 80, 16, 65, 87, 16, 80, 66, 63, 61, 80, 65, 56, 16, 80, 65, 87, 16, 56, 65, 80, 154, 16, 80, 65, 61, 16, 149, 56, 16]"
3615.0524,3615.0668,3615.0744,3615.0656,6.168512344360352,0.022,"[3615.0525666666663, 3615.0535666666665, 3615.0551666666665, 3615.0551666666665, 3615.0557, 3615.0573, 3615.057333333333, 3615.0605, 3615.0633333333335, 3615.0653, 3615.065433333333, 3615.065666666667, 3615.0662666666663, 3615.0673333333334, 3615.0707333333335, 3615.0707666666663, 3615.073033333333]","[65, 80, 56, 16, 65, 156, 80, 80, 56, 80, 65, 156, 16, 61, 80, 65, 136]"
3616.2944,3616.3148,3616.3256,3616.3124,4.068894863128662,0.0312,"[3616.2949, 3616.2962333333335, 3616.2969333333335, 3616.2969333333335, 3616.2971, 3616.2999, 3616.2999666666665, 3616.300066666666, 3616.302133333333, 3616.3022666666666, 3616.3033, 3616.3037, 3616.3054666666662, 3616.3070333333335, 3616.3081, 3616.3082, 3616.3083333333334, 3616.308466666667, 3616.3092333333334, 3616.3097333333335, 3616.3108666666662, 3616.3114333333338, 3616.3118, 3616.3136666666664, 3616.3144333333335, 3616.3151333333335, 3616.3155, 3616.3173333333334, 3616.317366666666, 3616.317466666667, 3616.3188333333337, 3616.3192, 3616.3195, 3616.3195666666666, 3616.321266666667, 3616.322166666667, 3616.3233666666665, 3616.3253666666665]","[61, 65, 80, 16, 56, 16, 65, 80, 80, 65, 16, 56, 80, 135, 16, 80, 61, 66, 56, 136, 65, 80, 105, 56, 16, 65, 80, 80, 16, 56, 61, 80, 16, 65, 87, 118, 65, 156]"
3617.1108,3617.1164,3617.1356,3617.1176,3.4877541065216064,0.0248,"[3617.1123, 3617.112766666666, 3617.1128, 3617.1131333333337, 3617.114433333333, 3617.1157, 3617.1169666666665, 3617.1174, 3617.1177, 3617.1177333333335, 3617.1188, 3617.1199, 3617.120933333333, 3617.1231666666663, 3617.125366666666, 3617.1257666666666, 3617.1261, 3617.126433333334, 3617.1276, 3617.130033333334, 3617.1304, 3617.1327666666666]","[16, 80, 65, 61, 56, 159, 80, 65, 61, 60, 56, 65, 80, 118, 56, 16, 80, 65, 61, 56, 80, 61]"
3617.5352,3617.5824,3617.588,3617.5836,4.262777805328369,0.0528,"[3617.5362666666665, 3617.540466666667, 3617.541166666667, 3617.5416666666665, 3617.5417333333335, 3617.5426, 3617.5438, 3617.544833333334, 3617.5469, 3617.550133333333, 3617.550366666667, 3617.5504666666666, 3617.5506333333337, 3617.552166666667, 3617.5542333333337, 3617.5556333333334, 3617.5588333333335, 3617.5596333333337, 3617.5605, 3617.562933333333, 3617.5635, 3617.5643333333337, 3617.5649333333336, 3617.5653666666663, 3617.5677666666666, 3617.5678, 3617.5682333333334, 3617.5695, 3617.5711, 3617.5734666666663, 3617.5736, 3617.5738666666666, 3617.5741, 3617.5746, 3617.576466666667, 3617.576733333334, 3617.5779666666663, 3617.5787, 3617.579066666666, 3617.580033333333, 3617.5813333333335, 3617.5823333333337, 3617.5845, 3617.5849, 3617.5851666666663, 3617.585866666667, 3617.5870666666665]","[116, 65, 80, 61, 16, 87, 65, 80, 64, 56, 80, 65, 16, 120, 61, 65, 56, 80, 61, 66, 16, 80, 116, 56, 65, 80, 16, 61, 66, 80, 116, 64, 65, 16, 80, 87, 16, 61, 65, 80, 16, 56, 16, 66, 65, 80, 154]"
3618.422,3618.43,3618.4424,3618.4376,4.833334445953369,0.0204,"[3618.422733333334, 3618.4239, 3618.425266666666, 3618.4257333333335, 3618.4263, 3618.426733333333, 3618.4274666666665, 3618.4286666666662, 3618.4297333333334, 3618.430333333333, 3618.4314, 3618.432466666666, 3618.4342, 3618.4344666666666, 3618.4402]","[105, 156, 65, 80, 16, 56, 87, 65, 138, 61, 65, 56, 80, 16, 56]"
3621.768,3621.7784,3621.7932,3621.7792,3.148492336273194,0.0252,"[3621.7682, 3621.768666666667, 3621.7712333333334, 3621.7718666666665, 3621.7719, 3621.7719, 3621.7725333333337, 3621.7730333333334, 3621.7743666666665, 3621.7755333333334, 3621.776066666667, 3621.7762333333335, 3621.777866666667, 3621.7798333333335, 3621.7799666666665, 3621.7815333333338, 3621.7844, 3621.7844333333337, 3621.7852, 3621.785966666667, 3621.7881333333335, 3621.7881666666663, 3621.7898, 3621.7907333333337]","[63, 154, 65, 80, 61, 16, 56, 148, 120, 80, 16, 65, 56, 80, 65, 16, 65, 56, 16, 80, 65, 80, 56, 65]"
3622.604,3622.6092,3622.626,3622.6096,2.654653549194336,0.022,"[3622.604566666667, 3622.606133333333, 3622.6094, 3622.609866666666, 3622.6104666666665, 3622.611666666666, 3622.6117, 3622.6119, 3622.6148333333335, 3622.6152333333334, 3622.6189, 3622.6205, 3622.6207, 3622.620733333333, 3622.6221, 3622.625433333333]","[159, 60, 80, 16, 135, 56, 65, 61, 116, 16, 61, 65, 16, 80, 56, 138]"
3623.8436,3623.8756,3623.8844,3623.8756,3.781559705734253,0.0408,"[3623.844633333333, 3623.844733333334, 3623.8450333333335, 3623.8452, 3623.845566666667, 3623.8458, 3623.8484333333336, 3623.849, 3623.8490333333334, 3623.8495333333335, 3623.8537, 3623.853866666667, 3623.8556, 3623.856566666667, 3623.8566666666666, 3623.8569666666663, 3623.857333333334, 3623.8593666666666, 3623.862033333334, 3623.8620666666666, 3623.8627, 3623.8632, 3623.8641, 3623.865466666666, 3623.866033333333, 3623.8664, 3623.8667, 3623.869966666666, 3623.8701, 3623.8712, 3623.8712666666665, 3623.8719, 3623.873666666667, 3623.8738333333336, 3623.8755666666666, 3623.8758333333335, 3623.8763, 3623.8799, 3623.8805, 3623.881733333333, 3623.881833333334, 3623.8820666666666, 3623.882633333333, 3623.8829333333338, 3623.8832, 3623.8832666666663, 3623.883533333333]","[56, 98, 80, 16, 66, 156, 56, 16, 80, 65, 156, 80, 61, 16, 80, 65, 64, 98, 98, 80, 16, 65, 61, 56, 16, 80, 65, 16, 98, 65, 56, 80, 87, 98, 80, 61, 56, 136, 65, 98, 156, 136, 16, 87, 56, 80, 61]"
3626.6356,3626.6816,3626.6908,3626.6836,7.261617660522461,0.0552,"[3626.638233333333, 3626.6383, 3626.6383666666666, 3626.639, 3626.6435, 3626.643733333334, 3626.6449, 3626.6455666666666, 3626.6484333333337, 3626.6496, 3626.650666666667, 3626.650833333333, 3626.6517, 3626.655, 3626.6555333333336, 3626.6559, 3626.656466666667, 3626.6610333333338, 3626.661166666667, 3626.6622666666663, 3626.664533333333, 3626.6667666666663, 3626.6672, 3626.672433333333, 3626.6746333333335, 3626.6752, 3626.677066666666, 3626.6774, 3626.679866666667, 3626.680333333333, 3626.6827333333335, 3626.6831333333334, 3626.6832, 3626.6837666666665, 3626.6838333333335, 3626.684333333333, 3626.6846333333337, 3626.6856, 3626.685733333333, 3626.6857666666665, 3626.686233333334, 3626.6867, 3626.6868, 3626.687733333333, 3626.687966666667, 3626.6891, 3626.6903666666663]","[16, 65, 56, 80, 65, 56, 16, 80, 65, 56, 168, 16, 61, 56, 65, 80, 87, 65, 16, 148, 56, 87, 65, 16, 80, 56, 61, 16, 65, 80, 154, 64, 16, 65, 80, 61, 56, 119, 16, 120, 65, 138, 61, 116, 80, 56, 65]"
3627.112,3627.126,3627.1344,3627.1244,7.103994369506836,0.0224,"[3627.1143666666662, 3627.1144, 3627.1152333333334, 3627.116, 3627.118333333334, 3627.1183666666666, 3627.118733333333, 3627.120266666667, 3627.1203, 3627.120866666666, 3627.1238, 3627.124533333333, 3627.125033333333, 3627.125233333333, 3627.1258333333335, 3627.127, 3627.1273666666666, 3627.1274333333336, 3627.130866666667, 3627.1315666666665, 3627.1323666666663, 3627.1324666666665, 3627.1341, 3627.1344]","[80, 171, 65, 16, 168, 80, 65, 16, 56, 80, 65, 16, 61, 80, 56, 16, 65, 80, 61, 80, 16, 65, 154, 16]"
3628.8524,3628.8596,3628.878,3628.8588,4.087519645690918,0.0256,"[3628.855466666667, 3628.8561, 3628.8571, 3628.8603333333335, 3628.8613333333337, 3628.865533333333, 3628.8676333333337, 3628.8687, 3628.868966666667, 3628.8725, 3628.8746666666666, 3628.8758333333335, 3628.8769333333335, 3628.8775333333338]","[80, 56, 16, 65, 56, 80, 16, 56, 65, 80, 16, 61, 56, 65]"
3630.0224,3630.0384,3630.0492,3630.0404,7.879278659820557,0.0268,"[3630.0225, 3630.0228333333334, 3630.0230333333334, 3630.023066666666, 3630.0232, 3630.0233, 3630.0249, 3630.025166666667, 3630.0257333333334, 3630.0274666666664, 3630.0278333333335, 3630.0285, 3630.028533333333, 3630.0296333333335, 3630.031, 3630.0315333333338, 3630.0333, 3630.0351, 3630.0352, 3630.0353, 3630.0360333333338, 3630.0360333333338, 3630.0363333333335, 3630.037466666666, 3630.0376666666666, 3630.0383, 3630.0398333333337, 3630.0399666666663, 3630.040666666667, 3630.0415333333335, 3630.041966666666, 3630.0421, 3630.045933333334, 3630.0462, 3630.0463666666665, 3630.046533333333, 3630.046966666667, 3630.046966666667, 3630.0475666666666, 3630.047733333334, 3630.048, 3630.0481, 3630.0484, 3630.0488]","[56, 65, 138, 61, 80, 119, 171, 80, 65, 16, 61, 80, 65, 16, 80, 65, 16, 80, 56, 168, 65, 105, 16, 80, 65, 16, 56, 80, 168, 61, 16, 56, 80, 65, 16, 171, 56, 105, 80, 16, 61, 65, 63, 56]"
3631.934,3631.9516,3631.968,3631.954,7.503256797790527,0.034,"[3631.9344, 3631.9347666666663, 3631.934833333333, 3631.935266666667, 3631.9365, 3631.937133333334, 3631.9372333333336, 3631.9374, 3631.9396333333334, 3631.940633333333, 3631.9415, 3631.9418666666666, 3631.9429666666665, 3631.943333333333, 3631.9441, 3631.944933333333, 3631.945, 3631.9454333333338, 3631.9472333333338, 3631.948, 3631.949, 3631.949033333334, 3631.949566666666, 3631.9508666666666, 3631.9514, 3631.9515333333334, 3631.9533, 3631.9533333333334, 3631.9536, 3631.955066666667, 3631.9553, 3631.9567333333334, 3631.96, 3631.960666666667, 3631.961333333333, 3631.9618333333337, 3631.962233333333, 3631.9635333333335, 3631.9639333333334, 3631.9653, 3631.9662333333335, 3631.9666]","[56, 80, 65, 16, 61, 16, 171, 80, 56, 120, 116, 80, 65, 61, 16, 138, 80, 119, 118, 65, 80, 16, 56, 80, 64, 65, 61, 16, 120, 65, 16, 56, 16, 80, 61, 65, 56, 80, 16, 65, 16, 61]"
3632.6096,3632.6236,3632.6372,3632.618,7.754935264587402,0.0276,"[3632.6104, 3632.6115, 3632.6117, 3632.6126, 3632.613833333334, 3632.6141, 3632.6163333333334, 3632.6177333333335, 3632.618033333333, 3632.6205, 3632.620966666667, 3632.6242333333334, 3632.6244, 3632.625533333334, 3632.625866666667, 3632.6273666666666, 3632.628566666667, 3632.631266666667, 3632.6316, 3632.632633333333]","[65, 16, 80, 118, 116, 65, 56, 80, 16, 56, 65, 16, 80, 65, 116, 16, 56, 80, 98, 16]"
3637.646,3637.6684,3637.6748,3637.6656,4.979694366455078,0.0288,"[3637.6484333333337, 3637.651666666666, 3637.6521666666663, 3637.6540666666665, 3637.655433333334, 3637.655833333333, 3637.658966666667, 3637.661666666667, 3637.6633333333334, 3637.6652, 3637.665433333333, 3637.6666333333337, 3637.667133333334, 3637.667733333333, 3637.6680666666666, 3637.668766666666, 3637.669933333333, 3637.6704, 3637.6710333333335, 3637.6721, 3637.6734333333334, 3637.6734333333334, 3637.673533333333, 3637.6736666666666]","[116, 65, 80, 149, 56, 80, 65, 116, 80, 65, 16, 61, 56, 80, 119, 16, 65, 116, 87, 98, 16, 65, 80, 61]"
3642.2524,3642.2632,3642.2804,3642.26,5.436172962188721,0.028,"[3642.2543666666666, 3642.2564, 3642.2566, 3642.2592666666665, 3642.259533333334, 3642.2598, 3642.261466666667, 3642.2654333333335, 3642.2655, 3642.2669666666666, 3642.2690333333335, 3642.269366666667, 3642.269566666667, 3642.2723666666666, 3642.2735666666663, 3642.273633333333, 3642.2741, 3642.2742, 3642.279, 3642.279366666666, 3642.279933333333]","[61, 80, 65, 16, 56, 65, 80, 80, 65, 16, 56, 80, 65, 105, 16, 65, 80, 87, 65, 80, 61]"
3643.4528,3643.4624,3643.4904,3643.4632,7.95370626449585,0.0376,"[3643.4532, 3643.4537, 3643.4538, 3643.454366666667, 3643.4560333333334, 3643.4560333333334, 3643.4572, 3643.457966666667, 3643.458633333333, 3643.458866666667, 3643.4599, 3643.460666666667, 3643.4623, 3643.462666666667, 3643.4630333333334, 3643.464, 3643.464333333334, 3643.4649, 3643.465, 3643.4657666666662, 3643.466133333334, 3643.4665666666665, 3643.468066666667, 3643.4681666666665, 3643.468766666667, 3643.4688666666666, 3643.4689, 3643.4704333333334, 3643.4711, 3643.4716333333336, 3643.4720333333335, 3643.4749, 3643.4751666666666, 3643.476933333334, 3643.477966666667, 3643.478166666667, 3643.4783, 3643.479533333333, 3643.4807, 3643.484, 3643.485366666667, 3643.486033333333]","[80, 16, 65, 56, 80, 61, 87, 65, 80, 118, 16, 80, 65, 80, 56, 87, 61, 16, 65, 63, 80, 56, 171, 16, 120, 80, 65, 61, 16, 136, 80, 80, 119, 16, 65, 80, 56, 16, 87, 61, 80, 56]"
3643.7044,3643.7336,3643.7416,3643.732,6.813226222991943,0.0372,"[3643.7058, 3643.7061, 3643.706166666667, 3643.708166666667, 3643.708666666667, 3643.7089666666666, 3643.711766666667, 3643.7123, 3643.7126333333335, 3643.712666666667, 3643.712666666667, 3643.7127666666665, 3643.713833333333, 3643.7138666666665, 3643.7148666666662, 3643.7153, 3643.7154, 3643.7193666666662, 3643.719633333333, 3643.720066666667, 3643.7201333333337, 3643.7203, 3643.722366666667, 3643.7229, 3643.723033333333, 3643.7235666666666, 3643.725133333334, 3643.725933333333, 3643.7264666666665, 3643.7265, 3643.7266666666665, 3643.727766666667, 3643.7281, 3643.728866666667, 3643.7302666666665, 3643.731333333333, 3643.731366666667, 3643.7317333333335, 3643.7331, 3643.734033333333, 3643.7345, 3643.734933333333, 3643.734966666667, 3643.738066666667, 3643.7381333333337, 3643.7388666666666, 3643.7395333333334, 3643.739633333333, 3643.739866666667, 3643.7399666666665, 3643.7411]","[135, 80, 171, 65, 168, 80, 65, 56, 105, 80, 16, 149, 61, 87, 80, 65, 56, 98, 80, 65, 61, 16, 138, 80, 16, 65, 168, 80, 65, 61, 16, 80, 56, 87, 136, 65, 80, 16, 61, 16, 65, 80, 56, 65, 80, 98, 61, 16, 65, 87, 135]"
3643.9096,3643.9368,3643.9532,3643.9372,5.129729747772217,0.0436,"[3643.9096666666665, 3643.9101666666666, 3643.9119333333338, 3643.9119333333338, 3643.9121, 3643.912766666667, 3643.9155, 3643.9157333333337, 3643.9160333333334, 3643.918133333333, 3643.919533333333, 3643.9198, 3643.9212333333335, 3643.9216, 3643.921833333334, 3643.922733333334, 3643.9230333333335, 3643.9234666666666, 3643.924933333333, 3643.925833333333, 3643.9263, 3643.9266, 3643.9293, 3643.929433333333, 3643.9317666666666, 3643.932133333333, 3643.9321666666665, 3643.933433333333, 3643.9335666666666, 3643.9358666666662, 3643.936066666666, 3643.9376, 3643.938, 3643.9394333333335, 3643.9420666666665, 3643.9421, 3643.944466666667, 3643.9447, 3643.945366666667, 3643.9465666666665, 3643.9477, 3643.9492333333337, 3643.9500333333335, 3643.950966666667, 3643.9520333333335]","[80, 61, 80, 65, 16, 87, 65, 16, 80, 65, 56, 80, 87, 16, 65, 56, 80, 154, 16, 61, 65, 80, 65, 80, 16, 171, 61, 65, 80, 61, 65, 80, 16, 87, 65, 80, 159, 61, 65, 16, 56, 80, 16, 65, 61]"
3645.5856,3645.5964,3645.6148,3645.61,4.225525856018066,0.0292,"[3645.5861666666665, 3645.586366666667, 3645.5865, 3645.5891333333334, 3645.5896666666663, 3645.5912333333335, 3645.5916, 3645.591933333333, 3645.5926, 3645.5941, 3645.594566666666, 3645.5966, 3645.597366666667, 3645.599066666666, 3645.599366666667, 3645.5994666666666, 3645.5996666666665, 3645.601633333333, 3645.603166666667, 3645.6040333333335, 3645.6059666666665, 3645.606133333333, 3645.6062, 3645.6071, 3645.6078666666663, 3645.608366666667, 3645.6093, 3645.610366666667, 3645.6108, 3645.6121, 3645.612833333333, 3645.613966666667, 3645.614466666667]","[61, 56, 80, 56, 80, 65, 120, 16, 80, 56, 65, 80, 56, 120, 65, 80, 16, 56, 80, 65, 16, 80, 65, 61, 65, 16, 80, 65, 61, 120, 168, 80, 65]"
3645.7132,3645.7308,3645.7512,3645.7316,9.321776390075684,0.038,"[3645.7141, 3645.715233333334, 3645.7154666666665, 3645.7157666666662, 3645.7161, 3645.719, 3645.719166666667, 3645.7194, 3645.7198333333336, 3645.7227, 3645.7228666666665, 3645.7234, 3645.7235333333338, 3645.7247666666663, 3645.7249, 3645.7252, 3645.7262666666666, 3645.7273, 3645.7275, 3645.727533333333, 3645.7277, 3645.7303, 3645.7308, 3645.731333333333, 3645.7321333333334, 3645.732166666666, 3645.7326, 3645.7335, 3645.7337, 3645.7339, 3645.7344, 3645.7351, 3645.7354666666665, 3645.736666666666, 3645.7373, 3645.737766666666, 3645.738733333333, 3645.739666666667, 3645.7399666666665, 3645.7402, 3645.7414, 3645.7417333333337, 3645.7419, 3645.7432, 3645.7444, 3645.7449333333334, 3645.7457, 3645.7472666666663, 3645.7483666666662, 3645.7487, 3645.7495, 3645.7508]","[80, 65, 16, 98, 80, 65, 80, 16, 168, 80, 65, 16, 143, 65, 141, 80, 61, 16, 80, 65, 56, 119, 80, 149, 16, 61, 66, 80, 65, 143, 63, 56, 120, 16, 164, 80, 118, 65, 80, 16, 64, 56, 61, 16, 119, 56, 168, 65, 16, 98, 135, 80]"
3650.6316,3650.6492,3650.6556,3650.6468,4.088778972625732,0.024,"[3650.6318666666666, 3650.6329, 3650.633066666667, 3650.6331333333337, 3650.633533333333, 3650.6342666666665, 3650.635433333334, 3650.6368333333335, 3650.6382, 3650.6403, 3650.641866666667, 3650.6424, 3650.642466666666, 3650.6451666666662, 3650.645433333333, 3650.6461, 3650.6462, 3650.647, 3650.6473666666666, 3650.6480333333334, 3650.6526]","[80, 16, 65, 61, 56, 63, 116, 65, 56, 16, 171, 120, 80, 16, 65, 61, 168, 80, 116, 16, 65]"
3651.546,3651.5684,3651.574,3651.5708,3.8443331718444824,0.028,"[3651.5462666666663, 3651.546533333333, 3651.546533333333, 3651.5466666666666, 3651.5497333333337, 3651.5508, 3651.5519, 3651.552366666667, 3651.553733333333, 3651.5556, 3651.5586333333335, 3651.558933333333, 3651.5594666666666, 3651.560166666666, 3651.5613, 3651.562133333334, 3651.5642, 3651.5645666666665, 3651.566533333333, 3651.5677, 3651.5679, 3651.5680666666663, 3651.572, 3651.5734333333335, 3651.5738]","[16, 80, 120, 61, 65, 80, 56, 64, 65, 80, 56, 65, 16, 80, 64, 105, 65, 80, 138, 16, 65, 80, 16, 80, 65]"
3653.1488,3653.1548,3653.1748,3653.1556,3.1052539348602295,0.026,"[3653.149733333333, 3653.1505, 3653.1542666666664, 3653.155566666667, 3653.155766666667, 3653.155833333333, 3653.157133333333, 3653.1574666666666, 3653.1577, 3653.1639333333337, 3653.165, 3653.1655333333338, 3653.170433333333, 3653.171, 3653.1743333333334, 3653.1744]","[80, 65, 163, 56, 65, 80, 61, 149, 16, 61, 16, 56, 65, 16, 80, 116]"
3653.35,3653.3616,3653.3716,3653.3588,5.549116134643555,0.0216,"[3653.3516, 3653.3533333333335, 3653.3534666666665, 3653.355, 3653.355733333334, 3653.3559333333337, 3653.3583, 3653.3588, 3653.3591, 3653.3605333333335, 3653.360833333333, 3653.361133333334, 3653.3621, 3653.3628, 3653.3652, 3653.3677, 3653.3685333333337, 3653.3688666666662]","[80, 65, 16, 80, 56, 16, 80, 16, 65, 61, 56, 171, 16, 80, 65, 16, 56, 80]"
3654.684,3654.6932,3654.7064,3654.6928,5.395745277404785,0.0224,"[3654.6845, 3654.686, 3654.6871666666666, 3654.6877666666664, 3654.6889, 3654.6891, 3654.6892333333335, 3654.6917333333336, 3654.6937, 3654.6941333333334, 3654.6961, 3654.6966333333335, 3654.6973, 3654.697866666667, 3654.698766666667, 3654.698933333333, 3654.7001, 3654.700333333333, 3654.700766666667, 3654.7012666666665, 3654.7029666666663, 3654.7051333333334, 3654.7058, 3654.7062]","[56, 65, 149, 56, 168, 65, 80, 65, 80, 168, 65, 16, 171, 56, 80, 65, 61, 60, 16, 168, 61, 65, 80, 16]"
3709.5196,3709.5528,3709.5692,3709.5516,10.488405227661133,0.0496,"[3709.5198333333337, 3709.520433333333, 3709.521166666667, 3709.5218, 3709.523166666667, 3709.524933333333, 3709.525033333334, 3709.525633333333, 3709.525866666667, 3709.5275, 3709.527866666667, 3709.5291333333334, 3709.5293333333334, 3709.5295, 3709.5295, 3709.5314333333336, 3709.531466666667, 3709.531666666667, 3709.5324333333338, 3709.532566666667, 3709.5345, 3709.5346666666665, 3709.5354, 3709.5359, 3709.5374, 3709.5389666666665, 3709.5390666666663, 3709.5396666666666, 3709.5402, 3709.5410333333334, 3709.5416666666665, 3709.543866666667, 3709.5445666666665, 3709.544733333333, 3709.5448, 3709.5448666666666, 3709.5455333333334, 3709.547233333333, 3709.549166666666, 3709.549533333334, 3709.5499, 3709.550366666667, 3709.5516666666663, 3709.552, 3709.5526, 3709.5557, 3709.5566, 3709.5583, 3709.5584, 3709.5584, 3709.5587666666665, 3709.5588666666663, 3709.5602, 3709.560266666667, 3709.5646, 3709.564966666667, 3709.5650333333338, 3709.566566666667, 3709.566633333334, 3709.567233333333, 3709.5673]","[61, 16, 80, 65, 56, 61, 65, 16, 80, 56, 16, 80, 65, 61, 168, 120, 16, 56, 80, 65, 16, 56, 80, 168, 65, 56, 80, 16, 61, 65, 80, 168, 65, 56, 80, 16, 60, 80, 65, 16, 80, 87, 16, 65, 61, 80, 65, 16, 80, 156, 64, 61, 80, 16, 138, 65, 80, 61, 60, 65, 16]"
3712.2512,3712.2668,3712.284,3712.2696,4.070286750793457,0.0328,"[3712.251433333334, 3712.2526333333335, 3712.2539, 3712.2553, 3712.255366666667, 3712.2566333333334, 3712.256733333333, 3712.2593, 3712.259666666667, 3712.2636, 3712.2643333333335, 3712.2645666666663, 3712.264766666666, 3712.267533333333, 3712.270033333333, 3712.270233333333, 3712.2706, 3712.2755, 3712.275866666667, 3712.275866666667, 3712.277433333333, 3712.279433333333, 3712.2803]","[64, 16, 116, 80, 65, 56, 16, 80, 65, 16, 65, 63, 56, 80, 56, 16, 168, 16, 80, 65, 63, 56, 80]"
3713.7528,3713.7624,3713.7812,3713.7628,3.934941530227661,0.0284,"[3713.754933333333, 3713.7573333333335, 3713.7581666666665, 3713.7583666666665, 3713.7598333333335, 3713.7600666666663, 3713.7609666666663, 3713.7626, 3713.763266666667, 3713.763266666667, 3713.763933333333, 3713.767566666667, 3713.769466666666, 3713.771166666667, 3713.772, 3713.7721, 3713.7726333333335, 3713.7771666666663, 3713.7780666666663]","[65, 80, 16, 65, 64, 80, 98, 56, 61, 16, 80, 65, 56, 80, 61, 65, 16, 16, 80]"
3716.8164,3716.834,3716.8448,3716.836,8.131095886230469,0.0284,"[3716.8168333333338, 3716.817233333333, 3716.8189333333335, 3716.8191, 3716.8213666666666, 3716.8216, 3716.8220666666666, 3716.824, 3716.826666666667, 3716.8297666666663, 3716.8306333333335, 3716.8312, 3716.8330666666666, 3716.8330666666666, 3716.8355333333334, 3716.835866666667, 3716.8362, 3716.8362333333334, 3716.836766666667, 3716.8371, 3716.8378333333335, 3716.837933333333, 3716.8386333333337, 3716.840633333333, 3716.841533333333, 3716.843266666667, 3716.8447666666666]","[80, 56, 63, 120, 56, 80, 65, 141, 138, 56, 65, 16, 80, 159, 80, 138, 16, 168, 116, 61, 120, 65, 56, 80, 65, 57, 65]"
3717.848,3717.8604,3717.8772,3717.8608,9.066950798034668,0.0292,"[3717.848333333334, 3717.8496, 3717.8498, 3717.8503, 3717.8506666666663, 3717.8524333333335, 3717.852833333334, 3717.8530666666666, 3717.854633333334, 3717.8561666666665, 3717.856333333333, 3717.8564, 3717.8571333333334, 3717.8621, 3717.8623, 3717.8623, 3717.862666666667, 3717.8643, 3717.864666666667, 3717.8663, 3717.8683, 3717.8701666666666, 3717.8716, 3717.8719, 3717.8729333333335, 3717.873433333333, 3717.8739666666665]","[80, 65, 61, 16, 56, 80, 65, 171, 80, 16, 61, 65, 80, 16, 65, 56, 80, 16, 80, 65, 119, 56, 65, 80, 16, 61, 116]"
3718.1252,3718.1472,3718.1536,3718.1496,4.095993518829346,0.0284,"[3718.1289333333334, 3718.1301, 3718.1306, 3718.1311, 3718.1322, 3718.1332666666663, 3718.1340666666665, 3718.134533333334, 3718.1359666666663, 3718.139866666667, 3718.1399, 3718.140666666666, 3718.1421, 3718.143666666667, 3718.1438, 3718.1438333333335, 3718.144466666666, 3718.1461, 3718.146433333334, 3718.1467333333335, 3718.147, 3718.147933333333, 3718.1501333333335, 3718.1502666666665, 3718.1504, 3718.150933333334, 3718.1514666666662, 3718.152]","[16, 80, 105, 65, 61, 16, 80, 65, 56, 65, 80, 16, 116, 65, 16, 80, 56, 80, 16, 56, 65, 87, 61, 16, 148, 65, 80, 56]"
3719.678,3719.69,3719.7148,3719.6928,5.507002353668213,0.0368,"[3719.6802, 3719.680333333333, 3719.6806, 3719.6818, 3719.6822666666662, 3719.6828, 3719.6828333333337, 3719.6839, 3719.684366666667, 3719.6860333333334, 3719.686366666667, 3719.6873333333338, 3719.6884333333337, 3719.6900666666666, 3719.691466666666, 3719.6920333333337, 3719.6920333333337, 3719.6921, 3719.6927333333338, 3719.6941, 3719.6947, 3719.700466666666, 3719.700466666666, 3719.7009, 3719.7029666666663, 3719.707766666667, 3719.7083666666663, 3719.7108333333335, 3719.714033333333, 3719.714033333333, 3719.7140666666664]","[56, 65, 80, 16, 56, 61, 156, 65, 80, 56, 16, 65, 80, 65, 16, 65, 56, 80, 61, 80, 56, 80, 65, 56, 16, 61, 56, 16, 65, 16, 80]"
3720.6552,3720.6768,3720.6844,3720.6756,5.8069167137146,0.0292,"[3720.6575333333335, 3720.6586, 3720.659833333333, 3720.6599666666666, 3720.6600333333336, 3720.6625, 3720.6628, 3720.6628333333338, 3720.6640666666663, 3720.664533333333, 3720.6664333333338, 3720.6673, 3720.6675, 3720.6687333333334, 3720.668933333334, 3720.6693, 3720.6716, 3720.6718, 3720.6721666666663, 3720.672366666666, 3720.6729, 3720.6738, 3720.6738666666665, 3720.6739, 3720.6741333333334, 3720.674466666667, 3720.6747, 3720.6748333333335, 3720.6764333333335, 3720.6769, 3720.6777333333334, 3720.6794, 3720.6828333333337, 3720.6830666666665, 3720.6836, 3720.6841666666664]","[56, 80, 61, 65, 16, 80, 16, 56, 65, 61, 80, 65, 56, 80, 138, 16, 80, 168, 65, 56, 154, 80, 65, 63, 16, 56, 64, 56, 80, 65, 56, 159, 80, 56, 65, 16]"
3722.6808,3722.6972,3722.7064,3722.6988,5.015222072601318,0.0256,"[3722.681466666667, 3722.682133333333, 3722.6824333333334, 3722.6825, 3722.6827333333335, 3722.6835, 3722.686633333333, 3722.686966666666, 3722.6880666666666, 3722.6880666666666, 3722.6881, 3722.6882333333338, 3722.688633333333, 3722.6888, 3722.6917333333336, 3722.6918333333338, 3722.6938, 3722.694333333334, 3722.6946333333335, 3722.6949, 3722.694933333333, 3722.6954333333338, 3722.6955, 3722.697933333334, 3722.6993333333335, 3722.6995333333334, 3722.7000333333335, 3722.7015666666666, 3722.7031, 3722.7034, 3722.7044, 3722.704566666667, 3722.7063333333335]","[65, 16, 56, 64, 80, 87, 16, 80, 65, 105, 61, 87, 64, 56, 80, 65, 87, 65, 80, 16, 63, 56, 64, 164, 80, 61, 16, 65, 80, 16, 87, 64, 65]"
3723.0496,3723.108,3723.1204,3723.1076,4.255724906921387,0.0708,"[3723.050833333333, 3723.053766666667, 3723.055533333333, 3723.0569333333337, 3723.057, 3723.0578333333337, 3723.0594, 3723.06, 3723.0618, 3723.0621666666666, 3723.0623333333338, 3723.0632666666666, 3723.0639666666666, 3723.0642, 3723.0676333333336, 3723.0681666666665, 3723.0689666666663, 3723.0695333333338, 3723.0716333333335, 3723.0725666666663, 3723.073266666667, 3723.075833333334, 3723.0765, 3723.0770333333335, 3723.0772, 3723.0785, 3723.079966666666, 3723.0806, 3723.0816, 3723.0819333333334, 3723.0825666666665, 3723.082933333333, 3723.0835333333334, 3723.0841666666665, 3723.0841666666665, 3723.0844333333334, 3723.086366666667, 3723.0879666666665, 3723.088566666667, 3723.090366666667, 3723.091133333334, 3723.0914333333335, 3723.0922, 3723.0924, 3723.0931, 3723.0948333333336, 3723.0949, 3723.0949333333338, 3723.0958666666666, 3723.0959, 3723.0962, 3723.0962, 3723.0963, 3723.0968, 3723.0969666666665, 3723.0992666666666, 3723.1003, 3723.101, 3723.1014, 3723.1014333333337, 3723.1014666666665, 3723.102933333333, 3723.1033666666663, 3723.1038, 3723.1076333333335, 3723.1078666666663, 3723.108566666667, 3723.108833333333, 3723.1107333333334, 3723.1108, 3723.111966666667, 3723.115366666667, 3723.1156, 3723.1157333333335, 3723.1158, 3723.1174666666666]","[16, 116, 65, 16, 80, 56, 65, 159, 80, 16, 61, 65, 80, 56, 65, 16, 80, 56, 65, 16, 56, 57, 65, 80, 16, 65, 56, 80, 61, 16, 65, 64, 56, 87, 16, 61, 119, 16, 80, 65, 138, 16, 64, 80, 56, 16, 61, 65, 80, 87, 56, 63, 16, 138, 64, 56, 61, 65, 80, 120, 16, 56, 61, 63, 56, 65, 16, 63, 65, 80, 56, 80, 65, 16, 64, 56]"
3737.4168,3737.4252,3737.4476,3737.4256,8.301651954650879,0.0308,"[3737.4169333333334, 3737.417866666666, 3737.419966666667, 3737.420866666667, 3737.4211, 3737.4211666666665, 3737.4234666666666, 3737.4241, 3737.425366666667, 3737.4254666666666, 3737.4257666666663, 3737.4274333333337, 3737.4277666666662, 3737.4277666666662, 3737.431, 3737.4315, 3737.431866666667, 3737.4337666666665, 3737.434366666667, 3737.438, 3737.4412666666663, 3737.444466666667, 3737.4446333333335, 3737.445133333333, 3737.445966666666, 3737.447]","[116, 16, 119, 65, 16, 61, 116, 16, 80, 65, 61, 119, 16, 116, 16, 60, 159, 80, 65, 16, 60, 120, 80, 116, 16, 65]"
3738.0972,3738.1056,3738.1204,3738.1064,6.089440822601318,0.0232,"[3738.0988666666663, 3738.0989, 3738.102766666667, 3738.1028666666666, 3738.1037666666666, 3738.1048, 3738.1051, 3738.1051666666663, 3738.1053333333334, 3738.105466666667, 3738.108, 3738.108133333333, 3738.110366666667, 3738.112766666666, 3738.112833333333, 3738.113833333334, 3738.1138666666666, 3738.114, 3738.1147666666666, 3738.116366666666, 3738.1168, 3738.1170333333334, 3738.117266666666, 3738.1175333333335, 3738.1176666666665, 3738.119066666666, 3738.1204]","[16, 80, 80, 65, 16, 105, 65, 80, 61, 87, 168, 16, 80, 65, 56, 61, 16, 80, 168, 138, 16, 87, 65, 80, 61, 16, 80]"
3739.352,3739.362,3739.3768,3739.3604,6.23878288269043,0.0248,"[3739.353433333333, 3739.3540333333335, 3739.354566666667, 3739.3553333333334, 3739.3569333333335, 3739.357, 3739.357466666667, 3739.358433333334, 3739.3613, 3739.3616333333334, 3739.3637, 3739.3638666666666, 3739.364566666666, 3739.3664, 3739.3679333333334, 3739.368033333333, 3739.368033333333, 3739.369066666666, 3739.3734, 3739.374966666667]","[80, 65, 56, 16, 165, 65, 80, 64, 16, 87, 65, 80, 56, 135, 80, 63, 65, 16, 80, 56]"
3739.6884,3739.7332,3739.7416,3739.6956,6.632758617401123,0.0532,"[3739.6886666666664, 3739.689766666667, 3739.6901333333335, 3739.6908333333336, 3739.693766666667, 3739.6946, 3739.695166666667, 3739.6952666666666, 3739.698066666667, 3739.6985, 3739.698933333333, 3739.698966666667, 3739.7005, 3739.7010666666665, 3739.701666666667, 3739.702266666666, 3739.703233333333, 3739.703233333333, 3739.7044, 3739.7047666666663, 3739.704966666666, 3739.7073666666665, 3739.7081333333335, 3739.7086, 3739.7092666666663, 3739.7093666666665, 3739.7107, 3739.7112666666662, 3739.7116666666666, 3739.7117333333335, 3739.7118333333337, 3739.7150333333334, 3739.7155666666663, 3739.7166, 3739.7199333333338, 3739.7200333333335, 3739.7209, 3739.7228333333337, 3739.724, 3739.7265, 3739.7265666666663, 3739.726866666667, 3739.729766666667, 3739.7300333333337, 3739.7304, 3739.730633333333, 3739.7310666666663, 3739.7385, 3739.738666666666, 3739.740333333333, 3739.7409, 3739.7411666666662]","[16, 80, 56, 65, 80, 65, 61, 16, 56, 80, 65, 16, 149, 98, 163, 80, 65, 16, 80, 149, 65, 164, 56, 80, 65, 61, 80, 87, 163, 16, 65, 16, 56, 80, 65, 61, 16, 56, 48, 16, 149, 80, 116, 80, 16, 56, 61, 16, 80, 65, 48, 149]"
3740.0404,3740.0532,3740.0816,3740.0544,3.364890813827514,0.0412,"[3740.0409666666665, 3740.0417333333335, 3740.041966666666, 3740.043033333334, 3740.0430666666666, 3740.0435, 3740.0443666666665, 3740.045633333333, 3740.045633333333, 3740.0457333333334, 3740.0483, 3740.0483, 3740.048366666667, 3740.0489, 3740.0494, 3740.0516666666663, 3740.0523, 3740.0525333333335, 3740.052633333333, 3740.0529, 3740.0529, 3740.053133333334, 3740.0536333333334, 3740.0554333333334, 3740.0557, 3740.056666666667, 3740.0575, 3740.0607, 3740.0611, 3740.0639666666666, 3740.0648, 3740.067, 3740.0670333333337, 3740.0688333333337, 3740.0693666666666, 3740.0724333333337, 3740.0728, 3740.074733333334, 3740.075966666667, 3740.0762, 3740.0763, 3740.0774666666666, 3740.079, 3740.079, 3740.0795333333335, 3740.08, 3740.081366666667]","[56, 119, 80, 65, 143, 80, 16, 87, 65, 80, 143, 16, 56, 80, 65, 65, 63, 16, 80, 87, 65, 138, 64, 56, 143, 65, 61, 80, 56, 80, 61, 56, 65, 61, 80, 56, 65, 63, 80, 65, 16, 56, 61, 16, 80, 87, 65]"
3743.4692,3743.482,3743.5308,3743.482,9.453137397766112,0.0616,"[3743.4692666666665, 3743.4705, 3743.4707, 3743.4710333333337, 3743.4718, 3743.4721666666665, 3743.472766666667, 3743.4729, 3743.4729666666663, 3743.4749333333334, 3743.4757, 3743.4765333333335, 3743.4766666666665, 3743.477733333333, 3743.478666666667, 3743.478666666667, 3743.4808333333335, 3743.4814, 3743.482233333333, 3743.4827666666665, 3743.483133333333, 3743.4832666666666, 3743.483833333333, 3743.4841333333334, 3743.485633333333, 3743.485633333333, 3743.4864, 3743.4871, 3743.4877333333334, 3743.488733333333, 3743.4893, 3743.4902, 3743.4911333333334, 3743.4915, 3743.4917, 3743.492333333333, 3743.4926, 3743.4933666666666, 3743.4933666666666, 3743.4936666666663, 3743.494366666667, 3743.4944666666665, 3743.4956, 3743.495966666667, 3743.497, 3743.4976, 3743.4983, 3743.4989666666665, 3743.4992, 3743.5002, 3743.5002, 3743.500366666666, 3743.5007333333338, 3743.5011, 3743.5027666666665, 3743.5033333333336, 3743.5034666666666, 3743.5037, 3743.5042333333336, 3743.5059, 3743.506266666667, 3743.5065, 3743.506533333333, 3743.5065666666665, 3743.507166666667, 3743.507633333333, 3743.507666666667, 3743.5084333333334, 3743.508966666667, 3743.510133333333, 3743.5111, 3743.5118, 3743.513, 3743.5137, 3743.514133333333, 3743.5144666666665, 3743.515, 3743.5154333333335, 3743.5156333333334, 3743.516833333333, 3743.5178666666666, 3743.520666666667, 3743.5208333333335, 3743.5228, 3743.5231, 3743.5232, 3743.5283, 3743.529666666667, 3743.530433333334, 3743.5304666666666, 3743.5306]","[65, 80, 154, 119, 56, 16, 65, 80, 154, 16, 80, 56, 65, 154, 80, 65, 65, 16, 80, 154, 87, 16, 65, 80, 148, 65, 56, 16, 80, 65, 116, 16, 65, 56, 80, 148, 154, 80, 16, 61, 56, 65, 16, 154, 80, 65, 61, 16, 56, 148, 65, 80, 120, 16, 56, 65, 80, 84, 16, 16, 87, 61, 80, 65, 148, 16, 56, 138, 143, 56, 65, 80, 16, 80, 98, 65, 16, 56, 80, 148, 61, 56, 65, 65, 16, 80, 116, 65, 80, 56, 16]"
3751.7188,3751.7416,3751.748,3751.7404,4.819108963012695,0.0292,"[3751.7190333333338, 3751.719566666666, 3751.7209333333335, 3751.7211333333335, 3751.7216333333336, 3751.7232, 3751.7233, 3751.7235, 3751.7242666666666, 3751.7244333333338, 3751.726133333333, 3751.727033333333, 3751.727533333333, 3751.727733333333, 3751.7284, 3751.7285333333334, 3751.7289, 3751.7289, 3751.7291333333337, 3751.7307, 3751.7310333333335, 3751.7331, 3751.7332333333334, 3751.733333333333, 3751.7343666666666, 3751.7346333333335, 3751.7352666666666, 3751.7352666666666, 3751.7374, 3751.7382, 3751.739233333333, 3751.740533333333, 3751.7406, 3751.7413, 3751.741466666667, 3751.7454666666663, 3751.745966666667, 3751.746766666666, 3751.7472333333335]","[60, 138, 65, 80, 16, 149, 65, 61, 16, 80, 65, 80, 56, 60, 66, 61, 80, 164, 16, 66, 136, 16, 80, 168, 56, 61, 80, 65, 16, 80, 65, 61, 80, 16, 60, 65, 80, 56, 16]"
3752.4212,3752.4304,3752.442,3752.4296,6.4145612716674805,0.0208,"[3752.421333333333, 3752.4216, 3752.4221333333335, 3752.423266666666, 3752.423533333333, 3752.4239, 3752.4247333333337, 3752.4249666666665, 3752.4262, 3752.4268666666662, 3752.427633333333, 3752.429166666667, 3752.4306333333334, 3752.4325, 3752.4343, 3752.435233333333, 3752.4405, 3752.4414333333334, 3752.441633333334]","[80, 156, 65, 16, 120, 61, 80, 136, 163, 159, 56, 16, 61, 56, 16, 80, 56, 80, 159]"
3753.5552,3753.5744,3753.5776,3753.5752,2.557685136795044,0.0224,"[3753.5563333333334, 3753.5570666666663, 3753.557333333333, 3753.5591666666664, 3753.5593, 3753.559833333333, 3753.5601, 3753.5608666666662, 3753.5631, 3753.5641666666666, 3753.5647, 3753.5649333333336, 3753.5652, 3753.566766666667, 3753.567666666667, 3753.5689333333335, 3753.5702666666666, 3753.5705333333335, 3753.5715333333337, 3753.5716666666663, 3753.5719, 3753.572166666667, 3753.574166666667, 3753.5748]","[16, 80, 56, 80, 65, 61, 16, 56, 65, 16, 80, 64, 65, 56, 16, 80, 56, 61, 65, 16, 80, 87, 56, 16]"
3757.466,3757.4764,3757.4888,3757.476,5.411492347717285,0.0228,"[3757.466933333333, 3757.467766666666, 3757.4685, 3757.4690333333338, 3757.4697666666666, 3757.4722, 3757.472333333333, 3757.4730666666665, 3757.473466666667, 3757.4737, 3757.4766666666665, 3757.4772333333335, 3757.477266666667, 3757.4773, 3757.4779, 3757.4796666666666, 3757.4797, 3757.482466666667, 3757.4838666666665, 3757.4841, 3757.4845, 3757.4857, 3757.4864333333335, 3757.488566666667]","[61, 80, 87, 16, 65, 56, 61, 156, 80, 16, 80, 61, 65, 16, 63, 56, 138, 65, 116, 156, 80, 16, 156, 87]"
3758.3188,3758.3376,3758.3452,3758.3388,5.589419841766357,0.0264,"[3758.3188666666665, 3758.3195666666666, 3758.3198333333335, 3758.3203, 3758.321066666667, 3758.322033333334, 3758.322633333333, 3758.3242333333337, 3758.324433333333, 3758.3252666666663, 3758.327333333333, 3758.3280666666665, 3758.3287666666665, 3758.329433333334, 3758.3297, 3758.3298, 3758.3301333333334, 3758.3310333333334, 3758.3316, 3758.333833333333, 3758.3352, 3758.3357, 3758.335733333334, 3758.3363, 3758.336566666667, 3758.3391, 3758.339233333333, 3758.3396666666663, 3758.3398333333334, 3758.3418333333334, 3758.3434, 3758.3442, 3758.3445]","[65, 16, 154, 80, 61, 65, 16, 80, 56, 65, 80, 65, 56, 16, 80, 87, 61, 56, 16, 65, 16, 80, 156, 56, 65, 61, 80, 56, 65, 105, 120, 80, 56]"
3760.646,3760.6516,3760.674,3760.6524,3.010014772415161,0.028,"[3760.6463, 3760.647, 3760.6498, 3760.65, 3760.6502666666665, 3760.650833333333, 3760.652433333333, 3760.6545, 3760.655366666667, 3760.657133333333, 3760.6575, 3760.6577333333335, 3760.658, 3760.6607, 3760.6608, 3760.6629333333335, 3760.664366666667, 3760.6649, 3760.6651333333334, 3760.6656333333335, 3760.666333333333, 3760.6667, 3760.6668666666665, 3760.6675, 3760.6681, 3760.669733333333, 3760.673, 3760.6734666666666]","[16, 65, 56, 65, 63, 80, 61, 65, 156, 80, 16, 65, 56, 80, 61, 56, 65, 80, 63, 64, 16, 87, 80, 65, 61, 119, 65, 56]"
3761.728,3761.7652,3761.7716,3761.7472,4.443206787109375,0.0436,"[3761.7287666666666, 3761.7290333333335, 3761.7303333333334, 3761.730866666667, 3761.7311, 3761.7318666666665, 3761.7329, 3761.733333333333, 3761.733366666667, 3761.7337666666663, 3761.735133333333, 3761.7353, 3761.7361, 3761.7378, 3761.737933333334, 3761.739233333333, 3761.740133333333, 3761.7402, 3761.7413333333334, 3761.742166666667, 3761.7427, 3761.7431333333334, 3761.7433, 3761.744, 3761.7445666666663, 3761.7449, 3761.7451, 3761.7492333333334, 3761.7497333333336, 3761.7518666666665, 3761.7528, 3761.754, 3761.7554666666665, 3761.7564333333335, 3761.7564666666663, 3761.7566333333334, 3761.7582666666663, 3761.7597, 3761.7606666666666, 3761.7617, 3761.763866666666, 3761.765, 3761.765, 3761.7682666666665, 3761.7682666666665, 3761.7690666666663, 3761.7694, 3761.7698, 3761.7706, 3761.7710333333334]","[16, 143, 65, 80, 61, 56, 143, 80, 65, 16, 56, 119, 118, 80, 65, 159, 143, 65, 80, 16, 65, 61, 56, 63, 80, 16, 87, 56, 65, 80, 61, 16, 143, 16, 80, 120, 119, 65, 16, 80, 65, 80, 16, 80, 16, 61, 65, 159, 16, 80]"
3761.7848,3761.8064,3761.8116,3761.7948,3.296516180038452,0.0268,"[3761.785066666667, 3761.7854666666663, 3761.7854666666663, 3761.7861, 3761.7864, 3761.7872333333335, 3761.787333333333, 3761.7881666666663, 3761.7890333333335, 3761.7925666666665, 3761.7928333333334, 3761.7935666666663, 3761.7941666666666, 3761.794666666666, 3761.795, 3761.7953, 3761.795833333333, 3761.7979666666665, 3761.798566666667, 3761.8004, 3761.8006333333337, 3761.8011, 3761.802133333333, 3761.802233333334, 3761.8024666666665, 3761.8028, 3761.8048, 3761.8065333333334, 3761.807566666667, 3761.8083, 3761.8086333333335, 3761.810033333333, 3761.8108333333334, 3761.811, 3761.8111]","[65, 61, 16, 80, 120, 65, 16, 61, 116, 80, 65, 16, 149, 80, 61, 65, 56, 80, 168, 16, 80, 65, 16, 80, 61, 65, 168, 56, 80, 65, 16, 80, 105, 61, 116]"
3762.632,3762.6416,3762.66,3762.6356,2.8206353187561035,0.028,"[3762.6325, 3762.6332666666663, 3762.633466666666, 3762.6335, 3762.6339, 3762.6354666666666, 3762.636266666667, 3762.636433333333, 3762.6367666666665, 3762.6373, 3762.6384333333335, 3762.638866666666, 3762.638933333333, 3762.6403666666665, 3762.6411, 3762.6416, 3762.641633333333, 3762.6417333333334, 3762.6417666666666, 3762.6467, 3762.6478, 3762.6497, 3762.6498333333334, 3762.649866666666, 3762.6501333333335, 3762.6516, 3762.6518666666666, 3762.6519, 3762.6520333333337, 3762.6546, 3762.6565333333338]","[56, 65, 143, 140, 80, 149, 56, 61, 80, 16, 120, 65, 80, 63, 87, 16, 65, 56, 80, 143, 98, 56, 171, 80, 16, 98, 61, 64, 80, 164, 61]"
3762.8804,3762.8908,3762.9116,3762.8904,5.085297107696533,0.0312,"[3762.8805666666663, 3762.882, 3762.8822333333337, 3762.8849, 3762.8856666666666, 3762.8858333333337, 3762.8876333333337, 3762.8909, 3762.891, 3762.892, 3762.893233333333, 3762.894366666667, 3762.894633333334, 3762.8958666666663, 3762.8961, 3762.897333333334, 3762.897733333333, 3762.8993333333337, 3762.8993666666665, 3762.9011, 3762.9028, 3762.9052, 3762.905366666667, 3762.9067, 3762.9078, 3762.907966666666, 3762.908266666667, 3762.9088333333334, 3762.9091333333336, 3762.9092333333338]","[16, 56, 98, 16, 80, 65, 56, 61, 16, 80, 65, 105, 16, 87, 80, 65, 61, 80, 16, 56, 65, 16, 80, 65, 64, 61, 56, 16, 63, 105]"
3763.2532,3763.2824,3763.2964,3763.2812,5.62103271484375,0.0432,"[3763.2543333333338, 3763.254933333333, 3763.2554333333337, 3763.2565666666665, 3763.2573666666663, 3763.2583666666665, 3763.2587, 3763.259666666667, 3763.260333333333, 3763.2634333333335, 3763.2646666666665, 3763.2649666666666, 3763.2652333333335, 3763.265966666667, 3763.266033333334, 3763.2664, 3763.2671, 3763.2677, 3763.267733333333, 3763.2691666666665, 3763.2692333333334, 3763.2715333333335, 3763.272, 3763.2735, 3763.2736, 3763.2737, 3763.2737666666662, 3763.2757, 3763.2765666666664, 3763.2766333333334, 3763.276833333334, 3763.2797666666665, 3763.2816, 3763.283266666667, 3763.283933333333, 3763.284, 3763.2865, 3763.2872, 3763.2873, 3763.2884, 3763.2890333333335, 3763.2893, 3763.2898, 3763.2907333333337, 3763.2931, 3763.2932666666666, 3763.293766666666, 3763.294266666667, 3763.295433333333, 3763.2955, 3763.295933333334]","[16, 80, 65, 16, 87, 61, 80, 16, 65, 65, 87, 16, 80, 105, 65, 136, 61, 16, 138, 136, 80, 61, 65, 16, 56, 80, 87, 16, 65, 61, 80, 65, 65, 80, 16, 87, 61, 171, 80, 16, 65, 80, 61, 56, 65, 80, 16, 154, 80, 65, 171]"
3763.4444,3763.4556,3763.4852,3763.4544,5.683916091918945,0.0408,"[3763.4448666666663, 3763.445966666666, 3763.4463666666666, 3763.447, 3763.4483666666665, 3763.449166666667, 3763.4494666666665, 3763.4499666666666, 3763.4504, 3763.450733333333, 3763.452133333333, 3763.452533333333, 3763.4529666666663, 3763.4531333333334, 3763.4556666666663, 3763.456, 3763.4564333333337, 3763.4566, 3763.457733333333, 3763.458166666667, 3763.458833333333, 3763.459333333333, 3763.4599333333335, 3763.4609666666665, 3763.462466666667, 3763.4636666666665, 3763.4639, 3763.464733333333, 3763.465833333333, 3763.4662, 3763.4664333333335, 3763.469233333333, 3763.4701, 3763.4706, 3763.4725, 3763.4742, 3763.4762, 3763.4762, 3763.4763, 3763.4780333333338, 3763.4782, 3763.4785333333334, 3763.481566666667]","[65, 138, 16, 56, 154, 80, 16, 65, 64, 87, 56, 148, 80, 120, 16, 65, 148, 80, 65, 56, 16, 138, 80, 65, 16, 56, 80, 65, 56, 148, 80, 65, 16, 56, 16, 80, 148, 16, 65, 56, 116, 16, 65]"
3765.4836,3765.4984,3765.5188,3765.4996,14.33863639831543,0.0352,"[3765.4837, 3765.4861, 3765.4862333333335, 3765.488733333333, 3765.4901, 3765.490366666667, 3765.493, 3765.4936666666663, 3765.4944333333337, 3765.4945333333335, 3765.4945666666663, 3765.495733333333, 3765.4958333333334, 3765.4983333333334, 3765.4986, 3765.498866666667, 3765.499133333333, 3765.4995, 3765.4999333333335, 3765.500666666667, 3765.5010666666662, 3765.5011666666664, 3765.5012333333334, 3765.5018333333337, 3765.503166666667, 3765.5037666666663, 3765.5039, 3765.5047666666665, 3765.5048, 3765.5055, 3765.5057333333334, 3765.5057333333334, 3765.507, 3765.5082666666663, 3765.5083666666665, 3765.511466666667, 3765.5118, 3765.5123, 3765.5135333333337, 3765.513733333333, 3765.5142, 3765.515, 3765.515266666667, 3765.5161, 3765.5169666666666, 3765.5185]","[61, 80, 56, 16, 80, 65, 148, 65, 80, 16, 61, 56, 119, 65, 80, 116, 138, 16, 61, 148, 56, 65, 80, 171, 80, 65, 87, 56, 61, 16, 148, 65, 56, 80, 16, 80, 65, 16, 98, 61, 56, 136, 80, 148, 65, 61]"
3767.4416,3767.454,3767.4656,3767.4508,9.52938747406006,0.024,"[3767.4445666666666, 3767.4456333333337, 3767.4458, 3767.447133333333, 3767.4472333333338, 3767.4475666666663, 3767.4491, 3767.451633333333, 3767.451866666667, 3767.4521, 3767.452133333333, 3767.4546333333337, 3767.4583333333335, 3767.4589, 3767.459, 3767.4596333333334, 3767.463566666667, 3767.4651, 3767.4655666666663]","[16, 80, 56, 65, 61, 138, 56, 119, 16, 80, 61, 56, 80, 61, 16, 65, 80, 16, 61]"
3769.9764,3770.0076,3770.0152,3770.0112,4.520155429840088,0.0388,"[3769.9764666666665, 3769.978433333333, 3769.9789333333338, 3769.979966666667, 3769.982033333333, 3769.9820666666665, 3769.982333333334, 3769.982466666667, 3769.9825, 3769.983566666667, 3769.9849, 3769.985633333333, 3769.9866, 3769.9874666666665, 3769.9922333333334, 3769.9928, 3769.9942666666666, 3769.9944333333337, 3769.9947, 3769.995066666667, 3769.9951666666666, 3769.9952, 3769.9967333333334, 3769.997666666666, 3769.9979333333335, 3769.9981333333335, 3770.000466666667, 3770.0018666666665, 3770.0020666666665, 3770.002166666666, 3770.0046333333335, 3770.004733333333, 3770.004933333333, 3770.006766666667, 3770.0079, 3770.009466666667, 3770.0109666666663, 3770.0112, 3770.0117, 3770.0118, 3770.014166666667, 3770.0142, 3770.0147333333334]","[56, 80, 65, 16, 61, 80, 16, 65, 56, 118, 65, 80, 16, 56, 65, 80, 56, 16, 65, 61, 80, 119, 65, 80, 87, 16, 65, 80, 16, 120, 65, 16, 80, 105, 16, 80, 56, 61, 16, 65, 80, 65, 16]"
3770.9552,3770.9756,3770.9832,3770.9776,5.59572172164917,0.028,"[3770.957533333333, 3770.958, 3770.958033333334, 3770.959533333333, 3770.9600333333337, 3770.9601666666663, 3770.9607, 3770.9609666666665, 3770.961333333333, 3770.961766666667, 3770.963, 3770.9639666666662, 3770.964033333333, 3770.9648, 3770.965233333334, 3770.9662333333335, 3770.9667666666664, 3770.966933333333, 3770.9679, 3770.9683, 3770.968833333334, 3770.9690333333338, 3770.9708, 3770.9712666666665, 3770.971666666667, 3770.9719666666665, 3770.9724, 3770.974166666667, 3770.9743, 3770.975133333334, 3770.9755666666665, 3770.9782333333337, 3770.9782333333337, 3770.978633333333, 3770.980466666667, 3770.9807666666666, 3770.981]","[80, 56, 65, 116, 80, 16, 61, 164, 154, 65, 16, 154, 56, 80, 61, 65, 80, 16, 154, 65, 80, 87, 56, 65, 80, 16, 61, 80, 56, 65, 16, 80, 65, 16, 80, 65, 16]"
3771.6788,3771.702,3771.712,3771.7,7.615858554840088,0.0332,"[3771.6793666666663, 3771.6802, 3771.680566666667, 3771.685166666666, 3771.6857666666665, 3771.6859666666664, 3771.686166666667, 3771.6899333333336, 3771.6901, 3771.6909666666666, 3771.6930333333335, 3771.6931, 3771.6941, 3771.6976666666665, 3771.6981666666666, 3771.700633333334, 3771.7012, 3771.7016, 3771.7024333333334, 3771.7027333333335, 3771.703233333333, 3771.703466666667, 3771.705033333333, 3771.7066666666665, 3771.708166666667, 3771.709533333333, 3771.709666666666, 3771.7108333333335]","[65, 16, 80, 80, 16, 65, 56, 136, 16, 80, 16, 61, 65, 65, 80, 116, 65, 80, 61, 61, 119, 16, 80, 65, 56, 138, 16, 80]"
3772.8676,3772.8784,3772.89,3772.8744,8.724722862243652,0.0224,"[3772.868466666667, 3772.8688, 3772.868966666667, 3772.8695, 3772.8704, 3772.8706, 3772.8759, 3772.877266666667, 3772.8778666666663, 3772.8806, 3772.8811, 3772.8814333333335, 3772.8822333333337, 3772.882866666667, 3772.882866666667, 3772.883966666667, 3772.8861, 3772.886333333334, 3772.8875333333335, 3772.8879333333334, 3772.8893]","[80, 154, 65, 16, 80, 56, 56, 80, 65, 80, 16, 65, 61, 80, 98, 16, 65, 171, 80, 56, 98]"
3773.5964,3773.6052,3773.6212,3773.6024,7.548870086669922,0.0248,"[3773.5974, 3773.5979666666663, 3773.598033333333, 3773.5985, 3773.5988333333335, 3773.5990333333334, 3773.5996333333337, 3773.6008, 3773.6019, 3773.603733333334, 3773.604, 3773.6042666666663, 3773.605666666667, 3773.605866666667, 3773.6064, 3773.608333333333, 3773.6086333333337, 3773.6100333333334, 3773.610366666667, 3773.6109666666666, 3773.612566666666, 3773.6131, 3773.6133666666665, 3773.6134, 3773.6136, 3773.613733333333, 3773.616033333333, 3773.616233333333, 3773.6167333333337, 3773.617166666667, 3773.6179, 3773.618933333333, 3773.618966666667, 3773.619133333333, 3773.619166666667, 3773.6194, 3773.6194666666665, 3773.6204333333335, 3773.621]","[105, 61, 80, 16, 156, 65, 56, 16, 143, 61, 80, 65, 56, 16, 80, 16, 141, 80, 65, 16, 61, 98, 80, 56, 16, 65, 149, 80, 98, 16, 154, 65, 16, 143, 80, 66, 149, 61, 141]"
3783.8184,3783.834,3783.8464,3783.8392,9.162237167358398,0.028,"[3783.8189333333335, 3783.819266666667, 3783.8200333333334, 3783.8207, 3783.8224666666665, 3783.822633333333, 3783.823066666667, 3783.8247, 3783.8268333333335, 3783.826866666667, 3783.8269, 3783.828166666666, 3783.8293, 3783.8294, 3783.829433333334, 3783.829566666667, 3783.8301333333334, 3783.8324333333335, 3783.8325666666665, 3783.8375666666666, 3783.8381, 3783.8391, 3783.844233333333, 3783.8454, 3783.8454, 3783.8463333333334]","[65, 56, 61, 148, 80, 168, 65, 16, 98, 56, 65, 80, 87, 16, 156, 64, 65, 119, 80, 80, 65, 56, 61, 80, 16, 87]"
3785.8396,3785.8716,3785.8816,3785.8732,6.086057662963867,0.042,"[3785.8404333333337, 3785.8407666666662, 3785.8412, 3785.8423666666663, 3785.844233333333, 3785.8443, 3785.8443666666662, 3785.8456666666666, 3785.8458666666666, 3785.846433333333, 3785.8477, 3785.8478, 3785.8478666666665, 3785.85, 3785.850133333334, 3785.8533, 3785.8534, 3785.8544, 3785.855633333333, 3785.8557, 3785.8559, 3785.8568, 3785.857166666666, 3785.857533333334, 3785.8581, 3785.8592, 3785.859333333334, 3785.8597, 3785.861133333334, 3785.8633, 3785.8640333333337, 3785.8643666666662, 3785.8655, 3785.8658666666665, 3785.8665, 3785.866933333333, 3785.8676666666665, 3785.8692666666666, 3785.8693333333335, 3785.871166666667, 3785.8721, 3785.8722, 3785.872733333333, 3785.8729, 3785.8747333333336, 3785.8765, 3785.8765333333336, 3785.876766666667, 3785.8771, 3785.8791666666666, 3785.8805333333335]","[16, 136, 80, 56, 16, 65, 80, 61, 56, 80, 65, 16, 154, 80, 61, 80, 65, 56, 80, 171, 168, 65, 16, 80, 56, 65, 16, 61, 80, 65, 80, 135, 65, 16, 80, 56, 16, 61, 56, 159, 65, 140, 80, 56, 16, 135, 65, 16, 80, 16, 56]"
3785.9672,3785.9908,3786.0064,3785.9908,6.097202301025391,0.0392,"[3785.9675333333334, 3785.971666666667, 3785.974966666666, 3785.975866666666, 3785.9768, 3785.9771, 3785.978, 3785.9792666666663, 3785.980733333334, 3785.9818666666665, 3785.982333333334, 3785.9837, 3785.9864666666663, 3785.987766666666, 3785.9882, 3785.9882333333335, 3785.9897, 3785.9915666666666, 3785.9926333333337, 3785.9927666666663, 3785.9988, 3785.9988333333336, 3786.0005666666666, 3786.0027666666665, 3786.0036, 3786.006066666667]","[65, 80, 16, 80, 65, 56, 87, 16, 61, 65, 80, 56, 66, 65, 56, 80, 87, 80, 16, 56, 61, 80, 56, 65, 16, 65]"
3788.7112,3788.7532,3788.7672,3788.7516,5.591126441955566,0.056,"[3788.713133333333, 3788.713433333334, 3788.7137, 3788.7140666666664, 3788.714333333334, 3788.7185, 3788.719666666667, 3788.719666666667, 3788.7198333333336, 3788.7224666666666, 3788.7224666666666, 3788.727, 3788.7275666666665, 3788.728566666666, 3788.729633333334, 3788.7300333333337, 3788.7312333333334, 3788.7317333333335, 3788.732, 3788.7327666666665, 3788.733166666667, 3788.7332666666666, 3788.734033333333, 3788.7366, 3788.7385, 3788.739566666666, 3788.7412, 3788.7418666666663, 3788.7420666666662, 3788.7422, 3788.7434, 3788.7455, 3788.745533333333, 3788.745966666667, 3788.7475666666664, 3788.747733333333, 3788.7481333333335, 3788.7511, 3788.7517333333335, 3788.7537666666663, 3788.7543333333338, 3788.754866666666, 3788.7563, 3788.7589333333335, 3788.7598333333335, 3788.7602333333334, 3788.7604, 3788.7608666666665, 3788.761433333333, 3788.7615, 3788.7616, 3788.761666666667, 3788.7621, 3788.7622666666666, 3788.7631666666666, 3788.7660666666666]","[61, 80, 56, 65, 16, 56, 65, 16, 80, 80, 56, 65, 56, 16, 80, 65, 98, 87, 16, 61, 65, 80, 138, 80, 16, 65, 56, 65, 16, 80, 87, 156, 80, 65, 64, 16, 87, 80, 61, 16, 56, 65, 80, 65, 16, 80, 87, 56, 105, 65, 61, 16, 64, 116, 119, 16]"
3790.5852,3790.5956,3790.6088,3790.598,4.6373443603515625,0.0236,"[3790.5852666666665, 3790.5853333333334, 3790.585733333334, 3790.5867333333335, 3790.587266666667, 3790.588, 3790.588266666666, 3790.588566666667, 3790.5887333333335, 3790.590633333333, 3790.592, 3790.5923, 3790.5936333333334, 3790.594166666667, 3790.5944666666664, 3790.5978333333337, 3790.5978333333337, 3790.598, 3790.5985, 3790.600133333334, 3790.6012, 3790.601366666667, 3790.6022, 3790.602833333334, 3790.603433333333, 3790.6035333333334, 3790.6057666666666, 3790.6059333333337, 3790.606333333333, 3790.6064]","[116, 56, 65, 80, 164, 16, 65, 154, 80, 65, 80, 16, 65, 164, 80, 80, 61, 120, 16, 56, 65, 80, 16, 65, 80, 61, 56, 16, 65, 61]"
3792.848,3792.8688,3792.908,3792.8676,14.575393676757812,0.06,"[3792.8485, 3792.8495333333335, 3792.8495333333335, 3792.85, 3792.8508333333334, 3792.8519666666666, 3792.853433333333, 3792.854966666667, 3792.8580333333334, 3792.8595, 3792.860633333333, 3792.8609333333334, 3792.861933333333, 3792.863566666667, 3792.8642, 3792.8657333333335, 3792.8674666666666, 3792.8692666666666, 3792.8699333333334, 3792.8717, 3792.8720333333335, 3792.8755, 3792.876566666667, 3792.8768, 3792.877233333333, 3792.8789333333334, 3792.880633333333, 3792.880766666666, 3792.881266666667, 3792.8824, 3792.882633333333, 3792.883566666667, 3792.8836, 3792.8844, 3792.886233333333, 3792.8863666666666, 3792.8883, 3792.8887, 3792.8888, 3792.891933333334, 3792.8926333333334, 3792.893866666667, 3792.8949666666663, 3792.8966333333337, 3792.8974333333335, 3792.9009, 3792.9014333333334, 3792.901666666666, 3792.901833333334, 3792.9022666666665, 3792.9056666666665, 3792.9063666666666, 3792.906933333333, 3792.907133333333, 3792.9072]","[65, 98, 138, 80, 16, 138, 80, 65, 56, 65, 80, 156, 16, 61, 80, 65, 80, 56, 156, 65, 80, 80, 61, 65, 16, 80, 56, 61, 16, 65, 80, 56, 119, 105, 163, 80, 16, 80, 65, 56, 156, 16, 65, 163, 56, 16, 65, 80, 61, 56, 80, 65, 163, 116, 16]"
3793.5468,3793.5536,3793.5704,3793.5532,4.311121940612793,0.0236,"[3793.5469, 3793.5482333333334, 3793.5486666666666, 3793.551333333334, 3793.5532, 3793.5534333333335, 3793.5539, 3793.5542, 3793.5542666666665, 3793.555766666667, 3793.560333333334, 3793.560933333333, 3793.5637, 3793.563933333334, 3793.5654666666665, 3793.5657666666666, 3793.566533333333, 3793.5668, 3793.5670666666665, 3793.5672666666665]","[80, 164, 60, 80, 16, 65, 60, 56, 80, 65, 56, 16, 65, 80, 116, 16, 61, 65, 80, 56]"
3794.3792,3794.3908,3794.4152,3794.392,3.544520616531372,0.036,"[3794.3792333333336, 3794.3841666666663, 3794.3847, 3794.3860666666665, 3794.387433333334, 3794.388266666667, 3794.3885333333337, 3794.3903333333337, 3794.3906333333334, 3794.3922, 3794.393, 3794.3946, 3794.3948, 3794.395233333333, 3794.3955, 3794.396, 3794.3965333333335, 3794.3976, 3794.398233333334, 3794.3983, 3794.3986666666665, 3794.398966666666, 3794.4002, 3794.4003, 3794.4003666666663, 3794.4009, 3794.4013, 3794.4014333333334, 3794.401966666667, 3794.4033666666664, 3794.4048, 3794.407, 3794.4075, 3794.4086, 3794.409866666667, 3794.4108666666666, 3794.4112666666665, 3794.4139666666665, 3794.415, 3794.4150666666665]","[16, 80, 65, 149, 61, 116, 119, 171, 16, 61, 141, 56, 65, 16, 80, 154, 116, 64, 87, 61, 16, 149, 119, 65, 105, 56, 141, 16, 80, 87, 64, 16, 98, 80, 56, 87, 16, 61, 80, 16]"
3794.4548,3794.4648,3794.4752,3794.4656,8.401522636413574,0.0204,"[3794.4573, 3794.458, 3794.459, 3794.4598666666666, 3794.460733333334, 3794.461133333333, 3794.461466666666, 3794.4619333333335, 3794.4643666666666, 3794.465, 3794.4661666666666, 3794.4663666666665, 3794.4673333333335, 3794.4689, 3794.468966666667, 3794.4699333333338, 3794.4719, 3794.4719666666665, 3794.4730666666665, 3794.4736333333335, 3794.4752]","[65, 80, 16, 65, 80, 16, 61, 56, 65, 80, 61, 16, 56, 80, 16, 65, 16, 56, 61, 80, 65]"
3796.8844,3796.8916,3796.9264,3796.8904,4.318820476531982,0.042,"[3796.885433333334, 3796.8854666666666, 3796.8858, 3796.8858, 3796.886, 3796.8866, 3796.8869666666665, 3796.888233333333, 3796.8892666666666, 3796.8892666666666, 3796.889366666667, 3796.8895, 3796.8917, 3796.8924, 3796.8925, 3796.8944, 3796.8949, 3796.895433333333, 3796.8957, 3796.8957333333337, 3796.8958, 3796.8971, 3796.8985, 3796.899533333333, 3796.901833333334, 3796.9022, 3796.9029333333337, 3796.9030666666663, 3796.9032, 3796.9032333333334, 3796.9047333333338, 3796.9049, 3796.9058, 3796.9058666666665, 3796.9062, 3796.9063666666666, 3796.9121, 3796.9121333333337, 3796.9121666666665, 3796.9127, 3796.912766666667, 3796.9158, 3796.916133333333, 3796.9169, 3796.9185, 3796.9203333333335, 3796.9204, 3796.921066666667, 3796.922466666667, 3796.923566666667, 3796.924366666666, 3796.9253, 3796.9257333333335]","[63, 16, 61, 65, 56, 159, 87, 105, 116, 65, 80, 16, 61, 80, 16, 65, 118, 16, 87, 80, 65, 61, 16, 56, 65, 16, 56, 171, 156, 80, 65, 16, 80, 105, 63, 16, 138, 16, 65, 80, 56, 16, 80, 65, 61, 80, 65, 16, 56, 80, 16, 65, 61]"
3797.1712,3797.1796,3797.192,3797.1824,4.71198844909668,0.0208,"[3797.1718, 3797.1729666666665, 3797.1734666666666, 3797.1768666666662, 3797.1785, 3797.1792, 3797.179866666667, 3797.1818333333335, 3797.1837, 3797.1839666666665, 3797.1841, 3797.1841666666664, 3797.1850666666664, 3797.185733333333, 3797.1862, 3797.1867333333334, 3797.1876333333335, 3797.1900333333338, 3797.1904, 3797.1907, 3797.191633333334]","[56, 80, 16, 80, 16, 56, 80, 138, 65, 16, 80, 56, 61, 63, 16, 16, 80, 65, 16, 80, 56]"
3798.4356,3798.4428,3798.4684,3798.444,4.9105916023254395,0.0328,"[3798.4357, 3798.4362, 3798.4368, 3798.4374, 3798.4384, 3798.4385, 3798.4389, 3798.4391, 3798.439533333333, 3798.4400333333338, 3798.4402, 3798.4407666666666, 3798.4410333333335, 3798.4410333333335, 3798.4412666666663, 3798.4418333333338, 3798.4429, 3798.4438333333337, 3798.4454666666666, 3798.4457666666663, 3798.446966666667, 3798.4474333333337, 3798.4475, 3798.448533333333, 3798.4491333333335, 3798.4502333333335, 3798.451233333333, 3798.451666666667, 3798.4519666666665, 3798.4534, 3798.4537666666665, 3798.454433333334, 3798.454833333333, 3798.4557, 3798.4567, 3798.460433333333, 3798.462266666667, 3798.462366666666, 3798.4624, 3798.4633, 3798.4649]","[61, 80, 65, 56, 119, 80, 65, 16, 61, 154, 56, 80, 65, 64, 87, 148, 65, 80, 80, 65, 61, 16, 56, 80, 65, 16, 56, 154, 80, 140, 65, 80, 154, 56, 16, 16, 80, 56, 65, 154, 16]"
3803.1004,3803.1356,3803.1688,3803.1372,17.640533447265625,0.0684,"[3803.1005333333337, 3803.1019666666666, 3803.1025666666665, 3803.1042, 3803.1042666666663, 3803.1053333333334, 3803.105366666666, 3803.106266666666, 3803.106433333334, 3803.107, 3803.1071, 3803.108333333333, 3803.1091666666666, 3803.1109666666666, 3803.1118, 3803.1119, 3803.1129, 3803.113833333334, 3803.1156666666666, 3803.1162, 3803.1164, 3803.1168333333335, 3803.1170666666662, 3803.1174, 3803.1215666666662, 3803.121866666667, 3803.122066666667, 3803.1231, 3803.1242666666662, 3803.124633333334, 3803.1252666666664, 3803.125466666667, 3803.1266333333338, 3803.1296333333335, 3803.131066666667, 3803.1311666666666, 3803.1314666666663, 3803.131533333333, 3803.131766666667, 3803.1322666666665, 3803.132433333333, 3803.132733333334, 3803.1340666666665, 3803.1346, 3803.1347333333338, 3803.1357, 3803.1367666666665, 3803.1373, 3803.1375333333335, 3803.139233333334, 3803.1393, 3803.139766666666, 3803.1403333333337, 3803.1417, 3803.142066666667, 3803.1436, 3803.143633333333, 3803.1438333333335, 3803.144133333333, 3803.1451, 3803.1455666666666, 3803.146, 3803.1489333333334, 3803.1508, 3803.150833333333, 3803.1509, 3803.1509666666666, 3803.1511333333337, 3803.151833333334, 3803.1525, 3803.1538666666665, 3803.1541, 3803.1550666666662, 3803.1561, 3803.1576, 3803.1583333333338, 3803.1585333333337, 3803.158933333333, 3803.159166666667, 3803.162066666667, 3803.1631, 3803.1637, 3803.1640333333335, 3803.165, 3803.166, 3803.1665333333335, 3803.167133333334, 3803.1682666666666]","[65, 148, 120, 80, 16, 116, 61, 148, 65, 56, 80, 65, 16, 80, 56, 120, 16, 65, 148, 80, 16, 65, 84, 56, 56, 84, 16, 65, 84, 148, 80, 56, 154, 80, 148, 65, 16, 61, 84, 80, 56, 87, 120, 16, 65, 80, 61, 56, 16, 64, 65, 80, 16, 65, 56, 61, 80, 84, 16, 87, 65, 16, 16, 154, 148, 80, 65, 84, 56, 16, 80, 65, 16, 154, 80, 61, 154, 65, 16, 148, 154, 65, 80, 16, 87, 65, 16, 148]"
3807.396,3807.4128,3807.4244,3807.4148,11.29771327972412,0.0284,"[3807.396133333333, 3807.396833333333, 3807.3969333333334, 3807.3973, 3807.3989333333334, 3807.399766666667, 3807.4012, 3807.4016333333334, 3807.4027666666666, 3807.403566666667, 3807.4038666666665, 3807.4046333333335, 3807.4059, 3807.409033333334, 3807.409633333333, 3807.410266666667, 3807.4105, 3807.4108, 3807.411166666667, 3807.4115333333334, 3807.411733333334, 3807.413433333333, 3807.4144666666666, 3807.4164666666666, 3807.4171]","[65, 105, 80, 56, 65, 64, 80, 65, 61, 16, 80, 65, 63, 56, 80, 65, 156, 98, 87, 80, 16, 64, 56, 61, 120]"
3809.4012,3809.4204,3809.4352,3809.4176,5.636209011077881,0.034,"[3809.401533333333, 3809.402233333333, 3809.403, 3809.4053, 3809.405366666667, 3809.4077, 3809.4085333333337, 3809.409866666667, 3809.4104, 3809.4106, 3809.4112, 3809.4140666666663, 3809.4142333333334, 3809.416566666667, 3809.4166333333337, 3809.4176666666663, 3809.4193666666665, 3809.4199, 3809.4220333333337, 3809.4227666666666, 3809.423633333334, 3809.424533333334, 3809.4326666666666, 3809.4338]","[16, 61, 65, 16, 80, 65, 116, 16, 80, 119, 61, 16, 118, 80, 61, 16, 116, 65, 16, 80, 61, 65, 16, 80]"
3810.4308,3810.4404,3810.46,3810.4496,7.661327838897705,0.0292,"[3810.431566666666, 3810.431866666667, 3810.4319666666665, 3810.4320666666663, 3810.4323, 3810.4339, 3810.4373, 3810.4379, 3810.4381333333336, 3810.4384, 3810.4385666666662, 3810.4400666666666, 3810.4417, 3810.4427, 3810.4451, 3810.4459, 3810.4461, 3810.4463666666666, 3810.449033333334, 3810.4492, 3810.4510666666665, 3810.4512666666665, 3810.452366666667, 3810.4531, 3810.4546666666665, 3810.4548666666665, 3810.454966666666, 3810.455033333333, 3810.457066666667, 3810.4574333333335, 3810.4585333333334, 3810.4592333333335]","[61, 80, 56, 87, 16, 118, 61, 80, 56, 65, 16, 80, 61, 16, 65, 80, 56, 16, 80, 16, 61, 65, 56, 119, 80, 16, 65, 116, 65, 80, 61, 149]"
3819.012,3819.0212,3819.0496,3819.0232,8.860359191894531,0.0376,"[3819.0133, 3819.0139, 3819.015133333334, 3819.016633333333, 3819.0168, 3819.017766666667, 3819.018466666667, 3819.0191666666665, 3819.019266666666, 3819.0202, 3819.0221333333334, 3819.0234333333337, 3819.023966666666, 3819.024, 3819.0242, 3819.0252, 3819.0254666666665, 3819.0278333333335, 3819.028, 3819.0292, 3819.030833333333, 3819.031266666667, 3819.0316, 3819.0316333333335, 3819.0318666666662, 3819.0327, 3819.033033333333, 3819.0334333333335, 3819.0352333333335, 3819.0354333333335, 3819.036166666667, 3819.037466666666, 3819.037566666667, 3819.037766666667, 3819.038633333333, 3819.0389666666665, 3819.039133333333, 3819.0396, 3819.0401, 3819.0408333333335, 3819.0416333333337, 3819.0423, 3819.044833333334, 3819.0450666666666, 3819.0452333333337, 3819.047366666666, 3819.0477, 3819.0477, 3819.048133333333, 3819.048766666667, 3819.0495666666666]","[80, 56, 65, 80, 16, 149, 61, 80, 16, 65, 80, 171, 56, 16, 65, 120, 80, 80, 16, 65, 80, 164, 16, 56, 65, 168, 61, 80, 56, 65, 80, 16, 80, 65, 61, 80, 119, 65, 16, 116, 80, 61, 56, 16, 80, 138, 61, 65, 80, 16, 56]"
3819.4796,3819.4916,3819.502,3819.4908,8.022114753723145,0.0224,"[3819.480433333333, 3819.480433333333, 3819.4806, 3819.4810333333335, 3819.482433333333, 3819.4833, 3819.483433333334, 3819.485133333333, 3819.4858, 3819.486, 3819.4861666666666, 3819.487566666666, 3819.489633333333, 3819.4916, 3819.4917, 3819.4927333333335, 3819.493466666667, 3819.4971333333337, 3819.4990333333335, 3819.4993, 3819.500666666667, 3819.5008333333335]","[80, 61, 119, 16, 80, 149, 65, 105, 80, 16, 56, 138, 80, 149, 16, 65, 56, 164, 16, 80, 65, 56]"
3821.59,3821.602,3821.6568,3821.6012,7.820510387420654,0.0668,"[3821.590833333333, 3821.5908666666664, 3821.5911666666666, 3821.5936, 3821.5949, 3821.595066666667, 3821.5953, 3821.597266666666, 3821.598, 3821.5997, 3821.599966666666, 3821.600133333334, 3821.6013, 3821.6021333333338, 3821.603666666667, 3821.6052666666665, 3821.6052666666665, 3821.607666666667, 3821.609333333334, 3821.610766666666, 3821.6122666666665, 3821.6131666666665, 3821.6152666666662, 3821.6165, 3821.619066666666, 3821.62, 3821.6207666666664, 3821.6227, 3821.622833333334, 3821.6228666666666, 3821.623233333333, 3821.6255666666666, 3821.6294333333335, 3821.6299, 3821.630833333333, 3821.6314333333335, 3821.632733333334, 3821.6330333333335, 3821.6331, 3821.636033333333, 3821.6365, 3821.6376, 3821.6406333333334, 3821.6426, 3821.6433333333334, 3821.6445, 3821.645933333333, 3821.646833333333, 3821.6493666666665, 3821.6511333333337, 3821.652]","[65, 80, 138, 80, 56, 16, 87, 65, 80, 16, 56, 159, 80, 138, 61, 80, 65, 116, 80, 16, 56, 65, 80, 16, 56, 65, 80, 65, 61, 16, 80, 65, 56, 61, 65, 16, 56, 159, 80, 16, 80, 116, 65, 16, 65, 61, 56, 98, 16, 80, 65]"
3822.7224,3822.7364,3822.7532,3822.7352,3.5716712474823,0.0308,"[3822.7278666666666, 3822.7283, 3822.7314, 3822.7315, 3822.735166666667, 3822.736733333333, 3822.743966666667, 3822.744, 3822.7513, 3822.7519666666662]","[61, 116, 61, 16, 136, 61, 61, 80, 116, 149]"
3823.2144,3823.2468,3823.2712,3823.2472,11.07730197906494,0.0568,"[3823.215233333334, 3823.2156, 3823.216866666666, 3823.2175333333334, 3823.2178, 3823.218066666667, 3823.2197, 3823.2209333333335, 3823.2213333333334, 3823.2219666666665, 3823.2239, 3823.224, 3823.224166666667, 3823.2244, 3823.227266666667, 3823.227933333333, 3823.229066666667, 3823.2292, 3823.23, 3823.230366666666, 3823.233366666667, 3823.2334666666666, 3823.234066666667, 3823.234933333333, 3823.2354, 3823.2356, 3823.237833333333, 3823.2381, 3823.238333333333, 3823.238966666667, 3823.241, 3823.2416, 3823.2438666666662, 3823.244, 3823.244133333333, 3823.2468, 3823.2470333333335, 3823.248, 3823.2498, 3823.2507333333338, 3823.252033333333, 3823.2524, 3823.2526, 3823.253, 3823.2537666666663, 3823.253966666666, 3823.2551333333336, 3823.255766666666, 3823.256033333333, 3823.257566666666, 3823.2582, 3823.2592, 3823.259366666666, 3823.261, 3823.261233333333, 3823.261433333333, 3823.2616333333335, 3823.263133333334, 3823.2637, 3823.264133333333, 3823.2645666666663, 3823.266866666667, 3823.2669, 3823.2673, 3823.2701666666662, 3823.270366666666]","[80, 119, 65, 61, 148, 16, 80, 16, 65, 80, 148, 16, 65, 56, 80, 65, 16, 138, 80, 56, 80, 156, 65, 16, 80, 56, 65, 116, 80, 16, 80, 65, 80, 65, 56, 65, 80, 16, 65, 80, 65, 16, 80, 57, 57, 65, 16, 80, 61, 116, 57, 56, 65, 80, 119, 16, 65, 65, 116, 80, 61, 57, 80, 56, 80, 65]"
3825.6348,3825.6468,3825.6556,3825.6476,3.4535491466522217,0.0208,"[3825.6352, 3825.636266666667, 3825.6366333333335, 3825.638133333334, 3825.64, 3825.641833333333, 3825.642566666667, 3825.6432, 3825.644133333333, 3825.6443, 3825.6444, 3825.6444333333334, 3825.646266666666, 3825.6475333333337, 3825.6482666666666, 3825.6488, 3825.649033333333, 3825.6542]","[65, 80, 56, 65, 80, 65, 80, 56, 61, 16, 98, 80, 65, 80, 98, 16, 65, 116]"
3826.7296,3826.7512,3826.7644,3826.7488,9.382464408874512,0.0348,"[3826.7300666666665, 3826.7303333333334, 3826.7309666666665, 3826.7311666666665, 3826.7327666666665, 3826.7344, 3826.735833333333, 3826.737433333333, 3826.7386333333334, 3826.738766666667, 3826.7399, 3826.7437666666665, 3826.7438666666662, 3826.7438666666662, 3826.7439, 3826.7462, 3826.7464, 3826.746833333333, 3826.749966666667, 3826.7501, 3826.750233333333, 3826.750533333334, 3826.7508333333335, 3826.752466666667, 3826.7535, 3826.7543333333338, 3826.7546666666663, 3826.7555666666663, 3826.7559666666666, 3826.7575333333334, 3826.757666666667, 3826.758966666667, 3826.7621, 3826.762433333334, 3826.7626333333337, 3826.763233333333]","[56, 80, 65, 61, 16, 80, 65, 56, 80, 136, 168, 65, 80, 56, 16, 154, 65, 80, 61, 65, 16, 80, 56, 116, 80, 154, 65, 16, 61, 56, 80, 65, 65, 61, 16, 80]"
3826.9744,3826.9852,3826.9956,3826.9852,6.529354572296143,0.0212,"[3826.9766666666665, 3826.9769666666666, 3826.977733333333, 3826.977766666667, 3826.9794, 3826.979566666667, 3826.9801333333335, 3826.9806, 3826.9834, 3826.9844, 3826.9846666666663, 3826.9847666666665, 3826.9854666666665, 3826.9857333333334, 3826.9867, 3826.9881333333337, 3826.9884, 3826.989433333333, 3826.9923, 3826.992566666667, 3826.9926, 3826.9926333333337, 3826.9929, 3826.993166666666, 3826.995033333333]","[154, 61, 65, 80, 56, 16, 65, 80, 65, 56, 60, 80, 61, 16, 163, 80, 65, 16, 80, 60, 56, 65, 16, 61, 159]"
3827.3756,3827.3888,3827.4064,3827.3896,5.316967964172363,0.0308,"[3827.377266666667, 3827.3794333333335, 3827.380933333334, 3827.3816333333334, 3827.3823333333335, 3827.3829666666666, 3827.3839333333335, 3827.387833333333, 3827.3903666666665, 3827.3905, 3827.3914, 3827.3943, 3827.3949666666663, 3827.3956333333335, 3827.3975666666665, 3827.3976333333335, 3827.399, 3827.4031, 3827.4050666666662, 3827.4051, 3827.4063666666666]","[80, 16, 159, 116, 80, 61, 65, 80, 56, 65, 16, 80, 65, 149, 56, 80, 16, 149, 65, 56, 80]"
3827.5764,3827.586,3827.5972,3827.5864,6.5157904624938965,0.0208,"[3827.5792, 3827.5792333333334, 3827.5796666666665, 3827.5803, 3827.5807666666665, 3827.5862333333334, 3827.586466666666, 3827.5868, 3827.5874, 3827.5887333333335, 3827.5905333333335, 3827.5912333333335, 3827.5917, 3827.5935, 3827.593966666667, 3827.594866666667, 3827.596666666667]","[60, 61, 65, 56, 80, 80, 61, 65, 56, 65, 56, 16, 80, 65, 61, 16, 56]"
3827.804,3827.8156,3827.8344,3827.8128,8.04807186126709,0.0304,"[3827.8061, 3827.8063333333334, 3827.806733333334, 3827.8094, 3827.810933333333, 3827.811166666667, 3827.8136, 3827.8141666666666, 3827.8150333333338, 3827.815566666666, 3827.8159333333338, 3827.817533333334, 3827.8187, 3827.82, 3827.8204, 3827.820966666666, 3827.8220666666666, 3827.8224333333337, 3827.8231333333338, 3827.824566666666, 3827.826733333334, 3827.8272333333334, 3827.8287, 3827.8332, 3827.833866666667]","[16, 80, 61, 116, 65, 80, 61, 56, 80, 16, 65, 80, 116, 16, 56, 65, 63, 80, 56, 120, 61, 80, 56, 16, 80]"
3828.0096,3828.03,3828.0372,3828.0272,4.834548473358154,0.0276,"[3828.010266666666, 3828.0117, 3828.0118666666663, 3828.0120333333334, 3828.012366666667, 3828.0135666666665, 3828.013933333333, 3828.0158666666666, 3828.0179333333335, 3828.0190333333335, 3828.0190333333335, 3828.0197, 3828.0221, 3828.0234333333337, 3828.0255333333334, 3828.0296, 3828.0298666666663, 3828.033266666667, 3828.0339, 3828.034866666667, 3828.0354333333335]","[66, 16, 87, 80, 61, 56, 65, 80, 65, 80, 61, 16, 116, 80, 65, 80, 16, 65, 80, 61, 16]"
3828.2556,3828.2652,3828.2904,3828.266,7.134167671203613,0.0348,"[3828.2558, 3828.256933333333, 3828.256966666667, 3828.257433333333, 3828.2577, 3828.2606, 3828.2609, 3828.261466666667, 3828.2620333333334, 3828.2622666666666, 3828.262833333333, 3828.2628666666665, 3828.2634, 3828.2641, 3828.2665, 3828.267766666667, 3828.2680333333337, 3828.269566666667, 3828.2709, 3828.271266666666, 3828.2722, 3828.2726333333335, 3828.273066666666, 3828.2746, 3828.2764666666662, 3828.2779666666665, 3828.2791, 3828.2827666666662, 3828.2845666666663, 3828.288, 3828.2886, 3828.2901]","[168, 80, 65, 16, 61, 16, 65, 80, 56, 61, 16, 87, 65, 80, 16, 56, 80, 138, 16, 80, 56, 65, 16, 80, 56, 16, 65, 16, 61, 65, 16, 116]"
3829.3096,3829.3196,3829.3304,3829.32,7.227250099182129,0.0208,"[3829.312033333333, 3829.3126666666662, 3829.3129, 3829.3141666666666, 3829.3159333333338, 3829.3161, 3829.3162333333335, 3829.316966666667, 3829.317, 3829.3177666666666, 3829.3186666666666, 3829.3189, 3829.3193, 3829.3196333333335, 3829.3197333333337, 3829.3200333333334, 3829.3202666666666, 3829.3206, 3829.322766666666, 3829.322933333334, 3829.3231333333338, 3829.3243666666663, 3829.3256, 3829.3259, 3829.3263333333334, 3829.3263333333334, 3829.3263333333334, 3829.3269, 3829.329566666667, 3829.3296666666665]","[65, 80, 56, 16, 65, 80, 61, 16, 154, 56, 65, 87, 80, 16, 64, 61, 154, 56, 80, 65, 16, 56, 80, 65, 61, 16, 105, 148, 65, 80]"
3829.3504,3829.364,3829.3872,3829.3644,8.402294158935547,0.0368,"[3829.350966666667, 3829.3523, 3829.3529, 3829.3534, 3829.354733333333, 3829.3551666666663, 3829.3555, 3829.356133333333, 3829.357533333334, 3829.359333333334, 3829.3600666666666, 3829.3605666666663, 3829.3611666666666, 3829.3628, 3829.363, 3829.3640666666665, 3829.364733333334, 3829.365566666667, 3829.3658666666665, 3829.3659666666663, 3829.366033333333, 3829.367133333333, 3829.3672333333334, 3829.3673, 3829.3683666666666, 3829.369833333333, 3829.3699, 3829.3701, 3829.3716666666664, 3829.371866666667, 3829.371933333334, 3829.3748, 3829.3748333333338, 3829.3749333333335, 3829.3761, 3829.3765, 3829.377166666666, 3829.3777, 3829.3778, 3829.3782, 3829.379866666666, 3829.380633333333, 3829.380766666666, 3829.381933333333, 3829.382666666667, 3829.3869]","[16, 143, 80, 65, 116, 16, 80, 65, 118, 65, 56, 80, 116, 65, 16, 80, 56, 118, 61, 16, 65, 143, 116, 80, 16, 65, 61, 80, 65, 16, 80, 56, 16, 65, 80, 118, 16, 116, 65, 80, 16, 65, 56, 80, 16, 80]"
3829.9548,3829.98,3829.994,3829.9812,6.155967712402344,0.0392,"[3829.955066666667, 3829.9554, 3829.955933333333, 3829.9598666666666, 3829.961466666666, 3829.9640666666664, 3829.9651, 3829.965366666667, 3829.967633333333, 3829.967866666667, 3829.971233333333, 3829.9717666666666, 3829.9720333333335, 3829.9724666666666, 3829.9726, 3829.9736333333335, 3829.975066666667, 3829.9766, 3829.9771333333338, 3829.9778, 3829.9794333333334, 3829.9814, 3829.982533333334, 3829.9831, 3829.9854666666665, 3829.9870666666666, 3829.988733333333, 3829.9888666666666, 3829.989, 3829.989633333333, 3829.9899333333337, 3829.9899666666665, 3829.9900666666663, 3829.993966666667]","[16, 80, 65, 16, 65, 120, 65, 80, 16, 56, 65, 80, 64, 56, 16, 65, 61, 80, 65, 116, 16, 80, 61, 16, 65, 16, 63, 80, 56, 64, 16, 65, 61, 80]"
3831.4296,3831.448,3831.4568,3831.4512,6.2537522315979,0.0272,"[3831.4296, 3831.4304, 3831.4331333333334, 3831.4331333333334, 3831.433366666666, 3831.4338333333335, 3831.4360333333334, 3831.438, 3831.4384, 3831.438633333333, 3831.439766666667, 3831.4402, 3831.4411333333337, 3831.4413, 3831.443566666667, 3831.4445333333338, 3831.4455, 3831.4462, 3831.4469, 3831.448833333334, 3831.4490666666666, 3831.4506, 3831.4511666666663, 3831.4515, 3831.4535, 3831.4546666666665, 3831.4555]","[65, 120, 80, 16, 65, 56, 80, 16, 61, 56, 80, 65, 105, 16, 80, 61, 65, 56, 16, 116, 80, 16, 65, 61, 16, 56, 80]"
3831.4808,3831.5016,3831.5072,3831.5052,4.143128871917725,0.0264,"[3831.4851, 3831.4856666666665, 3831.4856666666665, 3831.485766666666, 3831.4864, 3831.487933333334, 3831.4892, 3831.489866666667, 3831.4899666666665, 3831.4908666666665, 3831.4929333333334, 3831.493, 3831.493333333334, 3831.4944, 3831.495866666666, 3831.4965, 3831.4976, 3831.4981333333335, 3831.4983, 3831.5002666666664, 3831.5003333333334, 3831.5014]","[65, 61, 149, 80, 16, 56, 120, 80, 16, 140, 16, 56, 80, 171, 65, 80, 171, 16, 87, 138, 61, 56]"
3831.8628,3831.8792,3831.892,3831.8808,7.309543609619141,0.0292,"[3831.863466666666, 3831.8635, 3831.8641, 3831.8642, 3831.8654333333334, 3831.8663333333334, 3831.867166666667, 3831.8675333333335, 3831.8676333333337, 3831.8697333333334, 3831.8704, 3831.8725, 3831.8726333333334, 3831.872966666667, 3831.873433333333, 3831.876333333333, 3831.8767333333335, 3831.8770666666665, 3831.877333333334, 3831.879066666667, 3831.879133333334, 3831.8794, 3831.8796, 3831.880366666667, 3831.881833333334, 3831.8823666666663, 3831.882566666666, 3831.8849333333337, 3831.887333333333, 3831.889233333334, 3831.889833333333, 3831.890033333333, 3831.8902333333335]","[16, 65, 159, 171, 80, 56, 65, 171, 16, 65, 56, 80, 65, 118, 16, 61, 65, 80, 16, 65, 168, 148, 116, 80, 65, 16, 56, 116, 65, 16, 80, 61, 56]"
3833.1364,3833.1428,3833.1592,3833.14,3.7400095462799072,0.0228,"[3833.138466666667, 3833.1391, 3833.139166666667, 3833.140733333333, 3833.140766666667, 3833.141933333334, 3833.1429, 3833.146433333334, 3833.1467, 3833.1471333333334, 3833.1474, 3833.150866666667, 3833.1519, 3833.151966666667, 3833.1520666666665, 3833.153533333333, 3833.1568, 3833.158, 3833.158]","[80, 16, 65, 56, 61, 80, 65, 16, 80, 56, 65, 16, 149, 65, 80, 56, 16, 80, 65]"
3833.4752,3833.4808,3833.506,3833.4828,3.9270856380462646,0.0308,"[3833.477733333333, 3833.4782333333337, 3833.4785, 3833.4792666666663, 3833.4811, 3833.482266666667, 3833.482333333334, 3833.482666666667, 3833.4827, 3833.4841, 3833.4843, 3833.4845666666665, 3833.485233333334, 3833.4856, 3833.4874666666665, 3833.4876, 3833.487933333334, 3833.4889, 3833.4899, 3833.4908, 3833.491266666667, 3833.4917333333337, 3833.492833333333, 3833.494166666667, 3833.4942666666666, 3833.4966, 3833.496933333334, 3833.4995, 3833.5011666666664, 3833.5015, 3833.5052666666666, 3833.5054]","[65, 80, 61, 16, 65, 80, 16, 87, 61, 16, 116, 56, 119, 80, 138, 60, 61, 80, 16, 65, 56, 87, 80, 16, 65, 61, 16, 56, 118, 80, 65, 87]"
3844.8148,3844.8312,3844.9296,3844.8576,7.892425537109375,0.1148,"[3844.8154, 3844.8169333333335, 3844.8175, 3844.820366666667, 3844.821466666667, 3844.8215, 3844.821966666667, 3844.825633333334, 3844.8265666666666, 3844.8277, 3844.8277333333335, 3844.8283333333334, 3844.8288666666663, 3844.829, 3844.8307, 3844.834333333333, 3844.834533333333, 3844.8362333333334, 3844.8377, 3844.8414, 3844.8416666666662, 3844.8437, 3844.8442, 3844.8448333333336, 3844.8450333333335, 3844.8469666666665, 3844.8470333333335, 3844.8486333333335, 3844.8504333333335, 3844.8509, 3844.8516, 3844.8516666666665, 3844.851766666666, 3844.852766666667, 3844.8555666666666, 3844.8567333333335, 3844.856766666667, 3844.8571333333334, 3844.858333333333, 3844.8584666666666, 3844.859066666667, 3844.8605, 3844.8616333333334, 3844.8631333333337, 3844.8670666666662, 3844.8677, 3844.8679, 3844.868033333333, 3844.868233333333, 3844.869966666666, 3844.8715666666662, 3844.8739333333338, 3844.8741666666665, 3844.8746, 3844.877466666667, 3844.8775333333338, 3844.878166666667, 3844.8782, 3844.8784333333338, 3844.8820333333338, 3844.8832666666663, 3844.884433333333, 3844.8845666666666, 3844.8854, 3844.885566666667, 3844.885766666667, 3844.8862, 3844.887833333333, 3844.8901666666666, 3844.890266666667, 3844.8908666666666, 3844.8923, 3844.8938, 3844.8949, 3844.895933333333, 3844.8965, 3844.8967, 3844.897233333333, 3844.8973, 3844.8985666666663, 3844.9004, 3844.9008, 3844.902666666667, 3844.903133333333, 3844.903633333334, 3844.903766666667, 3844.9038333333338, 3844.9046, 3844.9047, 3844.9055333333336, 3844.907233333334, 3844.9077, 3844.9097, 3844.910266666667, 3844.911433333333, 3844.912466666666, 3844.9126666666666, 3844.914333333333, 3844.9150666666665, 3844.9163, 3844.9177666666665, 3844.9183, 3844.9185, 3844.9189, 3844.9191, 3844.919266666667, 3844.919966666667, 3844.9200666666666, 3844.923366666667, 3844.9245, 3844.9253, 3844.9256333333337, 3844.9258666666665, 3844.9285666666665]","[56, 80, 98, 65, 61, 16, 80, 136, 65, 80, 16, 116, 135, 61, 56, 159, 16, 65, 80, 16, 56, 80, 16, 105, 65, 64, 80, 16, 80, 65, 56, 61, 118, 16, 80, 65, 56, 16, 119, 61, 87, 80, 65, 16, 118, 65, 16, 61, 119, 80, 65, 80, 56, 16, 65, 16, 61, 118, 148, 65, 80, 61, 16, 87, 65, 138, 80, 119, 56, 98, 65, 80, 16, 65, 98, 80, 65, 159, 148, 16, 80, 65, 141, 163, 57, 98, 80, 61, 16, 65, 80, 56, 141, 65, 80, 16, 163, 87, 98, 141, 65, 163, 61, 56, 16, 80, 87, 135, 65, 64, 61, 56, 141, 87]"
3845.7276,3845.7372,3845.7488,3845.7396,4.019753932952881,0.0212,"[3845.7282333333337, 3845.7282666666665, 3845.7300333333337, 3845.731133333333, 3845.7323666666666, 3845.7328333333335, 3845.733333333333, 3845.7350333333334, 3845.735133333333, 3845.7376, 3845.737633333333, 3845.7381, 3845.740333333333, 3845.7405, 3845.7413, 3845.7428666666665, 3845.743066666667, 3845.745, 3845.7463666666663, 3845.7466666666664, 3845.7472333333335]","[65, 56, 80, 16, 56, 65, 80, 16, 65, 80, 65, 87, 66, 80, 16, 65, 56, 80, 61, 16, 65]"
3845.8872,3845.9144,3845.9268,3845.91,7.535834789276123,0.0396,"[3845.8884, 3845.8889, 3845.8895333333335, 3845.889633333333, 3845.8908333333334, 3845.8926333333334, 3845.893566666666, 3845.893633333333, 3845.8950666666665, 3845.896433333334, 3845.8986, 3845.8998333333334, 3845.900866666667, 3845.9019333333335, 3845.9033666666664, 3845.9048333333335, 3845.906166666666, 3845.906266666667, 3845.9065, 3845.9093, 3845.910666666666, 3845.9119666666666, 3845.9124333333334, 3845.914766666667, 3845.9169, 3845.9173, 3845.9189, 3845.9189666666666, 3845.9193666666665, 3845.9222, 3845.923333333333, 3845.923766666667, 3845.9241333333334]","[65, 80, 64, 16, 105, 87, 80, 65, 61, 80, 56, 65, 80, 164, 56, 80, 16, 65, 56, 61, 65, 16, 80, 80, 65, 120, 80, 16, 61, 80, 65, 87, 56]"
3846.0764,3846.0936,3846.1088,3846.096,5.070505619049072,0.0324,"[3846.077366666667, 3846.078, 3846.0789, 3846.0806, 3846.0826333333334, 3846.0830666666666, 3846.085466666667, 3846.086533333333, 3846.088566666667, 3846.0901, 3846.0901, 3846.0904333333337, 3846.093333333333, 3846.0934, 3846.0944, 3846.0968, 3846.0975333333336, 3846.098266666667, 3846.0997333333335, 3846.1012666666666, 3846.1031, 3846.1041333333337, 3846.1042, 3846.1042666666663, 3846.1048666666666, 3846.1058, 3846.1076333333335]","[65, 16, 80, 65, 16, 80, 16, 56, 65, 80, 56, 16, 65, 16, 80, 56, 16, 65, 80, 168, 149, 80, 16, 61, 65, 56, 64]"
3847.9048,3847.9252,3847.9308,3847.9264,2.988159418106079,0.026,"[3847.906033333333, 3847.9073, 3847.9081, 3847.9092333333338, 3847.9108, 3847.9128333333338, 3847.9130333333337, 3847.9135, 3847.913533333334, 3847.9137333333338, 3847.9158, 3847.916566666667, 3847.9177, 3847.918133333333, 3847.919266666667, 3847.920433333333, 3847.921466666666, 3847.921833333334, 3847.9220666666665, 3847.9222, 3847.9241333333334, 3847.9248333333335, 3847.9252, 3847.9252, 3847.925433333334, 3847.926933333333, 3847.927833333333, 3847.928033333333, 3847.9286666666662, 3847.9295333333334, 3847.930333333333]","[80, 65, 16, 80, 56, 80, 65, 16, 87, 61, 65, 80, 16, 80, 116, 65, 80, 56, 64, 65, 87, 61, 80, 65, 56, 16, 156, 163, 56, 65, 98]"
3850.2004,3850.2112,3850.2632,3850.21,8.938200950622559,0.0628,"[3850.2026, 3850.2032, 3850.2035666666666, 3850.2051, 3850.205233333333, 3850.2067333333334, 3850.2085333333334, 3850.2092, 3850.2094333333334, 3850.211333333333, 3850.2152, 3850.2159333333334, 3850.2163, 3850.2179666666666, 3850.218533333333, 3850.2189, 3850.2191333333335, 3850.2206, 3850.2211666666662, 3850.222433333334, 3850.2227, 3850.224366666667, 3850.2262333333338, 3850.226766666666, 3850.2269, 3850.2278, 3850.2282666666665, 3850.2293666666665, 3850.230466666667, 3850.2309333333337, 3850.231433333334, 3850.234266666667, 3850.2348333333334, 3850.236733333333, 3850.2373666666663, 3850.237766666666, 3850.2379666666666, 3850.241033333333, 3850.2414, 3850.2428, 3850.2448, 3850.2466, 3850.2471, 3850.2472333333335, 3850.247833333334, 3850.2484, 3850.2498666666665, 3850.2503333333334, 3850.2523666666666, 3850.2527, 3850.255, 3850.2554, 3850.2572333333337, 3850.2580333333335, 3850.259, 3850.2602, 3850.2606, 3850.2622666666666, 3850.262966666666]","[118, 80, 65, 16, 80, 56, 80, 65, 61, 80, 65, 56, 16, 80, 65, 61, 16, 80, 66, 65, 16, 80, 65, 16, 60, 80, 61, 66, 65, 80, 16, 65, 80, 65, 61, 80, 56, 65, 80, 56, 80, 65, 56, 80, 16, 65, 80, 61, 16, 56, 65, 80, 80, 16, 65, 56, 116, 80, 61]"
3852.16,3852.1676,3852.1888,3852.1644,5.266519069671631,0.0288,"[3852.1608, 3852.160833333334, 3852.1612666666665, 3852.1629, 3852.1656333333335, 3852.1656333333335, 3852.166966666666, 3852.1671, 3852.1673666666666, 3852.1689, 3852.1689666666666, 3852.1691666666666, 3852.169766666667, 3852.170866666667, 3852.1720666666665, 3852.1722, 3852.1726, 3852.1733, 3852.177833333333, 3852.1781, 3852.1785, 3852.183033333333, 3852.1838, 3852.1853666666666, 3852.1856333333335]","[16, 65, 80, 56, 80, 65, 65, 80, 56, 80, 65, 16, 138, 61, 149, 56, 80, 65, 56, 80, 16, 16, 80, 65, 61]"
3856.128,3856.1408,3856.1532,3856.14,5.7317914962768555,0.0252,"[3856.1285, 3856.1298, 3856.133466666666, 3856.133566666667, 3856.1336666666666, 3856.134, 3856.1342666666665, 3856.1352333333334, 3856.138133333334, 3856.1386333333335, 3856.1393, 3856.1411, 3856.1416, 3856.143666666667, 3856.1449333333335, 3856.1478, 3856.1485666666663, 3856.1500666666666]","[65, 80, 65, 16, 80, 116, 56, 61, 80, 65, 118, 61, 56, 80, 65, 16, 56, 116]"
3856.6956,3856.7056,3856.7188,3856.7016,7.759442329406738,0.0232,"[3856.6977, 3856.6979, 3856.6993333333335, 3856.6993333333335, 3856.7, 3856.704433333334, 3856.7045333333335, 3856.704966666666, 3856.7072333333335, 3856.7074, 3856.7104, 3856.7118666666665, 3856.712266666667, 3856.712366666666, 3856.7136, 3856.7154, 3856.7158666666664, 3856.7159, 3856.7161, 3856.717433333333, 3856.717633333333, 3856.717866666667]","[56, 80, 98, 65, 80, 56, 80, 65, 16, 65, 56, 16, 56, 119, 171, 80, 98, 16, 65, 56, 61, 80]"
3856.8676,3856.8828,3856.9132,3856.8868,4.890344142913818,0.0456,"[3856.8684, 3856.871866666667, 3856.8728, 3856.8731, 3856.8741666666665, 3856.877933333333, 3856.8788666666665, 3856.8809666666666, 3856.8809666666666, 3856.8819, 3856.881966666667, 3856.8828, 3856.8846, 3856.8859, 3856.8865666666666, 3856.887, 3856.887166666667, 3856.8877333333335, 3856.888133333334, 3856.8886333333335, 3856.8892666666666, 3856.8894, 3856.8908333333334, 3856.891433333333, 3856.892666666666, 3856.8945, 3856.8966, 3856.8976333333335, 3856.897733333333, 3856.899866666666, 3856.899866666666, 3856.899966666667, 3856.900766666666, 3856.9016333333334, 3856.9019, 3856.9020333333337, 3856.9022666666665, 3856.902866666667, 3856.903566666667, 3856.9045, 3856.9065666666665, 3856.9066333333335, 3856.9069, 3856.9086666666662, 3856.9102, 3856.9108666666666, 3856.9110333333338, 3856.911566666666, 3856.911866666667]","[16, 65, 56, 164, 80, 65, 80, 149, 16, 56, 61, 80, 65, 149, 16, 119, 65, 80, 61, 16, 16, 64, 65, 116, 80, 65, 64, 80, 16, 116, 65, 80, 149, 61, 16, 65, 63, 87, 80, 56, 61, 65, 149, 16, 119, 56, 65, 87, 16]"
3857.7552,3857.7644,3857.778,3857.7644,6.434506416320801,0.0228,"[3857.7556, 3857.7579666666666, 3857.758, 3857.7591, 3857.7593, 3857.7603, 3857.7606, 3857.762, 3857.7637666666665, 3857.764166666667, 3857.7646666666665, 3857.764833333333, 3857.765, 3857.7654, 3857.7677, 3857.7679333333335, 3857.769, 3857.7694333333334, 3857.7697333333335, 3857.770366666666, 3857.7708666666663, 3857.771366666667, 3857.772033333333, 3857.7723666666666, 3857.776]","[16, 80, 65, 163, 16, 61, 65, 80, 16, 163, 164, 56, 80, 65, 65, 163, 80, 61, 87, 16, 138, 65, 80, 156, 159]"
3858.836,3858.858,3858.8752,3858.8588,5.5677971839904785,0.0392,"[3858.8371, 3858.8384, 3858.8384666666666, 3858.8389333333334, 3858.8396666666663, 3858.8404, 3858.8405666666663, 3858.8407666666662, 3858.8411666666666, 3858.8413666666665, 3858.8427333333334, 3858.843066666667, 3858.8435666666664, 3858.845466666666, 3858.846533333334, 3858.848266666667, 3858.849233333334, 3858.8499333333334, 3858.8509, 3858.851866666667, 3858.852533333333, 3858.8538, 3858.853866666667, 3858.8541666666665, 3858.8542666666663, 3858.854566666667, 3858.8552666666665, 3858.8562, 3858.8562333333334, 3858.8579, 3858.8580333333334, 3858.8584, 3858.8587333333335, 3858.8587666666663, 3858.859333333334, 3858.8604333333337, 3858.8616, 3858.8625333333334, 3858.8634333333334, 3858.8638666666666, 3858.8639333333335, 3858.8640333333337, 3858.864466666667, 3858.865566666667, 3858.8684333333335, 3858.8686333333335, 3858.8692, 3858.8721666666665, 3858.8731333333335, 3858.8738, 3858.8740666666663, 3858.8748333333338]","[80, 65, 16, 56, 80, 65, 64, 16, 61, 87, 56, 80, 65, 148, 80, 65, 80, 16, 61, 56, 80, 65, 61, 16, 120, 148, 56, 80, 65, 16, 87, 61, 80, 149, 65, 56, 80, 65, 61, 80, 16, 56, 65, 64, 56, 65, 16, 65, 80, 16, 61, 87]"
3860.2652,3860.2828,3860.2896,3860.2816,5.352406024932861,0.0244,"[3860.2663, 3860.266933333334, 3860.2669666666666, 3860.2671333333337, 3860.2674, 3860.2701666666662, 3860.2716, 3860.2727, 3860.273866666667, 3860.2742333333335, 3860.2755333333334, 3860.2764333333334, 3860.279233333333, 3860.2805, 3860.2805, 3860.2819666666664, 3860.2834333333335, 3860.2839, 3860.2847, 3860.2862333333337, 3860.288466666667]","[80, 138, 16, 56, 65, 80, 116, 80, 143, 16, 56, 80, 16, 80, 98, 16, 80, 56, 65, 16, 65]"
3865.8068,3865.8136,3865.83,3865.8136,3.869011878967285,0.0232,"[3865.806866666667, 3865.8078333333337, 3865.813033333334, 3865.8133333333335, 3865.8134333333337, 3865.8136666666664, 3865.8142, 3865.8153666666663, 3865.8159, 3865.8178, 3865.818333333333, 3865.821133333334, 3865.822766666666, 3865.8243333333335, 3865.8250333333335, 3865.8258, 3865.826, 3865.8261, 3865.826666666667, 3865.828433333333, 3865.8288666666663, 3865.8297]","[80, 16, 138, 80, 65, 16, 60, 61, 80, 65, 56, 80, 65, 138, 56, 80, 65, 87, 16, 143, 80, 65]"
3866.1812,3866.1884,3866.2184,3866.1896,4.544620990753174,0.0372,"[3866.1823, 3866.1828333333337, 3866.185466666667, 3866.186, 3866.188766666666, 3866.189066666667, 3866.1892, 3866.1921666666663, 3866.1938666666665, 3866.196266666667, 3866.2004333333334, 3866.200466666666, 3866.200766666667, 3866.200833333334, 3866.2036, 3866.2040333333334, 3866.2052, 3866.2064666666665, 3866.207866666666, 3866.208433333333, 3866.209, 3866.210566666666, 3866.2133, 3866.2148, 3866.2155, 3866.2170666666666, 3866.2171, 3866.2183]","[80, 65, 16, 80, 65, 80, 98, 16, 56, 80, 80, 98, 16, 65, 98, 56, 80, 16, 80, 65, 64, 56, 61, 16, 98, 98, 80, 65]"
3894.9124,3894.9228,3894.9388,3894.9212,7.67264461517334,0.0264,"[3894.9136, 3894.9144, 3894.9146666666666, 3894.9148, 3894.9157, 3894.9176, 3894.918233333334, 3894.9194, 3894.9199, 3894.9203, 3894.9210333333335, 3894.921566666667, 3894.9225333333334, 3894.9225333333334, 3894.922866666667, 3894.9246, 3894.926166666666, 3894.9276666666665, 3894.9288, 3894.9288, 3894.928866666666, 3894.9306333333334, 3894.9314, 3894.931633333333, 3894.9318333333335, 3894.932, 3894.932333333333, 3894.932766666667, 3894.9333333333334, 3894.933533333334]","[98, 65, 141, 80, 16, 65, 57, 80, 16, 87, 65, 163, 80, 61, 56, 65, 16, 80, 56, 138, 65, 16, 120, 80, 116, 65, 141, 61, 56, 16]"
3895.988,3895.9948,3896.0156,3895.9972,3.3156330585479736,0.0276,"[3895.990566666667, 3895.9914, 3895.9924, 3895.9965666666662, 3895.9971, 3895.997333333333, 3895.9986, 3896.0018666666665, 3896.0027333333337, 3896.0030333333334, 3896.004066666667, 3896.007, 3896.0083, 3896.0087, 3896.0098333333335, 3896.010333333333, 3896.013866666666, 3896.013966666667, 3896.015]","[80, 65, 16, 80, 16, 64, 61, 80, 56, 16, 65, 61, 105, 56, 80, 159, 65, 61, 16]"
3896.1236,3896.1428,3896.1496,3896.1456,5.520876884460449,0.026,"[3896.123633333333, 3896.123866666667, 3896.1249, 3896.1267, 3896.127233333333, 3896.1284666666666, 3896.129133333334, 3896.1302333333338, 3896.1306, 3896.1345, 3896.1346, 3896.1347, 3896.1350666666663, 3896.1351666666665, 3896.135433333334, 3896.136666666667, 3896.1369666666665, 3896.139166666667, 3896.139833333333, 3896.1412333333337, 3896.141433333333, 3896.141633333333, 3896.1430666666665, 3896.1446666666666, 3896.1451666666662, 3896.145366666666, 3896.145533333334, 3896.1466333333337]","[80, 56, 16, 80, 65, 149, 61, 80, 65, 16, 87, 80, 56, 61, 65, 16, 149, 65, 80, 61, 56, 16, 80, 65, 87, 16, 61, 63]"
3898.7616,3898.7812,3898.7992,3898.782,5.8554558753967285,0.0376,"[3898.763, 3898.7640333333334, 3898.7645666666663, 3898.7653666666665, 3898.7661, 3898.7667333333334, 3898.7671333333337, 3898.7672666666663, 3898.7689, 3898.7690333333335, 3898.769366666667, 3898.7706, 3898.7714, 3898.7715, 3898.7723666666666, 3898.772733333333, 3898.773833333333, 3898.7741, 3898.774133333334, 3898.7750666666666, 3898.7759, 3898.7765, 3898.776766666667, 3898.7768666666666, 3898.777733333334, 3898.7783666666664, 3898.7786, 3898.7787, 3898.7791, 3898.7797, 3898.7800333333334, 3898.7806333333338, 3898.7813, 3898.7815, 3898.781666666667, 3898.781933333333, 3898.7824333333338, 3898.7845, 3898.785533333333, 3898.7872, 3898.7874333333334, 3898.7878, 3898.7881333333335, 3898.7887333333338, 3898.7892, 3898.7893, 3898.789366666667, 3898.791166666667, 3898.7931, 3898.7943, 3898.7946333333334, 3898.7978333333335, 3898.798266666666, 3898.798566666667]","[16, 61, 56, 120, 80, 65, 16, 136, 80, 56, 65, 16, 80, 65, 56, 16, 80, 61, 65, 63, 80, 56, 16, 65, 80, 61, 56, 66, 171, 80, 16, 63, 143, 65, 61, 56, 80, 65, 80, 16, 56, 80, 65, 16, 61, 56, 143, 80, 143, 80, 16, 16, 154, 65]"
3899.2624,3899.2756,3899.2956,3899.2748,3.469902276992798,0.0332,"[3899.264, 3899.264766666666, 3899.2673, 3899.270266666667, 3899.2705666666666, 3899.2716, 3899.2719666666662, 3899.2737666666662, 3899.2755666666662, 3899.2758, 3899.2763, 3899.2773333333334, 3899.277633333333, 3899.282366666667, 3899.2836333333335, 3899.286, 3899.287633333334, 3899.287966666667, 3899.29, 3899.294066666667, 3899.294966666667]","[56, 80, 65, 80, 16, 65, 56, 80, 65, 16, 80, 65, 56, 80, 56, 80, 65, 16, 80, 16, 80]"
3907.7876,3907.8144,3907.828,3907.8128,6.581598281860352,0.0404,"[3907.7901333333334, 3907.7905333333338, 3907.7905333333338, 3907.791966666666, 3907.792466666667, 3907.792866666666, 3907.7932666666666, 3907.794133333334, 3907.7944666666663, 3907.7961666666665, 3907.796466666666, 3907.7965, 3907.7977, 3907.7980333333335, 3907.7981, 3907.7992, 3907.799266666667, 3907.8, 3907.8009, 3907.801166666666, 3907.8034, 3907.8041, 3907.8043, 3907.8043666666663, 3907.8060333333337, 3907.8066, 3907.8067, 3907.8072666666662, 3907.8076, 3907.8080666666665, 3907.808233333333, 3907.808366666666, 3907.8089, 3907.81, 3907.811233333334, 3907.813166666667, 3907.8135666666662, 3907.8136, 3907.8137, 3907.8145666666665, 3907.815666666667, 3907.815866666667, 3907.816, 3907.8183, 3907.819333333334, 3907.8195666666666, 3907.820233333334, 3907.821266666667, 3907.8225333333335, 3907.8229, 3907.823966666667, 3907.8258666666666, 3907.8260666666665, 3907.8274666666666, 3907.8276]","[80, 65, 56, 61, 16, 56, 80, 65, 136, 80, 16, 56, 65, 80, 87, 154, 16, 61, 65, 80, 80, 65, 16, 56, 65, 154, 80, 165, 64, 16, 65, 80, 61, 56, 65, 16, 80, 65, 56, 61, 80, 16, 65, 154, 56, 16, 80, 65, 56, 16, 80, 16, 65, 80, 61]"
3908.9484,3908.9748,3909.0036,3908.9752,7.646991729736328,0.0552,"[3908.9488666666666, 3908.9494666666665, 3908.953233333333, 3908.9536, 3908.9538, 3908.9547, 3908.956066666666, 3908.9564, 3908.957, 3908.9590333333335, 3908.959333333333, 3908.959766666667, 3908.9607666666666, 3908.9628666666663, 3908.9631, 3908.964033333333, 3908.9643666666666, 3908.9658, 3908.967433333333, 3908.9691, 3908.9692666666665, 3908.969566666666, 3908.970066666667, 3908.9707333333336, 3908.9717, 3908.9720333333335, 3908.9725, 3908.972766666667, 3908.9728, 3908.976166666667, 3908.9764, 3908.976766666666, 3908.9769666666666, 3908.9781, 3908.979633333334, 3908.982233333333, 3908.982466666667, 3908.9834, 3908.983566666667, 3908.984, 3908.9843666666666, 3908.985366666667, 3908.9878, 3908.9883, 3908.988966666667, 3908.9922333333334, 3908.992366666667, 3908.9937666666665, 3908.9947, 3908.995733333333, 3908.995933333333, 3908.9962333333337, 3908.9963333333335, 3908.997833333334, 3908.9982666666665, 3909.0032666666666]","[16, 80, 65, 80, 56, 16, 61, 80, 87, 80, 65, 56, 16, 136, 135, 16, 80, 56, 65, 61, 80, 16, 136, 56, 61, 65, 138, 154, 80, 80, 65, 61, 16, 87, 56, 80, 65, 120, 61, 87, 56, 65, 80, 16, 135, 80, 56, 65, 16, 87, 80, 65, 61, 56, 16, 16]"
3909.2728,3909.2904,3909.3236,3909.2892,10.102115631103516,0.0508,"[3909.273366666667, 3909.2745, 3909.2749, 3909.2755333333334, 3909.275933333334, 3909.278633333334, 3909.279466666667, 3909.2795, 3909.2801, 3909.2808, 3909.2808666666665, 3909.281166666666, 3909.2812, 3909.2816, 3909.282066666666, 3909.2847333333334, 3909.2853333333337, 3909.2859333333336, 3909.2866, 3909.2867, 3909.290466666667, 3909.2908333333335, 3909.291, 3909.2932, 3909.2934333333337, 3909.2951, 3909.295433333333, 3909.2962, 3909.2969333333335, 3909.2980666666663, 3909.298566666667, 3909.2986, 3909.2987333333335, 3909.299433333333, 3909.3031666666666, 3909.3034666666663, 3909.3034666666663, 3909.3039, 3909.3041, 3909.3043, 3909.3054333333334, 3909.3074, 3909.3078333333337, 3909.3096666666665, 3909.3097333333335, 3909.3099666666662, 3909.3107, 3909.3107666666665, 3909.3116, 3909.3130666666666, 3909.3135, 3909.313866666667, 3909.3166666666666, 3909.3174, 3909.317533333334, 3909.317666666667, 3909.3177666666666, 3909.318533333333, 3909.318766666667, 3909.319666666667, 3909.320233333334, 3909.3224333333337]","[61, 65, 16, 80, 56, 16, 118, 80, 61, 105, 16, 56, 65, 80, 136, 80, 56, 65, 80, 16, 65, 56, 80, 65, 16, 87, 136, 16, 118, 80, 16, 56, 61, 116, 87, 16, 105, 136, 61, 65, 16, 80, 118, 65, 16, 87, 136, 61, 118, 16, 80, 56, 118, 171, 16, 80, 65, 63, 87, 16, 61, 116]"
3909.3452,3909.3652,3909.3704,3909.364,2.6722331047058105,0.0252,"[3909.345333333333, 3909.3454, 3909.3461, 3909.3471, 3909.347266666666, 3909.3479666666663, 3909.348, 3909.3495333333335, 3909.3513, 3909.3523666666665, 3909.3525, 3909.352966666667, 3909.353166666667, 3909.3537666666666, 3909.354733333333, 3909.3549, 3909.359266666667, 3909.3594333333335, 3909.3599, 3909.359966666667, 3909.3622333333337, 3909.3627, 3909.362866666667, 3909.363766666667, 3909.3640333333337, 3909.3660666666665, 3909.3666333333335, 3909.3688]","[16, 80, 56, 65, 61, 118, 16, 80, 65, 80, 16, 56, 65, 80, 16, 61, 16, 56, 80, 65, 80, 16, 87, 65, 63, 16, 56, 80]"
3910.4756,3910.488,3910.5,3910.49,7.196221351623535,0.0244,"[3910.477766666667, 3910.4783, 3910.4784, 3910.48, 3910.4801, 3910.4801666666663, 3910.483566666667, 3910.4844333333335, 3910.4909, 3910.492133333333, 3910.4924, 3910.4926333333337, 3910.4934333333335, 3910.4943, 3910.497966666667, 3910.4981, 3910.4982666666665, 3910.498566666666, 3910.4992333333334, 3910.4994, 3910.4999]","[80, 16, 65, 56, 87, 64, 65, 80, 61, 58, 159, 80, 65, 63, 16, 80, 120, 87, 65, 61, 16]"
3910.9124,3910.9188,3910.9328,3910.9168,4.335262298583984,0.0204,"[3910.9128, 3910.9168666666665, 3910.9169, 3910.917866666666, 3910.917933333333, 3910.9182, 3910.919266666667, 3910.9194666666663, 3910.9231666666665, 3910.9235, 3910.9238, 3910.925133333333, 3910.9257, 3910.925833333333, 3910.925833333333, 3910.9274333333337]","[65, 65, 60, 16, 56, 61, 119, 80, 16, 80, 65, 61, 16, 60, 65, 87]"
3911.0376,3911.056,3911.0644,3911.0548,4.046838283538818,0.0268,"[3911.0387666666666, 3911.0412666666666, 3911.0425333333337, 3911.0425666666665, 3911.043033333334, 3911.0454, 3911.0454, 3911.0455, 3911.048266666666, 3911.049033333333, 3911.0495, 3911.049533333334, 3911.0505333333335, 3911.0514333333335, 3911.051733333333, 3911.0521, 3911.0546, 3911.0547, 3911.0548, 3911.056633333333, 3911.0580666666665, 3911.0599666666662, 3911.0600666666664, 3911.0615333333335, 3911.0619, 3911.062, 3911.0626333333335, 3911.0634666666665]","[80, 65, 61, 16, 56, 65, 16, 80, 65, 159, 80, 61, 65, 16, 136, 80, 65, 80, 168, 16, 65, 80, 168, 65, 80, 16, 56, 65]"
3911.9988,3912.0228,3912.0332,3912.0244,7.694543361663818,0.0344,"[3911.999466666666, 3911.9997, 3912.0008333333335, 3912.0014666666666, 3912.0019666666662, 3912.002333333334, 3912.004033333333, 3912.0053, 3912.0055, 3912.0063, 3912.0070333333338, 3912.0073666666663, 3912.0080333333335, 3912.0082333333335, 3912.009, 3912.0103, 3912.012066666666, 3912.012166666667, 3912.0126333333337, 3912.0129333333334, 3912.012966666666, 3912.013233333333, 3912.013866666666, 3912.0143, 3912.0166, 3912.016933333334, 3912.0171666666665, 3912.0186, 3912.0197, 3912.020233333333, 3912.0212333333334, 3912.0214, 3912.0217666666663, 3912.0223, 3912.0224333333335, 3912.0253333333335, 3912.025766666666, 3912.026, 3912.0308666666665, 3912.0309, 3912.0317666666665, 3912.0323333333336, 3912.0327333333335]","[119, 159, 65, 80, 16, 61, 16, 56, 80, 143, 80, 65, 16, 116, 56, 80, 16, 65, 119, 143, 80, 116, 118, 141, 16, 80, 143, 65, 80, 143, 120, 56, 116, 16, 87, 65, 16, 80, 56, 65, 16, 80, 61]"
3912.1604,3912.1676,3912.1844,3912.1796,4.208558082580566,0.024,"[3912.1608, 3912.1609, 3912.1620333333335, 3912.1631666666663, 3912.1633333333334, 3912.163433333333, 3912.164266666666, 3912.1665333333335, 3912.1666666666665, 3912.1676, 3912.1678, 3912.1728333333335, 3912.1729, 3912.1739, 3912.1740666666665, 3912.1749, 3912.1785666666665, 3912.1795, 3912.1798, 3912.1801, 3912.1808666666666, 3912.1822, 3912.183, 3912.1838666666663, 3912.1839666666665]","[65, 80, 64, 65, 156, 80, 57, 56, 16, 65, 159, 80, 65, 56, 64, 63, 57, 61, 65, 56, 80, 87, 65, 159, 63]"
3914.39,3914.3976,3914.4144,3914.4096,5.854395389556885,0.0244,"[3914.3913666666663, 3914.3924, 3914.3931333333335, 3914.393666666667, 3914.3948333333337, 3914.3949, 3914.3962333333334, 3914.396433333334, 3914.3966666666665, 3914.3968666666665, 3914.3987, 3914.3998333333334, 3914.4015, 3914.401833333334, 3914.404033333333, 3914.4048, 3914.405133333333, 3914.405833333333, 3914.407166666667, 3914.4073, 3914.4088333333334, 3914.4097333333334, 3914.410766666667, 3914.4109333333336, 3914.4116, 3914.412066666667, 3914.4131666666663, 3914.4135]","[80, 16, 65, 136, 80, 16, 136, 61, 65, 135, 16, 80, 56, 61, 80, 16, 65, 105, 80, 16, 65, 80, 16, 61, 56, 119, 65, 16]"
3916.4816,3916.4908,3916.52,3916.4928,6.6078267097473145,0.0384,"[3916.4863, 3916.4868, 3916.4873333333335, 3916.488733333333, 3916.4917333333337, 3916.4919666666665, 3916.4927666666663, 3916.4935, 3916.4945333333335, 3916.495033333333, 3916.495033333333, 3916.496033333334, 3916.500666666667, 3916.5012333333334, 3916.5018, 3916.5023, 3916.502666666667, 3916.504266666667, 3916.5073666666663, 3916.508466666666, 3916.51, 3916.510333333333, 3916.510566666667, 3916.511166666666, 3916.513866666666, 3916.5145333333335, 3916.5149, 3916.5155, 3916.5179, 3916.5181666666663, 3916.519366666667, 3916.5194, 3916.5196666666666, 3916.5199666666663, 3916.52]","[16, 61, 80, 56, 65, 16, 64, 61, 80, 87, 159, 65, 61, 65, 80, 16, 64, 119, 118, 65, 61, 64, 80, 56, 87, 65, 80, 61, 116, 16, 80, 65, 64, 87, 56]"
3916.692,3916.7064,3916.752,3916.7056,4.3535027503967285,0.06,"[3916.692666666667, 3916.6935, 3916.6940666666665, 3916.694166666666, 3916.694666666667, 3916.6959, 3916.696066666667, 3916.6963666666666, 3916.6966, 3916.698, 3916.699733333334, 3916.7002666666663, 3916.7013, 3916.7018, 3916.7020333333335, 3916.7042666666666, 3916.7046, 3916.7048666666665, 3916.705933333333, 3916.705966666667, 3916.706133333333, 3916.7090333333335, 3916.7096333333334, 3916.7097, 3916.713266666666, 3916.7134, 3916.714233333333, 3916.7153333333335, 3916.7164333333335, 3916.7171, 3916.7173666666663, 3916.7218, 3916.721866666667, 3916.7219333333337, 3916.723233333333, 3916.725, 3916.7254, 3916.7264, 3916.727833333334, 3916.7282333333337, 3916.7298666666666, 3916.730866666667, 3916.731, 3916.733133333333, 3916.7339, 3916.7349, 3916.735866666667, 3916.736266666667, 3916.7366, 3916.7368333333334, 3916.7371, 3916.7377, 3916.740133333333, 3916.7402333333334, 3916.7406, 3916.7408333333337, 3916.741533333334, 3916.742133333333, 3916.742833333333, 3916.743, 3916.7437666666665, 3916.7469666666666, 3916.747333333333, 3916.7482, 3916.7483333333334, 3916.748433333333, 3916.7500666666665, 3916.7508333333335, 3916.7513]","[56, 80, 65, 61, 16, 80, 56, 138, 119, 116, 80, 56, 65, 16, 80, 138, 61, 65, 16, 56, 87, 80, 56, 65, 16, 61, 56, 165, 65, 80, 16, 56, 65, 80, 16, 80, 87, 65, 16, 56, 80, 61, 65, 56, 16, 80, 65, 56, 116, 61, 16, 80, 80, 65, 16, 171, 61, 56, 80, 16, 65, 80, 65, 56, 16, 171, 80, 65, 16]"
3916.9768,3916.998,3917.01,3916.9992,9.90112590789795,0.0332,"[3916.9771, 3916.977266666667, 3916.979333333333, 3916.980633333333, 3916.985166666667, 3916.985233333334, 3916.985233333334, 3916.985833333333, 3916.9868, 3916.9875, 3916.9879, 3916.988, 3916.988333333333, 3916.988333333333, 3916.9889, 3916.9893666666662, 3916.991666666667, 3916.9933666666666, 3916.9935, 3916.993966666667, 3916.9944, 3916.9945333333335, 3916.995133333334, 3916.995966666667, 3916.9967, 3916.9993666666664, 3916.9996666666666, 3917.000033333333, 3917.0000666666665, 3917.000666666667, 3917.0029666666665, 3917.0054333333337, 3917.0066333333334, 3917.0068666666666, 3917.0074, 3917.008066666667, 3917.0082333333335]","[57, 118, 65, 80, 61, 65, 118, 80, 56, 159, 65, 63, 80, 87, 16, 64, 65, 16, 61, 80, 116, 65, 56, 63, 64, 80, 65, 61, 118, 16, 56, 80, 65, 16, 116, 61, 80]"
3917.4316,3917.4396,3917.4532,3917.4364,6.815675258636475,0.0216,"[3917.431666666667, 3917.4328333333337, 3917.435333333334, 3917.4365666666663, 3917.4388, 3917.439, 3917.4401333333335, 3917.445333333333, 3917.4459, 3917.4463333333338, 3917.4465, 3917.4486333333334, 3917.449033333334, 3917.450533333333, 3917.452, 3917.4528, 3917.4529333333335]","[80, 16, 56, 138, 80, 65, 16, 120, 61, 80, 65, 116, 16, 80, 56, 65, 16]"
3917.5052,3917.5168,3917.5292,3917.514,6.089918613433838,0.024,"[3917.5063666666665, 3917.5071333333335, 3917.507633333333, 3917.5090333333337, 3917.5096, 3917.5106, 3917.5106666666666, 3917.510766666667, 3917.5112, 3917.5143333333335, 3917.5145, 3917.5152, 3917.5159, 3917.5160666666666, 3917.5163666666663, 3917.520533333334, 3917.5213, 3917.5215333333335, 3917.5217333333335, 3917.522333333334, 3917.5243333333337, 3917.5255, 3917.525866666667, 3917.5264, 3917.5271666666663, 3917.527633333333, 3917.528766666667]","[65, 56, 16, 80, 61, 87, 16, 56, 65, 80, 61, 16, 64, 105, 65, 148, 80, 61, 16, 65, 56, 16, 65, 80, 61, 148, 16]"
3920.1888,3920.208,3920.2152,3920.21,4.419582843780518,0.0264,"[3920.1895, 3920.190666666667, 3920.190866666667, 3920.1912333333335, 3920.1918, 3920.1948666666663, 3920.1964333333335, 3920.197866666667, 3920.1993666666663, 3920.2010333333337, 3920.201433333333, 3920.2020666666663, 3920.204066666666, 3920.2046666666665, 3920.2047, 3920.2069333333334, 3920.2076333333334, 3920.2109333333337, 3920.2117333333335, 3920.2126]","[171, 16, 80, 65, 171, 16, 65, 80, 56, 16, 80, 65, 16, 56, 87, 116, 80, 56, 16, 80]"
3920.5532,3920.564,3920.5788,3920.5664,6.6806464195251465,0.0256,"[3920.5541333333335, 3920.5544, 3920.5556333333334, 3920.556233333333, 3920.5582, 3920.5597333333335, 3920.5615666666663, 3920.5622333333336, 3920.5628333333334, 3920.563033333334, 3920.5642, 3920.5671, 3920.567866666667, 3920.5686, 3920.5691333333334, 3920.5707666666663, 3920.5726, 3920.5748, 3920.575, 3920.5752666666663]","[65, 80, 16, 56, 80, 16, 61, 56, 80, 65, 16, 61, 80, 65, 56, 16, 80, 16, 61, 80]"
3921.1484,3921.156,3921.186,3921.1584,3.930168628692627,0.0376,"[3921.1486666666665, 3921.150766666666, 3921.1512666666663, 3921.1532, 3921.1541333333334, 3921.1557, 3921.155833333333, 3921.1572666666666, 3921.1574666666666, 3921.158033333333, 3921.1617, 3921.162066666667, 3921.1622, 3921.162333333333, 3921.1648333333337, 3921.1677666666665, 3921.168233333334, 3921.168233333334, 3921.1696, 3921.17, 3921.1709, 3921.1745, 3921.1768666666662, 3921.177, 3921.1775333333335, 3921.1779, 3921.1783, 3921.181466666667, 3921.181866666667, 3921.1823666666664, 3921.182466666666, 3921.183033333333, 3921.183433333333]","[80, 65, 80, 65, 16, 80, 98, 16, 65, 116, 16, 80, 56, 98, 65, 80, 61, 56, 80, 16, 87, 61, 80, 65, 156, 56, 16, 80, 63, 116, 61, 65, 16]"
3927.5168,3927.5232,3927.5384,3927.5216,4.0587077140808105,0.0216,"[3927.5176333333334, 3927.517666666666, 3927.520933333333, 3927.5211, 3927.5213, 3927.5228, 3927.5235666666663, 3927.5246, 3927.5256, 3927.527566666666, 3927.529533333334, 3927.5296333333335, 3927.530366666667, 3927.5318333333335, 3927.5327, 3927.5354333333335, 3927.535766666667, 3927.537333333333, 3927.5374]","[56, 80, 80, 65, 16, 56, 65, 116, 80, 16, 65, 56, 159, 63, 65, 80, 16, 64, 56]"
